feature,mean_abs_shap
Hardy_death_scale,141.37363
Gene_SNORD3A,28.400356
Gene_SNORD3C,16.259071
Gene_ACSL6,15.956272
Gene_NR0B2,10.256647
Gene_PIK3IP1-AS1,7.7798834
Degrader_1324_minus_Stable_1246,4.6329427
Gene_ADAMTS9-AS1,4.4746222
Gene_AC009542.2,4.3005905
Gene_LEP,4.1300683
Gene_APLN,3.8863273
Gene_SULT1B1,3.7156649
Gene_RND1,3.589003
Gene_AC005550.3,3.074474
Gene_DDN,2.6696026
Gene_PDE4B,2.6459303
Gene_ADIPOQ,2.578467
Degrader_403_minus_Stable_1356,2.3351061
Gene_CTD-2651B20.3,2.3134928
Gene_PPP1R1C,2.3090262
Gene_HABP2,2.2426333
Gene_FAM184B,2.2156112
Gene_PRSS44,2.209065
Gene_TAC3,1.8457338
Gene_ADAMTS4,1.7683828
Gene_ICOSLG,1.7552282
Gene_MPZL2,1.7281473
Degrader_1324_minus_Stable_1356,1.6991682
Degrader_934_minus_Stable_213,1.6429442
Degrader_1286_minus_Stable_658,1.6386257
Degrader_554_minus_Stable_101,1.5464745
Gene_BRINP2,1.5013446
Gene_PSCA,1.4884303
Gene_NLGN4Y,1.4713326
Degrader_1286_minus_Stable_548,1.4677391
Gene_LINC00521,1.465041
Degrader_1353_minus_Stable_213,1.4181509
Gene_MMP9,1.4132799
Degrader_1028_minus_Stable_548,1.3827723
Gene_PTX3,1.3786281
Degrader_741_minus_Stable_240,1.3598657
Gene_GALNTL6,1.3346776
Gene_USP6,1.3307766
Gene_CTC-224D3.1,1.3199905
Gene_RP11-845C23.2,1.2870052
Degrader_1286_minus_Stable_1491,1.284749
Gene_ASIP,1.2753689
Gene_CXCL1,1.2409062
Gene_SPAM1,1.2101493
RIN_div_Autolysis_plus_1,1.2080929
Gene_LRRIQ3,1.1924045
Gene_CXCL8,1.1802027
Ratio_max,1.1556065
Degrader_1324_minus_Stable_101,1.1507194
Gene_ATP13A4,1.1123654
Degrader_1286_minus_Stable_1246,1.0455424
Gene_CYP4F11,1.0336092
Gene_RP11-20I23.13,1.0324076
Gene_MDFI,1.0221783
Gene_RP11-186F10.2,1.0185038
Degrader_602_minus_Stable_359,1.0146378
Gene_IGHM,1.0117656
Degrader_1324_minus_Stable_766,1.0095828
Gene_IL13,1.0039127
Gene_PRSS42,0.98872924
Gene_RP11-1016B18.1,0.98609793
Gene_FDCSP,0.9812169
Degrader_573_minus_Stable_658,0.9743743
Degrader_855_minus_Stable_101,0.9661443
Degrader_482_minus_Stable_1356,0.9529792
Degrader_554_minus_Stable_548,0.94957215
Degrader_447_minus_Stable_213,0.9359706
Degrader_1286_minus_Stable_213,0.9247289
Gene_HPSE2,0.91527313
Gene_IGHG1,0.88896316
Gene_RP11-172H24.4,0.8770883
Gene_TMEM132B,0.87441516
Gene_LINC00707,0.8724872
Degrader_434_minus_Stable_55,0.84698087
Degrader_926_minus_Stable_213,0.8429321
Gene_AHRR,0.8400644
Gene_RP11-755O11.2,0.83986527
Gene_LRRC55,0.8371913
Degrader_802_minus_Stable_1246,0.8115929
Degrader_125_minus_Stable_256,0.79315984
Gene_OR7E53P,0.7872973
Gene_GKN1,0.78620607
Gene_EXTL1,0.77616733
Gene_SIM1,0.7750735
Gene_FOXQ1,0.766035
Gene_SPP1,0.7590879
Gene_RBP4,0.7507366
Gene_SFRP2,0.75052744
Degrader_12_minus_Stable_1356,0.73209023
Gene_DUSP15,0.7294031
Gene_HK2,0.72489965
Degrader_1324_minus_Stable_1065,0.71762735
Degrader_554_minus_Stable_119,0.7125995
Gene_RP11-678G14.3,0.7078453
Degrader_573_minus_Stable_548,0.68156356
Degrader_855_minus_Stable_27,0.6784879
Gene_LINC00202-1,0.6770353
Degrader_1324_minus_Stable_548,0.6749504
Degrader_602_minus_Stable_548,0.6696495
Degrader_1324_minus_Stable_240,0.66661376
Gene_MMRN1,0.6626376
Gene_LINC00473,0.66001314
Gene_LINC02188,0.6551187
Degrader_934_minus_Stable_1065,0.65268356
Gene_ZSCAN10,0.63768506
Degrader_15_minus_Stable_101,0.6223662
Degrader_444_minus_Stable_1356,0.589042
Gene_AP000351.4,0.5848001
Degrader_635_minus_Stable_1356,0.58169276
Degrader_93_minus_Stable_213,0.57710195
Gene_IL6,0.55444866
Degrader_64_minus_Stable_408,0.5535564
Degrader_93_minus_Stable_240,0.549787
Gene_ETNPPL,0.54636085
Degrader_625_minus_Stable_280,0.5460931
Gene_CHRNE,0.541825
Gene_SIRPAP1,0.5400822
Gene_ADARB2,0.5389203
Gene_BCAP31P1,0.525104
Gene_LINC01504,0.52508086
Gene_SCD,0.5237712
Degrader_93_minus_Stable_256,0.52180225
Degrader_926_minus_Stable_548,0.5203509
Gene_AREG,0.51995856
Degrader_934_minus_Stable_101,0.51905054
Gene_ANKRD33B,0.5189291
Gene_METTL21EP,0.51857466
Degrader_176_minus_Stable_240,0.5158436
Degrader_864_minus_Stable_548,0.5148497
Gene_SPRR2A,0.51284033
Degrader_981_minus_Stable_548,0.512093
Degrader_1304_minus_Stable_548,0.5114113
Gene_LINC01226,0.51055086
Gene_HBD,0.5102417
Gene_RP11-369K17.1,0.5086902
Degrader_802_minus_Stable_1137,0.5047046
Gene_RP11-432J24.5,0.5022507
Gene_MKI67,0.50185573
Degrader_1324_minus_Stable_476,0.50100815
Degrader_1316_minus_Stable_240,0.49870327
Degrader_741_minus_Stable_548,0.49679768
Degrader_265_minus_Stable_1362,0.49216372
Gene_RPL10P9,0.49077335
Degrader_434_minus_Stable_240,0.4870626
Gene_RP1-80N2.2,0.48271698
Degrader_602_minus_Stable_408,0.48220104
Degrader_701_minus_Stable_1356,0.47786084
Gene_AC005616.2,0.47647867
Gene_CX3CR1,0.47636455
Degrader_15_minus_Stable_1475,0.47568548
Gene_LINC01993,0.473536
Gene_LINCMD1,0.47190022
Gene_RGS9BP,0.4718945
Degrader_1286_minus_Stable_101,0.46815348
Degrader_444_minus_Stable_1246,0.4680129
Degrader_93_minus_Stable_729,0.4595478
Degrader_434_minus_Stable_483,0.45715585
Gene_KY,0.4552861
Degrader_864_minus_Stable_240,0.45247543
Gene_FTLP15,0.44361556
Degrader_482_minus_Stable_1137,0.43712223
Gene_LRRN4,0.43701413
Degrader_379_minus_Stable_408,0.43700984
Gene_PLA1A,0.43620974
Gene_MIR133A1HG,0.43362626
Gene_AC068138.1,0.431622
Gene_MYLK4,0.43147114
Degrader_379_minus_Stable_1475,0.43121263
Degrader_348_minus_Stable_1065,0.42863077
Gene_MASP1,0.42836708
Gene_RP11-701P16.2,0.42533988
Degrader_176_minus_Stable_814,0.42449474
Gene_LEFTY2,0.42398155
Gene_UNC13C,0.42226887
Gene_ZFY,0.42168558
Degrader_573_minus_Stable_27,0.41931847
Gene_LINC01348,0.4146868
Gene_RP4-680D5.2,0.41150406
Gene_LDHAP3,0.41128486
Degrader_802_minus_Stable_658,0.40601707
Gene_MTCO3P12,0.40351546
Degrader_855_minus_Stable_548,0.4033063
Gene_NFIA-AS2,0.40203148
Degrader_663_minus_Stable_729,0.39955485
Degrader_663_minus_Stable_766,0.39933652
Gene_EDA2R,0.39917377
Gene_CSF3,0.39834717
Degrader_422_minus_Stable_408,0.3979598
Degrader_1146_minus_Stable_1262,0.3976013
Gene_TRIM63,0.39725602
Gene_RP11-362K2.2,0.396323
Degrader_1324_minus_Stable_658,0.39418966
Degrader_1316_minus_Stable_766,0.39410678
Gene_ADORA3,0.39273524
Gene_CASP16P,0.39186567
Gene_LBP,0.38985503
Degrader_644_minus_Stable_256,0.38983324
Degrader_385_minus_Stable_729,0.3898097
Gene_RP5-934G17.6,0.38573387
Degrader_1316_minus_Stable_476,0.38558203
Gene_GYG2,0.38158247
RIN,0.38151783
Gene_SEPT3,0.38106322
Degrader_828_minus_Stable_1356,0.3784617
Degrader_1316_minus_Stable_1065,0.37660372
Degrader_57_minus_Stable_1262,0.3741372
Degrader_926_minus_Stable_1307,0.3741317
Degrader_447_minus_Stable_766,0.3738018
Gene_IGLV3-1,0.37320957
Gene_CELA3B,0.3729561
Gene_RP11-526F3.1,0.37144843
Degrader_308_minus_Stable_1262,0.3695647
Gene_RP11-958N24.2,0.36824465
Gene_RP11-544L8__B.4,0.36768025
Gene_CTA-221G9.12,0.36715215
Gene_RP11-10A14.5,0.36692068
Gene_KRT1,0.36615333
Gene_TATDN2P3,0.36531565
Degrader_1324_minus_Stable_1137,0.3649279
Degrader_855_minus_Stable_1491,0.3633145
Gene_LINC01267,0.3633076
Degrader_1324_minus_Stable_1362,0.36328572
Degrader_434_minus_Stable_27,0.36305988
Degrader_77_minus_Stable_256,0.36140805
Degrader_308_minus_Stable_548,0.36089912
Gene_SIK1,0.35916036
Gene_RP11-21L23.2,0.35859007
Gene_LRRC14B,0.35617116
Gene_IFITM10,0.3548524
Degrader_573_minus_Stable_1491,0.35484195
Gene_SOX3,0.35459363
Gene_LINC00337,0.3535628
Degrader_93_minus_Stable_476,0.3526599
Gene_CDH22,0.35168967
Gene_KRT17P5,0.35153696
Degrader_12_minus_Stable_101,0.35111588
Degrader_482_minus_Stable_476,0.3502738
Gene_LINC01451,0.3499594
Gene_CCL2,0.349038
Degrader_934_minus_Stable_1356,0.34752795
Gene_PKHD1L1,0.3465856
Degrader_981_minus_Stable_359,0.3451531
Gene_DACT2,0.3440351
Degrader_926_minus_Stable_1356,0.341218
Degrader_1097_minus_Stable_219,0.34003177
Gene_IGHG2,0.3398735
Gene_BTNL8,0.33786982
Gene_REG1B,0.33717078
Gene_OPRK1,0.33689526
Gene_GDNF,0.3361994
Degrader_93_minus_Stable_1373,0.33545306
Gene_TBC1D3L,0.32979864
Gene_E2F8,0.3296419
Gene_USP9Y,0.32949427
Gene_FGF5,0.32909912
Degrader_348_minus_Stable_1137,0.32850337
Gene_SOD2,0.32787985
Degrader_546_minus_Stable_766,0.32784244
Degrader_741_minus_Stable_1137,0.32713568
Degrader_15_minus_Stable_1283,0.32612982
Degrader_676_minus_Stable_658,0.32412285
Gene_NPSR1-AS1,0.32343143
Gene_TDGF1,0.32339942
Gene_IBSP,0.32269573
Gene_RP11-467J12.4,0.32149905
Degrader_573_minus_Stable_1065,0.31789586
Gene_C2CD4B,0.31745118
Gene_SPOCK3,0.31640697
Degrader_1344_minus_Stable_548,0.31483483
Gene_MRPL23-AS1,0.3138137
Gene_HBG2,0.3136493
Gene_MUC7,0.31273326
Gene_C8orf22,0.3113571
Gene_PGC,0.31103185
Degrader_743_minus_Stable_1362,0.3097133
Degrader_635_minus_Stable_1137,0.30858597
Gene_LRRN3,0.3082733
Gene_RP11-365F18.1,0.3075979
Degrader_1418_minus_Stable_476,0.30729046
Gene_CERKL,0.30401096
Gene_CEP55,0.3020116
Gene_CHI3L2,0.3014055
Degrader_981_minus_Stable_1362,0.29847008
Gene_ERBB3,0.2983041
Ratio_std,0.2980652
Gene_LCN15,0.29691738
Degrader_701_minus_Stable_548,0.29623288
Degrader_434_minus_Stable_1262,0.29478574
Gene_BCAS1,0.29452166
Degrader_1324_minus_Stable_1475,0.2939349
Gene_CAPN8,0.2926056
Degrader_863_minus_Stable_729,0.2919738
Degrader_1416_minus_Stable_55,0.29078755
Degrader_456_minus_Stable_766,0.28885245
Gene_TBC1D3D,0.28874642
Degrader_93_minus_Stable_220,0.28867462
Degrader_482_minus_Stable_729,0.28721622
Degrader_625_minus_Stable_1065,0.28717387
Degrader_57_minus_Stable_213,0.28708336
Degrader_828_minus_Stable_359,0.28646392
Degrader_93_minus_Stable_359,0.2836982
Degrader_1088_minus_Stable_280,0.28286684
Gene_NPIPB15,0.28204012
Degrader_934_minus_Stable_1246,0.28117642
Degrader_640_minus_Stable_1065,0.2809926
Degrader_1087_minus_Stable_476,0.2806952
Gene_RP11-506F3.1,0.28016564
Degrader_554_minus_Stable_1373,0.27864593
Gene_SHISA2,0.27861992
Gene_OGN,0.27802575
Degrader_422_minus_Stable_1356,0.27791294
Gene_LINC00402,0.27785662
Degrader_934_minus_Stable_240,0.27689826
Gene_HSD3B2,0.27588084
Gene_HEPHL1,0.27579018
Degrader_1418_minus_Stable_101,0.27560222
Gene_FBP2,0.2753808
Gene_HS6ST3,0.2753608
Degrader_1454_minus_Stable_476,0.27501288
Degrader_385_minus_Stable_548,0.2747908
Degrader_1146_minus_Stable_101,0.27474728
Gene_IGKJ2,0.27473497
Gene_CMA1,0.27381516
Degrader_554_minus_Stable_1262,0.2725117
Degrader_864_minus_Stable_729,0.2716777
Degrader_1239_minus_Stable_658,0.271136
Gene_IGLV1-44,0.27088502
Gene_PCSK1N,0.27047664
Gene_MYLK3,0.26962468
Gene_VSIG4,0.2691671
Gene_TNNT2,0.26793355
Degrader_573_minus_Stable_1362,0.26753017
Gene_CYP1A1,0.2670079
Gene_AKR1C2,0.2666924
Degrader_741_minus_Stable_1475,0.2665893
Degrader_625_minus_Stable_27,0.26638982
Gene_FGF6,0.26574656
Gene_CTD-3064M3.7,0.26534444
Gene_NPTX1,0.2651706
Gene_ANTXRL,0.264027
Degrader_1418_minus_Stable_213,0.26379913
Degrader_1028_minus_Stable_1065,0.26335725
Degrader_663_minus_Stable_548,0.2632831
Degrader_625_minus_Stable_240,0.26300967
Degrader_967_minus_Stable_1307,0.26069543
Degrader_176_minus_Stable_1356,0.25994328
Degrader_1146_minus_Stable_1356,0.25910878
Gene_GTSF1,0.2589811
Degrader_110_minus_Stable_219,0.25895593
Degrader_110_minus_Stable_1137,0.2586712
Degrader_434_minus_Stable_1246,0.258002
Degrader_1418_minus_Stable_119,0.25773895
Degrader_663_minus_Stable_1491,0.25724787
Gene_EN2,0.25701118
Degrader_644_minus_Stable_359,0.25623503
Degrader_1048_minus_Stable_1356,0.2555493
Degrader_1344_minus_Stable_256,0.2552241
Gene_SLC7A10,0.254838
Degrader_926_minus_Stable_1137,0.25464743
Degrader_640_minus_Stable_213,0.2544372
Gene_RP5-961K14.1,0.25443533
Gene_IGKC,0.25440687
Gene_MT-TI,0.25344312
Gene_MYL7,0.2534271
Degrader_348_minus_Stable_1362,0.25205326
Gene_IGHA1,0.24970756
Gene_RP11-259N19.1,0.24949898
Gene_CTD-3022L24.1,0.24933359
Gene_MIR646HG,0.24888916
Gene_RP11-63E9.1,0.24855766
Degrader_602_minus_Stable_219,0.24830924
Gene_PLA2G2A,0.24794553
Gene_HOGA1,0.24790323
Degrader_1088_minus_Stable_548,0.24757169
Gene_RP5-1119A7.14,0.24631138
Degrader_701_minus_Stable_213,0.24605781
Degrader_422_minus_Stable_213,0.24587844
Degrader_12_minus_Stable_729,0.24516162
Gene_TSPAN5,0.24438114
Degrader_93_minus_Stable_483,0.2426646
Gene_FMN2,0.24202661
Gene_RP11-280O1.2,0.24021952
Gene_LINC00930,0.23984544
Gene_MTND1P23,0.23901299
Degrader_434_minus_Stable_766,0.23894969
Degrader_1239_minus_Stable_119,0.23891617
Gene_IGKV3-20,0.23890236
Gene_SNAP25,0.23841305
Gene_RP11-43N5.1,0.23822682
Gene_CYP26B1,0.2375625
Gene_HHIP,0.23711386
Degrader_663_minus_Stable_814,0.23658194
Degrader_93_minus_Stable_1362,0.23586534
Degrader_403_minus_Stable_1491,0.2354849
Gene_RP11-154H23.3,0.2344887
Degrader_348_minus_Stable_1356,0.23369603
Gene_RP11-210H10__A.1,0.23208499
Degrader_176_minus_Stable_119,0.23174138
Gene_CXCR6,0.22869605
Degrader_625_minus_Stable_658,0.22777723
Gene_GRIN1,0.2275478
Gene_LCN8,0.22676283
Gene_HLA-U,0.22640984
Gene_SFTA2,0.22571237
Degrader_663_minus_Stable_483,0.22567037
Degrader_934_minus_Stable_408,0.22566721
Degrader_379_minus_Stable_101,0.22561663
Degrader_1416_minus_Stable_119,0.22523703
Degrader_93_minus_Stable_1065,0.22478412
Gene_HLA-DQB2,0.22374809
Gene_CELA2A,0.22369573
Degrader_15_minus_Stable_548,0.22358024
Gene_ACTC1,0.2224883
Degrader_125_minus_Stable_548,0.22234498
Gene_NPPB,0.22119406
Degrader_110_minus_Stable_1065,0.22118568
Gene_GSDMC,0.22106959
Degrader_635_minus_Stable_766,0.22064535
Degrader_456_minus_Stable_213,0.22044095
Degrader_51_minus_Stable_1065,0.22039118
Degrader_422_minus_Stable_476,0.2202288
Degrader_1087_minus_Stable_729,0.2201382
Degrader_51_minus_Stable_1283,0.219903
Degrader_967_minus_Stable_213,0.21958022
Gene_AFF2,0.21952903
Gene_PDE11A,0.21941121
Degrader_482_minus_Stable_658,0.21938173
Degrader_12_minus_Stable_1283,0.21848659
Degrader_1324_minus_Stable_1262,0.21841481
Degrader_1132_minus_Stable_256,0.21832837
Gene_LINC00163,0.21809155
Gene_SLC34A2,0.2180371
Gene_TOGARAM2,0.21740793
Gene_EGR1,0.2158761
Gene_CHGB,0.2157656
Degrader_1324_minus_Stable_483,0.21544206
Degrader_1418_minus_Stable_1137,0.21522993
Gene_CTRC,0.2152067
Gene_FAM43B,0.21452948
Gene_PHOSPHO1,0.21393223
Gene_SFTPB,0.21388039
Gene_GFAP,0.21347994
Gene_FER1L6,0.21331298
Degrader_77_minus_Stable_1307,0.21327163
Degrader_981_minus_Stable_1491,0.21237454
Gene_AF064858.6,0.21223594
Gene_KIF25-AS1,0.2106352
Degrader_352_minus_Stable_1137,0.21057652
Degrader_1132_minus_Stable_1246,0.21005759
Degrader_1146_minus_Stable_548,0.21000718
Degrader_1286_minus_Stable_1065,0.20950186
Gene_CTD-2587H24.5,0.20901231
Degrader_456_minus_Stable_219,0.2080666
Degrader_176_minus_Stable_27,0.20795079
Degrader_1344_minus_Stable_1307,0.20793936
Degrader_25_minus_Stable_1065,0.20744936
Degrader_434_minus_Stable_1065,0.20732461
Degrader_482_minus_Stable_548,0.20717204
Gene_LINC01894,0.20671333
Gene_GTF2A1L,0.20637336
Degrader_855_minus_Stable_280,0.20579796
Gene_KLK2,0.20514941
Gene_MAOA,0.20456237
Degrader_57_minus_Stable_483,0.20456016
Gene_HBA2,0.20447607
Degrader_828_minus_Stable_1137,0.20424186
Degrader_554_minus_Stable_1283,0.20423514
Degrader_1454_minus_Stable_280,0.2037563
Gene_CACNG4,0.20347142
Gene_EGR2,0.20325094
Degrader_1416_minus_Stable_548,0.20298508
Gene_FXYD4,0.20285535
Gene_CTC-304I17.6,0.20166968
Gene_PRM1,0.20144548
Gene_RP11-115H13.1,0.20138656
Gene_AP000350.5,0.20119789
Degrader_1239_minus_Stable_101,0.2009653
Gene_RP11-27G24.1,0.20095353
Degrader_1097_minus_Stable_240,0.20095152
Degrader_385_minus_Stable_476,0.20013931
Degrader_1304_minus_Stable_1283,0.19917169
Degrader_648_minus_Stable_1246,0.19882022
Degrader_1097_minus_Stable_729,0.19828102
Degrader_1096_minus_Stable_548,0.19763084
Degrader_289_minus_Stable_359,0.19754082
Gene_MS4A2,0.19751815
Gene_CIDEC,0.19726133
Degrader_265_minus_Stable_1065,0.19667356
Degrader_1344_minus_Stable_213,0.19665563
Gene_LINC00184,0.19650553
Gene_RP11-613E4.4,0.19637895
Gene_CDH19,0.19635642
Gene_RP11-707G18.1,0.19624174
Gene_ALDH3A1,0.19532165
Gene_RAET1E,0.19480537
Gene_CPA1,0.19369271
Gene_DIO2,0.19339885
Degrader_1292_minus_Stable_1356,0.19300891
Gene_RP11-216M21.1,0.1927275
Gene_RP11-160C18.2,0.1923852
Gene_SP5,0.19237238
Gene_SCT,0.19215132
Gene_CLEC4F,0.19214809
Degrader_1416_minus_Stable_476,0.19209057
Degrader_635_minus_Stable_219,0.19188705
Gene_GABRR1,0.1916054
Degrader_864_minus_Stable_408,0.19116393
Gene_PDK4,0.19050533
Gene_AC005329.7,0.19046111
Degrader_1344_minus_Stable_1475,0.19043258
Degrader_1418_minus_Stable_1491,0.19034426
Gene_CTD-2033D15.2,0.19028735
Gene_ASCL5,0.18979858
Gene_ATP2A1,0.1897253
Degrader_289_minus_Stable_27,0.18957034
Gene_RP11-223I10.1,0.18817703
Degrader_265_minus_Stable_766,0.18811548
Degrader_999_minus_Stable_1356,0.18787391
Gene_RP11-528B10.5,0.18780161
Gene_MUSK,0.18752523
Degrader_15_minus_Stable_1137,0.18708195
Gene_PKD1P5,0.18696412
Gene_FOXD1,0.18687548
Degrader_802_minus_Stable_119,0.18666832
Gene_RP11-845M18.6,0.18663156
Degrader_1353_minus_Stable_476,0.18618825
Degrader_981_minus_Stable_476,0.18547024
Gene_RP11-309L24.4,0.18538631
Gene_CXCL3,0.18462466
Degrader_741_minus_Stable_766,0.1845355
Gene_AC016768.1,0.18413356
Gene_RP11-7F17.3,0.18404432
Degrader_125_minus_Stable_101,0.18364523
Degrader_25_minus_Stable_219,0.18332706
Gene_RP4-765C7.2,0.1831203
Gene_SPTA1,0.18292159
Degrader_1316_minus_Stable_1491,0.18245485
Gene_GABRA2,0.18203099
Degrader_802_minus_Stable_1065,0.18184216
Degrader_1304_minus_Stable_729,0.1817067
Degrader_589_minus_Stable_1362,0.18163969
Gene_MAGEC3,0.1814607
Degrader_1146_minus_Stable_1475,0.18140674
Gene_FABP7,0.18094523
Gene_NSFP1,0.1807037
Gene_CA3,0.18062475
Gene_AGAP14,0.17979634
Degrader_635_minus_Stable_548,0.17978227
Gene_VWC2L,0.17954019
Gene_OPRD1,0.17920908
Degrader_1087_minus_Stable_240,0.17915286
Degrader_546_minus_Stable_408,0.17908062
Gene_SVILP1,0.17905499
Degrader_554_minus_Stable_658,0.17901061
Degrader_444_minus_Stable_1137,0.17889263
Degrader_554_minus_Stable_219,0.17882043
Gene_IGLV1-40,0.17872672
Gene_RP1-213J1P__B.1,0.17841347
Gene_RP11-472K17.3,0.17836048
Degrader_573_minus_Stable_729,0.17779137
Gene_SAA4,0.1777379
Gene_RP11-991C1.1,0.17726398
Degrader_434_minus_Stable_1356,0.17638884
Gene_CTRB2,0.17634043
Gene_NPR3,0.17628588
Gene_STMN2,0.17628196
Gene_ATP1B4,0.17626318
Gene_USP32P1,0.17592885
Gene_GRIK2,0.17586102
Gene_XKR9,0.17511083
Degrader_93_minus_Stable_1246,0.17492999
Gene_KLHL33,0.1748671
Degrader_265_minus_Stable_1283,0.17414801
Degrader_926_minus_Stable_766,0.17408496
Gene_RP11-700H6.4,0.17368327
Degrader_644_minus_Stable_1283,0.17334726
Degrader_1416_minus_Stable_213,0.17331576
Degrader_348_minus_Stable_408,0.17300512
Degrader_981_minus_Stable_256,0.17299417
Gene_HTR2A,0.17264259
Gene_NTSR2,0.17257974
Degrader_176_minus_Stable_256,0.17244087
Gene_SLED1,0.1717748
Gene_PCK1,0.17148253
Degrader_602_minus_Stable_729,0.17119972
Gene_STC1,0.17103045
Degrader_1454_minus_Stable_1283,0.17101984
Degrader_1316_minus_Stable_1283,0.17074405
Gene_RGPD2,0.17055336
Gene_HTR7,0.17054147
Gene_EIF1AY,0.17026979
Degrader_64_minus_Stable_1246,0.17002566
Gene_KIAA1644,0.16993201
Degrader_589_minus_Stable_359,0.1698272
Degrader_1154_minus_Stable_1262,0.16964555
Degrader_422_minus_Stable_1373,0.16963819
Degrader_352_minus_Stable_658,0.16933186
Gene_RP13-392I16.1,0.16924143
Gene_CRYM,0.1688631
Gene_RP11-648K4.2,0.16882914
Degrader_93_minus_Stable_219,0.16858496
Gene_RP11-46I8.4,0.16854301
Degrader_625_minus_Stable_119,0.16815308
Gene_NUPR2,0.16801962
Gene_SHD,0.16727626
Gene_TNC,0.16723996
Gene_CCBE1,0.16699934
Gene_CIRBP-AS1,0.16694795
Gene_MAP1LC3C,0.16672203
Gene_GPR88,0.1665092
Degrader_1324_minus_Stable_1283,0.16636091
Gene_AC068282.3,0.16628459
Degrader_644_minus_Stable_1373,0.16534667
Degrader_12_minus_Stable_408,0.16532253
Degrader_444_minus_Stable_408,0.16523911
Degrader_176_minus_Stable_1475,0.16498724
Degrader_858_minus_Stable_1356,0.16467758
Gene_ZNF750,0.16426046
Gene_RP11-489D6.2,0.1640358
Degrader_34_minus_Stable_1362,0.16392398
Degrader_864_minus_Stable_101,0.16381103
Gene_TMEM217,0.16380641
Gene_RP11-94H18.1,0.16363652
Gene_RP11-4B16.1,0.16359767
Degrader_1239_minus_Stable_548,0.16341084
Gene_RP11-424G14.1,0.16328071
Gene_RFLNA,0.16325472
Gene_RPL10P6,0.16313797
Degrader_828_minus_Stable_814,0.16295303
Degrader_855_minus_Stable_219,0.16251588
Degrader_1324_minus_Stable_213,0.1622724
Degrader_25_minus_Stable_476,0.16208133
Degrader_1353_minus_Stable_1491,0.16206725
Degrader_635_minus_Stable_240,0.16158825
Degrader_676_minus_Stable_1137,0.16156632
Degrader_265_minus_Stable_1246,0.16130345
Gene_RPS4Y1,0.16093418
Gene_UNC5B-AS1,0.1608583
Gene_SFTPC,0.16075219
Gene_IGLC3,0.16022906
Gene_FLJ31356,0.15979443
Degrader_125_minus_Stable_1283,0.15954946
Gene_RASA4DP,0.15932411
Gene_DNASE2B,0.15927169
Degrader_1048_minus_Stable_1373,0.15891492
Gene_TM4SF19,0.1587925
Degrader_325_minus_Stable_548,0.15841037
Degrader_93_minus_Stable_280,0.1583142
Gene_SMN2,0.15810564
Degrader_644_minus_Stable_729,0.15805109
Degrader_1286_minus_Stable_476,0.15744343
Degrader_855_minus_Stable_1475,0.15739134
Gene_POLRMTP1,0.15655904
Degrader_1088_minus_Stable_408,0.15655822
Gene_CTD-2033D15.3,0.15605453
Degrader_348_minus_Stable_766,0.15601279
Gene_CXCL10,0.15597087
Gene_ZG16B,0.1558632
Degrader_663_minus_Stable_213,0.15579112
Gene_MYCL,0.15564242
Gene_FAM83G,0.1553633
Gene_CXCL11,0.15510532
Gene_ADAMTS16,0.15444264
Gene_PWP2,0.15420815
Degrader_802_minus_Stable_1373,0.15371855
Degrader_741_minus_Stable_1246,0.15325952
Gene_MYH3,0.15293334
Degrader_802_minus_Stable_213,0.15290599
Degrader_1239_minus_Stable_240,0.15259185
Degrader_1353_minus_Stable_1373,0.15257658
Degrader_57_minus_Stable_476,0.15229629
Gene_SCIN,0.15226832
Gene_TG,0.15149349
Degrader_482_minus_Stable_1475,0.1512986
Degrader_1416_minus_Stable_1283,0.15070134
Gene_CHGA,0.15067597
Degrader_1418_minus_Stable_1246,0.15038556
Gene_CLVS2,0.1499907
Degrader_34_minus_Stable_1283,0.14991993
Gene_CLEC4G,0.14977014
Degrader_1324_minus_Stable_1307,0.14969294
Degrader_573_minus_Stable_1137,0.14872116
Gene_RP11-315D16.4,0.14835615
Degrader_1286_minus_Stable_766,0.14819244
Degrader_379_minus_Stable_359,0.14816028
Degrader_589_minus_Stable_256,0.14788823
Degrader_1132_minus_Stable_658,0.14777665
Degrader_644_minus_Stable_408,0.14775255
Gene_OR7E94P,0.14755286
Gene_PRR32,0.14744613
Degrader_644_minus_Stable_1362,0.1472477
Degrader_34_minus_Stable_1246,0.14710788
Gene_RP11-131H24.5,0.14710544
Degrader_352_minus_Stable_1283,0.14609338
Degrader_456_minus_Stable_1356,0.14565068
Gene_CFAP57,0.14540659
Degrader_110_minus_Stable_101,0.14538404
Gene_AMY2A,0.14518408
Degrader_1096_minus_Stable_476,0.14514993
Degrader_1316_minus_Stable_1246,0.14513086
Gene_COL21A1,0.14496054
Gene_PRSS45,0.1446737
Gene_METTL7B,0.14459872
Gene_LRRC37A7P,0.14420691
Gene_CCR7,0.14416839
Gene_TRPV3,0.14410925
Degrader_325_minus_Stable_280,0.14394392
Gene_AC093390.1,0.1437992
Degrader_77_minus_Stable_1137,0.14373256
Gene_IGHG3,0.14371173
Degrader_289_minus_Stable_1307,0.14358559
Degrader_1316_minus_Stable_280,0.14355077
Gene_ADH4,0.14354147
Degrader_573_minus_Stable_1307,0.14309977
Gene_CLCN1,0.14302823
Degrader_1154_minus_Stable_476,0.1429818
Degrader_1087_minus_Stable_1356,0.14287455
Degrader_1454_minus_Stable_1373,0.14281254
Gene_LINC00629,0.14267856
Gene_ALKAL2,0.14267549
Degrader_403_minus_Stable_1262,0.14257017
Degrader_57_minus_Stable_119,0.14251344
Degrader_546_minus_Stable_1137,0.14230864
Degrader_125_minus_Stable_658,0.14229567
Degrader_605_minus_Stable_101,0.14227423
Gene_RAB7B,0.14203277
Degrader_289_minus_Stable_408,0.14136578
Gene_AQP4,0.14119822
Degrader_1416_minus_Stable_1246,0.14099763
Degrader_12_minus_Stable_1373,0.14093538
Degrader_589_minus_Stable_814,0.14084813
Gene_SLC38A4,0.14079958
Degrader_1132_minus_Stable_476,0.14075606
Gene_LTK,0.14031751
Degrader_57_minus_Stable_55,0.14019407
Degrader_15_minus_Stable_476,0.13975205
Gene_OLIG1,0.13967739
Gene_RP4-564F22.6,0.13960522
Degrader_676_minus_Stable_483,0.13955578
Degrader_802_minus_Stable_814,0.1394893
Gene_RP4-737E23.2,0.1393951
Degrader_1088_minus_Stable_1475,0.13917536
Degrader_573_minus_Stable_256,0.1391741
Gene_RP13-15M17.1,0.13900688
Degrader_1097_minus_Stable_1065,0.13882005
Gene_MYH7B,0.13862298
Degrader_644_minus_Stable_119,0.13841704
Gene_SNORD3B-1,0.13827857
Gene_PNLIP,0.13823104
Gene_RP11-434D9.1,0.13817851
Gene_ALX4,0.13817596
Degrader_625_minus_Stable_476,0.13807134
Gene_TMSB4Y,0.1380134
Gene_IGFN1,0.1380024
Gene_RP11-473L15.3,0.13798186
Gene_SAA2,0.13786547
Gene_HMGCS2,0.13784374
Degrader_125_minus_Stable_1307,0.13767181
Degrader_864_minus_Stable_1137,0.13766406
Gene_CTC-379B2.4,0.13717732
Degrader_1304_minus_Stable_240,0.13613157
Gene_ARHGAP36,0.13595133
Gene_LINC01854,0.13566145
Degrader_1097_minus_Stable_1246,0.13547143
Degrader_447_minus_Stable_240,0.13546166
Gene_AC106706.1,0.13537644
Gene_NEU4,0.13534014
Gene_NEFL,0.13521579
Gene_FAM157C,0.13499653
Degrader_444_minus_Stable_213,0.13456209
Gene_OR7E29P,0.13408852
Gene_PENK,0.133976
Gene_RP11-373D23.2,0.1339679
Gene_GPR37,0.13392451
Degrader_1418_minus_Stable_280,0.13381219
Gene_SSXP10,0.13357748
Gene_GPX1P1,0.13353221
Degrader_1418_minus_Stable_1373,0.13350333
Gene_WFDC21P,0.13348143
Gene_CLEC12A,0.13325423
Gene_FAM26D,0.1327192
Degrader_379_minus_Stable_1356,0.13257085
Degrader_77_minus_Stable_55,0.13248998
Gene_CYP19A1,0.1324035
Gene_COL19A1,0.13222377
Degrader_554_minus_Stable_359,0.1322123
Gene_LINC00598,0.13210516
Degrader_51_minus_Stable_548,0.13199036
Degrader_379_minus_Stable_658,0.13195728
Gene_KCNJ16,0.13195415
Gene_COL20A1,0.13183296
Gene_CYTL1,0.13177034
Gene_KB-1732A1.1,0.13176954
Gene_ADGRV1,0.13165498
Degrader_1286_minus_Stable_1137,0.13163145
Degrader_209_minus_Stable_1373,0.13126883
Degrader_858_minus_Stable_658,0.13114394
Degrader_385_minus_Stable_220,0.13112687
Gene_SPINK1,0.13043144
Degrader_743_minus_Stable_729,0.13024488
Degrader_864_minus_Stable_1491,0.13023697
Degrader_602_minus_Stable_240,0.13013452
Gene_ITPKA,0.1300802
Gene_LIPF,0.12981865
Degrader_379_minus_Stable_1065,0.12978223
Degrader_15_minus_Stable_483,0.1293703
Degrader_265_minus_Stable_483,0.12932125
Degrader_15_minus_Stable_1246,0.12926707
Degrader_1132_minus_Stable_729,0.12920834
Degrader_444_minus_Stable_359,0.12919351
Degrader_1454_minus_Stable_814,0.12917343
Gene_RP11-284J1.1,0.12912355
Gene_COX20P1,0.1290427
Gene_G0S2,0.12888224
Degrader_1286_minus_Stable_1475,0.12871431
Degrader_573_minus_Stable_1262,0.12860414
Degrader_209_minus_Stable_220,0.12846375
Degrader_1087_minus_Stable_483,0.1283449
Gene_SFTPA2,0.12816797
Gene_CALML5,0.12806496
Gene_ANGPT4,0.12801209
Degrader_348_minus_Stable_1475,0.1275296
Degrader_1096_minus_Stable_119,0.1272135
Gene_ANGPTL7,0.12717408
Gene_GSTM1,0.12699652
Gene_RP11-464C19.3,0.12695882
Gene_ARG2,0.12688717
Degrader_676_minus_Stable_280,0.12634745
Degrader_209_minus_Stable_1475,0.12619416
Degrader_482_minus_Stable_1246,0.12602495
Gene_IDO1,0.12593736
Degrader_1097_minus_Stable_280,0.1254592
Degrader_93_minus_Stable_119,0.12531891
Degrader_573_minus_Stable_359,0.1253034
Gene_SLC7A8,0.1250662
Degrader_701_minus_Stable_1065,0.124904625
Degrader_640_minus_Stable_1475,0.12484098
Degrader_855_minus_Stable_1065,0.12475784
Degrader_289_minus_Stable_240,0.12475265
Gene_KRT6A,0.12468983
Degrader_434_minus_Stable_729,0.12449767
Degrader_1316_minus_Stable_408,0.124429345
Gene_AF131216.5,0.12428704
Gene_IL1RL1,0.123965
Gene_HELLPAR,0.123923875
Degrader_176_minus_Stable_1283,0.12389172
Gene_C2orf71,0.12383779
Gene_RP11-873E20.1,0.12381151
Degrader_1154_minus_Stable_1475,0.12366481
Gene_VMO1,0.123644
Degrader_289_minus_Stable_548,0.12337355
Degrader_176_minus_Stable_1246,0.12336212
Gene_SCNN1B,0.12335621
Gene_TSIX,0.12333725
Degrader_926_minus_Stable_1246,0.12321923
Gene_CTD-2303H24.2,0.123092
Gene_BARX2,0.123060055
Degrader_385_minus_Stable_240,0.12302608
Degrader_51_minus_Stable_1137,0.122960195
Gene_LINC01886,0.12289714
Degrader_12_minus_Stable_213,0.12247945
Gene_ACTN3,0.122395486
Degrader_403_minus_Stable_280,0.12235035
Gene_FZD10,0.122237734
Gene_GREM2,0.1219318
Degrader_663_minus_Stable_1137,0.12183331
Degrader_1132_minus_Stable_548,0.121756494
Gene_COL11A1,0.12164055
Gene_RIIAD1,0.12142913
Degrader_352_minus_Stable_1475,0.12131808
Degrader_1097_minus_Stable_1362,0.1212564
Gene_RP11-739N10.1,0.12098543
Degrader_385_minus_Stable_1373,0.12091592
Gene_CD163,0.120882384
Gene_LUCAT1,0.12079427
Degrader_858_minus_Stable_729,0.1207616
Degrader_308_minus_Stable_476,0.12070675
Degrader_1286_minus_Stable_1262,0.12067979
Gene_SLC6A10P,0.12046445
Gene_HNRNPA1P38,0.1204198
Degrader_967_minus_Stable_27,0.12034389
Gene_DSG1,0.12026414
Gene_GDF15,0.12025542
Gene_PIGR,0.120221175
Degrader_482_minus_Stable_1362,0.12018486
Gene_CUX2,0.12013698
Gene_CH17-262O2.1,0.120003216
Gene_SLC47A2,0.11996202
Gene_TACR1,0.11987354
Gene_CYP8B1,0.119832434
Degrader_1096_minus_Stable_101,0.119503476
Degrader_265_minus_Stable_1356,0.11927591
Degrader_625_minus_Stable_1373,0.11907352
Degrader_15_minus_Stable_1362,0.11898524
Gene_ABCB5,0.11889295
Degrader_265_minus_Stable_1307,0.11888248
Gene_MYL4,0.11857874
Degrader_1154_minus_Stable_1373,0.11806497
Degrader_741_minus_Stable_408,0.117949694
Gene_FLJ30679,0.11786408
Degrader_741_minus_Stable_1373,0.11755641
Degrader_741_minus_Stable_483,0.11747614
Gene_C1orf168,0.117336296
Degrader_863_minus_Stable_119,0.11710186
Gene_CISH,0.11705683
Degrader_863_minus_Stable_408,0.11701931
Gene_ITLN1,0.116864845
Degrader_864_minus_Stable_1246,0.11681751
Degrader_573_minus_Stable_814,0.116767436
Degrader_1353_minus_Stable_1362,0.11657984
Gene_RHOXF1-AS1,0.11608665
Gene_DUXAP8,0.11606225
Degrader_64_minus_Stable_1262,0.11582417
Degrader_1048_minus_Stable_766,0.1155787
RIN_squared,0.11554521
Gene_IGLC2,0.11521339
Degrader_1292_minus_Stable_256,0.11519781
Gene_ARPP21-AS1,0.11519127
Degrader_589_minus_Stable_1356,0.11518287
Degrader_855_minus_Stable_359,0.115161106
Gene_SDS,0.11514756
Degrader_12_minus_Stable_658,0.11498497
Degrader_64_minus_Stable_658,0.11493213
Degrader_348_minus_Stable_256,0.114912644
Gene_LIPJ,0.11477139
Gene_RP3-523K23.2,0.11468066
Degrader_1048_minus_Stable_1307,0.11466671
Gene_C8G,0.11462359
Gene_RP11-65J3.3,0.1146163
Degrader_967_minus_Stable_1356,0.11454734
Degrader_422_minus_Stable_240,0.114546895
Degrader_447_minus_Stable_55,0.11449669
Degrader_1416_minus_Stable_1307,0.11446984
Degrader_554_minus_Stable_256,0.11439482
Degrader_1132_minus_Stable_1356,0.11405599
Degrader_863_minus_Stable_1356,0.11396381
Degrader_701_minus_Stable_814,0.11393325
Degrader_1239_minus_Stable_1307,0.11387959
Degrader_1418_minus_Stable_548,0.11377633
Degrader_57_minus_Stable_1065,0.11355724
Gene_ADGRF2,0.11349919
Gene_LINC00330,0.11322606
Gene_CTD-2210P24.1,0.11308327
Degrader_676_minus_Stable_476,0.11282027
Degrader_701_minus_Stable_240,0.11278473
Gene_GPS2P1,0.11268434
Degrader_573_minus_Stable_213,0.11243085
Gene_OR7E93P,0.112256385
Gene_ZNF556,0.11220076
Degrader_125_minus_Stable_27,0.112172514
Gene_CHAC1,0.11210822
Gene_ST8SIA2,0.11204475
Degrader_15_minus_Stable_1307,0.111905076
Gene_IGHD,0.11141589
Gene_CYP4F24P,0.11129683
Degrader_1416_minus_Stable_256,0.11112139
Gene_DNAH11,0.11107968
Degrader_1416_minus_Stable_1362,0.111050494
Degrader_1097_minus_Stable_658,0.11101596
Degrader_546_minus_Stable_55,0.11074557
Gene_DLEU2L,0.11050794
Gene_RP11-352E6.2,0.11031418
Gene_CBLN4,0.11011697
Degrader_676_minus_Stable_1373,0.109760866
Gene_SCUBE1,0.10946738
Degrader_1344_minus_Stable_814,0.10918575
Degrader_1088_minus_Stable_1137,0.10917315
Degrader_802_minus_Stable_1491,0.1090268
Gene_RP11-255P5.3,0.10894719
Degrader_1096_minus_Stable_213,0.10884728
Gene_IL24,0.10875233
Degrader_1286_minus_Stable_27,0.108712435
Gene_RP11-356C4.5,0.10867637
Degrader_289_minus_Stable_280,0.10858682
Degrader_663_minus_Stable_658,0.10852899
Gene_RP11-65J21.4,0.10844813
Degrader_863_minus_Stable_219,0.1083785
Degrader_863_minus_Stable_101,0.108207025
Gene_LINC02119,0.10812549
Degrader_434_minus_Stable_408,0.108124815
Degrader_12_minus_Stable_220,0.10807639
Degrader_403_minus_Stable_1246,0.10784141
Degrader_605_minus_Stable_213,0.10774743
Gene_RN7SL431P,0.107730724
Degrader_1416_minus_Stable_219,0.10764679
Gene_LINC01979,0.10758678
Degrader_967_minus_Stable_548,0.10755238
Degrader_605_minus_Stable_1362,0.10744083
Degrader_1087_minus_Stable_1475,0.10735238
Degrader_1132_minus_Stable_280,0.107289836
Degrader_554_minus_Stable_476,0.10705233
Gene_MYL10,0.107013
Gene_TECRL,0.10697082
Gene_PFKFB3,0.10687322
Gene_THRSP,0.10679902
Degrader_348_minus_Stable_240,0.10667918
Degrader_855_minus_Stable_766,0.10667317
Degrader_434_minus_Stable_220,0.106443405
Degrader_1239_minus_Stable_408,0.10642372
Degrader_999_minus_Stable_240,0.10639681
Degrader_125_minus_Stable_814,0.106365256
Gene_CA1,0.10633485
Gene_RP11-386M24.3,0.10616469
Degrader_926_minus_Stable_359,0.10612007
Degrader_1097_minus_Stable_1137,0.10607567
Degrader_640_minus_Stable_1246,0.106073156
Degrader_1239_minus_Stable_1246,0.106070794
Degrader_57_minus_Stable_548,0.10604151
Gene_RFX8,0.105908535
Gene_KB-1836B5.4,0.10576897
Degrader_379_minus_Stable_1246,0.10573359
Gene_ROCK1P1,0.10570664
Degrader_1132_minus_Stable_55,0.10566539
Degrader_864_minus_Stable_27,0.10535195
Degrader_1132_minus_Stable_101,0.10526193
Gene_AC145676.2,0.10519264
Degrader_1028_minus_Stable_1246,0.105148286
Degrader_602_minus_Stable_1307,0.10500137
Gene_EIF3KP1,0.10490272
Degrader_644_minus_Stable_548,0.10472037
Degrader_93_minus_Stable_1491,0.10466922
Degrader_403_minus_Stable_548,0.104463026
Gene_CDH20,0.104386285
Degrader_602_minus_Stable_256,0.10435116
Degrader_1292_minus_Stable_766,0.10428253
Degrader_57_minus_Stable_101,0.104089074
Degrader_1353_minus_Stable_1246,0.103948526
Degrader_663_minus_Stable_256,0.10391048
Gene_SUSD4,0.10380091
Gene_RPL13P12,0.10376244
Degrader_1028_minus_Stable_119,0.103680305
Degrader_676_minus_Stable_219,0.10367267
Gene_AZU1,0.103467695
Degrader_858_minus_Stable_359,0.1034144
Gene_DRP2,0.10319491
Degrader_802_minus_Stable_1362,0.10316377
Degrader_602_minus_Stable_1356,0.10295029
Gene_CCDC63,0.10292779
Degrader_802_minus_Stable_101,0.10268188
Gene_SHOX,0.102622174
Gene_AC003090.1,0.10247772
Gene_CLDN1,0.10237916
Gene_LGALS12,0.102373175
Degrader_605_minus_Stable_256,0.10235433
Degrader_1416_minus_Stable_814,0.10235359
Degrader_444_minus_Stable_1475,0.10221276
Degrader_1416_minus_Stable_1262,0.10206958
Gene_AQP7P2,0.101875246
Gene_CHRNG,0.10152122
Gene_LINC00648,0.10149073
Gene_KLF4P1,0.10137403
Gene_CAPN11,0.10124004
Degrader_981_minus_Stable_220,0.10110677
Degrader_1292_minus_Stable_1283,0.10110138
Degrader_864_minus_Stable_256,0.10100614
Gene_IL1R2,0.10068931
Degrader_1154_minus_Stable_220,0.10053259
Gene_LGI1,0.10046465
Degrader_1292_minus_Stable_548,0.10040269
Gene_NIPAL4,0.10034095
Degrader_546_minus_Stable_548,0.100271374
Gene_CYP3A4,0.10026224
Gene_SAA1,0.10018597
Gene_RP1-257C22.2,0.100147285
Degrader_743_minus_Stable_55,0.099699214
Gene_RP11-400K9.4,0.09966724
Degrader_447_minus_Stable_1246,0.09951206
Degrader_644_minus_Stable_1065,0.099508785
Gene_SFRP5,0.09947394
Degrader_209_minus_Stable_280,0.09939572
Degrader_1416_minus_Stable_766,0.09938091
Degrader_855_minus_Stable_1246,0.0993768
Gene_AC010980.2,0.09924796
Gene_HBB,0.099236846
Gene_RTP2,0.099212594
Degrader_589_minus_Stable_1373,0.099146344
Degrader_863_minus_Stable_359,0.09912311
Gene_ADAMTS18,0.098999515
Degrader_482_minus_Stable_1262,0.098901205
Degrader_589_minus_Stable_1307,0.0987672
Gene_GAS2L2,0.09825871
Gene_CCDC144A,0.09823757
Degrader_34_minus_Stable_1475,0.09787911
Degrader_554_minus_Stable_55,0.097802676
Gene_PSPHP1,0.09747409
Gene_ASB15,0.097449385
Gene_RGMB-AS1,0.097444355
Gene_RP11-57A19.2,0.09736103
Degrader_863_minus_Stable_1262,0.0973364
Gene_PRM2,0.097335525
Degrader_64_minus_Stable_359,0.09717738
Degrader_51_minus_Stable_1307,0.09714173
Degrader_1239_minus_Stable_1373,0.0970323
Gene_PI16,0.09695587
RIN_x_Autolysis,0.09685243
Degrader_635_minus_Stable_1246,0.09675291
Degrader_110_minus_Stable_1262,0.096648075
Degrader_676_minus_Stable_729,0.09632145
Degrader_663_minus_Stable_408,0.09616943
Gene_IL6R,0.09579505
Gene_DCD,0.095773615
Degrader_926_minus_Stable_219,0.09573901
Degrader_864_minus_Stable_1065,0.09573128
Degrader_434_minus_Stable_1362,0.09555135
Degrader_1418_minus_Stable_1356,0.09539118
Degrader_64_minus_Stable_240,0.09519279
Degrader_741_minus_Stable_1307,0.09488484
Degrader_1097_minus_Stable_1356,0.09480811
Degrader_15_minus_Stable_766,0.09472678
Degrader_93_minus_Stable_548,0.09461773
Degrader_934_minus_Stable_1137,0.094592646
Degrader_1096_minus_Stable_1362,0.09452251
Degrader_644_minus_Stable_1262,0.09423916
Degrader_77_minus_Stable_408,0.094156496
Degrader_125_minus_Stable_219,0.09414434
Gene_MUC20P1,0.09412437
Gene_LINC01916,0.094098724
Degrader_1286_minus_Stable_359,0.09409793
Gene_RP11-343H5.4,0.09404232
Gene_RP11-168O16.1,0.0938105
Degrader_289_minus_Stable_483,0.09376273
Degrader_110_minus_Stable_476,0.09374207
Degrader_625_minus_Stable_408,0.09355102
Degrader_663_minus_Stable_1475,0.09343682
Degrader_589_minus_Stable_1246,0.09334966
Degrader_625_minus_Stable_1246,0.09330302
Gene_DNAJC5B,0.09316079
Degrader_701_minus_Stable_280,0.092989005
Gene_SLC6A20,0.09297367
Gene_FKBP5,0.09294668
Gene_AGMAT,0.092927426
Gene_APOA4,0.0928499
Degrader_348_minus_Stable_1262,0.09263732
Degrader_802_minus_Stable_1356,0.09259586
Gene_TCF24,0.09244171
Degrader_434_minus_Stable_658,0.09242798
Degrader_289_minus_Stable_1262,0.09227657
Gene_NMRK2,0.09212396
Degrader_1048_minus_Stable_548,0.09208011
Gene_AC114730.3,0.09193353
Degrader_802_minus_Stable_766,0.09179211
Degrader_1096_minus_Stable_766,0.09172839
Degrader_308_minus_Stable_1137,0.09169995
Age,0.091669135
Gene_STARD4-AS1,0.09150178
Degrader_635_minus_Stable_213,0.09140277
Gene_KRT81,0.09111881
Gene_SERPINB9P1,0.091081165
Gene_SPIB,0.0909704
Degrader_1316_minus_Stable_1262,0.09096745
Degrader_93_minus_Stable_766,0.09096656
Degrader_648_minus_Stable_240,0.090924606
Degrader_447_minus_Stable_27,0.09075197
Degrader_1132_minus_Stable_359,0.09069001
Gene_AC007750.5,0.09061212
Degrader_743_minus_Stable_1065,0.090593874
Degrader_325_minus_Stable_219,0.09058512
Gene_PPP1R3C,0.09044424
Degrader_546_minus_Stable_240,0.09033846
Degrader_308_minus_Stable_1491,0.09033571
Degrader_554_minus_Stable_1362,0.09020688
Gene_HAS1,0.09017427
Gene_C12orf75,0.09015581
Degrader_644_minus_Stable_1475,0.09015366
Gene_AC092159.2,0.0901482
Gene_TFCP2L1,0.09007608
Degrader_1344_minus_Stable_219,0.09002527
Gene_RP11-567E21.3,0.08975436
Gene_POSTN,0.08955038
Degrader_348_minus_Stable_1283,0.08953267
Degrader_741_minus_Stable_1065,0.089531384
Gene_RP11-54A9.1,0.089449994
Degrader_1239_minus_Stable_729,0.08944477
Gene_TNFSF14,0.08942248
Gene_RP11-12A2.1,0.08938931
Degrader_1344_minus_Stable_1491,0.089370586
Gene_MUC21,0.08929486
Degrader_1088_minus_Stable_240,0.089247175
Degrader_701_minus_Stable_766,0.08894851
Gene_UTY,0.08889573
Gene_KCNJ3,0.08881762
Degrader_926_minus_Stable_1373,0.08879568
Gene_AC093627.8,0.08877061
Gene_GLI1,0.08853916
Degrader_1344_minus_Stable_766,0.08842062
Gene_RP11-532N4.2,0.08837553
Degrader_1304_minus_Stable_1475,0.08823864
Gene_FCRLA,0.08818796
Degrader_308_minus_Stable_219,0.08812139
Degrader_482_minus_Stable_240,0.087800846
Degrader_1353_minus_Stable_729,0.087778725
Degrader_1239_minus_Stable_280,0.087776095
Gene_MT-TG,0.08764989
Gene_C1DP1,0.08761978
Degrader_640_minus_Stable_814,0.0876181
Degrader_1048_minus_Stable_1137,0.08745423
Degrader_625_minus_Stable_1356,0.087446325
Degrader_802_minus_Stable_1475,0.08741721
Gene_FAM135B,0.08736918
Gene_SLC44A5,0.08722124
Degrader_743_minus_Stable_1283,0.087168954
Degrader_1344_minus_Stable_1262,0.08710262
Degrader_701_minus_Stable_219,0.08703936
Degrader_1416_minus_Stable_1475,0.08702162
Gene_C1orf105,0.08692548
Gene_LGALS9C,0.08689067
Degrader_125_minus_Stable_483,0.08673561
Degrader_289_minus_Stable_1065,0.08663239
Degrader_1344_minus_Stable_1065,0.08662257
Gene_RP11-116D17.3,0.086486906
Gene_IYD,0.08645002
Gene_PLCH1,0.086185984
Gene_MT1E,0.08613427
Degrader_447_minus_Stable_729,0.08605038
Degrader_1146_minus_Stable_476,0.08586463
Degrader_554_minus_Stable_729,0.08582939
Gene_FAM180A,0.085798405
Degrader_34_minus_Stable_814,0.085440055
Degrader_289_minus_Stable_1475,0.085384324
Gene_SLC16A6,0.085262604
Degrader_1239_minus_Stable_359,0.08518708
Gene_BEX2,0.08486863
Degrader_999_minus_Stable_1246,0.08472916
Gene_CSMD1,0.08467791
Degrader_15_minus_Stable_1373,0.08451257
Degrader_1087_minus_Stable_548,0.084383465
Gene_LDHC,0.08433362
Degrader_308_minus_Stable_119,0.08427351
Degrader_635_minus_Stable_1475,0.08418236
Degrader_1088_minus_Stable_1246,0.08417827
Gene_MT1M,0.084014304
Degrader_1088_minus_Stable_359,0.08379808
Degrader_855_minus_Stable_1283,0.08379593
Degrader_1292_minus_Stable_101,0.08363686
Gene_SH2D6,0.08360983
Degrader_110_minus_Stable_119,0.08348917
Degrader_554_minus_Stable_1065,0.08344072
Gene_COMP,0.08344061
Degrader_1344_minus_Stable_359,0.08339405
Gene_MYH1,0.08317312
Gene_RP11-259G18.3,0.08315682
Gene_MTUS2,0.08314533
Degrader_635_minus_Stable_1491,0.0831125
Degrader_863_minus_Stable_1246,0.08296408
Degrader_554_minus_Stable_1475,0.08289293
Gene_GUCY1B2,0.08269525
Degrader_444_minus_Stable_280,0.08265263
Degrader_385_minus_Stable_1262,0.082619205
Gene_RP11-70D24.3,0.08254908
Degrader_1304_minus_Stable_213,0.08248101
Gene_CR2,0.08245246
Degrader_855_minus_Stable_1373,0.0823786
Degrader_1292_minus_Stable_213,0.08232493
Degrader_456_minus_Stable_280,0.08224459
Degrader_1416_minus_Stable_483,0.08224196
Degrader_589_minus_Stable_766,0.08200938
Degrader_1286_minus_Stable_55,0.081942685
Degrader_1096_minus_Stable_658,0.08186307
Gene_LCN10,0.08177194
Gene_WIF1,0.081643105
Degrader_325_minus_Stable_101,0.08158391
Gene_CHI3L1,0.081535876
Degrader_981_minus_Stable_1262,0.081459045
Degrader_546_minus_Stable_1362,0.08136458
Degrader_482_minus_Stable_483,0.08130705
Degrader_1097_minus_Stable_55,0.08109315
Gene_CTRB1,0.08109033
Degrader_64_minus_Stable_729,0.08094588
Gene_RP11-212I21.3,0.08091851
Gene_ANKRD20A4,0.080912754
Degrader_573_minus_Stable_476,0.08085591
Degrader_209_minus_Stable_814,0.08081734
Degrader_125_minus_Stable_1246,0.08081399
Degrader_1418_minus_Stable_1475,0.080762856
Degrader_289_minus_Stable_1137,0.08071943
Gene_ADAM12,0.080652006
Degrader_863_minus_Stable_766,0.080535725
Gene_TNMD,0.08053284
Gene_RP11-71L14.3,0.080433205
Gene_ACPP,0.08038832
Degrader_1344_minus_Stable_1356,0.08013196
Degrader_308_minus_Stable_220,0.080105595
Degrader_934_minus_Stable_483,0.080058366
Degrader_1344_minus_Stable_240,0.07995608
Gene_HYAL4,0.07982279
Degrader_25_minus_Stable_1362,0.07982108
Degrader_51_minus_Stable_766,0.07981807
Degrader_981_minus_Stable_814,0.07968937
Degrader_864_minus_Stable_55,0.07965127
Gene_ANKRD1,0.07962569
Degrader_125_minus_Stable_280,0.079609625
Degrader_15_minus_Stable_280,0.07948151
Degrader_644_minus_Stable_240,0.07939064
Gene_OR2K2,0.0792063
Gene_DLGAP1-AS1,0.07920054
Degrader_648_minus_Stable_1491,0.07911386
Degrader_403_minus_Stable_1137,0.07901448
Degrader_1344_minus_Stable_119,0.07899198
Degrader_1154_minus_Stable_280,0.078960784
Gene_CTSG,0.07867944
Degrader_573_minus_Stable_220,0.07862559
Degrader_864_minus_Stable_1362,0.07853316
Degrader_648_minus_Stable_1362,0.07852809
Degrader_573_minus_Stable_1283,0.07846468
Gene_AC002451.3,0.07839612
Degrader_308_minus_Stable_658,0.07825618
Degrader_635_minus_Stable_220,0.078057505
Gene_RP11-678G14.4,0.078043364
Degrader_444_minus_Stable_1065,0.07799274
Gene_GZMH,0.07796764
Degrader_967_minus_Stable_766,0.07790748
Degrader_1146_minus_Stable_219,0.07785342
Degrader_625_minus_Stable_1362,0.07784302
Gene_ATP2B2,0.07784243
Degrader_308_minus_Stable_1283,0.07783576
Degrader_967_minus_Stable_240,0.07779613
Degrader_1239_minus_Stable_1356,0.07748954
Gene_OLAH,0.077460356
Gene_AC008592.3,0.077458724
Degrader_1454_minus_Stable_1356,0.07717208
Gene_TTTY15,0.07714466
Degrader_701_minus_Stable_359,0.077079475
Degrader_546_minus_Stable_476,0.07704566
Gene_ZNF603P,0.07692954
Gene_MROH5,0.07677847
Degrader_51_minus_Stable_1373,0.076750726
Degrader_352_minus_Stable_1356,0.076541826
Degrader_1344_minus_Stable_658,0.07634141
Degrader_644_minus_Stable_1246,0.07632999
Gene_DPRX,0.07627793
Degrader_77_minus_Stable_101,0.07626207
Gene_LINC01252,0.076214716
Degrader_1088_minus_Stable_101,0.07614081
Degrader_640_minus_Stable_1262,0.07596553
Gene_RP11-386M24.6,0.07594993
Gene_RP4-590F24.2,0.0758514
Degrader_981_minus_Stable_1475,0.07583147
Gene_AC114877.3,0.07582388
Gene_AGAP7P,0.0757721
Degrader_12_minus_Stable_1475,0.07572196
Degrader_1292_minus_Stable_240,0.07571806
Degrader_635_minus_Stable_1283,0.075642616
Gene_KIAA1024,0.075611025
Degrader_546_minus_Stable_1283,0.07543142
Gene_RP11-182J23.1,0.07530853
Degrader_15_minus_Stable_240,0.0752881
Degrader_743_minus_Stable_119,0.075281166
Gene_FGA,0.07524021
Degrader_1324_minus_Stable_1491,0.07504514
Degrader_1048_minus_Stable_1262,0.075032435
Degrader_635_minus_Stable_359,0.075027935
Degrader_379_minus_Stable_1283,0.074946135
Degrader_981_minus_Stable_1307,0.07483648
Gene_PCSK1,0.07477395
Degrader_1454_minus_Stable_213,0.074710056
Gene_INTS4P1,0.07455666
Degrader_348_minus_Stable_1307,0.07453889
Gene_PAX8-AS1,0.07445619
Gene_STAB2,0.07440141
Gene_GDF6,0.07429735
Degrader_57_minus_Stable_1373,0.0742452
Degrader_635_minus_Stable_1065,0.074197516
Gene_PRSS2,0.07413387
Degrader_209_minus_Stable_1307,0.0741141
Degrader_676_minus_Stable_1283,0.074068725
Degrader_77_minus_Stable_1065,0.073941745
Degrader_967_minus_Stable_55,0.07389235
Degrader_64_minus_Stable_1356,0.07385308
Degrader_981_minus_Stable_1246,0.073703535
Degrader_209_minus_Stable_408,0.073686615
Gene_PAPPA2,0.07360821
Degrader_663_minus_Stable_1246,0.07356955
Gene_FCER1A,0.07354791
Degrader_802_minus_Stable_359,0.07346973
Degrader_967_minus_Stable_1065,0.073465675
Degrader_1454_minus_Stable_729,0.07340774
Gene_LINC01773,0.07329245
Gene_KCNE5,0.07326102
Degrader_125_minus_Stable_220,0.073105454
Gene_HCN1,0.0730602
Gene_SPAG17,0.07304161
Degrader_379_minus_Stable_1362,0.072975285
Gene_LINC01436,0.07296246
Gene_TXLNGY,0.07294303
Gene_AJ006998.2,0.072941564
Degrader_444_minus_Stable_119,0.07285131
Gene_LINC01235,0.07284791
Gene_DLEU1-AS1,0.07281255
Degrader_325_minus_Stable_1262,0.07274401
Gene_GH1,0.07265841
Gene_FLG2,0.07261285
Degrader_864_minus_Stable_220,0.07245998
Degrader_926_minus_Stable_1362,0.07243471
Gene_CIDEA,0.07232074
Degrader_743_minus_Stable_476,0.07207905
Gene_PLA2G7,0.07200427
Degrader_1324_minus_Stable_27,0.07190851
Gene_MYH15,0.0717515
Degrader_741_minus_Stable_213,0.07165584
Degrader_1146_minus_Stable_1246,0.07160501
Degrader_828_minus_Stable_1307,0.07148626
Degrader_644_minus_Stable_1137,0.07132459
Gene_GLUL,0.071299456
Degrader_57_minus_Stable_766,0.07128596
Gene_SLAMF6P1,0.07121053
Degrader_348_minus_Stable_213,0.07114107
Gene_CTD-2083E4.7,0.07111435
Degrader_741_minus_Stable_1262,0.071018144
Gene_CH17-195P21.2,0.070882834
Degrader_1304_minus_Stable_119,0.07086128
Gene_TMEM8C,0.070494264
Gene_CCNA1,0.07042594
Degrader_444_minus_Stable_483,0.07028559
Degrader_1353_minus_Stable_240,0.07026994
Degrader_1154_minus_Stable_729,0.07026979
Gene_MKX,0.07023738
Gene_PMP2,0.07010375
Gene_TTTY14,0.07005134
Gene_IGHA2,0.07003221
Degrader_1304_minus_Stable_280,0.06998591
Gene_KRT13,0.06996332
Degrader_1418_minus_Stable_1065,0.069929466
Degrader_863_minus_Stable_476,0.069911286
Gene_KRT16P6,0.06989221
Degrader_1353_minus_Stable_548,0.06983158
Degrader_482_minus_Stable_220,0.06979525
Degrader_325_minus_Stable_359,0.069663085
Degrader_434_minus_Stable_101,0.069408104
Gene_LINC00607,0.06929654
Gene_CCL21,0.06911981
Degrader_93_minus_Stable_1307,0.06898616
Gene_ANKRD2,0.068810426
Gene_EPB41L4B,0.06875103
Degrader_308_minus_Stable_27,0.06865868
Gene_PLXNA4,0.06861903
Degrader_640_minus_Stable_280,0.06859916
Gene_ADAMTS8,0.06859234
Degrader_125_minus_Stable_1262,0.068584986
Degrader_1316_minus_Stable_1137,0.068568185
Gene_HSD52,0.06853108
Gene_ZCCHC5,0.06851921
Gene_SYNDIG1,0.06846628
Gene_FATE1,0.06844198
Gene_FGL1,0.06840987
Gene_FBN2,0.06840792
Gene_FRMPD1,0.06829773
Gene_SYT14,0.06817956
Degrader_1048_minus_Stable_1283,0.06801017
Degrader_1028_minus_Stable_1283,0.067860246
Degrader_858_minus_Stable_1246,0.06781534
Gene_FCGBP,0.06775811
Gene_SERPINA5,0.06770879
Degrader_1353_minus_Stable_408,0.06767492
Degrader_999_minus_Stable_1283,0.06758298
Gene_RP11-114H24.2,0.06752916
Degrader_999_minus_Stable_1362,0.06749046
Degrader_864_minus_Stable_1475,0.06741486
Gene_FNDC1,0.06737295
Degrader_1286_minus_Stable_1307,0.06730873
Gene_RP3-465N24.5,0.067292914
Gene_CPLX2,0.06718352
Degrader_546_minus_Stable_213,0.067150615
Gene_HNRNPA1P66,0.06704538
Degrader_1028_minus_Stable_220,0.06696922
Degrader_1344_minus_Stable_55,0.06690076
Gene_DEFA3,0.06686102
Gene_LRRC3B,0.06677216
Gene_MPZ,0.06671815
Degrader_385_minus_Stable_359,0.06668284
Degrader_34_minus_Stable_101,0.066560045
Gene_BMP3,0.066546306
Gene_DMBT1,0.06644537
Gene_IGKV3-11,0.06639065
Degrader_1088_minus_Stable_1362,0.06627611
Gene_SOCS3,0.06626385
Degrader_926_minus_Stable_220,0.06618642
Gene_ACE2,0.066111974
Gene_FAM106A,0.0661042
Gene_MYEOV,0.066061184
Degrader_625_minus_Stable_814,0.06602534
Degrader_828_minus_Stable_766,0.065877415
Degrader_602_minus_Stable_1475,0.0657421
Gene_CES4A,0.0655892
Degrader_125_minus_Stable_359,0.06557346
Gene_NNMT,0.06535545
Gene_SPX,0.06535383
Gene_TMEM200A,0.06527165
Degrader_308_minus_Stable_256,0.06521435
Gene_MUC22,0.065176755
Degrader_864_minus_Stable_1373,0.065130055
Degrader_1344_minus_Stable_220,0.06508586
Degrader_403_minus_Stable_1307,0.06500539
Gene_SH2D5,0.06490425
Gene_CYP4F22,0.06485005
Degrader_855_minus_Stable_814,0.06481302
Gene_DNAI1,0.0647659
Degrader_1096_minus_Stable_1373,0.06471786
Degrader_352_minus_Stable_240,0.064522766
Gene_MYL3,0.064400434
Gene_HMOX1,0.06436754
Gene_MYT1L,0.06428491
Degrader_934_minus_Stable_1373,0.064262085
Degrader_308_minus_Stable_1307,0.064129695
Gene_TAL2,0.06392457
Degrader_602_minus_Stable_101,0.06380471
Gene_LINC01291,0.06371253
Degrader_981_minus_Stable_408,0.06371023
Gene_PLAC1,0.06364685
Gene_CTD-3076O17.2,0.063511826
Degrader_546_minus_Stable_220,0.063460775
Degrader_864_minus_Stable_1307,0.06342233
Degrader_981_minus_Stable_766,0.0633925
Gene_TJP3,0.06329235
Degrader_855_minus_Stable_220,0.06327691
Gene_FCN3,0.063148916
Degrader_926_minus_Stable_1065,0.06305013
Degrader_1324_minus_Stable_1373,0.062976785
Degrader_828_minus_Stable_476,0.06292006
Gene_FGB,0.06289596
Degrader_289_minus_Stable_476,0.06268358
Degrader_93_minus_Stable_408,0.06263933
Degrader_863_minus_Stable_213,0.062631816
Gene_DND1P1,0.06261512
Degrader_482_minus_Stable_359,0.0625169
Degrader_422_minus_Stable_1283,0.062455297
Degrader_863_minus_Stable_220,0.062217522
Gene_ADAMTS7P1,0.062179346
Gene_OVOS2,0.062175315
Degrader_1132_minus_Stable_1307,0.06215533
Gene_IRX3,0.06214695
Degrader_1304_minus_Stable_1362,0.062013987
Degrader_325_minus_Stable_1246,0.061789457
Gene_LINC00664,0.061737034
Degrader_546_minus_Stable_1246,0.061490163
Degrader_999_minus_Stable_101,0.061432857
Degrader_456_minus_Stable_359,0.061347514
Degrader_554_minus_Stable_814,0.06126923
Gene_SLC5A1,0.061197247
Gene_CCDC144NL-AS1,0.0611571
Gene_TACR3,0.061091352
Degrader_1353_minus_Stable_766,0.061066914
Degrader_625_minus_Stable_483,0.0610636
Degrader_741_minus_Stable_1362,0.06104746
Degrader_57_minus_Stable_359,0.06101302
Degrader_15_minus_Stable_27,0.06101125
Gene_RP11-4B16.4,0.0610032
Degrader_1418_minus_Stable_658,0.06097608
Degrader_863_minus_Stable_1373,0.06092558
Gene_COL22A1,0.060888216
Degrader_25_minus_Stable_1137,0.06087119
Degrader_999_minus_Stable_476,0.060866915
Gene_CTD-2147F2.2,0.06079958
Gene_SELE,0.060767397
Gene_PRSS1,0.060741927
Gene_RP11-693J15.5,0.060715407
Degrader_981_minus_Stable_1356,0.06067376
Gene_CTAG2,0.06059714
Degrader_926_minus_Stable_240,0.060589757
Gene_LINC01754,0.06058853
Degrader_456_minus_Stable_548,0.060511407
Degrader_12_minus_Stable_1362,0.060381718
Gene_MT1A,0.060374614
Gene_C21orf33,0.060346555
Degrader_701_minus_Stable_1475,0.060213726
Degrader_444_minus_Stable_1262,0.060103092
Gene_CGA,0.060100097
Degrader_51_minus_Stable_476,0.060069297
Gene_NR4A3,0.060006976
Degrader_51_minus_Stable_55,0.0599929
Gene_RP11-799B12.2,0.059989136
Gene_ACOT11,0.059927754
Degrader_1097_minus_Stable_101,0.059785847
Gene_IGLV2-23,0.059770316
Degrader_1146_minus_Stable_220,0.059589278
Degrader_1146_minus_Stable_1491,0.05948799
Gene_MYBPH,0.05936074
Degrader_403_minus_Stable_1475,0.05923386
Gene_VAT1L,0.059175104
Degrader_802_minus_Stable_240,0.05914874
Degrader_858_minus_Stable_1475,0.059136715
Degrader_348_minus_Stable_476,0.059090897
Degrader_1048_minus_Stable_1491,0.058912702
Degrader_110_minus_Stable_658,0.058892734
Gene_KRT17P7,0.058853067
Degrader_265_minus_Stable_1137,0.05870872
Degrader_1286_minus_Stable_1283,0.05870034
Degrader_981_minus_Stable_240,0.058548477
Gene_ZPLD1,0.058339253
Gene_LINC01405,0.05830894
Gene_MMP3,0.058252092
Gene_TYRP1,0.05820619
Degrader_701_minus_Stable_1307,0.05820122
Degrader_51_minus_Stable_1356,0.05806828
Degrader_444_minus_Stable_658,0.058067147
Degrader_605_minus_Stable_1065,0.058059227
Degrader_648_minus_Stable_814,0.057936467
Degrader_1353_minus_Stable_483,0.057860117
Gene_DIRAS1,0.057829145
Degrader_828_minus_Stable_1065,0.057458036
Degrader_385_minus_Stable_1246,0.057444263
Degrader_635_minus_Stable_280,0.057425123
Gene_KDM5D,0.057410404
Gene_CTB-167G5.6,0.057402823
Degrader_1097_minus_Stable_476,0.05739193
Degrader_308_minus_Stable_213,0.057377808
Degrader_1088_minus_Stable_766,0.05726369
Degrader_348_minus_Stable_1373,0.05717269
Gene_LINC01497,0.05713743
Gene_NPIPB2,0.057107616
Degrader_934_minus_Stable_219,0.057071857
Degrader_1154_minus_Stable_219,0.0570646
Degrader_308_minus_Stable_1475,0.05705636
Gene_CLEC2L,0.05692508
Degrader_573_minus_Stable_766,0.05692419
Gene_ANGPTL4,0.056869414
Gene_PAQR9,0.056846794
Degrader_352_minus_Stable_483,0.056717563
Gene_VDR,0.05670736
Degrader_1304_minus_Stable_1307,0.056671448
Degrader_1087_minus_Stable_766,0.05663483
Gene_RP13-379O24.2,0.05654026
Degrader_743_minus_Stable_1491,0.05641967
Degrader_125_minus_Stable_408,0.056418043
Gene_FEZF1-AS1,0.05639293
Gene_SLAMF1,0.05637322
Gene_NPPA,0.0563671
Degrader_554_minus_Stable_213,0.056351203
Gene_SLC39A14,0.05630466
Degrader_934_minus_Stable_280,0.056294236
Degrader_289_minus_Stable_1373,0.056293413
Gene_MOCOS,0.056291487
Degrader_546_minus_Stable_1373,0.056264367
Degrader_863_minus_Stable_1065,0.056241423
Degrader_1097_minus_Stable_408,0.056237265
Gene_UBASH3B,0.056189716
Gene_C10orf67,0.056153685
Degrader_625_minus_Stable_1475,0.05610361
Degrader_1087_minus_Stable_814,0.05591954
Gene_REG3A,0.0558831
Gene_ATRNL1,0.05584867
Degrader_743_minus_Stable_814,0.055831894
Degrader_589_minus_Stable_1137,0.055819936
Degrader_456_minus_Stable_1475,0.055815365
Degrader_1088_minus_Stable_1373,0.05570542
Degrader_1286_minus_Stable_729,0.055695493
Gene_OR7D2,0.05560689
Gene_CMTM5,0.055595916
Degrader_1146_minus_Stable_766,0.05550783
Degrader_1416_minus_Stable_408,0.05550062
Degrader_546_minus_Stable_359,0.05548505
Degrader_1146_minus_Stable_119,0.055451795
Degrader_743_minus_Stable_548,0.055394348
Degrader_444_minus_Stable_814,0.05535959
Degrader_1048_minus_Stable_814,0.055334795
Gene_RP11-507B12.2,0.05529171
Degrader_926_minus_Stable_658,0.055270903
Degrader_635_minus_Stable_658,0.055269506
Gene_CTXN3,0.05517065
Gene_LIPG,0.05510518
Degrader_1304_minus_Stable_101,0.054999616
Degrader_1154_minus_Stable_483,0.05497923
Degrader_676_minus_Stable_408,0.054977644
Degrader_663_minus_Stable_280,0.054973543
Degrader_110_minus_Stable_1356,0.054916617
Degrader_1418_minus_Stable_729,0.054831926
Gene_SLC38A1,0.054771658
Degrader_25_minus_Stable_1246,0.05466016
Degrader_625_minus_Stable_1262,0.05465069
Degrader_981_minus_Stable_658,0.054551724
Degrader_1292_minus_Stable_1475,0.054532867
Degrader_999_minus_Stable_483,0.054513745
Gene_LINC00599,0.054458532
Gene_RPRML,0.054311864
Degrader_1454_minus_Stable_548,0.05412631
Degrader_447_minus_Stable_1475,0.054086123
Degrader_1096_minus_Stable_1137,0.053943347
Degrader_640_minus_Stable_1283,0.05386688
Degrader_352_minus_Stable_256,0.053859126
Gene_CAPN6,0.05377248
Gene_B3GALT5,0.053757764
Degrader_444_minus_Stable_219,0.05374826
Degrader_644_minus_Stable_1491,0.05373703
Gene_TPSD1,0.0536882
Gene_GYG2P1,0.05364964
Degrader_12_minus_Stable_766,0.05361688
Degrader_176_minus_Stable_1137,0.053609665
Degrader_1146_minus_Stable_1307,0.053589758
Gene_RP11-437J2.3,0.053528905
Degrader_1344_minus_Stable_1246,0.053506266
Gene_GLRX,0.053352103
Degrader_385_minus_Stable_408,0.053331695
Gene_CTD-2545H1.2,0.053024974
Degrader_379_minus_Stable_240,0.052878443
Degrader_701_minus_Stable_220,0.052799944
Gene_REPS2,0.05271691
Gene_SEMA5B,0.05265066
Degrader_644_minus_Stable_658,0.05260618
Gene_CTD-2201G16.1,0.0525654
Degrader_981_minus_Stable_119,0.05242862
Gene_SLC25A48,0.052423183
Degrader_864_minus_Stable_1262,0.052407883
Gene_SYT13,0.05237342
Degrader_325_minus_Stable_119,0.05221785
Degrader_447_minus_Stable_548,0.052203998
Gene_AC024560.2,0.052182
Gene_RPL7P3,0.051985547
Degrader_802_minus_Stable_55,0.051819585
Gene_DDX3Y,0.05179807
Gene_HLA-V,0.051789742
Degrader_625_minus_Stable_1491,0.05178608
Gene_LSMEM2,0.05175325
Degrader_855_minus_Stable_408,0.051729467
Gene_VWA3B,0.051583957
Gene_PCDH20,0.051570028
Degrader_444_minus_Stable_548,0.05141907
Gene_MYH8,0.051410392
Gene_LINC01950,0.051342476
Gene_RP11-358H18.3,0.051312137
Degrader_403_minus_Stable_219,0.051119003
Gene_RP1-276N6.2,0.05107787
Degrader_447_minus_Stable_1283,0.051051084
Degrader_605_minus_Stable_1356,0.051039904
Gene_VSTM2L,0.050960623
Gene_RP11-672L10.2,0.05092298
Gene_KRT31,0.050901495
Degrader_444_minus_Stable_101,0.050895914
Gene_IL17D,0.050865594
Degrader_863_minus_Stable_27,0.05085584
Degrader_999_minus_Stable_1137,0.050809506
Gene_FOS,0.050751325
Degrader_289_minus_Stable_658,0.050647214
Degrader_1088_minus_Stable_1065,0.050642915
Degrader_1096_minus_Stable_219,0.050602827
Gene_SCG2,0.050419863
Degrader_1344_minus_Stable_280,0.050412595
Degrader_1132_minus_Stable_814,0.050243307
Degrader_77_minus_Stable_1356,0.050222002
Degrader_635_minus_Stable_729,0.050214823
Degrader_57_minus_Stable_1137,0.050167795
Degrader_589_minus_Stable_1491,0.050154317
Degrader_1096_minus_Stable_1283,0.050094124
Degrader_934_minus_Stable_548,0.050008737
Gene_LINC01426,0.050004784
Degrader_1146_minus_Stable_814,0.049989477
Degrader_1316_minus_Stable_1475,0.049985237
Gene_RP11-7F17.5,0.049936563
Degrader_1304_minus_Stable_1373,0.04991334
Gene_FADS1,0.049893524
Degrader_125_minus_Stable_766,0.049835026
Degrader_325_minus_Stable_1356,0.04982786
Degrader_1239_minus_Stable_483,0.049818162
Degrader_1048_minus_Stable_1362,0.04981584
Gene_IFNG-AS1,0.049794775
Degrader_434_minus_Stable_814,0.049732033
Degrader_589_minus_Stable_240,0.049624383
Gene_CYP4F35P,0.049608443
Gene_RP11-576C2.1,0.049608245
Degrader_1028_minus_Stable_658,0.0495518
Degrader_403_minus_Stable_408,0.04938908
Gene_ERFE,0.049365155
Gene_ANGPTL5,0.049354207
Gene_STEAP2,0.049326323
Gene_GS1-388B5.1,0.049280707
Gene_PCOLCE2,0.049165383
Gene_MXRA5,0.049087927
Degrader_434_minus_Stable_1491,0.04904188
Degrader_1096_minus_Stable_359,0.04897038
Degrader_93_minus_Stable_1356,0.048966184
Gene_CXCL9,0.048942816
Degrader_1292_minus_Stable_408,0.048858047
Degrader_802_minus_Stable_548,0.0488319
Gene_RNF17,0.048820604
Gene_LINC00431,0.048775
Gene_COL25A1,0.048766978
Degrader_1132_minus_Stable_1137,0.04875051
Degrader_934_minus_Stable_658,0.048684217
Degrader_1304_minus_Stable_766,0.04867404
Gene_LINC01585,0.04864207
Degrader_1454_minus_Stable_240,0.048564326
Degrader_648_minus_Stable_219,0.04846543
Gene_TOX3,0.04842384
Gene_NWD1,0.048398226
Degrader_1087_minus_Stable_359,0.048319694
Gene_SCN5A,0.048279244
Degrader_444_minus_Stable_1362,0.048228506
Degrader_546_minus_Stable_119,0.04786171
Gene_KRT6B,0.047817603
Degrader_1316_minus_Stable_1373,0.047746714
Degrader_589_minus_Stable_55,0.04768715
Degrader_1324_minus_Stable_359,0.047644872
Degrader_447_minus_Stable_483,0.04759058
Degrader_625_minus_Stable_256,0.04744992
Gene_RP11-83B20.1,0.047348283
Degrader_379_minus_Stable_1137,0.047291975
Gene_RP11-126O1.6,0.047133733
Gene_MS4A8,0.047116842
Degrader_855_minus_Stable_119,0.047078244
Degrader_676_minus_Stable_220,0.047036264
Degrader_663_minus_Stable_1262,0.047003604
Gene_ADCYAP1,0.0469482
Degrader_640_minus_Stable_1356,0.046917766
Degrader_1097_minus_Stable_1373,0.046917208
Gene_RP11-243M5.5,0.046810277
Gene_USP32P2,0.046738915
Gene_TNP1,0.046591103
Gene_ORM1,0.046558965
Gene_NOV,0.046536382
Gene_AC108142.1,0.04652698
Degrader_858_minus_Stable_1065,0.0465264
Gene_SPRR2E,0.046458423
Degrader_1096_minus_Stable_220,0.046327855
Gene_IGLC1,0.046266805
Degrader_1146_minus_Stable_27,0.046216317
Degrader_967_minus_Stable_219,0.046209913
Degrader_57_minus_Stable_1491,0.046203364
Gene_FAM153B,0.046157602
Gene_IGKJ4,0.046088524
Degrader_176_minus_Stable_1262,0.046053827
Degrader_1087_minus_Stable_1246,0.045577243
Gene_SPRR1B,0.045522317
Degrader_863_minus_Stable_658,0.045512795
Degrader_15_minus_Stable_55,0.04549897
Degrader_1154_minus_Stable_548,0.045467157
Gene_RP13-650J16.1,0.045416676
Degrader_640_minus_Stable_548,0.04532656
Degrader_77_minus_Stable_729,0.045307893
Degrader_1087_minus_Stable_1307,0.045307886
Gene_LCN2,0.045294963
Stable_mean,0.045248426
Gene_CPA4,0.045118812
Gene_AMER2,0.045006458
Gene_NYAP2,0.044979785
Gene_RASD1,0.04497028
Degrader_51_minus_Stable_1246,0.044934515
Degrader_1097_minus_Stable_27,0.044881016
Degrader_422_minus_Stable_483,0.044848114
Gene_AC106875.1,0.04482867
Gene_NMRAL2P,0.04481211
Gene_PRG4,0.044731602
Gene_RP11-361L15.5,0.044689123
Gene_KRT4,0.044685494
Degrader_15_minus_Stable_1262,0.044647563
Gene_LINC01748,0.044645887
Degrader_743_minus_Stable_359,0.044598557
Gene_AC005363.9,0.044597313
Degrader_1096_minus_Stable_1356,0.04442097
Degrader_858_minus_Stable_1137,0.044293746
Degrader_1048_minus_Stable_408,0.04426791
Gene_CSRP3,0.04411827
Gene_LINC01554,0.044075217
Gene_UTS2R,0.043991514
Degrader_125_minus_Stable_213,0.043974556
Gene_RP11-61N20.3,0.043964177
Degrader_1087_minus_Stable_280,0.04395021
Degrader_1416_minus_Stable_1137,0.043930992
Gene_RP11-897M7.1,0.043870382
Degrader_554_minus_Stable_280,0.043802932
Gene_RP11-436K8.1,0.043738924
Gene_AC123886.2,0.04371136
Degrader_1416_minus_Stable_27,0.043710444
Degrader_635_minus_Stable_483,0.043658707
Gene_CH25H,0.04365134
Gene_LINC01535,0.043640736
Gene_EFHB,0.04363775
Gene_CRNN,0.043607317
Gene_HLA-DQA2,0.04346999
Gene_PNPLA3,0.0434456
Degrader_743_minus_Stable_1246,0.0433495
Degrader_743_minus_Stable_1137,0.043344136
Degrader_379_minus_Stable_280,0.04329973
Gene_FGF21,0.04325769
Degrader_1154_minus_Stable_1137,0.043206286
Degrader_12_minus_Stable_1307,0.043126293
Gene_MAB21L2,0.043104507
Gene_EIF2S3L,0.043093693
Degrader_403_minus_Stable_1065,0.043060575
Gene_RASEF,0.042930346
Degrader_828_minus_Stable_240,0.042898368
Degrader_640_minus_Stable_1307,0.042841792
Degrader_379_minus_Stable_1262,0.042814966
Gene_RASSF5,0.042788576
Gene_KANK4,0.042771693
Gene_CEACAM5,0.042760372
Degrader_858_minus_Stable_213,0.042671826
Degrader_967_minus_Stable_1475,0.042611994
Degrader_676_minus_Stable_27,0.042507246
Gene_SLC4A1,0.04250189
Gene_CERS3,0.04242851
Degrader_554_minus_Stable_766,0.042421907
Degrader_999_minus_Stable_548,0.04239401
Gene_C1orf127,0.042321004
Gene_IRX4,0.042299412
Gene_TBL1Y,0.042263117
Degrader_1154_minus_Stable_55,0.042226356
Degrader_93_minus_Stable_1475,0.042165753
Gene_RP11-254F19.4,0.042157695
Degrader_573_minus_Stable_1246,0.042141505
Gene_FOXN4,0.042133164
Degrader_648_minus_Stable_658,0.041835133
Gene_KRTAP19-3,0.041803733
Gene_LINC01634,0.041794892
Gene_LINC00452,0.041754626
Degrader_981_minus_Stable_1137,0.04167354
Gene_SLITRK4,0.04164424
Degrader_1353_minus_Stable_101,0.041608416
Degrader_209_minus_Stable_658,0.041585155
Degrader_34_minus_Stable_1307,0.04156929
Gene_CLIC6,0.041508563
Degrader_1096_minus_Stable_1475,0.041492973
Gene_LINC00844,0.041391753
Degrader_1096_minus_Stable_1246,0.04138793
Gene_TRIL,0.041378353
Degrader_1088_minus_Stable_27,0.041342128
Degrader_648_minus_Stable_1137,0.04131887
Gene_METTL21C,0.041316543
Degrader_602_minus_Stable_1362,0.041253127
Degrader_1154_minus_Stable_1362,0.041180484
Degrader_110_minus_Stable_1283,0.04116915
Degrader_967_minus_Stable_220,0.04107911
Degrader_802_minus_Stable_476,0.040828556
Degrader_15_minus_Stable_658,0.040808246
Degrader_308_minus_Stable_1356,0.040738583
Degrader_934_minus_Stable_220,0.040725473
Degrader_858_minus_Stable_1362,0.040713556
Degrader_422_minus_Stable_1307,0.040660184
Gene_SLC19A3,0.04063371
Gene_LINC01489,0.040536214
Gene_FAM19A5,0.04052118
Degrader_1096_minus_Stable_1491,0.04051225
Degrader_1304_minus_Stable_1262,0.040456112
Gene_XIST,0.040387917
Degrader_1292_minus_Stable_1373,0.04020214
Degrader_1096_minus_Stable_27,0.04014627
Gene_C2CD4A,0.040128943
Degrader_1418_minus_Stable_359,0.040121686
Gene_CTC-467M3.3,0.04007437
Gene_NTNG1,0.04003075
Degrader_573_minus_Stable_101,0.039940745
Degrader_176_minus_Stable_55,0.03987349
Gene_IL31RA,0.039824106
Degrader_1353_minus_Stable_1307,0.039795134
Degrader_57_minus_Stable_1246,0.039727796
Degrader_1324_minus_Stable_408,0.039686132
Gene_ELFN2,0.03967232
Gene_CD1C,0.039618388
Gene_CYP11B1,0.039603844
Degrader_265_minus_Stable_119,0.039594065
Degrader_12_minus_Stable_256,0.039593164
Degrader_325_minus_Stable_729,0.039589774
Degrader_573_minus_Stable_408,0.03946379
Degrader_828_minus_Stable_408,0.039454903
Gene_SOX11,0.03943706
Gene_AC011239.1,0.039416138
Degrader_1292_minus_Stable_814,0.039365582
Degrader_25_minus_Stable_27,0.039336734
Gene_IGLV2-14,0.039284147
Degrader_1418_minus_Stable_1307,0.039275948
Degrader_34_minus_Stable_1373,0.039271373
Degrader_15_minus_Stable_213,0.039264232
Degrader_644_minus_Stable_476,0.039181236
Degrader_265_minus_Stable_240,0.039090525
Degrader_1353_minus_Stable_256,0.038994223
Gene_THY1,0.03897567
Degrader_546_minus_Stable_219,0.03897439
Degrader_605_minus_Stable_766,0.03895859
Gene_HSD17B6,0.038891386
Gene_LRRC52,0.038869638
Degrader_289_minus_Stable_55,0.038854234
Degrader_1324_minus_Stable_814,0.038765788
Gene_KBTBD13,0.038741566
Degrader_640_minus_Stable_240,0.038667645
Degrader_209_minus_Stable_1356,0.038662896
Gene_RARRES1,0.038642406
Degrader_934_minus_Stable_1475,0.03862181
Degrader_403_minus_Stable_101,0.0386145
Degrader_676_minus_Stable_213,0.038588796
Degrader_934_minus_Stable_1262,0.038579654
Degrader_1316_minus_Stable_1307,0.038554206
Gene_SPOCD1,0.038553458
Gene_ZP3,0.038541645
Degrader_999_minus_Stable_256,0.0385137
Degrader_352_minus_Stable_1246,0.038490333
Degrader_743_minus_Stable_658,0.03845023
Degrader_648_minus_Stable_408,0.038439192
Degrader_858_minus_Stable_256,0.038408343
Degrader_176_minus_Stable_408,0.03835362
Gene_HP,0.038298957
Degrader_352_minus_Stable_101,0.038281105
Gene_CDH16,0.038216557
Degrader_635_minus_Stable_476,0.038200192
Degrader_1239_minus_Stable_814,0.038190227
Degrader_456_minus_Stable_814,0.03816535
Gene_RP11-367N14.3,0.03814424
Degrader_422_minus_Stable_1065,0.038141683
Degrader_967_minus_Stable_359,0.03809287
Degrader_265_minus_Stable_219,0.038080413
Degrader_348_minus_Stable_359,0.038022846
Degrader_1028_minus_Stable_729,0.038014367
Degrader_1292_minus_Stable_1065,0.03790517
Degrader_605_minus_Stable_219,0.03789336
Degrader_12_minus_Stable_814,0.037857156
Degrader_1087_minus_Stable_1137,0.037749656
Degrader_77_minus_Stable_1262,0.037745267
Gene_PNMAL1,0.037708465
Degrader_625_minus_Stable_548,0.037679043
Gene_STAM-AS1,0.03758739
Degrader_828_minus_Stable_1246,0.03758651
Degrader_828_minus_Stable_1283,0.037392993
Degrader_1088_minus_Stable_476,0.03738468
Gene_BPI,0.037355833
Degrader_1286_minus_Stable_119,0.037308663
Degrader_635_minus_Stable_1362,0.037254415
Degrader_554_minus_Stable_1491,0.037231565
Degrader_589_minus_Stable_219,0.037145786
Degrader_573_minus_Stable_280,0.037125442
Degrader_456_minus_Stable_119,0.03709146
Gene_RP1-46F2.3,0.037043095
Degrader_701_minus_Stable_408,0.03701981
Degrader_1418_minus_Stable_408,0.03698496
Degrader_999_minus_Stable_814,0.036937125
Gene_MIR3945HG,0.036936127
Gene_GAL,0.03693533
Degrader_981_minus_Stable_280,0.036933012
Gene_TBC1D3E,0.036929667
Degrader_1292_minus_Stable_1362,0.036795974
Gene_OSTN,0.036780976
Degrader_12_minus_Stable_55,0.036689788
Gene_PSMD8P1,0.03657713
Degrader_1154_minus_Stable_408,0.036558628
Gene_CRISP3,0.036505025
Gene_DSG3,0.036480945
Degrader_77_minus_Stable_548,0.036467884
Degrader_676_minus_Stable_1065,0.036433075
Gene_FBXO2,0.036337506
Degrader_864_minus_Stable_1356,0.036286816
Gene_PAX5,0.036255147
Gene_RP11-138H11.1,0.03616608
Degrader_863_minus_Stable_1137,0.03615626
Gene_LINC00160,0.036095638
Degrader_379_minus_Stable_256,0.036017
Degrader_863_minus_Stable_1362,0.036001656
Gene_PIEZO2,0.035857514
Degrader_57_minus_Stable_219,0.035726793
Gene_FLJ16779,0.035666335
Gene_CHRDL2,0.03564611
Gene_IGHV3-23,0.03564519
Gene_AC013275.2,0.035611924
Gene_RP11-94C24.13,0.03561009
Degrader_1048_minus_Stable_213,0.035575792
Gene_CTD-2186M15.1,0.03551732
Gene_IGLV3-21,0.03548771
Gene_RP11-262H14.3,0.03548569
Gene_GP2,0.035465736
Degrader_1304_minus_Stable_1065,0.035460997
Degrader_828_minus_Stable_729,0.03544113
Gene_RP11-296L22.7,0.03541323
Gene_CPB1,0.035346568
Degrader_1324_minus_Stable_119,0.035335094
Degrader_999_minus_Stable_1373,0.035334937
Degrader_1304_minus_Stable_408,0.035315063
Gene_MCEMP1,0.0352819
Gene_EML6,0.03526485
Gene_TMEM63C,0.035215076
Gene_CTC-338M12.1,0.0351554
Degrader_648_minus_Stable_1475,0.035100147
Degrader_602_minus_Stable_1373,0.035099562
Gene_AP000696.2,0.035094876
Degrader_934_minus_Stable_55,0.035036173
Degrader_1097_minus_Stable_483,0.035024922
Gene_LIF,0.035023913
Gene_RP1-193H18.3,0.03502388
Gene_LINC00310,0.03491123
Degrader_444_minus_Stable_1283,0.034772452
Degrader_265_minus_Stable_814,0.034750864
Degrader_1353_minus_Stable_1475,0.034735665
Degrader_1292_minus_Stable_55,0.034722917
Gene_LCNL1,0.03471053
Gene_CALCA,0.03462963
Degrader_34_minus_Stable_1065,0.034627393
Gene_PTHLH,0.03460834
Degrader_176_minus_Stable_219,0.03459425
Gene_APOL5,0.034566592
Degrader_93_minus_Stable_1137,0.034545448
Degrader_1344_minus_Stable_27,0.03451973
Degrader_934_minus_Stable_1307,0.03448739
Degrader_434_minus_Stable_219,0.034462936
Degrader_589_minus_Stable_1262,0.03445736
Degrader_828_minus_Stable_658,0.03438475
Degrader_635_minus_Stable_1262,0.034379277
Degrader_125_minus_Stable_1137,0.034351487
Degrader_110_minus_Stable_729,0.034340505
Gene_AC009014.3,0.03415046
Degrader_1028_minus_Stable_219,0.034089915
Degrader_1097_minus_Stable_119,0.034048658
Gene_PRKY,0.03401538
Gene_SFTPA1,0.03397853
Gene_LINC00327,0.033952266
Gene_SCN2B,0.03390042
Degrader_573_minus_Stable_483,0.033899996
Gene_RP11-132A1.4,0.033854768
Degrader_379_minus_Stable_766,0.03380693
Gene_DHRS9,0.033794373
Degrader_676_minus_Stable_1362,0.033662856
Degrader_863_minus_Stable_256,0.033649456
Gene_LRRC30,0.03360456
Gene_TGM5,0.03358829
Gene_ACAN,0.033579625
Gene_TMPRSS3,0.033541717
Degrader_447_minus_Stable_1137,0.03350389
Gene_SLC22A2,0.033488758
Gene_CPXM1,0.033426452
Degrader_602_minus_Stable_658,0.03337048
Degrader_110_minus_Stable_1373,0.03335885
Degrader_325_minus_Stable_220,0.03326542
Degrader_352_minus_Stable_280,0.033177756
Degrader_1048_minus_Stable_1475,0.03315429
Degrader_648_minus_Stable_1307,0.033137403
Degrader_1132_minus_Stable_119,0.03310778
Degrader_1286_minus_Stable_256,0.03301595
Degrader_422_minus_Stable_119,0.032951362
Gene_PLA2G1B,0.032928206
Degrader_640_minus_Stable_219,0.032879543
Ratio_min,0.032852672
Degrader_1324_minus_Stable_256,0.03284821
Gene_AKR1C3,0.032844245
Degrader_855_minus_Stable_1307,0.03282222
Gene_SLC16A3,0.032720976
Degrader_605_minus_Stable_1373,0.03269686
Degrader_77_minus_Stable_359,0.0326707
Gene_ATAD2,0.03251206
Degrader_926_minus_Stable_408,0.032466717
Gene_RP11-383J24.1,0.032438934
Gene_DEFB1,0.032344926
Gene_RP11-259K5.1,0.032317862
Degrader_648_minus_Stable_766,0.03226929
Degrader_51_minus_Stable_408,0.032255277
Gene_TENM2,0.032158438
Degrader_110_minus_Stable_548,0.032157168
Gene_PRTN3,0.03211848
Gene_SPINK2,0.032080658
Gene_PDZRN4,0.03203878
Degrader_385_minus_Stable_256,0.0320348
Degrader_676_minus_Stable_1356,0.03200212
Degrader_644_minus_Stable_814,0.03198471
Degrader_12_minus_Stable_476,0.03189837
Gene_FAM53B-AS1,0.03186607
Gene_ADAMTS17,0.031857662
Degrader_265_minus_Stable_548,0.03180362
Gene_RP11-388C12.8,0.031793702
Degrader_348_minus_Stable_483,0.031769324
Degrader_110_minus_Stable_1362,0.031763494
Gene_BCO1,0.031761877
Degrader_352_minus_Stable_27,0.03174833
Degrader_15_minus_Stable_1356,0.031737056
Gene_MRAP2,0.031680305
Gene_SOHLH2,0.031658355
Gene_CCL18,0.031647597
Degrader_308_minus_Stable_359,0.03159923
Degrader_635_minus_Stable_256,0.03159639
Gene_S100A8,0.031570777
Degrader_926_minus_Stable_1262,0.03156136
Gene_LINC01954,0.031542342
Gene_CCR3,0.031389963
Gene_LGALS17A,0.031352434
Degrader_325_minus_Stable_483,0.03130873
Degrader_1028_minus_Stable_1356,0.031254366
Gene_AL022344.7,0.03120337
Degrader_858_minus_Stable_476,0.0310551
Degrader_348_minus_Stable_814,0.030968878
Degrader_1292_minus_Stable_658,0.030937102
Gene_RP11-630A13.4,0.03084476
Gene_CILP2,0.03072319
Degrader_64_minus_Stable_1137,0.030702608
Gene_MYH4,0.030634584
Degrader_1324_minus_Stable_55,0.03061429
Degrader_640_minus_Stable_1362,0.030598832
Degrader_934_minus_Stable_814,0.030568311
Degrader_403_minus_Stable_1283,0.030532809
Degrader_1454_minus_Stable_1065,0.030508785
Degrader_352_minus_Stable_1362,0.030476974
Gene_IGHG4,0.030467259
Degrader_855_minus_Stable_1356,0.0303695
Degrader_676_minus_Stable_101,0.030311285
Degrader_352_minus_Stable_814,0.030264847
Degrader_209_minus_Stable_1065,0.03021236
Degrader_1087_minus_Stable_256,0.030184282
Gene_SMG1P4,0.030157614
Degrader_308_minus_Stable_101,0.030109514
Degrader_1353_minus_Stable_658,0.030054187
Degrader_1316_minus_Stable_814,0.029980173
Gene_MYH2,0.029974166
Degrader_934_minus_Stable_1283,0.02993927
Degrader_934_minus_Stable_359,0.029936358
Gene_PVALB,0.029825553
Degrader_1154_minus_Stable_213,0.029766748
Degrader_828_minus_Stable_280,0.029757967
Gene_TGM3,0.029726455
Degrader_926_minus_Stable_256,0.02962727
Degrader_625_minus_Stable_1283,0.029601233
Gene_VTCN1,0.029588187
Degrader_456_minus_Stable_1362,0.029584007
Gene_PRSS3,0.029564098
Degrader_1097_minus_Stable_1307,0.029509053
Gene_GRIN2A,0.029499784
Gene_CDKN2A,0.02946101
Gene_RGS16,0.029411184
Gene_CAMK1G,0.029377645
Gene_RP11-60A8.1,0.029372532
Degrader_855_minus_Stable_729,0.029287241
Gene_MARCO,0.029223558
Degrader_352_minus_Stable_1262,0.02920648
Degrader_934_minus_Stable_1362,0.02914641
Gene_ABCC12,0.029145107
Gene_LRG1,0.028845206
Degrader_1454_minus_Stable_55,0.028839123
Degrader_863_minus_Stable_240,0.028817814
Degrader_434_minus_Stable_280,0.028810654
Degrader_1304_minus_Stable_55,0.028786093
Degrader_589_minus_Stable_548,0.028730007
Gene_ASCL1,0.028704979
Degrader_1316_minus_Stable_729,0.02869065
Gene_GRIA2,0.028671779
Degrader_644_minus_Stable_766,0.028633447
Degrader_999_minus_Stable_766,0.02861042
Gene_RP11-371M22.1,0.02859897
Degrader_589_minus_Stable_119,0.028583346
Gene_COL24A1,0.02856853
Degrader_663_minus_Stable_1307,0.028456593
Degrader_602_minus_Stable_220,0.028424092
Degrader_640_minus_Stable_220,0.028404543
Degrader_625_minus_Stable_1137,0.02836415
Degrader_1097_minus_Stable_213,0.028307505
Gene_GJB2,0.028278848
Gene_RP11-882G5.1,0.028229013
Gene_SLPI,0.028224282
Gene_C17orf82,0.028197594
Degrader_348_minus_Stable_119,0.028181795
Degrader_864_minus_Stable_219,0.028079653
Gene_SBK3,0.028047245
Degrader_422_minus_Stable_27,0.028041227
Gene_CALML6,0.02784053
Gene_CTD-2650P22.2,0.027823115
Gene_SPSB4,0.02778276
Degrader_1087_minus_Stable_213,0.027763773
Degrader_325_minus_Stable_1491,0.027760617
Degrader_1353_minus_Stable_814,0.027756989
Gene_FOXI2,0.027742228
Degrader_385_minus_Stable_213,0.0277259
Gene_PKHD1,0.027706508
Gene_RP11-14C10.5,0.027702285
Gene_C9orf135,0.027678717
Degrader_456_minus_Stable_240,0.027677512
Degrader_482_minus_Stable_766,0.027611967
Degrader_447_minus_Stable_1065,0.027594749
Degrader_348_minus_Stable_658,0.027563756
Degrader_385_minus_Stable_1356,0.027547164
Degrader_864_minus_Stable_1283,0.027502717
Degrader_1454_minus_Stable_27,0.02748125
Gene_RP11-59D5__B.2,0.027479354
Degrader_1316_minus_Stable_27,0.027450852
Gene_LINC00589,0.027445002
Degrader_1304_minus_Stable_1356,0.02737385
Degrader_348_minus_Stable_548,0.027362619
Degrader_546_minus_Stable_280,0.027301464
Gene_HBA1,0.027294066
Degrader_1146_minus_Stable_729,0.02726751
Gene_HDAC9,0.027227577
Gene_GDF10,0.027168225
Degrader_676_minus_Stable_1307,0.02714662
Degrader_77_minus_Stable_483,0.0271373
Gene_AC008592.8,0.027133116
Degrader_1146_minus_Stable_1362,0.027091313
Degrader_176_minus_Stable_1491,0.027070515
Degrader_385_minus_Stable_1475,0.027068688
Gene_ADAMTS19,0.027034868
Degrader_mean,0.027002463
Gene_WI2-87327B8.2,0.026965614
Degrader_422_minus_Stable_1246,0.026956538
Gene_CHAD,0.026941393
Degrader_403_minus_Stable_1362,0.026899843
Degrader_605_minus_Stable_1283,0.026892979
Degrader_858_minus_Stable_1262,0.026887547
Gene_LINC01759,0.026871268
Gene_CLDN19,0.026829453
Degrader_1316_minus_Stable_213,0.026823366
Gene_MALRD1,0.02681928
Degrader_77_minus_Stable_119,0.026797403
Degrader_64_minus_Stable_119,0.026749285
Degrader_352_minus_Stable_408,0.026747994
Gene_MAEL,0.02674045
Degrader_828_minus_Stable_1373,0.026697855
Degrader_34_minus_Stable_1356,0.02668148
Degrader_644_minus_Stable_27,0.026646946
Gene_MYH7,0.02663274
Gene_ALB,0.02660275
Gene_KRT80,0.026569458
Degrader_828_minus_Stable_1362,0.02653083
Gene_CRYBB2,0.026474886
Degrader_1353_minus_Stable_219,0.026474578
Gene_SEMA3A,0.026403576
Gene_TGM7,0.026310321
Gene_BBOX1,0.02621418
Degrader_676_minus_Stable_1475,0.026082812
Degrader_352_minus_Stable_219,0.026080595
Degrader_77_minus_Stable_1246,0.026074639
Degrader_1097_minus_Stable_814,0.026054464
Gene_KLK3,0.026013268
Degrader_422_minus_Stable_814,0.026004465
Degrader_12_minus_Stable_219,0.025992965
Gene_AC093063.2,0.025893517
Gene_CH507-9B2.1,0.02584939
Degrader_1324_minus_Stable_219,0.025826186
Degrader_589_minus_Stable_1475,0.025784906
Gene_MYOC,0.025772639
Degrader_1048_minus_Stable_27,0.025730764
Gene_PPP4R4,0.025699856
Degrader_802_minus_Stable_1307,0.025632981
Gene_OR7E12P,0.025601672
Gene_AP000688.29,0.025551882
Degrader_1154_minus_Stable_766,0.025536155
Gene_CEACAM6,0.025503716
Degrader_1097_minus_Stable_766,0.025497304
Degrader_25_minus_Stable_1475,0.025492247
Gene_RP11-145A3.1,0.02548969
Degrader_64_minus_Stable_1373,0.025439871
Degrader_57_minus_Stable_1362,0.02532435
Gene_MED12L,0.025318023
Degrader_447_minus_Stable_101,0.025193043
Degrader_265_minus_Stable_1373,0.025158329
Degrader_701_minus_Stable_476,0.02515335
Degrader_741_minus_Stable_1283,0.025140084
Gene_HLA-T,0.025121456
Gene_MCHR1,0.02508286
Gene_GCKR,0.025074076
Degrader_34_minus_Stable_766,0.02505565
Gene_PCDH8,0.025013594
Degrader_605_minus_Stable_658,0.024963306
Gene_AKR1B15,0.024950778
Gene_NHLH2,0.02492898
Gene_GDA,0.024921766
Gene_PRSS35,0.024824817
Gene_LRTM1,0.024782196
Degrader_802_minus_Stable_220,0.024776962
Degrader_1096_minus_Stable_483,0.024767546
Degrader_554_minus_Stable_1356,0.024690349
Gene_AC007182.6,0.024657732
Gene_SCGB1D2,0.02465256
Degrader_676_minus_Stable_240,0.024644101
Gene_EDN2,0.024596548
Degrader_110_minus_Stable_280,0.024570893
Gene_WDR62,0.024486031
Degrader_447_minus_Stable_658,0.024463309
Gene_SYT6,0.02435086
Degrader_1304_minus_Stable_1246,0.024309097
Gene_BRINP1,0.024283068
Degrader_456_minus_Stable_476,0.024270693
Gene_PBK,0.024141084
Degrader_741_minus_Stable_476,0.024083756
Gene_WTAPP1,0.024066363
Degrader_648_minus_Stable_119,0.024062706
Degrader_25_minus_Stable_548,0.024036502
Gene_FAM83B,0.02402795
Degrader_934_minus_Stable_766,0.024015084
Gene_RP11-259A24.1,0.02392875
Degrader_352_minus_Stable_1307,0.023893526
Gene_ANKRD18B,0.023892272
Degrader_743_minus_Stable_483,0.023874007
Degrader_701_minus_Stable_101,0.02383131
Degrader_828_minus_Stable_119,0.02381718
Gene_LINC01460,0.02379766
Degrader_12_minus_Stable_1246,0.023782589
Gene_GALNT15,0.023720346
Gene_PRSS46,0.023699487
Degrader_828_minus_Stable_483,0.02369548
Degrader_701_minus_Stable_658,0.023645181
Degrader_648_minus_Stable_548,0.023635503
Degrader_546_minus_Stable_1475,0.023589443
Gene_WASF4P,0.023526309
Gene_SPRR3,0.02349733
Degrader_1292_minus_Stable_119,0.023414554
Gene_RP11-284F21.8,0.023390952
Degrader_51_minus_Stable_729,0.023364406
Degrader_51_minus_Stable_359,0.023317056
Degrader_605_minus_Stable_1491,0.023268543
Degrader_325_minus_Stable_1307,0.023229303
Degrader_1353_minus_Stable_359,0.023228442
Degrader_663_minus_Stable_1362,0.02316106
Gene_KRT32,0.02313483
Gene_DLK1,0.02308375
Gene_KPRP,0.02306328
Gene_INHBE,0.0229708
Degrader_1239_minus_Stable_27,0.022962295
Degrader_51_minus_Stable_483,0.022960115
Degrader_34_minus_Stable_548,0.022860894
Degrader_379_minus_Stable_483,0.022792825
Degrader_743_minus_Stable_213,0.022749962
Gene_BDNF,0.022677168
Gene_CTD-2108O9.4,0.022632273
Degrader_93_minus_Stable_27,0.022624211
Degrader_864_minus_Stable_359,0.022587458
Degrader_1454_minus_Stable_408,0.02255459
Degrader_1146_minus_Stable_240,0.02252901
Gene_TWIST1,0.022515189
Degrader_1096_minus_Stable_256,0.022509618
Degrader_828_minus_Stable_220,0.022464585
Degrader_447_minus_Stable_1356,0.022462893
Gene_MT1JP,0.022434315
Degrader_635_minus_Stable_101,0.022405941
Degrader_34_minus_Stable_408,0.022401063
Degrader_308_minus_Stable_766,0.02238332
Degrader_308_minus_Stable_1246,0.022330195
Degrader_926_minus_Stable_814,0.022329144
Degrader_1146_minus_Stable_658,0.022305023
Gene_ASNSP1,0.022275195
Degrader_434_minus_Stable_1137,0.022166416
Gene_ZDHHC22,0.02210917
Degrader_209_minus_Stable_1246,0.02210706
Gene_SLC24A2,0.022044398
Gene_VWA5B1,0.02186708
Degrader_447_minus_Stable_1373,0.021860132
Degrader_1316_minus_Stable_483,0.021793963
Degrader_640_minus_Stable_55,0.021777563
Degrader_51_minus_Stable_256,0.021749858
Gene_PDE4DIPP1,0.021734918
Gene_DLGAP1-AS2,0.02170151
Gene_LINC01088,0.021677922
Degrader_1132_minus_Stable_1373,0.021656616
Degrader_802_minus_Stable_1262,0.021612758
Gene_KRT7-AS,0.02152709
Degrader_605_minus_Stable_729,0.021466956
Degrader_77_minus_Stable_280,0.021425623
Degrader_422_minus_Stable_1137,0.021414526
Gene_RALYL,0.02141446
Degrader_34_minus_Stable_213,0.021358099
Degrader_25_minus_Stable_1356,0.021356722
Degrader_1286_minus_Stable_1362,0.021322124
Gene_NPY6R,0.021240748
Gene_SLC26A9,0.021218628
Degrader_701_minus_Stable_1246,0.021200126
Degrader_546_minus_Stable_1262,0.021166058
Gene_SERPINA3,0.021153465
Degrader_289_minus_Stable_1491,0.021149743
Degrader_422_minus_Stable_1262,0.021138566
Degrader_15_minus_Stable_408,0.021087224
Degrader_741_minus_Stable_101,0.020982772
Degrader_828_minus_Stable_548,0.020979369
Degrader_663_minus_Stable_220,0.020964298
Degrader_1146_minus_Stable_280,0.020963337
Degrader_444_minus_Stable_476,0.020931667
Degrader_64_minus_Stable_256,0.020926055
Degrader_379_minus_Stable_729,0.020906858
Degrader_1088_minus_Stable_219,0.020873653
Gene_RPSAP44,0.02084882
Degrader_1418_minus_Stable_1283,0.020819357
Degrader_1097_minus_Stable_1283,0.020779738
Degrader_589_minus_Stable_27,0.020768663
Degrader_546_minus_Stable_1491,0.020735417
Degrader_1416_minus_Stable_359,0.0207093
Gene_CYP2J2,0.020688761
Degrader_1286_minus_Stable_1356,0.020678695
Gene_IL21R,0.020670008
Gene_PCAT14,0.020635298
Gene_CRCT1,0.020621995
Degrader_482_minus_Stable_1283,0.020586666
Degrader_1132_minus_Stable_1065,0.020521922
Gene_DDX10P1,0.020495227
Degrader_589_minus_Stable_1283,0.020489652
Gene_SOSTDC1,0.02047649
Gene_FOSL1,0.020447986
Degrader_482_minus_Stable_814,0.020447804
Degrader_546_minus_Stable_1307,0.020429127
Gene_NCMAP,0.020315913
Gene_SSTR5-AS1,0.020310499
Degrader_352_minus_Stable_55,0.02028014
Gene_CD177,0.020244522
Gene_LINC00704,0.020218033
Degrader_1088_minus_Stable_814,0.020217424
Degrader_15_minus_Stable_220,0.020120116
Degrader_110_minus_Stable_483,0.020068653
Degrader_554_minus_Stable_408,0.020064153
Gene_RP11-546J1.1,0.020045035
Gene_PROK1,0.020034648
Degrader_379_minus_Stable_548,0.019961543
Degrader_403_minus_Stable_658,0.019878883
Degrader_1316_minus_Stable_256,0.0198693
Degrader_352_minus_Stable_766,0.01986892
Gene_KLF1,0.019852987
Degrader_456_minus_Stable_1307,0.019843278
Degrader_77_minus_Stable_814,0.019839672
Gene_C14orf180,0.019839434
Degrader_1239_minus_Stable_1137,0.019819552
Gene_RP11-366L20.2,0.019770533
Degrader_1048_minus_Stable_119,0.01976862
Gene_RP11-655C2.3,0.019722566
Degrader_855_minus_Stable_1262,0.019702047
Degrader_77_minus_Stable_658,0.01968758
Gene_LINC00311,0.019669283
Gene_RP11-1299A16.3,0.019664012
Degrader_640_minus_Stable_408,0.019651601
Gene_PRUNE2,0.0196364
Degrader_34_minus_Stable_483,0.019628981
Degrader_1088_minus_Stable_213,0.019623635
Degrader_12_minus_Stable_1491,0.019606821
Degrader_863_minus_Stable_55,0.01957704
Degrader_482_minus_Stable_408,0.019561362
Degrader_999_minus_Stable_1307,0.019526502
Degrader_926_minus_Stable_119,0.019423066
Degrader_863_minus_Stable_1283,0.019363528
Degrader_209_minus_Stable_119,0.01934912
Degrader_1087_minus_Stable_658,0.01934522
Gene_U2AF1L5,0.0193253
Degrader_209_minus_Stable_359,0.0193174
Gene_RP11-276H19.2,0.019315895
Gene_BRINP3,0.019309426
Degrader_110_minus_Stable_1307,0.019287521
Degrader_1028_minus_Stable_1262,0.01927086
Degrader_1028_minus_Stable_814,0.019255202
Gene_NRG2,0.019172307
Gene_RP11-298I3.6,0.01915989
Gene_RNASE2,0.019122152
Gene_KRT17P4,0.019041458
Degrader_1344_minus_Stable_1373,0.019028636
Degrader_1087_minus_Stable_1262,0.019010184
Gene_ADGRF4,0.01897273
Gene_TDO2,0.018962417
Degrader_554_minus_Stable_483,0.018958341
Degrader_403_minus_Stable_1373,0.01893623
Degrader_625_minus_Stable_729,0.01882584
Gene_RP11-469N6.1,0.018809937
Degrader_855_minus_Stable_1137,0.018801913
Degrader_385_minus_Stable_280,0.018772077
Gene_RP11-864N7.4,0.018771565
Gene_HS3ST5,0.018742196
Degrader_456_minus_Stable_1137,0.018733643
Gene_EMILIN3,0.018714916
Degrader_1154_minus_Stable_658,0.01868106
Gene_CRP,0.018654086
Gene_LUM,0.018573387
Gene_TAC1,0.018567048
Gene_C1orf158,0.01856131
Degrader_855_minus_Stable_256,0.018525597
Gene_LINC01124,0.018485611
Degrader_967_minus_Stable_1262,0.018460097
Gene_ANGPTL8,0.018334722
Gene_RP11-707O23.1,0.018323347
Gene_RP11-403A3.1,0.018237894
Degrader_12_minus_Stable_119,0.018215315
Degrader_602_minus_Stable_1262,0.018208582
Gene_ASB14,0.018200126
Degrader_1292_minus_Stable_1491,0.018090341
Gene_AMBP,0.018054483
Gene_RUNX1,0.018010799
Degrader_648_minus_Stable_476,0.017994404
Degrader_640_minus_Stable_1491,0.017981784
Gene_RIMS1,0.017966308
Gene_RP11-314B1.2,0.017934157
Gene_SLC30A2,0.017929971
Degrader_209_minus_Stable_1283,0.017882433
Degrader_625_minus_Stable_766,0.01785386
Degrader_444_minus_Stable_27,0.017800516
Degrader_858_minus_Stable_220,0.017796496
Gene_PRL,0.017786978
Degrader_15_minus_Stable_219,0.017773936
Degrader_57_minus_Stable_729,0.01776275
Gene_ADGRA1,0.017756037
Degrader_1292_minus_Stable_1246,0.017670203
Degrader_1132_minus_Stable_240,0.017659403
Gene_RP13-467H17.1,0.01762238
Degrader_422_minus_Stable_101,0.017589418
Degrader_77_minus_Stable_1362,0.017587837
Gene_PGA5,0.017504863
Degrader_648_minus_Stable_359,0.017491562
Degrader_176_minus_Stable_213,0.017488413
Degrader_25_minus_Stable_1262,0.017458817
Degrader_981_minus_Stable_1373,0.017457362
Degrader_110_minus_Stable_240,0.0173904
Gene_RP3-393E18.3,0.017377438
Gene_HES6,0.017374309
Degrader_385_minus_Stable_1307,0.01733391
Degrader_1132_minus_Stable_766,0.01733048
Gene_RP11-414C23.1,0.017319845
Gene_CELA3A,0.01729938
Degrader_348_minus_Stable_729,0.017241081
Gene_RP1-302G2.5,0.01723708
Gene_LOR,0.017216075
Gene_GRIK1-AS1,0.01721564
Gene_FRZB,0.017210526
Gene_RP11-507B12.1,0.017206974
Degrader_1028_minus_Stable_408,0.017195903
Degrader_1097_minus_Stable_548,0.017167866
Degrader_967_minus_Stable_1491,0.01714382
Degrader_482_minus_Stable_27,0.017128214
Gene_XDH,0.017123096
Degrader_1146_minus_Stable_1065,0.01711031
Gene_IMPDH1P6,0.017096689
Degrader_110_minus_Stable_213,0.01708175
Degrader_444_minus_Stable_55,0.017059911
Degrader_663_minus_Stable_219,0.01705274
Degrader_648_minus_Stable_1283,0.016974632
Degrader_1344_minus_Stable_729,0.01689293
Gene_TMEM119,0.01684748
Gene_FABP2,0.016765602
Degrader_802_minus_Stable_408,0.016717868
Degrader_1048_minus_Stable_280,0.016664922
Degrader_1316_minus_Stable_658,0.016617842
Gene_RP11-401P9.5,0.016525716
Gene_RP11-208G20.3,0.016479421
Gene_SMCO1,0.016477615
Degrader_663_minus_Stable_1356,0.016475026
Gene_RP11-62C7.2,0.016421093
Gene_CNTFR-AS1,0.016410321
Degrader_325_minus_Stable_766,0.016392337
Degrader_855_minus_Stable_213,0.01635936
Degrader_640_minus_Stable_359,0.016292676
Degrader_385_minus_Stable_814,0.016283872
Degrader_1286_minus_Stable_483,0.016198982
Degrader_482_minus_Stable_119,0.01616493
Gene_UGT3A1,0.016138582
Degrader_1146_minus_Stable_213,0.016131753
Gene_SVOP,0.01610845
Degrader_176_minus_Stable_766,0.016106598
Degrader_51_minus_Stable_220,0.01607768
Degrader_125_minus_Stable_729,0.016044524
Degrader_589_minus_Stable_280,0.0160445
Gene_ERRFI1,0.016038133
Degrader_1132_minus_Stable_220,0.015962258
Degrader_967_minus_Stable_1373,0.015948333
Degrader_546_minus_Stable_1065,0.015911682
Degrader_352_minus_Stable_359,0.015880723
Gene_EFCAB7,0.015865926
Degrader_1088_minus_Stable_483,0.01580971
Gene_ADAMTSL2,0.015806211
Gene_MYO16,0.015794817
Degrader_1353_minus_Stable_1356,0.015786514
Degrader_308_minus_Stable_280,0.015777117
Gene_KB-1836B5.1,0.015717406
Degrader_1239_minus_Stable_1065,0.015708
Gene_C10orf71-AS1,0.01569041
Gene_LSMEM1,0.015624165
Gene_GBP6,0.015614878
Gene_MOBP,0.01561055
Degrader_741_minus_Stable_729,0.015464987
Degrader_1292_minus_Stable_280,0.015452689
Degrader_289_minus_Stable_1283,0.015452072
Degrader_456_minus_Stable_1491,0.01536845
Gene_MCOLN2,0.015328767
Gene_DHRS7C,0.015274758
Degrader_625_minus_Stable_213,0.015266255
Degrader_676_minus_Stable_1246,0.015253386
Degrader_1088_minus_Stable_1283,0.015173522
Degrader_209_minus_Stable_476,0.015137251
Degrader_605_minus_Stable_220,0.015135583
Degrader_12_minus_Stable_1262,0.015109885
Degrader_176_minus_Stable_1307,0.015094526
Degrader_57_minus_Stable_27,0.015049017
Gene_TREM2,0.015016745
Degrader_1239_minus_Stable_1283,0.014931159
Degrader_1418_minus_Stable_219,0.0149260685
Degrader_741_minus_Stable_359,0.014924253
Degrader_482_minus_Stable_1065,0.014917871
Degrader_1096_minus_Stable_1262,0.014882127
Degrader_1418_minus_Stable_814,0.014877027
Gene_LINC01479,0.014861917
Degrader_644_minus_Stable_280,0.01482673
Degrader_625_minus_Stable_220,0.014805097
Degrader_1353_minus_Stable_1283,0.014721464
Gene_RP4-737E23.5,0.014687545
Gene_ITGB6,0.014584122
Gene_AC131097.4,0.01458378
Degrader_12_minus_Stable_1137,0.014544316
Gene_OTUD1,0.014539761
Degrader_125_minus_Stable_1362,0.01450237
Degrader_1154_minus_Stable_1065,0.014474812
Degrader_1088_minus_Stable_1307,0.014416103
Degrader_644_minus_Stable_213,0.01431139
Degrader_385_minus_Stable_1491,0.014278611
Degrader_34_minus_Stable_220,0.014250852
Gene_DEFA4,0.014220689
Degrader_1344_minus_Stable_101,0.014179506
Degrader_57_minus_Stable_658,0.014176737
Degrader_176_minus_Stable_1362,0.0140171815
Autolysis,0.014014132
Gene_CTC-297N7.7,0.014009011
Degrader_289_minus_Stable_729,0.013964465
Degrader_64_minus_Stable_27,0.013920875
Degrader_1028_minus_Stable_256,0.013919753
Degrader_434_minus_Stable_1307,0.013918239
Degrader_602_minus_Stable_1283,0.013911263
Degrader_1316_minus_Stable_548,0.013857487
Degrader_1292_minus_Stable_483,0.013815601
Degrader_858_minus_Stable_408,0.013814384
Gene_FSIP1,0.013787231
Gene_RP11-184M15.1,0.013763223
Degrader_1048_minus_Stable_359,0.013762404
Degrader_640_minus_Stable_766,0.013718145
Degrader_434_minus_Stable_359,0.013708979
Degrader_1316_minus_Stable_1356,0.013679208
Gene_HPR,0.013628949
Gene_SSTR5,0.013583005
Degrader_1292_minus_Stable_476,0.0135316355
Gene_RP11-64C12.6,0.013530319
Gene_IGKV3-15,0.013515679
Gene_MYH6,0.013504034
Degrader_93_minus_Stable_814,0.0134956855
Gene_RHCG,0.013479632
Gene_CASP14,0.013348864
Gene_CCDC160,0.013334052
Gene_RP11-132E11.2,0.013321798
Degrader_741_minus_Stable_220,0.0133064855
Degrader_1292_minus_Stable_1137,0.013268593
Gene_COX6CP16,0.013265731
Gene_IGHV3-7,0.01320948
Degrader_589_minus_Stable_476,0.013188638
Degrader_1087_minus_Stable_101,0.013186026
Degrader_663_minus_Stable_359,0.013156577
Degrader_648_minus_Stable_280,0.013155395
Degrader_352_minus_Stable_220,0.013110262
Degrader_663_minus_Stable_1283,0.013071146
Degrader_676_minus_Stable_359,0.013023948
Degrader_1087_minus_Stable_219,0.013021364
Degrader_64_minus_Stable_1307,0.012971084
Degrader_403_minus_Stable_766,0.012911761
Gene_RP11-357D18.1,0.012844828
Gene_IGSF1,0.012812783
Degrader_855_minus_Stable_483,0.012811673
Degrader_352_minus_Stable_1065,0.012761007
Degrader_741_minus_Stable_119,0.012742776
Degrader_864_minus_Stable_814,0.01272571
Degrader_602_minus_Stable_814,0.012656838
Gene_SFRP4,0.012604712
Degrader_1304_minus_Stable_658,0.012594186
Gene_DNAH3,0.012542447
Degrader_802_minus_Stable_729,0.012532197
Gene_RNF165,0.012529471
Degrader_51_minus_Stable_219,0.012472618
Degrader_348_minus_Stable_220,0.012416689
Degrader_855_minus_Stable_1362,0.012381941
Degrader_573_minus_Stable_240,0.012335091
Gene_TMEM26,0.012327279
Degrader_352_minus_Stable_476,0.012317424
Gene_ASB18,0.012231806
Degrader_676_minus_Stable_55,0.012208674
Degrader_64_minus_Stable_814,0.012195703
Degrader_743_minus_Stable_27,0.012183116
Degrader_701_minus_Stable_1491,0.012136471
Degrader_482_minus_Stable_1307,0.012114105
Gene_RP5-1017F8.2,0.012040947
Degrader_25_minus_Stable_220,0.01204049
Gene_MMP8,0.011985059
Gene_CCL23,0.011981353
Degrader_265_minus_Stable_55,0.011900462
Gene_TRBV24-1,0.0118823815
Degrader_289_minus_Stable_1356,0.0118335895
Degrader_482_minus_Stable_213,0.011815157
Gene_RN7SKP276,0.011805465
Degrader_1088_minus_Stable_1356,0.011800208
Gene_RP11-700N1.1,0.011773658
Degrader_1286_minus_Stable_814,0.011773113
Degrader_926_minus_Stable_1283,0.011755258
Gene_NPPC,0.011748914
Degrader_1418_minus_Stable_256,0.01167947
Degrader_434_minus_Stable_548,0.011672175
Gene_RP11-87E22.2,0.011631894
Degrader_1239_minus_Stable_55,0.011627228
Degrader_64_minus_Stable_55,0.011610068
Degrader_1154_minus_Stable_1246,0.011603743
Degrader_648_minus_Stable_1373,0.01158197
Gene_TGFB2,0.011531723
Degrader_352_minus_Stable_213,0.011515641
Gene_WSCD2,0.011499628
Degrader_1132_minus_Stable_1283,0.011441756
Gene_PDZK1IP1,0.011411743
Degrader_1324_minus_Stable_280,0.011403649
Degrader_828_minus_Stable_219,0.011385113
Degrader_999_minus_Stable_55,0.011381564
Degrader_110_minus_Stable_1491,0.011363863
Degrader_64_minus_Stable_1475,0.01123795
Degrader_456_minus_Stable_658,0.0112365745
Degrader_926_minus_Stable_1475,0.011230136
Gene_S100A12,0.011223816
Gene_LINC02012,0.011218877
Degrader_51_minus_Stable_1262,0.01120613
Degrader_1154_minus_Stable_1356,0.011117418
Degrader_602_minus_Stable_1065,0.011021103
Gene_FAM180B,0.010994154
Degrader_663_minus_Stable_1373,0.010895177
Gene_FGG,0.0108872345
Degrader_12_minus_Stable_359,0.010848325
Degrader_1096_minus_Stable_814,0.010841019
Gene_STAR,0.01080393
Degrader_403_minus_Stable_483,0.010797988
Gene_AC008592.5,0.010770529
Gene_GFRA3,0.010762311
Degrader_635_minus_Stable_1373,0.010722622
Degrader_1048_minus_Stable_101,0.010717416
Gene_C10orf62,0.010691575
Degrader_1316_minus_Stable_359,0.010625114
Degrader_15_minus_Stable_814,0.010546708
Gene_MROH7,0.010491432
Degrader_1454_minus_Stable_119,0.010488695
Gene_TSPAN11,0.010447265
Degrader_1286_minus_Stable_220,0.010372711
Gene_MYL2,0.010372
Gene_SH2D1B,0.0103453705
Degrader_176_minus_Stable_548,0.010339832
Gene_CYS1,0.010331534
Degrader_447_minus_Stable_280,0.010218089
Degrader_265_minus_Stable_408,0.010209841
Degrader_1088_minus_Stable_256,0.010100414
Degrader_605_minus_Stable_1262,0.010095181
Gene_AF067845.1,0.010094568
Degrader_858_minus_Stable_1491,0.010094398
Degrader_51_minus_Stable_1491,0.010061947
Degrader_209_minus_Stable_240,0.00998374
Gene_SBK2,0.009972321
Degrader_325_minus_Stable_1362,0.009962377
Degrader_1154_minus_Stable_1307,0.009938622
Gene_SAA3P,0.0098973755
Degrader_308_minus_Stable_483,0.009814533
Gene_LINC01134,0.009812788
Gene_RP11-208N14.5,0.009751781
Degrader_422_minus_Stable_219,0.009747704
Degrader_741_minus_Stable_658,0.009704242
Gene_TTLL6,0.009690927
Degrader_51_minus_Stable_814,0.009679544
Degrader_1028_minus_Stable_1307,0.0096537685
Gene_ELAVL2,0.009641312
Gene_FAM57B,0.009629281
Degrader_1324_minus_Stable_729,0.009616342
Degrader_981_minus_Stable_219,0.009454008
Degrader_1087_minus_Stable_1362,0.009443922
Degrader_385_minus_Stable_766,0.009397033
Degrader_403_minus_Stable_27,0.009345099
Degrader_635_minus_Stable_1307,0.009314845
Degrader_1454_minus_Stable_359,0.009286145
Gene_SLC25A33,0.009276908
Gene_KERA,0.009269771
Degrader_125_minus_Stable_1065,0.00926647
Degrader_12_minus_Stable_240,0.0092225885
Degrader_456_minus_Stable_55,0.009209611
Degrader_1154_minus_Stable_27,0.009208656
Gene_ONECUT2,0.009202287
Degrader_176_minus_Stable_280,0.0091376435
Degrader_64_minus_Stable_548,0.009121143
Degrader_176_minus_Stable_483,0.009037704
Gene_CTD-3247F14.2,0.009017063
Gene_EI24P2,0.009010338
Degrader_289_minus_Stable_220,0.009001744
Gene_UNQ6494,0.008996441
Gene_PRR33,0.008930382
Degrader_1286_minus_Stable_408,0.008905182
Degrader_648_minus_Stable_256,0.0089009795
Degrader_863_minus_Stable_1307,0.0088700345
Gene_RASSF6,0.008852564
Gene_ITGA10,0.008794926
Degrader_379_minus_Stable_476,0.008787332
Degrader_1286_minus_Stable_280,0.008774895
Gene_CRTAM,0.008764372
Gene_C1orf61,0.008761742
Gene_LCN6,0.008739881
Degrader_999_minus_Stable_219,0.008734187
Degrader_12_minus_Stable_1065,0.008626224
Degrader_1087_minus_Stable_408,0.008619612
Degrader_308_minus_Stable_408,0.008598502
Gene_AC105053.3,0.008511485
Degrader_289_minus_Stable_119,0.008507821
Gene_YIPF7,0.008498248
Degrader_1097_minus_Stable_1475,0.008474212
Degrader_34_minus_Stable_729,0.008447343
Gene_RP11-624L4.1,0.008433752
Gene_KRT6C,0.008424183
Degrader_379_minus_Stable_1491,0.008385314
Degrader_444_minus_Stable_766,0.008374562
Gene_PROK2,0.008371229
Degrader_77_minus_Stable_213,0.0083383825
Degrader_289_minus_Stable_766,0.008311207
Degrader_589_minus_Stable_483,0.008306274
Degrader_605_minus_Stable_119,0.00828333
Degrader_25_minus_Stable_729,0.008249974
Gene_SYCN,0.00821982
Degrader_999_minus_Stable_408,0.008160215
Gene_C19orf81,0.008138682
Degrader_676_minus_Stable_548,0.008105122
Degrader_444_minus_Stable_220,0.008065848
Degrader_1353_minus_Stable_1137,0.008033161
Gene_CA14,0.008019228
Degrader_701_minus_Stable_55,0.008014356
Degrader_855_minus_Stable_476,0.007980901
Degrader_64_minus_Stable_219,0.007977455
Degrader_802_minus_Stable_256,0.007976103
Degrader_1146_minus_Stable_1137,0.007954587
Degrader_640_minus_Stable_1373,0.007930867
Gene_HOXD13,0.007923376
Gene_SPRED3,0.007888829
Degrader_934_minus_Stable_1491,0.007861284
Gene_NRK,0.007859764
Gene_LMO1,0.007836991
Degrader_1239_minus_Stable_220,0.007827604
Degrader_743_minus_Stable_220,0.0077223047
Degrader_385_minus_Stable_1137,0.0077064256
Gene_DDX11L2,0.007701828
Gene_AC122136.2,0.0076815514
Degrader_176_minus_Stable_729,0.0076524005
Gene_PTGS2,0.007613519
Gene_TTC4P1,0.0075382167
Degrader_447_minus_Stable_1491,0.007511347
Degrader_265_minus_Stable_220,0.0075009577
Degrader_325_minus_Stable_408,0.0074516847
Degrader_1028_minus_Stable_1137,0.007433135
Degrader_802_minus_Stable_1283,0.0073809223
Degrader_546_minus_Stable_27,0.0073706764
Degrader_863_minus_Stable_483,0.007364954
Degrader_265_minus_Stable_213,0.007345532
Degrader_602_minus_Stable_476,0.007342597
Degrader_1096_minus_Stable_280,0.0073388587
Degrader_1146_minus_Stable_256,0.007312938
Degrader_743_minus_Stable_1373,0.007262238
Gene_SLC35F3,0.0072585475
Degrader_308_minus_Stable_1362,0.0071992725
Degrader_348_minus_Stable_55,0.007185593
Degrader_1096_minus_Stable_240,0.0071198596
Degrader_57_minus_Stable_1356,0.0071184635
Gene_IGLV2-11,0.0071061957
Gene_RP11-78A19.4,0.0070244144
Gene_RP5-1007H16.1,0.0070179617
Degrader_77_minus_Stable_1491,0.007013606
Gene_EEF1DP3,0.007003153
Degrader_403_minus_Stable_359,0.00698955
Gene_HDC,0.006982172
Gene_IGKJ1,0.0068353596
Degrader_444_minus_Stable_729,0.0068317167
Degrader_1154_minus_Stable_256,0.006803829
Gene_CLPS,0.0067913076
Gene_AC106869.2,0.006783988
Gene_RIMBP2,0.006768544
Gene_RP11-114G11.5,0.006755827
Gene_DGKB,0.0067450483
Gene_RP11-481H12.1,0.0067203348
Gene_HPCA,0.0067102397
Degrader_546_minus_Stable_256,0.006546682
Degrader_1239_minus_Stable_256,0.0065291785
Gene_ECEL1,0.006524291
Gene_REG1A,0.0064705615
Degrader_385_minus_Stable_1065,0.006458384
Degrader_554_minus_Stable_1137,0.006449403
Degrader_289_minus_Stable_101,0.006421273
Degrader_999_minus_Stable_1262,0.0063672736
Gene_CLCA4,0.006324464
Gene_IGKV4-1,0.006321316
Degrader_644_minus_Stable_220,0.006293988
Degrader_34_minus_Stable_658,0.006279349
Gene_RP11-598D12.4,0.0062653995
Gene_ARMC12,0.006248216
Degrader_1097_minus_Stable_1491,0.006208121
Degrader_1088_minus_Stable_119,0.006203464
Degrader_447_minus_Stable_220,0.006179185
Degrader_1416_minus_Stable_658,0.0061491053
Degrader_1454_minus_Stable_1307,0.006120058
Degrader_967_minus_Stable_729,0.006085778
Gene_LINC01230,0.006039426
Gene_AOX1,0.006005447
Degrader_1048_minus_Stable_220,0.005986408
Gene_MIR503HG,0.0059773326
Gene_RP11-439E19.7,0.0059622787
Degrader_325_minus_Stable_27,0.005915255
Gene_RP3-510O8.4,0.005900398
Degrader_1344_minus_Stable_408,0.005834029
Gene_AC061992.2,0.0058316872
Degrader_15_minus_Stable_729,0.005797483
Gene_CLVS1,0.0057393173
Gene_LAMA1,0.005733731
Degrader_422_minus_Stable_1491,0.005731559
Degrader_1088_minus_Stable_55,0.0057148924
Degrader_444_minus_Stable_1307,0.005650902
Gene_KHDRBS2,0.0056335214
Degrader_863_minus_Stable_814,0.0056329845
Degrader_93_minus_Stable_101,0.0055780215
Degrader_1088_minus_Stable_220,0.005521906
Degrader_1316_minus_Stable_1362,0.0055107735
Degrader_51_minus_Stable_658,0.0054825563
Degrader_64_minus_Stable_766,0.0054540033
Degrader_640_minus_Stable_476,0.0054510785
Degrader_648_minus_Stable_1065,0.00545007
Degrader_379_minus_Stable_213,0.005446995
Degrader_981_minus_Stable_101,0.0054134503
Degrader_663_minus_Stable_1065,0.005409843
Gene_C9orf106,0.005385514
Gene_ESM1,0.005373346
Degrader_663_minus_Stable_240,0.0053203222
Degrader_743_minus_Stable_280,0.0053160833
Gene_TNK2-AS1,0.005306848
Degrader_1154_minus_Stable_1283,0.0053039333
Degrader_676_minus_Stable_1262,0.00525262
Degrader_51_minus_Stable_27,0.005210173
Degrader_57_minus_Stable_1283,0.0052085463
Degrader_57_minus_Stable_408,0.005198269
Gene_F2RL3,0.0051280507
Gene_SYCE1,0.005110004
Degrader_348_minus_Stable_280,0.0050978777
Degrader_348_minus_Stable_27,0.005076867
Gene_TMC1,0.0050719557
Degrader_434_minus_Stable_213,0.0050710994
Degrader_209_minus_Stable_1262,0.0050362046
Degrader_701_minus_Stable_119,0.00503311
Gene_CCL13,0.0050093355
Degrader_1286_minus_Stable_240,0.005001806
Degrader_1353_minus_Stable_220,0.0049976837
Gene_RP11-83M16.4,0.0049388288
Degrader_934_minus_Stable_476,0.0048734816
Degrader_1304_minus_Stable_1137,0.004843356
Gene_TMIGD3,0.0048339013
Gene_RP11-71N10.1,0.0048084115
Gene_SULT1C2,0.0047722724
Degrader_34_minus_Stable_476,0.004746017
Gene_ALAS2,0.004684696
Gene_BEND3P1,0.0046746377
Degrader_1028_minus_Stable_1362,0.0046685054
Degrader_325_minus_Stable_658,0.004637869
Degrader_34_minus_Stable_359,0.0045542894
Gene_ETV4,0.004553987
Degrader_25_minus_Stable_240,0.0045480966
Degrader_1028_minus_Stable_766,0.0045129135
Degrader_1028_minus_Stable_476,0.0044885427
Degrader_209_minus_Stable_1362,0.0044867136
Gene_LINP1,0.00448559
Gene_MT2A,0.0044840113
Gene_IFIT1,0.0044681565
Degrader_858_minus_Stable_483,0.0044597704
Degrader_422_minus_Stable_1362,0.0043476718
Degrader_1316_minus_Stable_119,0.0043366826
Degrader_676_minus_Stable_814,0.0043175397
Gene_LINC01018,0.004308305
Gene_LAD1,0.004273461
Gene_GADD45A,0.0042562587
Degrader_385_minus_Stable_1362,0.004222438
Degrader_482_minus_Stable_219,0.004158546
Gene_IL25,0.0041405745
Gene_CHST1,0.0041294997
Degrader_741_minus_Stable_256,0.004099716
Degrader_573_minus_Stable_119,0.004087213
Gene_TRBV25-1,0.004010069
Gene_PRODH,0.0039472007
Degrader_625_minus_Stable_55,0.0039241933
Degrader_110_minus_Stable_27,0.0039185244
Degrader_379_minus_Stable_27,0.0039036565
Degrader_444_minus_Stable_1491,0.0037968678
Degrader_554_minus_Stable_1246,0.003744814
Gene_LINC02160,0.0037437263
Degrader_802_minus_Stable_219,0.0037363046
Degrader_308_minus_Stable_240,0.003705023
Gene_OPCML,0.0036603382
Gene_KLHL31,0.0036136839
Degrader_1132_minus_Stable_219,0.003608557
Gene_LINC00941,0.0035907929
Degrader_482_minus_Stable_1491,0.003572201
Degrader_385_minus_Stable_219,0.0035483188
Gene_RP11-4B16.3,0.003541838
Degrader_1146_minus_Stable_359,0.0035004183
Gene_LRRC15,0.0034991158
Degrader_701_minus_Stable_1262,0.0034768267
Gene_BEND2,0.0034156581
Gene_AQP4-AS1,0.0033361563
Degrader_209_minus_Stable_766,0.0033327676
Gene_CTD-3074O7.2,0.0033173172
Gene_PGA3,0.0033162269
Degrader_434_minus_Stable_1373,0.0032861277
Degrader_110_minus_Stable_408,0.0032750585
Degrader_403_minus_Stable_240,0.0032314188
Degrader_573_minus_Stable_1356,0.003174561
Gene_KRT8P11,0.0031474615
Gene_HMGB3,0.003138393
Gene_MIR1-1HG,0.003131
Gene_RP11-384O8.1,0.00312788
Degrader_447_minus_Stable_1362,0.0031139867
Gene_APOC3,0.0030852691
Degrader_802_minus_Stable_483,0.00293302
Gene_RP3-393E18.2,0.0028420198
Degrader_1418_minus_Stable_1362,0.0027743818
Gene_FA2H,0.0027538743
Degrader_605_minus_Stable_1475,0.002642121
Gene_CTB-109A12.1,0.0025600437
Degrader_348_minus_Stable_1246,0.0025317646
Gene_GLULP4,0.0024862364
Degrader_1097_minus_Stable_256,0.0024536415
Degrader_348_minus_Stable_219,0.0024194007
Degrader_625_minus_Stable_219,0.0022945295
Gene_GXYLT2,0.002238025
Gene_SEMA3D,0.0021749462
Degrader_1088_minus_Stable_1491,0.0021318472
Gene_FOXJ1,0.0020905307
Degrader_1146_minus_Stable_1283,0.0020509392
Gene_RPTN,0.0019129724
Degrader_967_minus_Stable_483,0.0018967973
Gene_PNLIPRP2,0.0018865374
Degrader_828_minus_Stable_1491,0.0018406236
Gene_ACSL4,0.0018149794
Degrader_403_minus_Stable_476,0.0017788892
Degrader_1454_minus_Stable_1491,0.0015414834
Gene_CPA2,0.0014675084
Degrader_635_minus_Stable_27,0.0014394902
Gene_RP11-542B15.1,0.0014382224
Gene_ORM2,0.0013743299
Gene_KRT2,0.0013299106
Gene_BLM,0.0006032784
Degrader_1304_minus_Stable_256,0.0
Degrader_1304_minus_Stable_27,0.0
Degrader_1304_minus_Stable_219,0.0
Degrader_1304_minus_Stable_220,0.0
Degrader_385_minus_Stable_119,0.0
Ratio_mean,0.0
Degrader_644_minus_Stable_1356,0.0
Degrader_644_minus_Stable_483,0.0
Degrader_434_minus_Stable_1283,0.0
Degrader_176_minus_Stable_101,0.0
Degrader_176_minus_Stable_220,0.0
Degrader_176_minus_Stable_658,0.0
Degrader_176_minus_Stable_476,0.0
Gene_GOLT1A,0.0
Gene_SLC17A9,0.0
Gene_THBS1,0.0
Gene_RP11-96L14.9,0.0
Degrader_1154_minus_Stable_119,0.0
Degrader_1154_minus_Stable_101,0.0
Degrader_1154_minus_Stable_240,0.0
Degrader_858_minus_Stable_1283,0.0
Degrader_858_minus_Stable_814,0.0
Gene_MAG,0.0
Gene_LANCL1-AS1,0.0
Gene_KRT18P17,0.0
Degrader_858_minus_Stable_548,0.0
Degrader_858_minus_Stable_1373,0.0
Degrader_858_minus_Stable_766,0.0
Degrader_858_minus_Stable_27,0.0
Degrader_858_minus_Stable_1307,0.0
Degrader_858_minus_Stable_119,0.0
Degrader_1048_minus_Stable_483,0.0
Degrader_1048_minus_Stable_476,0.0
Degrader_1048_minus_Stable_1246,0.0
Gene_APOA2,0.0
Gene_RETN,0.0
Degrader_1048_minus_Stable_55,0.0
Degrader_176_minus_Stable_1373,0.0
Degrader_176_minus_Stable_359,0.0
Degrader_1048_minus_Stable_729,0.0
Gene_RP1-41P2.7,0.0
Gene_RP11-489P6.1,0.0
Gene_RP11-99J16__A.2,0.0
Gene_DPYSL5,0.0
Degrader_1048_minus_Stable_1065,0.0
Degrader_1048_minus_Stable_219,0.0
Degrader_1048_minus_Stable_240,0.0
Degrader_1048_minus_Stable_658,0.0
Degrader_858_minus_Stable_101,0.0
Degrader_858_minus_Stable_219,0.0
Degrader_858_minus_Stable_240,0.0
Degrader_858_minus_Stable_280,0.0
Degrader_858_minus_Stable_55,0.0
Degrader_444_minus_Stable_240,0.0
Gene_LGI3,0.0
Gene_PFKP,0.0
Gene_ADAMTS7P4,0.0
Gene_POU4F1,0.0
Gene_CP,0.0
Degrader_1048_minus_Stable_256,0.0
Gene_MYO16-AS1,0.0
Gene_GLRXP3,0.0
Gene_MT1X,0.0
Degrader_741_minus_Stable_814,0.0
Gene_ANKRD20A5P,0.0
Gene_RP13-631K18.3,0.0
Degrader_741_minus_Stable_1491,0.0
Degrader_741_minus_Stable_27,0.0
Gene_TMPRSS11B,0.0
Degrader_125_minus_Stable_476,0.0
Degrader_125_minus_Stable_1475,0.0
Degrader_125_minus_Stable_55,0.0
Degrader_444_minus_Stable_1373,0.0
Degrader_444_minus_Stable_256,0.0
Degrader_741_minus_Stable_219,0.0
Gene_MSS51,0.0
Gene_ZNRF3-AS1,0.0
Degrader_741_minus_Stable_1356,0.0
Degrader_741_minus_Stable_280,0.0
Degrader_741_minus_Stable_55,0.0
Degrader_77_minus_Stable_1283,0.0
Degrader_77_minus_Stable_1373,0.0
Gene_DCX,0.0
Gene_RP11-54H7.4,0.0
Gene_IGLV1-47,0.0
Gene_RP11-395N3.1,0.0
Gene_RP11-386M24.10,0.0
Degrader_125_minus_Stable_119,0.0
Degrader_125_minus_Stable_240,0.0
Degrader_125_minus_Stable_1356,0.0
Gene_IGLV3-19,0.0
Gene_AKR1C1,0.0
Degrader_77_minus_Stable_766,0.0
Degrader_77_minus_Stable_27,0.0
Degrader_77_minus_Stable_219,0.0
Degrader_77_minus_Stable_220,0.0
Degrader_77_minus_Stable_240,0.0
Gene_PRKG2,0.0
Gene_B4GALNT3,0.0
Degrader_125_minus_Stable_1373,0.0
Degrader_125_minus_Stable_1491,0.0
Gene_INS,0.0
Gene_SCGB2A2,0.0
Gene_RP11-749I16.3,0.0
Gene_RP11-311H10.4,0.0
Gene_LINC00836,0.0
Gene_COX7A2P1,0.0
Degrader_554_minus_Stable_27,0.0
Degrader_554_minus_Stable_1307,0.0
Degrader_554_minus_Stable_220,0.0
Degrader_554_minus_Stable_240,0.0
Gene_MT1G,0.0
Degrader_77_minus_Stable_476,0.0
Degrader_77_minus_Stable_1475,0.0
Degrader_625_minus_Stable_101,0.0
Gene_GALNT5,0.0
Gene_RP11-375N15.2,0.0
Gene_UNGP3,0.0
Gene_ZBTB8OSP2,0.0
Gene_CTB-47B11.3,0.0
Degrader_625_minus_Stable_359,0.0
Degrader_625_minus_Stable_1307,0.0
Gene_FAM69C,0.0
Gene_FBXO16,0.0
Gene_RP11-793J2.1,0.0
Degrader_934_minus_Stable_256,0.0
Degrader_934_minus_Stable_27,0.0
Degrader_934_minus_Stable_729,0.0
Degrader_1292_minus_Stable_219,0.0
Degrader_1292_minus_Stable_220,0.0
Gene_LINC00517,0.0
Degrader_934_minus_Stable_119,0.0
Gene_GCGR,0.0
Gene_RMI2,0.0
Gene_ABCA13,0.0
Gene_RP11-540O11.6,0.0
Degrader_308_minus_Stable_814,0.0
Degrader_308_minus_Stable_1373,0.0
Gene_RP11-697N18.3,0.0
Gene_CCDC80,0.0
Degrader_743_minus_Stable_408,0.0
Degrader_743_minus_Stable_766,0.0
Degrader_1292_minus_Stable_359,0.0
Degrader_1292_minus_Stable_27,0.0
Degrader_1292_minus_Stable_729,0.0
Degrader_1292_minus_Stable_1307,0.0
Degrader_1292_minus_Stable_1262,0.0
Gene_VWC2,0.0
Gene_ZNF541,0.0
Gene_RPSAP11,0.0
Gene_FASN,0.0
Gene_RP3-429O6.1,0.0
Gene_CTNNA2,0.0
Degrader_308_minus_Stable_729,0.0
Degrader_308_minus_Stable_1065,0.0
Degrader_743_minus_Stable_101,0.0
Degrader_743_minus_Stable_219,0.0
Degrader_743_minus_Stable_240,0.0
Degrader_743_minus_Stable_1356,0.0
Degrader_828_minus_Stable_101,0.0
Degrader_828_minus_Stable_1475,0.0
Degrader_828_minus_Stable_55,0.0
Gene_RP11-116D17.4,0.0
Degrader_308_minus_Stable_55,0.0
Degrader_589_minus_Stable_408,0.0
Degrader_325_minus_Stable_476,0.0
Degrader_325_minus_Stable_1475,0.0
Degrader_325_minus_Stable_55,0.0
Degrader_828_minus_Stable_256,0.0
Degrader_828_minus_Stable_27,0.0
Degrader_828_minus_Stable_1262,0.0
Degrader_828_minus_Stable_213,0.0
Degrader_743_minus_Stable_256,0.0
Degrader_743_minus_Stable_1307,0.0
Degrader_743_minus_Stable_1262,0.0
Degrader_325_minus_Stable_1137,0.0
Degrader_325_minus_Stable_1065,0.0
Degrader_743_minus_Stable_1475,0.0
Degrader_403_minus_Stable_814,0.0
Degrader_403_minus_Stable_256,0.0
Degrader_325_minus_Stable_213,0.0
Degrader_325_minus_Stable_240,0.0
Degrader_589_minus_Stable_729,0.0
Degrader_589_minus_Stable_1065,0.0
Degrader_589_minus_Stable_213,0.0
Degrader_589_minus_Stable_101,0.0
Degrader_589_minus_Stable_220,0.0
Degrader_589_minus_Stable_658,0.0
Degrader_403_minus_Stable_213,0.0
Degrader_403_minus_Stable_119,0.0
Degrader_403_minus_Stable_220,0.0
Degrader_325_minus_Stable_1283,0.0
Degrader_325_minus_Stable_814,0.0
Degrader_325_minus_Stable_1373,0.0
Degrader_325_minus_Stable_256,0.0
Gene_DKK2,0.0
Degrader_967_minus_Stable_408,0.0
Degrader_967_minus_Stable_1283,0.0
Degrader_967_minus_Stable_814,0.0
Degrader_967_minus_Stable_1362,0.0
Degrader_967_minus_Stable_256,0.0
Degrader_456_minus_Stable_256,0.0
Degrader_456_minus_Stable_27,0.0
Degrader_456_minus_Stable_729,0.0
Degrader_456_minus_Stable_1065,0.0
Degrader_456_minus_Stable_1262,0.0
Degrader_456_minus_Stable_101,0.0
Degrader_456_minus_Stable_220,0.0
Degrader_456_minus_Stable_483,0.0
Degrader_456_minus_Stable_1246,0.0
Degrader_403_minus_Stable_729,0.0
Degrader_967_minus_Stable_1137,0.0
Gene_AC099754.1,0.0
Gene_JCHAIN,0.0
Gene_F2RL2,0.0
Degrader_967_minus_Stable_119,0.0
Degrader_967_minus_Stable_101,0.0
Degrader_967_minus_Stable_658,0.0
Degrader_967_minus_Stable_280,0.0
Degrader_967_minus_Stable_476,0.0
Degrader_403_minus_Stable_55,0.0
Degrader_447_minus_Stable_408,0.0
Degrader_447_minus_Stable_814,0.0
Degrader_447_minus_Stable_359,0.0
Degrader_447_minus_Stable_256,0.0
Degrader_648_minus_Stable_55,0.0
Degrader_456_minus_Stable_408,0.0
Degrader_456_minus_Stable_1283,0.0
Degrader_456_minus_Stable_1373,0.0
Degrader_967_minus_Stable_1246,0.0
Gene_RXFP2,0.0
Gene_RP11-806H10.4,0.0
Gene_APOH,0.0
Gene_SEL1L2,0.0
Gene_ABCB11,0.0
Degrader_447_minus_Stable_219,0.0
Degrader_447_minus_Stable_476,0.0
Degrader_648_minus_Stable_27,0.0
Degrader_648_minus_Stable_729,0.0
Degrader_648_minus_Stable_1262,0.0
Degrader_648_minus_Stable_213,0.0
Degrader_648_minus_Stable_101,0.0
Degrader_648_minus_Stable_220,0.0
Degrader_648_minus_Stable_1356,0.0
Degrader_648_minus_Stable_483,0.0
Gene_LINC00475,0.0
Gene_RP11-509I21.2,0.0
Gene_IGLV2-8,0.0
Degrader_1316_minus_Stable_101,0.0
Degrader_1316_minus_Stable_219,0.0
Degrader_1316_minus_Stable_220,0.0
Degrader_1028_minus_Stable_483,0.0
Degrader_1028_minus_Stable_280,0.0
Degrader_1028_minus_Stable_1475,0.0
Degrader_1028_minus_Stable_55,0.0
Degrader_447_minus_Stable_1307,0.0
Degrader_447_minus_Stable_1262,0.0
Degrader_447_minus_Stable_119,0.0
Degrader_1316_minus_Stable_55,0.0
Gene_RP11-18B3.3,0.0
Gene_RP11-23P13.6,0.0
Gene_CHODL,0.0
Degrader_926_minus_Stable_1491,0.0
Degrader_926_minus_Stable_27,0.0
Degrader_422_minus_Stable_359,0.0
Degrader_422_minus_Stable_766,0.0
Degrader_422_minus_Stable_256,0.0
Degrader_422_minus_Stable_729,0.0
Degrader_1028_minus_Stable_27,0.0
Degrader_1028_minus_Stable_213,0.0
Degrader_1028_minus_Stable_101,0.0
Degrader_1028_minus_Stable_240,0.0
Degrader_926_minus_Stable_729,0.0
Degrader_926_minus_Stable_101,0.0
Gene_RP11-96A15.1,0.0
Degrader_926_minus_Stable_483,0.0
Degrader_926_minus_Stable_280,0.0
Degrader_926_minus_Stable_476,0.0
Degrader_926_minus_Stable_55,0.0
Degrader_422_minus_Stable_280,0.0
Degrader_422_minus_Stable_1475,0.0
Degrader_422_minus_Stable_55,0.0
Degrader_1132_minus_Stable_408,0.0
Degrader_663_minus_Stable_476,0.0
Degrader_663_minus_Stable_55,0.0
Degrader_1028_minus_Stable_1373,0.0
Degrader_1028_minus_Stable_359,0.0
Degrader_1028_minus_Stable_1491,0.0
Degrader_422_minus_Stable_548,0.0
Degrader_663_minus_Stable_27,0.0
Degrader_663_minus_Stable_119,0.0
Degrader_663_minus_Stable_101,0.0
Degrader_422_minus_Stable_220,0.0
Degrader_422_minus_Stable_658,0.0
Degrader_1344_minus_Stable_1283,0.0
Gene_RP11-973F15.2,0.0
Gene_CHST9,0.0
Degrader_1344_minus_Stable_1362,0.0
Degrader_1344_minus_Stable_1137,0.0
Degrader_1132_minus_Stable_1362,0.0
Degrader_1132_minus_Stable_1491,0.0
Degrader_1132_minus_Stable_27,0.0
Degrader_1132_minus_Stable_1262,0.0
Degrader_1132_minus_Stable_213,0.0
Degrader_34_minus_Stable_240,0.0
Degrader_34_minus_Stable_280,0.0
Degrader_34_minus_Stable_55,0.0
Gene_CNTNAP4,0.0
Gene_AC005077.14,0.0
Gene_RP11-814P5.1,0.0
Degrader_1344_minus_Stable_483,0.0
Degrader_1344_minus_Stable_476,0.0
Degrader_110_minus_Stable_814,0.0
Degrader_110_minus_Stable_359,0.0
Degrader_34_minus_Stable_1491,0.0
Degrader_34_minus_Stable_256,0.0
Degrader_34_minus_Stable_1137,0.0
Degrader_34_minus_Stable_27,0.0
Degrader_34_minus_Stable_1262,0.0
Degrader_34_minus_Stable_119,0.0
Degrader_34_minus_Stable_219,0.0
Gene_RP11-578B16.1,0.0
Gene_NGFR,0.0
Gene_CTD-3128G10.7,0.0
Gene_SLC1A7,0.0
Degrader_110_minus_Stable_766,0.0
Degrader_110_minus_Stable_256,0.0
Degrader_51_minus_Stable_119,0.0
Degrader_51_minus_Stable_101,0.0
Degrader_1132_minus_Stable_483,0.0
Degrader_1132_minus_Stable_1475,0.0
Degrader_51_minus_Stable_240,0.0
Degrader_51_minus_Stable_280,0.0
Degrader_51_minus_Stable_1475,0.0
Degrader_1286_minus_Stable_1373,0.0
Degrader_51_minus_Stable_1362,0.0
Degrader_51_minus_Stable_213,0.0
Degrader_110_minus_Stable_220,0.0
Gene_TGFB2-AS1,0.0
Degrader_110_minus_Stable_1475,0.0
Degrader_110_minus_Stable_1246,0.0
Degrader_110_minus_Stable_55,0.0
Degrader_289_minus_Stable_814,0.0
Degrader_289_minus_Stable_1362,0.0
Degrader_981_minus_Stable_27,0.0
Degrader_981_minus_Stable_729,0.0
Degrader_981_minus_Stable_1065,0.0
Degrader_981_minus_Stable_213,0.0
Degrader_864_minus_Stable_766,0.0
Degrader_864_minus_Stable_213,0.0
Degrader_864_minus_Stable_119,0.0
Degrader_981_minus_Stable_483,0.0
Degrader_981_minus_Stable_55,0.0
Degrader_1286_minus_Stable_219,0.0
Gene_BPIFB2,0.0
Gene_KRT17P1,0.0
Degrader_289_minus_Stable_256,0.0
Degrader_289_minus_Stable_213,0.0
Degrader_289_minus_Stable_219,0.0
Degrader_348_minus_Stable_1491,0.0
Degrader_348_minus_Stable_101,0.0
Degrader_1454_minus_Stable_219,0.0
Degrader_864_minus_Stable_658,0.0
Degrader_864_minus_Stable_483,0.0
Degrader_864_minus_Stable_280,0.0
Degrader_864_minus_Stable_476,0.0
Degrader_981_minus_Stable_1283,0.0
Degrader_57_minus_Stable_814,0.0
Degrader_1239_minus_Stable_1262,0.0
Degrader_1239_minus_Stable_213,0.0
Degrader_1239_minus_Stable_219,0.0
Degrader_1239_minus_Stable_476,0.0
Degrader_1239_minus_Stable_1475,0.0
Gene_CHRNA1,0.0
Gene_FBN3,0.0
Gene_MYADML2,0.0
Degrader_265_minus_Stable_1475,0.0
Degrader_57_minus_Stable_256,0.0
Degrader_57_minus_Stable_1307,0.0
Degrader_57_minus_Stable_220,0.0
Degrader_57_minus_Stable_240,0.0
Degrader_1239_minus_Stable_1362,0.0
Degrader_1239_minus_Stable_1491,0.0
Degrader_1239_minus_Stable_766,0.0
Degrader_289_minus_Stable_1246,0.0
Degrader_1096_minus_Stable_408,0.0
Gene_FRMPD4,0.0
Degrader_1096_minus_Stable_729,0.0
Degrader_1096_minus_Stable_1307,0.0
Degrader_1096_minus_Stable_1065,0.0
Gene_TNNI1,0.0
Degrader_57_minus_Stable_1475,0.0
Degrader_209_minus_Stable_548,0.0
Degrader_209_minus_Stable_1491,0.0
Degrader_209_minus_Stable_256,0.0
Degrader_209_minus_Stable_1137,0.0
Degrader_265_minus_Stable_1262,0.0
Degrader_265_minus_Stable_101,0.0
Degrader_265_minus_Stable_658,0.0
Degrader_265_minus_Stable_280,0.0
Degrader_265_minus_Stable_476,0.0
Gene_PIP,0.0
Gene_GPA33,0.0
Gene_CYP4B1,0.0
Gene_MT2P1,0.0
Degrader_209_minus_Stable_213,0.0
Degrader_209_minus_Stable_101,0.0
Degrader_209_minus_Stable_219,0.0
Degrader_209_minus_Stable_483,0.0
Degrader_265_minus_Stable_359,0.0
Degrader_265_minus_Stable_1491,0.0
Degrader_265_minus_Stable_256,0.0
Degrader_265_minus_Stable_27,0.0
Degrader_265_minus_Stable_729,0.0
Degrader_57_minus_Stable_280,0.0
Degrader_1096_minus_Stable_55,0.0
Degrader_573_minus_Stable_1373,0.0
Gene_CTD-2286N8.1,0.0
Gene_AC124944.3,0.0
Gene_IGKV1-5,0.0
Gene_CYP3A5,0.0
Degrader_573_minus_Stable_219,0.0
Degrader_573_minus_Stable_1475,0.0
Gene_TTTY10,0.0
Gene_CCL8,0.0
Degrader_12_minus_Stable_548,0.0
Degrader_12_minus_Stable_27,0.0
Degrader_12_minus_Stable_483,0.0
Degrader_12_minus_Stable_280,0.0
Degrader_209_minus_Stable_27,0.0
Degrader_209_minus_Stable_729,0.0
Gene_AF003626.1,0.0
Gene_RP11-897M7.4,0.0
Gene_ADCY8,0.0
Degrader_573_minus_Stable_55,0.0
Degrader_635_minus_Stable_408,0.0
Degrader_635_minus_Stable_814,0.0
Degrader_863_minus_Stable_280,0.0
Degrader_863_minus_Stable_1475,0.0
Degrader_209_minus_Stable_55,0.0
Degrader_863_minus_Stable_548,0.0
Degrader_863_minus_Stable_1491,0.0
Degrader_605_minus_Stable_280,0.0
Degrader_605_minus_Stable_476,0.0
Degrader_605_minus_Stable_1246,0.0
Degrader_605_minus_Stable_55,0.0
Degrader_379_minus_Stable_1373,0.0
Degrader_379_minus_Stable_1307,0.0
Degrader_605_minus_Stable_1137,0.0
Degrader_605_minus_Stable_27,0.0
Degrader_605_minus_Stable_1307,0.0
Degrader_605_minus_Stable_240,0.0
Degrader_605_minus_Stable_483,0.0
Degrader_1454_minus_Stable_220,0.0
Gene_MSTN,0.0
Gene_PLA2G4E,0.0
Degrader_1454_minus_Stable_658,0.0
Degrader_635_minus_Stable_119,0.0
Degrader_546_minus_Stable_101,0.0
Degrader_546_minus_Stable_1356,0.0
Degrader_546_minus_Stable_658,0.0
Degrader_546_minus_Stable_483,0.0
Degrader_605_minus_Stable_408,0.0
Degrader_605_minus_Stable_814,0.0
Degrader_605_minus_Stable_548,0.0
Degrader_605_minus_Stable_359,0.0
Degrader_379_minus_Stable_814,0.0
Degrader_635_minus_Stable_55,0.0
Gene_ADGRF5P1,0.0
Gene_APCDD1L,0.0
Gene_CTD-2194D22.3,0.0
Gene_CALCB,0.0
Gene_CLLU1,0.0
Gene_LINC00370,0.0
Gene_UOX,0.0
Degrader_1418_minus_Stable_766,0.0
Degrader_1087_minus_Stable_55,0.0
Degrader_546_minus_Stable_814,0.0
Degrader_379_minus_Stable_119,0.0
Degrader_379_minus_Stable_219,0.0
Degrader_379_minus_Stable_220,0.0
Degrader_379_minus_Stable_55,0.0
Degrader_546_minus_Stable_729,0.0
Degrader_1418_minus_Stable_27,0.0
Degrader_1418_minus_Stable_1262,0.0
Gene_MAPK8IP1P2,0.0
Degrader_1418_minus_Stable_220,0.0
Degrader_1418_minus_Stable_240,0.0
Degrader_1418_minus_Stable_483,0.0
Degrader_1418_minus_Stable_55,0.0
Degrader_1353_minus_Stable_27,0.0
Degrader_1353_minus_Stable_1065,0.0
Degrader_1353_minus_Stable_1262,0.0
Degrader_1353_minus_Stable_119,0.0
Degrader_15_minus_Stable_119,0.0
Degrader_15_minus_Stable_359,0.0
Degrader_15_minus_Stable_1491,0.0
Degrader_15_minus_Stable_256,0.0
Degrader_15_minus_Stable_1065,0.0
Gene_FRMD1,0.0
Degrader_640_minus_Stable_256,0.0
Degrader_640_minus_Stable_1137,0.0
Degrader_640_minus_Stable_27,0.0
Degrader_640_minus_Stable_729,0.0
Degrader_1087_minus_Stable_1283,0.0
Degrader_1087_minus_Stable_1373,0.0
Degrader_1087_minus_Stable_1491,0.0
Degrader_1087_minus_Stable_27,0.0
Degrader_1087_minus_Stable_1065,0.0
Degrader_1087_minus_Stable_119,0.0
Degrader_1087_minus_Stable_220,0.0
Degrader_701_minus_Stable_729,0.0
Degrader_1353_minus_Stable_280,0.0
Degrader_1353_minus_Stable_55,0.0
Degrader_701_minus_Stable_483,0.0
Degrader_640_minus_Stable_119,0.0
Degrader_640_minus_Stable_101,0.0
Gene_NREP,0.0
Gene_CRISPLD1,0.0
Degrader_640_minus_Stable_658,0.0
Degrader_640_minus_Stable_483,0.0
Degrader_701_minus_Stable_1283,0.0
Degrader_602_minus_Stable_1491,0.0
Degrader_602_minus_Stable_766,0.0
Degrader_602_minus_Stable_1137,0.0
Degrader_602_minus_Stable_27,0.0
Degrader_602_minus_Stable_213,0.0
Degrader_602_minus_Stable_119,0.0
Degrader_701_minus_Stable_1373,0.0
Degrader_701_minus_Stable_1362,0.0
Degrader_701_minus_Stable_256,0.0
Degrader_701_minus_Stable_1137,0.0
Degrader_701_minus_Stable_27,0.0
Degrader_482_minus_Stable_55,0.0
Degrader_602_minus_Stable_483,0.0
Degrader_602_minus_Stable_280,0.0
Degrader_602_minus_Stable_1246,0.0
Degrader_602_minus_Stable_55,0.0
Degrader_1146_minus_Stable_408,0.0
Gene_CHN2,0.0
Degrader_1146_minus_Stable_1373,0.0
Degrader_1324_minus_Stable_220,0.0
Degrader_1146_minus_Stable_483,0.0
Degrader_1146_minus_Stable_55,0.0
Degrader_25_minus_Stable_408,0.0
Degrader_25_minus_Stable_1283,0.0
Degrader_25_minus_Stable_814,0.0
Degrader_25_minus_Stable_1373,0.0
Degrader_25_minus_Stable_359,0.0
Degrader_25_minus_Stable_1491,0.0
Degrader_25_minus_Stable_766,0.0
Gene_RP11-235C23.6,0.0
Degrader_855_minus_Stable_240,0.0
Degrader_855_minus_Stable_658,0.0
Degrader_25_minus_Stable_101,0.0
Degrader_25_minus_Stable_658,0.0
Degrader_25_minus_Stable_483,0.0
Degrader_999_minus_Stable_213,0.0
Degrader_999_minus_Stable_119,0.0
Degrader_999_minus_Stable_220,0.0
Degrader_999_minus_Stable_658,0.0
Degrader_999_minus_Stable_280,0.0
Degrader_999_minus_Stable_1475,0.0
Degrader_855_minus_Stable_55,0.0
Degrader_93_minus_Stable_1283,0.0
Autolysis_squared,0.0
Degrader_999_minus_Stable_359,0.0
Degrader_999_minus_Stable_1491,0.0
Degrader_999_minus_Stable_27,0.0
Degrader_999_minus_Stable_729,0.0
Degrader_999_minus_Stable_1065,0.0
Degrader_25_minus_Stable_256,0.0
Degrader_25_minus_Stable_1307,0.0
Degrader_25_minus_Stable_213,0.0
Degrader_25_minus_Stable_119,0.0
Degrader_1097_minus_Stable_359,0.0
Degrader_1454_minus_Stable_1137,0.0
Degrader_64_minus_Stable_1065,0.0
Degrader_64_minus_Stable_213,0.0
Degrader_64_minus_Stable_101,0.0
Degrader_64_minus_Stable_220,0.0
Degrader_64_minus_Stable_483,0.0
Degrader_64_minus_Stable_280,0.0
Degrader_64_minus_Stable_476,0.0
Degrader_93_minus_Stable_1262,0.0
Degrader_93_minus_Stable_658,0.0
Degrader_93_minus_Stable_55,0.0
Degrader_1416_minus_Stable_280,0.0
Degrader_64_minus_Stable_1283,0.0
Degrader_64_minus_Stable_1362,0.0
Degrader_64_minus_Stable_1491,0.0
Degrader_25_minus_Stable_280,0.0
Degrader_25_minus_Stable_55,0.0
Degrader_1454_minus_Stable_1262,0.0
Degrader_1088_minus_Stable_729,0.0
Degrader_1088_minus_Stable_1262,0.0
Degrader_482_minus_Stable_1373,0.0
Degrader_482_minus_Stable_256,0.0
Degrader_1097_minus_Stable_1262,0.0
Degrader_1097_minus_Stable_220,0.0
Degrader_1416_minus_Stable_729,0.0
Degrader_1416_minus_Stable_1065,0.0
Degrader_1416_minus_Stable_101,0.0
Degrader_1416_minus_Stable_220,0.0
Degrader_1416_minus_Stable_240,0.0
Degrader_1416_minus_Stable_1356,0.0
Degrader_482_minus_Stable_101,0.0
Degrader_482_minus_Stable_280,0.0
Degrader_802_minus_Stable_280,0.0
Degrader_1416_minus_Stable_1373,0.0
Degrader_1416_minus_Stable_1491,0.0
Degrader_352_minus_Stable_548,0.0
Degrader_352_minus_Stable_1373,0.0
Degrader_352_minus_Stable_1491,0.0
Degrader_352_minus_Stable_729,0.0
Degrader_802_minus_Stable_27,0.0
Degrader_1088_minus_Stable_658,0.0
Degrader_1454_minus_Stable_101,0.0
Gene_PNLIPRP1,0.0
Degrader_1304_minus_Stable_359,0.0
Degrader_434_minus_Stable_119,0.0
Degrader_352_minus_Stable_119,0.0
Degrader_434_minus_Stable_476,0.0
Degrader_434_minus_Stable_1475,0.0
Degrader_1454_minus_Stable_256,0.0
Degrader_1454_minus_Stable_1475,0.0
Degrader_1454_minus_Stable_1246,0.0
Degrader_1304_minus_Stable_814,0.0
Degrader_1454_minus_Stable_1362,0.0
Degrader_1304_minus_Stable_1491,0.0
Degrader_1454_minus_Stable_766,0.0
Degrader_644_minus_Stable_1307,0.0
Degrader_644_minus_Stable_101,0.0
Degrader_644_minus_Stable_219,0.0
Gene_C1orf140,0.0
Degrader_1154_minus_Stable_814,0.0
Degrader_1154_minus_Stable_359,0.0
Degrader_1154_minus_Stable_1491,0.0
Degrader_176_minus_Stable_1065,0.0
Degrader_644_minus_Stable_55,0.0
Degrader_1454_minus_Stable_483,0.0
Degrader_385_minus_Stable_1283,0.0
Degrader_385_minus_Stable_27,0.0
Degrader_434_minus_Stable_256,0.0
Degrader_676_minus_Stable_1491,0.0
Degrader_676_minus_Stable_766,0.0
Degrader_676_minus_Stable_256,0.0
Gene_GADL1,0.0
Degrader_676_minus_Stable_119,0.0
Degrader_385_minus_Stable_101,0.0
Degrader_385_minus_Stable_658,0.0
Degrader_385_minus_Stable_483,0.0
Degrader_385_minus_Stable_55,0.0
Degrader_1304_minus_Stable_483,0.0
Degrader_1304_minus_Stable_476,0.0
Sex,0.0
