feature,mean_abs_shap
Hardy_death_scale,134.07161
Gene_SNORD3B-2,28.5753
Degrader_mean,12.378596
Gene_HIST1H2BG,11.903457
Gene_SULT1B1,9.098359
Gene_RP11-160E2.6,8.535094
Degrader_247_minus_Stable_1235,7.1336794
Gene_RP6-99M1.3,6.376054
Gene_SNORD3C,5.0562544
Gene_C4BPA,4.9930334
Gene_MTND1P23,4.9496856
Ratio_mean,4.7885346
Gene_LIPE,4.6958814
Degrader_459_minus_Stable_1422,3.610464
Gene_HIST1H2AE,3.3057294
Degrader_55_minus_Stable_1235,2.8839347
RIN_div_Autolysis_plus_1,2.8741078
Gene_RP11-357D18.1,2.695125
Degrader_399_minus_Stable_244,2.529376
Gene_PCOLCE2,2.3400722
Degrader_55_minus_Stable_19,2.1514654
Gene_GYG2,2.13231
Gene_RGPD2,2.1020947
Gene_PMS2P2,2.082401
Gene_MMP1,1.9534994
Gene_RNASE2,1.9368715
Gene_RP11-83M16.5,1.9007246
Degrader_891_minus_Stable_1235,1.8856598
Degrader_765_minus_Stable_1235,1.7933476
Gene_MYPN,1.6545929
Gene_SAA1,1.6076103
Gene_FOXQ1,1.6064808
Gene_HERC2P4,1.5716373
Gene_NPPB,1.5262464
Gene_HOXD11,1.5041624
Degrader_55_minus_Stable_1220,1.4393951
Degrader_507_minus_Stable_1235,1.3926587
Gene_TNNI3,1.3878057
Gene_WNT9B,1.3574308
Gene_TRAV8-5,1.3147635
Gene_USP32P1,1.3045447
Degrader_511_minus_Stable_1235,1.277729
Degrader_510_minus_Stable_1235,1.2537478
Degrader_720_minus_Stable_102,1.2418034
Gene_CCL13,1.2065424
Gene_SERTM1,1.1779418
Degrader_511_minus_Stable_776,1.1681664
Degrader_55_minus_Stable_871,1.1336843
Gene_FAM90A20P,1.1276397
Degrader_124_minus_Stable_19,1.1154581
Gene_RHAG,1.11094
Degrader_123_minus_Stable_1429,1.102468
Degrader_957_minus_Stable_1235,1.0949149
Gene_HAMP,1.0256002
Gene_COL19A1,1.0076432
Gene_CTD-3128G10.7,0.9991801
Gene_C1QL1,0.9627187
Gene_GPD1,0.9600931
Degrader_1444_minus_Stable_1235,0.9447175
Gene_LINC01736,0.94421494
Gene_IL1RAPL2,0.9313689
Degrader_619_minus_Stable_1235,0.8920715
Degrader_1168_minus_Stable_1235,0.88925487
Degrader_507_minus_Stable_278,0.8810993
Gene_LEP,0.87980807
Degrader_1486_minus_Stable_19,0.8744604
Gene_MMP12,0.86600393
Gene_IGHV3-48,0.86140597
Gene_LCNL1,0.85115755
Degrader_55_minus_Stable_244,0.8426022
Degrader_616_minus_Stable_1220,0.8292739
Gene_GPAA1P1,0.82485753
Degrader_1492_minus_Stable_871,0.8170254
Degrader_399_minus_Stable_19,0.8150607
Gene_FGF4,0.81402785
Degrader_510_minus_Stable_1429,0.81241477
Degrader_511_minus_Stable_871,0.8076231
Gene_MUC5AC,0.8069106
Gene_ANGPTL8,0.8003151
Gene_PRSS3,0.7985436
Gene_MYBPC2,0.7960071
Degrader_955_minus_Stable_249,0.79525155
Gene_RP11-20I23.13,0.79083025
Gene_RP11-578B16.1,0.7799518
Degrader_245_minus_Stable_1235,0.7704652
Gene_RRM2,0.7571614
Degrader_891_minus_Stable_776,0.75691575
Degrader_1150_minus_Stable_1220,0.7473607
Gene_CXCL1,0.73842424
Gene_SNORD3A,0.73437464
Gene_CTD-3116E22.8,0.7304733
Gene_RP11-576C2.1,0.72003186
Gene_CCL4L2,0.7143605
Gene_OTOA,0.713835
Gene_SOX3,0.7060467
Degrader_124_minus_Stable_244,0.7026544
Gene_KLK6,0.6941546
Gene_AC053503.12,0.6925341
Gene_RP11-116D17.3,0.69050825
Degrader_978_minus_Stable_102,0.6842139
Gene_KPRP,0.68362474
Gene_SFTPC,0.68101466
Degrader_124_minus_Stable_1235,0.6809059
Degrader_510_minus_Stable_1220,0.67494184
Gene_SLN,0.6598129
Degrader_247_minus_Stable_249,0.6523124
Degrader_957_minus_Stable_365,0.6484392
Gene_MYH1,0.6456808
Gene_RP3-340N1.2,0.64541656
Degrader_510_minus_Stable_1422,0.6450953
Degrader_1444_minus_Stable_109,0.635202
Gene_CALML5,0.63456583
Gene_ANXA8,0.6281251
Degrader_1444_minus_Stable_797,0.62565213
Gene_IYD,0.6223445
Degrader_510_minus_Stable_871,0.61729723
Degrader_507_minus_Stable_1146,0.6118981
Gene_CLEC4E,0.6086768
Gene_FCN1,0.60810757
Gene_RPL13P12,0.60633165
Gene_RP11-379K22.2,0.5996606
Gene_SIGLEC10,0.5956743
Gene_POM121L14P,0.5943537
Gene_SLC35F3,0.5917991
Gene_RP11-109L13.1,0.5914238
Gene_CST2,0.5872711
Gene_CXCR2P1,0.5862004
Degrader_989_minus_Stable_1235,0.5829864
Gene_CYP4F11,0.5793069
Gene_AC005336.4,0.5759736
Gene_RP4-765C7.2,0.57174414
Gene_APLNR,0.567758
Gene_AGAP7P,0.5663005
Degrader_459_minus_Stable_1161,0.56596494
Gene_SFTPA2,0.56292075
Degrader_989_minus_Stable_102,0.5553761
Degrader_1173_minus_Stable_109,0.5479786
Degrader_124_minus_Stable_1220,0.5442842
Degrader_399_minus_Stable_1422,0.5415304
Degrader_172_minus_Stable_1235,0.5403267
Degrader_1150_minus_Stable_34,0.5382867
Degrader_55_minus_Stable_1226,0.5301232
Degrader_187_minus_Stable_776,0.5273505
Degrader_123_minus_Stable_871,0.5240535
Gene_CTD-2091N23.1,0.51628506
Gene_CRP,0.5144878
Gene_IGLV1-51,0.5114154
Degrader_1157_minus_Stable_249,0.51110005
Gene_CD1E,0.5070255
Gene_APCDD1L,0.50648296
Gene_AKR1B10,0.5024973
Degrader_55_minus_Stable_34,0.4994804
Degrader_891_minus_Stable_1422,0.4975556
Gene_LAMP3,0.4960127
Gene_SPRR1B,0.49465197
Gene_RNU4-2,0.48927656
Gene_DEFB1,0.48693627
Degrader_955_minus_Stable_1235,0.4865552
Gene_SIGLEC12,0.48540294
Degrader_557_minus_Stable_1235,0.48182207
Gene_SFTPB,0.4789845
Degrader_1173_minus_Stable_1235,0.47416425
Gene_LINC01146,0.47392356
Degrader_55_minus_Stable_1422,0.47244927
Gene_LINC00706,0.4707454
Degrader_616_minus_Stable_249,0.46509835
Gene_LINC00470,0.462824
Gene_DPT,0.4619551
Gene_CHST9,0.45998693
Gene_MKRN3,0.45920396
Degrader_660_minus_Stable_1422,0.45876548
Gene_PM20D1,0.4585687
Gene_RND1,0.45472613
Gene_TUSC5,0.45050976
Degrader_172_minus_Stable_1220,0.44810915
Gene_RP11-54A9.1,0.44679466
Gene_KIF25-AS1,0.44099084
Gene_SFRP2,0.44070494
Degrader_810_minus_Stable_776,0.43748498
Gene_CX3CR1,0.4364546
Gene_IGKV1-27,0.43504342
Gene_CTSG,0.43096527
Gene_SHISA9,0.42945632
Degrader_55_minus_Stable_1204,0.42881233
Gene_NUTM2E,0.42564783
Gene_KLK8,0.41817975
Degrader_1164_minus_Stable_1235,0.40725124
Gene_PLIN1,0.40406558
Gene_ZBTB16,0.4006932
Gene_RPL10P9,0.39949033
Gene_HIST1H1D,0.3963445
Gene_MRAP,0.395822
Gene_AMPD1,0.39559892
Gene_PHGR1,0.3944495
Gene_MYLPF,0.3941707
Degrader_1157_minus_Stable_223,0.3933664
Gene_AGAP14,0.39265352
Gene_DLGAP5,0.38805443
Degrader_507_minus_Stable_871,0.38755316
Gene_SUCNR1,0.38533336
Degrader_663_minus_Stable_551,0.3846758
Gene_RD3,0.37904146
Degrader_507_minus_Stable_797,0.3786309
Degrader_23_minus_Stable_142,0.3775324
Degrader_891_minus_Stable_1204,0.3757183
Gene_FPR2,0.3751146
Degrader_409_minus_Stable_19,0.3746095
Gene_HMGCS2,0.3717799
Degrader_1139_minus_Stable_223,0.37127727
Degrader_23_minus_Stable_223,0.37075835
Gene_PCSK2,0.3707414
Degrader_978_minus_Stable_1235,0.36956155
Degrader_510_minus_Stable_34,0.3686489
Degrader_1173_minus_Stable_871,0.36833185
Degrader_1291_minus_Stable_871,0.36808255
Degrader_1486_minus_Stable_776,0.36621186
Degrader_245_minus_Stable_871,0.362417
Degrader_55_minus_Stable_776,0.35907072
Degrader_350_minus_Stable_1422,0.35886866
Degrader_663_minus_Stable_223,0.3566321
Degrader_466_minus_Stable_1422,0.35211307
Gene_CCL21,0.3518206
Degrader_507_minus_Stable_102,0.35010982
Gene_LINC00648,0.3492949
Degrader_511_minus_Stable_1204,0.34924027
Degrader_409_minus_Stable_365,0.34848282
Gene_ULBP1,0.34811208
Degrader_74_minus_Stable_776,0.34758168
Degrader_694_minus_Stable_102,0.3474086
Gene_IGHG4,0.34511018
Gene_CDC37P1,0.3450128
Gene_IL1B,0.3439481
Gene_PAX1,0.34309754
Degrader_955_minus_Stable_223,0.34278587
Gene_RP11-309M23.1,0.3403823
Degrader_459_minus_Stable_138,0.3378889
Gene_PROK1,0.3367481
Gene_STK19B,0.3365844
Gene_ETNPPL,0.3362586
Degrader_459_minus_Stable_1226,0.33580795
Degrader_247_minus_Stable_1422,0.33574763
Degrader_245_minus_Stable_1220,0.33505386
Gene_FFAR4,0.33243337
Degrader_169_minus_Stable_249,0.33108622
Degrader_507_minus_Stable_109,0.33025575
Degrader_1444_minus_Stable_142,0.33007735
Degrader_399_minus_Stable_1204,0.33000213
Gene_RP11-429A20.3,0.3284998
Degrader_1157_minus_Stable_1220,0.32756644
Age,0.32570884
Degrader_124_minus_Stable_1161,0.32531306
Gene_RP11-525K10.3,0.324902
Degrader_1304_minus_Stable_1204,0.32441545
Gene_PLA2G2A,0.324084
Degrader_765_minus_Stable_142,0.32370174
Degrader_898_minus_Stable_1204,0.32213256
Degrader_1173_minus_Stable_102,0.3206782
Degrader_810_minus_Stable_1235,0.31847617
Gene_SERF1A,0.3184256
Degrader_55_minus_Stable_1146,0.3168889
Gene_CA1,0.31575513
Degrader_737_minus_Stable_1220,0.31485325
Gene_SLC2A14,0.3135769
Degrader_1164_minus_Stable_1128,0.30820084
Gene_TMEM229A,0.30707827
Gene_RNASE3,0.3047429
Degrader_169_minus_Stable_223,0.30448613
Gene_RP11-554D14.8,0.30418023
Gene_GABRR1,0.3015825
Degrader_511_minus_Stable_1429,0.3013754
Degrader_123_minus_Stable_807,0.3003956
Gene_AC131056.3,0.29972497
Degrader_1015_minus_Stable_1422,0.2986628
Degrader_245_minus_Stable_1204,0.29851854
Gene_RP11-775D22.2,0.2984316
Degrader_245_minus_Stable_807,0.29687074
Degrader_187_minus_Stable_102,0.29513586
Gene_AMBP,0.2946114
Gene_REG1B,0.2926065
Gene_IGKV1-12,0.2922206
Degrader_123_minus_Stable_223,0.29203033
Gene_RP11-298D21.3,0.28973547
Degrader_1492_minus_Stable_34,0.28939372
Gene_FCGR3B,0.28919056
Degrader_1033_minus_Stable_1235,0.28901204
Degrader_134_minus_Stable_807,0.28762224
Degrader_663_minus_Stable_1422,0.28691435
Degrader_1225_minus_Stable_102,0.2861811
Degrader_1150_minus_Stable_19,0.2859287
Gene_HES5,0.28513706
Degrader_978_minus_Stable_9,0.28464472
Degrader_1383_minus_Stable_19,0.2842302
Gene_RP5-961K14.1,0.28249562
Degrader_1492_minus_Stable_19,0.2817229
Gene_C2orf91,0.2817164
Gene_FCER1A,0.28091973
Degrader_247_minus_Stable_797,0.28041482
Gene_IGLV3-21,0.277719
Gene_RP11-195E2.1,0.276482
Degrader_765_minus_Stable_551,0.27627572
Degrader_898_minus_Stable_102,0.27534938
Gene_ELAVL4,0.27501962
Degrader_134_minus_Stable_365,0.27147684
Degrader_466_minus_Stable_244,0.26931557
Gene_HBD,0.2686365
Gene_PSPHP1,0.26783952
Gene_MYH7,0.26783878
Degrader_891_minus_Stable_365,0.26750293
Gene_IGKJ3,0.26746342
Degrader_510_minus_Stable_465,0.26701996
Degrader_466_minus_Stable_871,0.26498184
Gene_OSTN,0.26456198
Degrader_1157_minus_Stable_1204,0.2635077
Degrader_663_minus_Stable_797,0.26341593
Gene_ALX1,0.26234987
Gene_OR7E158P,0.26059908
Gene_SCN4A,0.2600544
Degrader_510_minus_Stable_223,0.259757
Gene_RP6-24A23.3,0.25959602
Degrader_978_minus_Stable_1220,0.2591373
Gene_DAPL1,0.25780994
Degrader_1150_minus_Stable_1429,0.25741208
Gene_PRR31,0.25703853
Degrader_399_minus_Stable_365,0.25643212
Gene_AC068282.3,0.25612125
Gene_ACTA1,0.2536155
Gene_AC004057.1,0.25210485
Degrader_172_minus_Stable_1429,0.25108543
Degrader_1136_minus_Stable_1235,0.2508463
Gene_IGKV1-5,0.24998099
Degrader_1001_minus_Stable_871,0.24856807
Degrader_511_minus_Stable_9,0.24828495
Gene_CTD-2571E19.3,0.24812801
Degrader_775_minus_Stable_1220,0.24736878
Degrader_1225_minus_Stable_19,0.24725251
Degrader_409_minus_Stable_1235,0.24569313
Degrader_55_minus_Stable_551,0.24527965
Degrader_511_minus_Stable_244,0.24505176
Gene_TBC1D3L,0.2449582
Degrader_775_minus_Stable_178,0.24436617
Degrader_765_minus_Stable_365,0.24422063
Degrader_511_minus_Stable_365,0.24287327
Gene_SMILR,0.24266611
Gene_MMP7,0.2424591
Gene_LINC01168,0.24212697
Gene_GPR1,0.24206655
Gene_TBC1D3E,0.24030511
Gene_CTC-321K16.1,0.23965962
Degrader_1444_minus_Stable_1226,0.23938419
Degrader_1015_minus_Stable_223,0.2385425
Gene_RP11-347E10.1,0.2365308
Gene_NOL4,0.23607434
Gene_MUC20P1,0.23526843
Gene_FOLR3,0.235196
Degrader_955_minus_Stable_797,0.234356
Degrader_511_minus_Stable_797,0.23412395
Gene_OR1E1,0.23360826
Degrader_660_minus_Stable_807,0.23322119
Gene_AMER2,0.23306128
Gene_IGKV2-24,0.23295651
Stable_mean,0.2329353
Gene_CH507-513H4.5,0.23257332
Gene_CACNA1S,0.23193625
Degrader_399_minus_Stable_1429,0.22963968
Degrader_898_minus_Stable_9,0.22908601
Gene_EIF2S3L,0.22888613
Gene_CTD-2008L17.2,0.22797029
Degrader_891_minus_Stable_1146,0.22657649
Gene_ACSM6,0.22609809
Gene_RP11-632C17__A.1,0.22545281
Gene_NSFP1,0.22541422
Degrader_920_minus_Stable_223,0.22519441
Degrader_1157_minus_Stable_19,0.22433354
Gene_IGHG2,0.22411196
Degrader_55_minus_Stable_109,0.22330555
Degrader_1291_minus_Stable_365,0.22211012
Gene_CBLN2,0.22158475
Degrader_996_minus_Stable_138,0.22138196
Degrader_616_minus_Stable_776,0.22086006
Gene_ESM1,0.22080107
Degrader_1157_minus_Stable_1235,0.22057417
Gene_RP11-47I22.2,0.22033013
Degrader_409_minus_Stable_465,0.21979997
Gene_MOGAT2,0.2181174
Gene_AC091801.1,0.21753298
Gene_C2CD4B,0.21663545
Degrader_1033_minus_Stable_1220,0.2164364
Degrader_616_minus_Stable_1226,0.21642947
Degrader_282_minus_Stable_102,0.21627927
Degrader_574_minus_Stable_871,0.2155709
Degrader_1164_minus_Stable_871,0.21505661
Degrader_495_minus_Stable_278,0.21498777
Degrader_898_minus_Stable_1146,0.21446455
Degrader_731_minus_Stable_289,0.21434456
Gene_RUFY4,0.21330287
Degrader_1164_minus_Stable_365,0.2126368
Gene_IGLV4-69,0.21169244
Gene_LRRC38,0.21035759
Degrader_1383_minus_Stable_244,0.21022229
Degrader_206_minus_Stable_1422,0.2096172
Gene_RP11-238F2.1,0.20930421
Gene_RP3-340B19.3,0.20903374
Degrader_811_minus_Stable_249,0.20742692
Degrader_172_minus_Stable_1204,0.20730935
Gene_HS3ST3A1,0.20708673
Degrader_616_minus_Stable_1429,0.20666564
Degrader_245_minus_Stable_19,0.20572509
Gene_LINC01638,0.20571977
Degrader_466_minus_Stable_19,0.20546333
Gene_PRRT4,0.20508824
Gene_SULT1C2,0.20493156
Degrader_172_minus_Stable_933,0.20471238
Gene_ADGRA1,0.20459187
Gene_AMY2A,0.20428978
Degrader_955_minus_Stable_551,0.20417367
Gene_GSTT2,0.20416477
Gene_MYL1,0.20364375
Degrader_1150_minus_Stable_9,0.20348914
Gene_RP11-459O16.8,0.20328388
Degrader_955_minus_Stable_9,0.2030148
Degrader_574_minus_Stable_1235,0.20275274
Gene_AC073130.1,0.20250851
Degrader_1173_minus_Stable_19,0.20189147
Gene_CCDC144A,0.20138864
Gene_ANKRD22,0.20131855
Degrader_989_minus_Stable_871,0.20108637
Degrader_996_minus_Stable_933,0.20105575
Gene_TNN,0.20090167
Degrader_172_minus_Stable_1161,0.20058006
Gene_IL1R2,0.20044164
Gene_FABP4,0.19984241
Degrader_1486_minus_Stable_278,0.1991757
Degrader_533_minus_Stable_1220,0.19916883
Gene_BOD1L2,0.19902714
Gene_AC034243.1,0.19805418
Degrader_405_minus_Stable_797,0.19793656
Degrader_1150_minus_Stable_1204,0.19791771
Degrader_507_minus_Stable_244,0.19723842
Degrader_377_minus_Stable_289,0.19670266
Gene_FOLH1B,0.19634749
Gene_ANKRD20A4,0.196318
Gene_CCL3,0.19583844
Gene_LINC01356,0.19550821
Gene_AC104135.2,0.195082
Degrader_996_minus_Stable_1146,0.19431572
Gene_CNTNAP2,0.19371912
Gene_CLSTN2-AS1,0.1936826
Gene_RP11-248N22.1,0.19342531
Degrader_694_minus_Stable_223,0.19278781
Gene_AC093390.1,0.19206135
Gene_PRG4,0.19198778
Degrader_574_minus_Stable_1422,0.19099325
Gene_TFAP2B,0.19089235
Gene_CH507-9B2.1,0.19067022
Gene_CALCA,0.19052444
Degrader_55_minus_Stable_138,0.18994159
Gene_HIST1H2BH,0.18992844
Gene_RP11-495L19.1,0.18974806
Degrader_123_minus_Stable_19,0.18909052
Gene_IGHV2-70,0.18891351
Degrader_1136_minus_Stable_1204,0.18863112
Gene_HIST1H2BF,0.18793145
Degrader_245_minus_Stable_244,0.18788029
Gene_FSTL4,0.18699703
Gene_ACTC1,0.18649423
Gene_RP11-439I14.1,0.18616833
Gene_CXCL9,0.18586177
Gene_ADCYAP1,0.18580687
Degrader_829_minus_Stable_1235,0.18558767
Gene_ABCB11,0.18556724
Degrader_1304_minus_Stable_1128,0.18524723
Degrader_1444_minus_Stable_1429,0.1847095
Gene_CCKBR,0.18413822
Degrader_810_minus_Stable_551,0.18402275
Gene_RP11-138B4.1,0.18372434
Gene_LINC01644,0.18269198
Degrader_290_minus_Stable_807,0.18211336
Gene_HLA-V,0.18126972
Degrader_55_minus_Stable_933,0.1808659
RIN,0.18080589
Gene_CLEC20A,0.18044144
Degrader_1492_minus_Stable_244,0.18039356
Degrader_557_minus_Stable_102,0.1803588
Degrader_1001_minus_Stable_933,0.1800923
Degrader_989_minus_Stable_1422,0.17998597
Gene_ASPN,0.17949544
Degrader_405_minus_Stable_19,0.17902607
Gene_LINC01561,0.17864752
Gene_AKR1B15,0.1784115
Gene_G0S2,0.17830484
Gene_MMP9,0.17785956
Degrader_405_minus_Stable_1161,0.17764494
Degrader_1150_minus_Stable_109,0.17736052
Degrader_1001_minus_Stable_365,0.17715186
Gene_RP11-76E17.4,0.17706032
Degrader_1225_minus_Stable_1235,0.17690463
Gene_PRND,0.17685613
Degrader_720_minus_Stable_871,0.17683217
Gene_RP11-263K4.3,0.17676167
Degrader_1150_minus_Stable_807,0.17673995
Gene_SPINK1,0.17625304
Gene_CHRNA1,0.17617278
Gene_C17orf99,0.17614533
Gene_CSF3,0.17588308
Degrader_957_minus_Stable_1204,0.17526342
Degrader_1486_minus_Stable_465,0.17445183
Degrader_495_minus_Stable_289,0.17434558
Degrader_23_minus_Stable_933,0.17413042
Degrader_511_minus_Stable_551,0.1735672
Degrader_510_minus_Stable_776,0.17354693
Gene_HORMAD1,0.17336923
Degrader_1173_minus_Stable_776,0.17319025
Degrader_350_minus_Stable_1220,0.17277236
Gene_FAM83B,0.17242733
Degrader_552_minus_Stable_1429,0.17184047
Gene_RP11-389G6.3,0.17160441
Degrader_898_minus_Stable_223,0.17080681
Gene_CGA,0.17068638
Degrader_810_minus_Stable_289,0.17037462
Degrader_829_minus_Stable_223,0.17013824
Gene_AADACL2,0.16997553
Degrader_1304_minus_Stable_249,0.16988628
Degrader_1173_minus_Stable_1422,0.16971579
Gene_UQCRFS1P1,0.1693315
Degrader_312_minus_Stable_138,0.16925587
Gene_CTD-2228K2.1,0.1692316
Gene_C1orf68,0.16899501
Gene_RP11-333A23.4,0.16870429
Degrader_533_minus_Stable_278,0.16848013
Degrader_245_minus_Stable_1128,0.16827121
Gene_OR6B3,0.16781095
Gene_LRRC77P,0.16770872
Degrader_290_minus_Stable_244,0.16750607
Gene_SLCO1B7,0.16722278
Degrader_978_minus_Stable_223,0.16716893
Gene_KRT27,0.16700274
Gene_ALOX15B,0.16695267
Degrader_74_minus_Stable_1235,0.16604505
Degrader_74_minus_Stable_1204,0.1659963
Gene_RP11-404O13.5,0.1656929
Gene_GALNT15,0.16520336
Gene_CFHR3,0.164924
Degrader_1157_minus_Stable_776,0.1649208
Gene_IGKV2-29,0.16444968
Degrader_510_minus_Stable_551,0.16408484
Gene_PLD4,0.16385183
Degrader_1225_minus_Stable_1422,0.16385132
Gene_SLC34A2,0.16344218
Degrader_989_minus_Stable_109,0.1633602
Degrader_282_minus_Stable_289,0.16297352
Degrader_619_minus_Stable_551,0.16289875
Gene_SMPX,0.16252409
Degrader_1304_minus_Stable_1220,0.16237754
Gene_RP11-161D15.3,0.16228664
Degrader_978_minus_Stable_109,0.16224772
Degrader_1225_minus_Stable_1128,0.16177905
Degrader_1486_minus_Stable_244,0.16123503
Gene_ART1,0.16118069
Degrader_1304_minus_Stable_9,0.16116779
Degrader_1492_minus_Stable_776,0.16057822
Degrader_619_minus_Stable_1422,0.1605755
Gene_LINC00278,0.16036645
Degrader_1492_minus_Stable_1220,0.16034225
Gene_ABCC13,0.16012399
Degrader_737_minus_Stable_1161,0.15967834
Degrader_493_minus_Stable_776,0.15953596
Gene_GSDMC,0.15938038
Gene_KCNA4,0.15896864
Degrader_720_minus_Stable_223,0.15885173
Gene_RP11-717F1.2,0.15869404
Gene_HAP1,0.15862748
Gene_AP000350.5,0.15858394
Degrader_350_minus_Stable_551,0.15809567
Degrader_282_minus_Stable_109,0.15780813
Degrader_23_minus_Stable_249,0.15757793
Gene_CTD-2227C6.2,0.15722881
Degrader_245_minus_Stable_223,0.15712826
Gene_PIGR,0.15701912
Degrader_957_minus_Stable_1220,0.15679637
Gene_KRT6A,0.15585554
Gene_GAL,0.1557662
Gene_MS4A2,0.15531142
Degrader_1164_minus_Stable_109,0.15526102
Degrader_664_minus_Stable_1161,0.15497339
Gene_MUC7,0.15459123
Gene_KLK2,0.15455623
Gene_NPIPB2,0.15420303
Degrader_510_minus_Stable_102,0.1540348
Degrader_920_minus_Stable_1220,0.15373987
Gene_OPALIN,0.15365927
Degrader_510_minus_Stable_1204,0.15337662
Degrader_115_minus_Stable_551,0.1530725
Degrader_399_minus_Stable_1220,0.15299381
Gene_LINC01484,0.15271173
Gene_GKN1,0.15185569
Gene_S100A9,0.15175639
Degrader_510_minus_Stable_249,0.15133208
Degrader_245_minus_Stable_776,0.15132536
Gene_CCL3L3,0.15089016
RIN_squared,0.15085776
Gene_IRS4,0.1506119
Gene_LINC00403,0.14964503
Degrader_989_minus_Stable_797,0.14945996
Degrader_1150_minus_Stable_1235,0.14939599
Gene_MYL2,0.14939089
Degrader_172_minus_Stable_871,0.1493114
Gene_CHRDL2,0.14867993
Degrader_1015_minus_Stable_138,0.14843799
Degrader_123_minus_Stable_178,0.14810044
Degrader_74_minus_Stable_1161,0.14771922
Gene_RP11-527D7.1,0.14761974
Degrader_282_minus_Stable_365,0.14751706
Gene_IGKJ5,0.14729415
Gene_IDO1,0.14633824
Gene_PCSK9,0.14629184
Gene_PAQR9,0.14627732
Gene_HLA-DPB2,0.1461954
Degrader_493_minus_Stable_551,0.145973
Degrader_172_minus_Stable_465,0.14586097
Gene_TG,0.14574672
Degrader_1291_minus_Stable_551,0.14535858
Degrader_619_minus_Stable_223,0.14528865
Gene_PNMT,0.14524595
Degrader_409_minus_Stable_1204,0.14511916
Degrader_1015_minus_Stable_278,0.14495695
Degrader_290_minus_Stable_19,0.14458348
Degrader_619_minus_Stable_1204,0.14454487
Degrader_409_minus_Stable_1429,0.14453068
Degrader_134_minus_Stable_1422,0.14412092
Degrader_459_minus_Stable_1146,0.14349204
Gene_HLA-S,0.14319183
Degrader_1492_minus_Stable_551,0.14294498
Degrader_405_minus_Stable_1429,0.14264378
Degrader_690_minus_Stable_807,0.14263459
Degrader_1157_minus_Stable_797,0.14262785
Degrader_616_minus_Stable_1235,0.14254446
Gene_C4orf45,0.14239232
Gene_bP-2171C21.6,0.14231217
Gene_RAB3B,0.14190967
Degrader_574_minus_Stable_223,0.14176252
Gene_RP11-1191J2.2,0.14168017
Degrader_206_minus_Stable_19,0.14161994
Gene_WIF1,0.14141384
Degrader_495_minus_Stable_551,0.14133427
Degrader_1150_minus_Stable_142,0.14121121
Gene_NPIPB15,0.14119336
Degrader_1291_minus_Stable_1235,0.14102557
Degrader_169_minus_Stable_1226,0.14040214
Gene_USP32P2,0.14032437
Gene_RP11-569G13.3,0.14011626
Gene_GSTA1,0.13998602
Gene_BCL2A1,0.13987635
Degrader_466_minus_Stable_776,0.13958184
Gene_GPR12,0.13916425
Gene_GLYAT,0.13889454
Gene_MUC2,0.13872594
Degrader_1444_minus_Stable_1220,0.13860302
Degrader_312_minus_Stable_178,0.13845642
Gene_HLA-DQA2,0.13839313
Gene_DCD,0.13831696
Degrader_957_minus_Stable_1128,0.13826577
Degrader_898_minus_Stable_138,0.13816595
Degrader_619_minus_Stable_1220,0.13797808
Degrader_660_minus_Stable_19,0.13794859
Gene_SLC17A6,0.13789308
Gene_IGLV1-44,0.13763173
Gene_AC093627.8,0.13749683
Degrader_493_minus_Stable_244,0.13715109
Gene_LINC01945,0.13708085
Degrader_765_minus_Stable_102,0.13697174
Gene_CXCL8,0.1364503
Gene_KCNQ2,0.13617183
Gene_ZG16B,0.13610025
Gene_SPON1,0.13564388
Degrader_1173_minus_Stable_1429,0.13508826
Degrader_946_minus_Stable_1128,0.13487455
Gene_TXLNGY,0.13438493
Degrader_663_minus_Stable_933,0.13424066
Gene_KRT16P6,0.134094
Gene_RP11-467L24.1,0.13372916
Degrader_312_minus_Stable_1161,0.13355014
Degrader_533_minus_Stable_1422,0.13351908
Gene_IGKV1-39,0.13328189
Degrader_459_minus_Stable_797,0.13319142
Degrader_775_minus_Stable_1226,0.13315223
Degrader_664_minus_Stable_807,0.13289505
Degrader_1168_minus_Stable_797,0.13233353
Degrader_957_minus_Stable_1146,0.13227148
Gene_GPX1P1,0.13206361
Degrader_737_minus_Stable_244,0.13184997
Gene_TOP3BP1,0.13159578
Gene_MT1G,0.13148783
Degrader_1383_minus_Stable_1235,0.13136388
Gene_DLK1,0.1311507
Gene_HLA-U,0.1309267
Gene_MMD2,0.1308461
Degrader_557_minus_Stable_1422,0.13070562
Degrader_115_minus_Stable_807,0.13016248
Degrader_409_minus_Stable_1128,0.12994722
Degrader_290_minus_Stable_1235,0.12973773
Gene_CTD-2023N9.1,0.12972796
Gene_CIDEA,0.129677
Gene_RASGRF1,0.12965174
Gene_CCL15,0.12948558
Gene_LINC00922,0.12943146
Gene_AP000350.6,0.12880626
Degrader_694_minus_Stable_289,0.12840413
Gene_RP5-1021I20.2,0.1283115
Degrader_557_minus_Stable_365,0.12824966
Gene_RP11-259O2.2,0.12764734
Ratio_std,0.12758127
Gene_HBA2,0.12757629
Degrader_720_minus_Stable_807,0.12728392
Degrader_493_minus_Stable_289,0.12699082
Gene_ATE1-AS1,0.12695205
Degrader_955_minus_Stable_871,0.12687474
Gene_C1QL2,0.12648343
Degrader_1033_minus_Stable_1204,0.12643693
Gene_MAS1,0.12634195
Gene_FAM153C,0.12602282
Degrader_829_minus_Stable_365,0.1259901
Gene_EN1,0.12596531
Gene_FAM9C,0.12566167
Degrader_1139_minus_Stable_797,0.12534893
Gene_RP11-105C19.2,0.1249878
Gene_FAR2P1,0.12495384
Degrader_1225_minus_Stable_138,0.12476036
Degrader_350_minus_Stable_1161,0.1245893
Degrader_955_minus_Stable_365,0.124573715
Degrader_282_minus_Stable_1226,0.124518126
Gene_PRSS2,0.12443236
Gene_SDS,0.12407564
Gene_GRIK1,0.123891786
Gene_RP3-410C9.2,0.1235419
Degrader_552_minus_Stable_142,0.123394564
Degrader_1304_minus_Stable_1161,0.123232946
Degrader_694_minus_Stable_34,0.123020336
Gene_AP000351.4,0.12292302
Gene_CXCL13,0.12271788
Degrader_1173_minus_Stable_138,0.12219906
Degrader_350_minus_Stable_871,0.12202359
Degrader_290_minus_Stable_365,0.1219941
Degrader_247_minus_Stable_1204,0.12198616
Degrader_690_minus_Stable_19,0.121844895
Gene_FCRL2,0.12142998
Degrader_312_minus_Stable_19,0.12130019
Gene_PMS2P6,0.12126647
Degrader_663_minus_Stable_1146,0.12114283
Gene_FABP1,0.121038854
Gene_RP11-212I21.3,0.12094526
Gene_ZNF683,0.12081492
Gene_P2RX2,0.12061763
Degrader_206_minus_Stable_1146,0.12032278
Degrader_409_minus_Stable_1226,0.1201173
Gene_LINC01291,0.1200184
Gene_CD177P1,0.119711615
Degrader_557_minus_Stable_9,0.11961809
Gene_RP11-632K20.2,0.11956387
Gene_HCP5B,0.11949486
Degrader_1164_minus_Stable_807,0.11945829
Degrader_282_minus_Stable_9,0.11936577
Gene_EREG,0.11910426
Degrader_297_minus_Stable_178,0.11879667
Degrader_466_minus_Stable_797,0.11877898
Gene_RNF17,0.11821496
Gene_RP11-364B6.2,0.11817532
Gene_HPSE2,0.11813711
Degrader_619_minus_Stable_797,0.11793101
Gene_CST1,0.1179064
Gene_LINC00487,0.117905006
Gene_KC6,0.117886595
Degrader_775_minus_Stable_1235,0.117496036
Degrader_955_minus_Stable_102,0.117157795
Degrader_297_minus_Stable_1220,0.11711265
Degrader_1225_minus_Stable_1220,0.11710224
Degrader_619_minus_Stable_1128,0.11695763
Gene_PGA3,0.11681475
Gene_MYH2,0.1167207
Gene_C8orf22,0.11659003
Degrader_290_minus_Stable_102,0.11613126
Degrader_765_minus_Stable_1429,0.1158237
Gene_RP11-114G11.5,0.11580614
Gene_PNLDC1,0.11571195
Gene_NEK2,0.11570171
Degrader_1157_minus_Stable_1422,0.11567432
Degrader_619_minus_Stable_19,0.11567349
Degrader_409_minus_Stable_797,0.115528226
Gene_MYEOV,0.11549906
Gene_EPHA10,0.11513856
Gene_PPBP,0.115100525
Degrader_124_minus_Stable_1204,0.11498247
Gene_CHI3L1,0.114978574
Gene_NPPC,0.11484656
Degrader_1136_minus_Stable_142,0.11484236
Degrader_1225_minus_Stable_34,0.11483308
Degrader_1225_minus_Stable_797,0.114330724
Degrader_898_minus_Stable_776,0.114288315
Degrader_1492_minus_Stable_109,0.114226446
Degrader_765_minus_Stable_776,0.1140562
Gene_KLK3,0.11364331
Gene_HMP19,0.11361712
Degrader_297_minus_Stable_278,0.11303479
Degrader_1486_minus_Stable_365,0.113034
Degrader_720_minus_Stable_289,0.11299665
Degrader_1383_minus_Stable_1226,0.11296209
Degrader_1383_minus_Stable_1422,0.11279652
Degrader_1150_minus_Stable_289,0.1126806
Degrader_737_minus_Stable_19,0.11265197
Gene_REG1CP,0.11200779
Degrader_946_minus_Stable_109,0.11185776
Gene_RP11-496D24.2,0.11176572
Gene_OR7E11P,0.111700915
Degrader_282_minus_Stable_249,0.11164442
Degrader_1492_minus_Stable_1204,0.111353405
Gene_GUCY1B2,0.11131082
Degrader_574_minus_Stable_551,0.111305326
Gene_MB,0.11117049
Degrader_996_minus_Stable_1235,0.11103829
Degrader_493_minus_Stable_797,0.111004524
Degrader_282_minus_Stable_278,0.11098465
Gene_IGKV2D-29,0.11037029
Degrader_290_minus_Stable_1146,0.110275544
Degrader_172_minus_Stable_34,0.11018064
Degrader_694_minus_Stable_109,0.11016425
Gene_PADI4,0.110107586
Gene_PKD1P5,0.11009381
Gene_RP11-298I3.6,0.10986323
Gene_LUCAT1,0.10985416
Gene_U2AF1L5,0.10980351
Gene_LINC01165,0.10980336
Gene_FAM180B,0.109481476
Degrader_187_minus_Stable_1128,0.10933336
Degrader_619_minus_Stable_34,0.10919677
Degrader_134_minus_Stable_1235,0.10918511
Gene_C8orf34,0.109023616
Degrader_1291_minus_Stable_1226,0.10867438
Gene_MEGF11,0.1086347
Gene_RP11-343H5.4,0.108494826
Degrader_245_minus_Stable_365,0.1084592
Gene_SOST,0.10841454
Gene_GUCY2EP,0.1083724
Gene_CCL19,0.108196706
Gene_AC092155.4,0.107992195
Gene_PTX3,0.10796815
Degrader_1168_minus_Stable_807,0.10795863
Degrader_989_minus_Stable_278,0.10794374
Gene_GXYLT1P6,0.10794278
Degrader_247_minus_Stable_365,0.107905716
Gene_CTD-2006K23.1,0.107811354
Gene_PTCHD1,0.107557364
Degrader_920_minus_Stable_797,0.10744753
Degrader_123_minus_Stable_1422,0.107047945
Gene_LMX1A,0.10699683
Degrader_720_minus_Stable_244,0.106929965
Gene_RP11-64C12.8,0.10678092
Degrader_533_minus_Stable_933,0.10677866
Degrader_511_minus_Stable_138,0.10674823
Gene_NUTM2F,0.106718734
Degrader_616_minus_Stable_797,0.10662165
Gene_FAM157C,0.10647589
Gene_FAM153B,0.106401175
Gene_OR2L13,0.10638614
Gene_FAM169B,0.10638231
Gene_AQP9,0.1062097
Gene_SFRP4,0.10620687
Gene_CTD-2303H24.2,0.10610393
Gene_RP11-79H23.3,0.10608825
Degrader_405_minus_Stable_776,0.10562906
Gene_USP6,0.10553739
Gene_IGLV7-46,0.105494566
Degrader_737_minus_Stable_142,0.10544487
Gene_HIST2H2BF,0.10514374
Degrader_290_minus_Stable_138,0.10511781
Degrader_409_minus_Stable_1220,0.10507425
Degrader_405_minus_Stable_1220,0.104996495
Degrader_957_minus_Stable_1161,0.10499246
Gene_TNNT1,0.10495003
Degrader_1304_minus_Stable_933,0.10489467
Degrader_350_minus_Stable_807,0.1048697
Gene_CEACAM6,0.10470284
Degrader_690_minus_Stable_289,0.104700394
Gene_RP11-661A12.5,0.10466508
Degrader_123_minus_Stable_289,0.10453457
Gene_COL9A1,0.104296915
Degrader_1157_minus_Stable_102,0.10428258
Degrader_134_minus_Stable_142,0.10419595
Gene_SLC4A1,0.1039726
Degrader_1139_minus_Stable_1429,0.103912085
Degrader_399_minus_Stable_551,0.10372573
Degrader_206_minus_Stable_465,0.10366245
Gene_TDRD5,0.10360043
Degrader_1136_minus_Stable_289,0.10342756
Degrader_811_minus_Stable_278,0.10337904
Gene_RP11-114H24.2,0.10335999
Gene_AGBL1,0.10319897
Gene_RP11-424G14.1,0.1030427
Degrader_124_minus_Stable_34,0.10291487
Gene_IGHJ4,0.102749474
Gene_DACT2,0.102571905
Gene_STAC2,0.10254383
Gene_RP5-1171I10.5,0.10237599
Gene_SLITRK3,0.102317765
Gene_FUT3,0.10226873
Degrader_405_minus_Stable_249,0.102257
Degrader_459_minus_Stable_109,0.10179294
Gene_CBS,0.10165861
Degrader_1173_minus_Stable_551,0.10160212
Gene_RP4-737E23.2,0.10131392
Degrader_377_minus_Stable_1128,0.101176016
Degrader_996_minus_Stable_178,0.10104025
Gene_BRINP3,0.101026274
Degrader_1139_minus_Stable_278,0.10098796
Gene_C21orf33,0.100909434
Gene_GTSF1,0.100777686
Degrader_1383_minus_Stable_223,0.1003339
Degrader_663_minus_Stable_1161,0.10031111
Degrader_978_minus_Stable_871,0.10030418
Gene_SPRR2D,0.100261115
Ratio_min,0.100214735
Gene_KCNA1,0.10013895
Gene_NELL1,0.100044504
Degrader_1304_minus_Stable_1235,0.09988194
Degrader_74_minus_Stable_178,0.09952212
Degrader_775_minus_Stable_109,0.09943141
Gene_UCN2,0.09939549
Gene_RPL23AP87,0.09927069
Degrader_510_minus_Stable_178,0.09925933
Gene_ADAMTS18,0.09920249
Degrader_829_minus_Stable_102,0.099074624
Degrader_1136_minus_Stable_776,0.09901348
Degrader_978_minus_Stable_933,0.098866105
Gene_RP4-663N10.1,0.09885383
Gene_MGAT4C,0.09873508
Gene_HBB,0.09857318
Degrader_247_minus_Stable_19,0.09853139
Degrader_690_minus_Stable_551,0.09790235
Gene_AF001548.3,0.0977661
Gene_SMN2,0.09770808
Degrader_55_minus_Stable_1429,0.097616605
Gene_KRT16,0.09754068
Degrader_134_minus_Stable_244,0.0974991
Degrader_1033_minus_Stable_797,0.09741727
Gene_MIR137HG,0.09720641
Gene_FAM135B,0.0971145
Degrader_1015_minus_Stable_1226,0.097071454
Degrader_1444_minus_Stable_244,0.09700005
Degrader_690_minus_Stable_797,0.09699726
Degrader_1033_minus_Stable_142,0.0969049
Degrader_775_minus_Stable_289,0.0966744
Gene_SLITRK1,0.09653456
Degrader_811_minus_Stable_138,0.096471034
Gene_RP11-291B21.2,0.09642152
Degrader_1444_minus_Stable_776,0.09619079
Degrader_493_minus_Stable_223,0.09618481
Degrader_187_minus_Stable_551,0.09606039
Gene_STON1-GTF2A1L,0.09604733
Degrader_510_minus_Stable_244,0.096027225
Gene_ATP4A,0.09589279
Gene_FFAR2,0.095713526
Degrader_731_minus_Stable_1422,0.09568403
Gene_CNTN6,0.09546007
Gene_CYP3A5,0.095383756
Degrader_775_minus_Stable_465,0.09515403
Gene_CYP4F24P,0.09512668
Degrader_115_minus_Stable_142,0.095068745
Degrader_955_minus_Stable_1422,0.09494798
Degrader_290_minus_Stable_289,0.09492221
Degrader_493_minus_Stable_807,0.094903976
Gene_GSTM1,0.09490215
Gene_BCORP1,0.094886884
Degrader_466_minus_Stable_1161,0.09481077
Gene_ZFY,0.09480669
Gene_MYO5BP2,0.094801776
Degrader_978_minus_Stable_807,0.094353944
Gene_FCGR1CP,0.09420023
Gene_IGLV3-1,0.094164595
Degrader_694_minus_Stable_807,0.09409705
Degrader_694_minus_Stable_551,0.0940824
Gene_CLEC12A,0.09405158
Gene_IRX2,0.09381979
Gene_NWD2,0.093772955
Degrader_898_minus_Stable_551,0.09372939
Gene_LDHC,0.093612775
Degrader_811_minus_Stable_223,0.09355564
Gene_RP11-449L23.2,0.093502074
Degrader_664_minus_Stable_1128,0.09338928
Gene_LINC00707,0.09334881
Degrader_245_minus_Stable_465,0.09331756
Degrader_920_minus_Stable_1161,0.09327762
Degrader_511_minus_Stable_1422,0.09324073
Degrader_290_minus_Stable_1220,0.09319937
Degrader_957_minus_Stable_797,0.09284252
Gene_RP11-259K15.2,0.09282951
Degrader_957_minus_Stable_871,0.092653885
Degrader_172_minus_Stable_365,0.09255773
Degrader_187_minus_Stable_871,0.09235743
Gene_IGKV3-20,0.09215569
Degrader_1001_minus_Stable_289,0.09172972
Gene_CYP11B1,0.09146346
Gene_PWP2,0.09145221
Degrader_829_minus_Stable_19,0.091415845
Gene_RETN,0.0913519
Gene_LINC01436,0.09135146
Degrader_616_minus_Stable_9,0.09117429
Degrader_1225_minus_Stable_244,0.091101624
Degrader_891_minus_Stable_871,0.09103035
Degrader_1150_minus_Stable_1226,0.090859756
Gene_C14orf39,0.090852045
Gene_NR0B1,0.09085013
Degrader_169_minus_Stable_19,0.09051545
Gene_SPOCK3,0.09046001
Gene_PNLIP,0.090390414
Gene_IRX6,0.090135634
Degrader_115_minus_Stable_109,0.090112135
Degrader_1139_minus_Stable_289,0.08997312
Degrader_172_minus_Stable_1226,0.08992027
Gene_AKR1C8P,0.08991721
Gene_IL13,0.08972473
Gene_APOA2,0.08965221
Gene_LINGO2,0.08951891
Degrader_765_minus_Stable_289,0.08929058
Gene_CES1P1,0.08916074
Gene_GSDMA,0.08910648
Degrader_552_minus_Stable_1161,0.088934325
Gene_TSIX,0.088853456
Gene_KLK7,0.08880405
Gene_XXbac-BPG13B8.10,0.08878938
Degrader_399_minus_Stable_102,0.08859152
Degrader_664_minus_Stable_249,0.088536166
Gene_LVRN,0.08847036
Gene_SIGLEC14,0.08843944
Gene_PCP4,0.08843806
Gene_IGHV3-53,0.08829482
Gene_IGHV3-15,0.088264585
Gene_LGALS12,0.088153236
Gene_KCNJ4,0.08808286
Gene_REG3A,0.087801725
Degrader_660_minus_Stable_34,0.0877851
Gene_IGLV2-23,0.08756609
Degrader_1015_minus_Stable_19,0.08755062
Degrader_1486_minus_Stable_34,0.08739572
Degrader_955_minus_Stable_289,0.08739353
Gene_CRYBA2,0.08729514
Degrader_690_minus_Stable_776,0.08725887
Degrader_1157_minus_Stable_34,0.087251164
Degrader_765_minus_Stable_1204,0.08720586
Gene_DPP10,0.08711518
Degrader_409_minus_Stable_102,0.08701532
Degrader_134_minus_Stable_223,0.086943746
Gene_IGHG3,0.08694349
Degrader_996_minus_Stable_871,0.08691603
Degrader_510_minus_Stable_1146,0.08682453
Gene_IGKC,0.08676664
Degrader_660_minus_Stable_1128,0.08658115
Degrader_466_minus_Stable_465,0.08638045
Degrader_1225_minus_Stable_1429,0.08636532
Degrader_552_minus_Stable_1226,0.08625173
Degrader_552_minus_Stable_249,0.086132005
Degrader_731_minus_Stable_1161,0.085876286
Gene_IGLON5,0.08586705
Gene_LINC01835,0.08574337
Degrader_891_minus_Stable_9,0.085741214
Degrader_1486_minus_Stable_1204,0.08564813
Gene_PHACTR3,0.08548453
Degrader_996_minus_Stable_1161,0.085417375
Degrader_187_minus_Stable_34,0.085083045
Gene_LINC01127,0.084948815
Gene_MARCO,0.0846965
Gene_ANGPT4,0.084661745
Degrader_557_minus_Stable_1146,0.084591486
Degrader_829_minus_Stable_289,0.08456223
Gene_PTGER3,0.08448074
Gene_PLEKHG7,0.08440986
Degrader_282_minus_Stable_1220,0.08423522
Degrader_1444_minus_Stable_465,0.08417263
Degrader_690_minus_Stable_178,0.08398933
Gene_ADGRF5P1,0.0837595
Gene_GPRIN2,0.083525285
Degrader_829_minus_Stable_142,0.083461806
Degrader_1304_minus_Stable_871,0.08331199
Degrader_898_minus_Stable_1128,0.08329237
Degrader_690_minus_Stable_1226,0.08323628
Gene_TDGF1,0.08318968
Degrader_493_minus_Stable_1226,0.08312953
Gene_AMER3,0.08311381
Gene_PAX8-AS1,0.08293088
Degrader_811_minus_Stable_1220,0.082746
Gene_FCER2,0.08269821
Degrader_245_minus_Stable_1422,0.08248354
Gene_CTRB1,0.08244835
Gene_SBF1P1,0.08241428
Gene_ADORA2BP1,0.08236112
Degrader_616_minus_Stable_365,0.08233493
Gene_KRT6B,0.08224335
Gene_PPP1R3A,0.082198046
Gene_RP11-1084E5.1,0.08215437
Gene_THRSP,0.08205108
Gene_CCL24,0.081924625
Degrader_134_minus_Stable_34,0.08189001
Degrader_1291_minus_Stable_933,0.081832044
Gene_HLA-T,0.08173748
Gene_bP-21264C1.1,0.081602015
Degrader_775_minus_Stable_776,0.0814986
Degrader_989_minus_Stable_776,0.08149532
Degrader_282_minus_Stable_1235,0.08133095
Degrader_1033_minus_Stable_807,0.081269786
Gene_MMP27,0.08107796
Gene_RP11-60A14.1,0.08095842
Degrader_123_minus_Stable_776,0.08090975
Degrader_1033_minus_Stable_289,0.08090149
Gene_RP11-184J23.2,0.08067916
Gene_RPL10P6,0.080665305
Degrader_377_minus_Stable_178,0.08062426
Gene_CCL22,0.08047706
Gene_PRKY,0.080407165
Degrader_1136_minus_Stable_249,0.080403894
Degrader_690_minus_Stable_1128,0.080351725
Degrader_898_minus_Stable_1226,0.08020288
Degrader_619_minus_Stable_9,0.079955794
Gene_RHOT1P2,0.07992308
Degrader_206_minus_Stable_1128,0.0798932
Degrader_955_minus_Stable_1128,0.079862
Degrader_1001_minus_Stable_1429,0.079758614
Degrader_765_minus_Stable_1220,0.07947959
Gene_RPSAP53,0.07938535
Degrader_115_minus_Stable_1422,0.07911406
Gene_EFHB,0.07911003
Degrader_312_minus_Stable_223,0.07907605
Degrader_810_minus_Stable_871,0.078979984
Gene_GABRG3,0.07897336
Degrader_1492_minus_Stable_102,0.07896168
Degrader_690_minus_Stable_142,0.07894956
Degrader_206_minus_Stable_1235,0.078792736
Degrader_996_minus_Stable_249,0.07869347
Degrader_1383_minus_Stable_178,0.07866547
Gene_IL6,0.07861332
Degrader_297_minus_Stable_1429,0.07839503
Degrader_1383_minus_Stable_1204,0.07836276
Gene_RP11-434E6.4,0.07824555
Degrader_1444_minus_Stable_1128,0.078244045
Degrader_616_minus_Stable_1128,0.07817543
Degrader_1015_minus_Stable_871,0.078117244
Gene_GOLGA6L3,0.07807038
Degrader_134_minus_Stable_1128,0.07805643
Degrader_810_minus_Stable_1204,0.07797255
Gene_RP11-261C10.7,0.07785107
Degrader_663_minus_Stable_776,0.07779621
Gene_RP11-15E1.6,0.07755624
Degrader_507_minus_Stable_1422,0.07732331
Degrader_737_minus_Stable_289,0.077262506
Degrader_765_minus_Stable_1161,0.077155516
Degrader_1291_minus_Stable_142,0.07712686
Gene_RXFP2,0.076934114
Degrader_1304_minus_Stable_34,0.07692775
Degrader_574_minus_Stable_365,0.07688915
Degrader_350_minus_Stable_109,0.07687364
Gene_RP11-259G18.3,0.07666392
Gene_CXCL11,0.07664189
Degrader_720_minus_Stable_365,0.07663009
Degrader_891_minus_Stable_109,0.076619826
Gene_CFHR4,0.0765278
Degrader_312_minus_Stable_933,0.076448075
Gene_AF127936.3,0.07641887
Gene_RP11-356C4.5,0.07640545
Degrader_574_minus_Stable_933,0.076146185
Degrader_737_minus_Stable_1235,0.07605101
Degrader_1173_minus_Stable_142,0.07601688
Degrader_1001_minus_Stable_797,0.07579324
Gene_CLEC12B,0.07573053
Gene_IGLV7-43,0.07566993
Degrader_123_minus_Stable_102,0.075570256
Degrader_1173_minus_Stable_9,0.07552975
Gene_CCT7P2,0.07551402
Gene_CASP14,0.075440735
Degrader_989_minus_Stable_465,0.0753728
Degrader_405_minus_Stable_551,0.07531502
Degrader_511_minus_Stable_249,0.0752934
Degrader_557_minus_Stable_797,0.07527383
Gene_XIST,0.07513945
Degrader_1015_minus_Stable_1235,0.075075865
Degrader_557_minus_Stable_249,0.07498115
Gene_RP1-140K8.5,0.07481207
Degrader_466_minus_Stable_1235,0.07480041
Gene_MRGPRX2,0.07464918
Degrader_957_minus_Stable_34,0.074612804
Degrader_245_minus_Stable_289,0.074576676
Gene_KLK1,0.07456841
Gene_MYF6,0.07447755
Gene_CITF22-49D8.1,0.074421614
Gene_IGHV4-39,0.07440175
Gene_PGA5,0.07438568
Degrader_1150_minus_Stable_1161,0.074026294
Degrader_996_minus_Stable_1422,0.07396247
Degrader_134_minus_Stable_138,0.07391823
Gene_RP11-138I17.1,0.07387198
Degrader_459_minus_Stable_1429,0.07378423
Gene_RP11-32B5.8,0.07374146
Degrader_1486_minus_Stable_1226,0.073717654
Degrader_1001_minus_Stable_1161,0.07371017
Degrader_989_minus_Stable_142,0.07370238
Degrader_664_minus_Stable_223,0.073700935
Gene_IGFN1,0.07364744
Gene_SNX31,0.07364484
Degrader_996_minus_Stable_797,0.07357614
Degrader_664_minus_Stable_178,0.07355466
Degrader_1015_minus_Stable_142,0.073553406
Degrader_1015_minus_Stable_365,0.073524795
Degrader_409_minus_Stable_138,0.07350847
Degrader_891_minus_Stable_1128,0.0733311
Degrader_350_minus_Stable_223,0.07324165
Degrader_510_minus_Stable_289,0.073227234
Degrader_350_minus_Stable_249,0.073200166
Degrader_1150_minus_Stable_797,0.07317546
Degrader_664_minus_Stable_1220,0.073014535
Gene_NLGN4Y,0.0728869
Degrader_466_minus_Stable_34,0.07283731
Degrader_350_minus_Stable_102,0.07279855
Gene_ADIPOQ,0.07279012
Degrader_920_minus_Stable_465,0.072724015
Degrader_511_minus_Stable_289,0.07270175
Gene_ADH4,0.072691515
Degrader_123_minus_Stable_933,0.07264924
Degrader_134_minus_Stable_178,0.07248469
Degrader_1150_minus_Stable_278,0.0724715
Degrader_297_minus_Stable_797,0.07240704
Gene_APOA4,0.072373904
Degrader_1168_minus_Stable_1422,0.07235064
Gene_RP6-91H8.5,0.072089545
Gene_SNX18P13,0.07200145
Gene_RP11-542F9.1,0.07167746
Degrader_1444_minus_Stable_1422,0.07166424
Degrader_616_minus_Stable_19,0.07164949
Gene_SUPT20HL1,0.071609855
Degrader_377_minus_Stable_807,0.071415216
Gene_CTA-315H11.2,0.07137548
Gene_IGLV3-19,0.071319096
Gene_SYT13,0.07128385
Degrader_690_minus_Stable_34,0.071273595
Degrader_978_minus_Stable_249,0.0712514
Gene_VSTM2A,0.07117458
Degrader_731_minus_Stable_19,0.07116304
Degrader_1291_minus_Stable_244,0.07115383
Degrader_775_minus_Stable_138,0.07110537
Degrader_1492_minus_Stable_1128,0.070922755
Gene_CH507-210P18.3,0.07088093
Gene_GREM1,0.07075204
Gene_EDN3,0.07069933
Degrader_55_minus_Stable_102,0.07051681
Degrader_891_minus_Stable_289,0.07050221
Gene_EIF2AP4,0.07043059
Gene_IGLV3-25,0.07030441
Degrader_245_minus_Stable_178,0.07028366
Gene_IGHM,0.07020465
Degrader_955_minus_Stable_1146,0.07012958
Gene_MMP3,0.07009964
Gene_TTR,0.06988215
Degrader_663_minus_Stable_1128,0.06987674
Gene_CD163,0.06981225
Gene_IGHV1-18,0.06970538
Gene_SPRR2A,0.069688156
Gene_LINC01504,0.06968472
Gene_PFKFB1,0.069683075
Gene_AHRR,0.06958678
Degrader_1486_minus_Stable_551,0.0695419
Degrader_660_minus_Stable_244,0.06951117
Gene_DLX2,0.06939892
Degrader_891_minus_Stable_178,0.06938938
Gene_RP11-706O15.5,0.06912491
Degrader_731_minus_Stable_9,0.06908429
Gene_TTTY14,0.06905368
Gene_A4GNT,0.069050185
Degrader_898_minus_Stable_1235,0.069022864
Gene_ACTG2,0.06866627
Gene_FCN2,0.068640545
Degrader_1304_minus_Stable_1429,0.06855863
Degrader_297_minus_Stable_1235,0.06835994
Degrader_1139_minus_Stable_1235,0.06818772
Gene_SLC6A13,0.06818295
Degrader_169_minus_Stable_365,0.06810882
Gene_P2RY13,0.06798457
Gene_FMO1,0.067860514
Degrader_1164_minus_Stable_244,0.06775475
Degrader_1492_minus_Stable_278,0.06768975
Degrader_507_minus_Stable_465,0.067656316
Degrader_115_minus_Stable_365,0.06763931
Degrader_1304_minus_Stable_178,0.06762778
Degrader_1136_minus_Stable_551,0.06761341
Gene_CPNE4,0.06751026
Degrader_557_minus_Stable_1128,0.06739674
Degrader_377_minus_Stable_797,0.06735138
Gene_IGLC3,0.06728757
Gene_ANTXRL,0.0672467
Degrader_297_minus_Stable_776,0.067212306
Degrader_172_minus_Stable_797,0.06720165
Degrader_1444_minus_Stable_138,0.06712599
Gene_RP11-613E4.4,0.067090206
Degrader_664_minus_Stable_797,0.06705891
Degrader_409_minus_Stable_933,0.066964045
Gene_RP11-495K9.10,0.06686919
Gene_CALCR,0.06674145
Degrader_409_minus_Stable_244,0.066701576
Gene_FAM27C,0.066567294
Gene_PRM1,0.06653341
Gene_XCR1,0.06651487
Degrader_810_minus_Stable_109,0.066414766
Degrader_694_minus_Stable_365,0.06637275
Gene_RP11-958N24.2,0.066371955
Degrader_510_minus_Stable_807,0.06635907
Gene_MAP1LC3C,0.06630608
Gene_OLR1,0.06619641
Gene_RP11-83M16.4,0.06613962
Degrader_720_minus_Stable_138,0.066124916
Gene_AC144835.1,0.06612442
Gene_RP5-1017F8.2,0.06595932
Gene_CIDEC,0.06588086
Gene_DUSP13,0.06576949
Degrader_409_minus_Stable_551,0.06575008
Degrader_737_minus_Stable_1226,0.065678686
Gene_UTY,0.06567067
Degrader_115_minus_Stable_289,0.06561706
Gene_GXYLT1P5,0.06546827
Gene_FFAR1,0.065417625
Degrader_660_minus_Stable_776,0.065408945
Degrader_511_minus_Stable_933,0.06528066
Gene_CTD-3080P12.3,0.06499178
Degrader_350_minus_Stable_933,0.064984046
Gene_LINC01508,0.06496973
Degrader_124_minus_Stable_365,0.0647902
Degrader_350_minus_Stable_1204,0.06450329
Degrader_123_minus_Stable_551,0.06433843
Degrader_664_minus_Stable_1235,0.06427015
Degrader_660_minus_Stable_1146,0.064256206
Degrader_510_minus_Stable_1128,0.06424325
Gene_ANKRD26P1,0.06420052
Gene_F2RL3,0.06412033
Gene_RP11-527H14.4,0.06407625
Gene_TBC1D27,0.0640384
Degrader_1304_minus_Stable_551,0.06396375
Gene_ORM1,0.063827105
Degrader_1136_minus_Stable_1146,0.06368765
Degrader_663_minus_Stable_1204,0.063673064
Gene_HOXC12,0.06359513
Gene_PLIN4,0.063567355
Degrader_946_minus_Stable_933,0.06338355
Degrader_1157_minus_Stable_933,0.06337169
Degrader_557_minus_Stable_551,0.06334934
Gene_RP1-47M23.3,0.06334338
Gene_LINC00645,0.063306525
Degrader_134_minus_Stable_797,0.063237324
Gene_LINC00890,0.063225634
Gene_RP11-281P23.1,0.063152745
Degrader_377_minus_Stable_142,0.0630344
Degrader_507_minus_Stable_19,0.06290966
Degrader_74_minus_Stable_142,0.06289842
Degrader_1486_minus_Stable_797,0.062823206
Gene_PCDHB1,0.06267353
Degrader_312_minus_Stable_289,0.06261416
Gene_IGLV1-47,0.06255761
Degrader_1015_minus_Stable_776,0.062435582
Degrader_957_minus_Stable_933,0.062426396
Degrader_1486_minus_Stable_1128,0.062402915
Degrader_206_minus_Stable_178,0.062373772
Degrader_996_minus_Stable_1128,0.062342785
Gene_INSRR,0.06207976
Gene_FBLL1,0.062073793
Gene_RP11-71E19.2,0.062052526
Degrader_775_minus_Stable_1429,0.062022597
Degrader_720_minus_Stable_1220,0.062017754
Gene_PCDH8,0.061889473
Degrader_55_minus_Stable_278,0.06188203
Degrader_172_minus_Stable_109,0.061839875
Degrader_74_minus_Stable_9,0.061768137
Gene_CELA3B,0.06168363
Degrader_247_minus_Stable_102,0.06165748
Degrader_124_minus_Stable_551,0.061651926
Degrader_663_minus_Stable_289,0.06161581
Degrader_399_minus_Stable_933,0.061550282
Degrader_312_minus_Stable_1128,0.06151455
Gene_RP11-262H14.3,0.061494116
Gene_OR52K3P,0.06148964
Gene_RP11-414C23.1,0.061467458
Gene_TECRL,0.06135436
Degrader_619_minus_Stable_871,0.06134166
Gene_CRISP3,0.061236504
Degrader_1150_minus_Stable_933,0.06111563
Gene_SNCB,0.061054464
Gene_MUC13,0.060939994
Gene_IGHV1-24,0.060736053
Degrader_1015_minus_Stable_1128,0.060722686
Gene_IGKJ1,0.060695678
Degrader_557_minus_Stable_1204,0.060668383
Gene_TNFSF15,0.060527984
Gene_BX255923.2,0.060512953
Gene_BMS1P10,0.060477387
Degrader_829_minus_Stable_871,0.060473144
Degrader_442_minus_Stable_1422,0.060296666
Degrader_1486_minus_Stable_871,0.060245354
Degrader_1304_minus_Stable_289,0.060241323
Gene_KRT4,0.06019359
Gene_GPAT2P1,0.060141534
Degrader_493_minus_Stable_142,0.06005186
Degrader_247_minus_Stable_9,0.059959106
Degrader_811_minus_Stable_871,0.059903692
Degrader_442_minus_Stable_1235,0.059840884
Degrader_920_minus_Stable_278,0.059797436
Degrader_1033_minus_Stable_19,0.059663035
Gene_BLK,0.059605442
Degrader_74_minus_Stable_19,0.059563205
Degrader_694_minus_Stable_138,0.059556313
Degrader_187_minus_Stable_797,0.059519295
Gene_BCYRN1,0.05947806
Gene_LRRC55,0.059419423
Gene_JCHAIN,0.059407692
Gene_NPY,0.059306767
Gene_RP11-10L7.1,0.05928341
Degrader_172_minus_Stable_178,0.059255525
Degrader_74_minus_Stable_249,0.059192307
Gene_RP11-184M15.1,0.059080906
Degrader_1444_minus_Stable_178,0.058922864
Degrader_1150_minus_Stable_365,0.058912106
Gene_COMP,0.058871083
Gene_CPB1,0.058859084
Degrader_811_minus_Stable_465,0.058795158
Gene_RP11-320M16.2,0.05866396
Degrader_290_minus_Stable_1429,0.05865366
Gene_RP11-489O18.1,0.058608565
Degrader_660_minus_Stable_249,0.05860583
Gene_LINC01235,0.058576476
Degrader_459_minus_Stable_1235,0.0585706
Degrader_690_minus_Stable_138,0.05855813
Gene_EDN2,0.058517963
Gene_KRT32,0.058400862
Degrader_557_minus_Stable_1220,0.058387037
Gene_RP11-531A24.3,0.058223173
Degrader_660_minus_Stable_178,0.058181345
Degrader_557_minus_Stable_223,0.05815426
Degrader_891_minus_Stable_249,0.058122348
Degrader_737_minus_Stable_223,0.05805013
Degrader_957_minus_Stable_1226,0.058035716
Gene_SIK1,0.058020853
Degrader_282_minus_Stable_19,0.05792379
Degrader_533_minus_Stable_249,0.057795215
Gene_AC093787.1,0.05778742
Degrader_312_minus_Stable_244,0.05774528
Degrader_616_minus_Stable_465,0.057708245
Gene_C2CD4A,0.05770473
Gene_VIM2P,0.057607993
Degrader_1291_minus_Stable_34,0.057107676
Degrader_459_minus_Stable_278,0.05707226
Gene_NUPR2,0.05701115
Gene_RP11-706O15.3,0.056930393
Degrader_495_minus_Stable_1429,0.056904502
Gene_RARRES1,0.05690279
Gene_CHI3L2,0.056854676
Degrader_377_minus_Stable_1220,0.05680634
Gene_RP11-250H24.2,0.05679235
Gene_CDH18,0.05666774
Degrader_663_minus_Stable_1235,0.056651708
Degrader_957_minus_Stable_249,0.056542758
Degrader_1157_minus_Stable_289,0.056470558
Gene_CBSL,0.05643858
Degrader_664_minus_Stable_109,0.056346647
Degrader_399_minus_Stable_1161,0.05633214
Degrader_466_minus_Stable_807,0.056287743
Degrader_377_minus_Stable_551,0.05628159
Degrader_124_minus_Stable_933,0.056271013
Gene_KDM5D,0.056239787
Degrader_663_minus_Stable_871,0.05615065
Degrader_989_minus_Stable_138,0.056089193
Degrader_466_minus_Stable_178,0.056065995
Degrader_1492_minus_Stable_1146,0.05606076
Gene_SLCO1B1,0.055998635
Gene_CPLX2,0.05596732
Gene_RP11-403B2.6,0.05584115
Degrader_511_minus_Stable_109,0.055729058
Degrader_1033_minus_Stable_1226,0.055683404
Degrader_1492_minus_Stable_1161,0.05567447
Gene_KRT2,0.05567174
Gene_RP11-331F4.4,0.055654913
Degrader_245_minus_Stable_102,0.055594813
Gene_FUT9,0.05548497
Gene_CA12,0.055387937
Gene_MAS1L,0.055320375
Degrader_690_minus_Stable_465,0.055294283
Degrader_775_minus_Stable_19,0.055253208
Gene_IGKV3-15,0.055179223
Degrader_811_minus_Stable_1226,0.055166785
Degrader_690_minus_Stable_1204,0.055137455
Degrader_811_minus_Stable_109,0.05513054
Degrader_552_minus_Stable_1422,0.05510585
Degrader_1225_minus_Stable_1204,0.055043265
Gene_LINC01616,0.054851506
Gene_POU2F3,0.054777138
Gene_IGHV3-73,0.054760262
Degrader_399_minus_Stable_278,0.054697197
Gene_CD177,0.054683506
Degrader_1444_minus_Stable_289,0.05467797
Gene_ART5,0.054614987
Degrader_123_minus_Stable_365,0.054572146
Degrader_123_minus_Stable_1204,0.05453631
Degrader_891_minus_Stable_1220,0.054486077
Gene_AC007182.6,0.05448155
Degrader_312_minus_Stable_797,0.054479886
Degrader_495_minus_Stable_1161,0.054429755
Degrader_399_minus_Stable_797,0.05439919
Gene_RP11-1000B6.7,0.05439298
Degrader_989_minus_Stable_933,0.0542179
Degrader_1225_minus_Stable_465,0.05419748
Degrader_74_minus_Stable_465,0.05393423
Degrader_23_minus_Stable_278,0.053925294
Gene_IGHV3-21,0.053913377
Degrader_616_minus_Stable_871,0.053907085
Degrader_206_minus_Stable_807,0.05386753
Degrader_619_minus_Stable_142,0.05381434
Gene_DDX3Y,0.053798083
Gene_HOTAIR,0.05377257
Gene_RP11-254F19.4,0.05367033
Degrader_533_minus_Stable_1128,0.053577773
Gene_RP13-507P19.2,0.053424764
Gene_RP11-384P7.7,0.053213246
Gene_MIR7-3HG,0.053207606
Gene_CYP2W1,0.05320534
Gene_FGF16,0.053131063
Degrader_1304_minus_Stable_365,0.05308867
Gene_CD1C,0.05308139
Degrader_493_minus_Stable_34,0.05301478
Degrader_660_minus_Stable_797,0.052966088
Degrader_955_minus_Stable_138,0.0529654
Degrader_297_minus_Stable_1226,0.052901275
Degrader_172_minus_Stable_551,0.05288962
Degrader_989_minus_Stable_1220,0.052861493
Gene_OR7C1,0.05279139
Degrader_1225_minus_Stable_551,0.052774694
Degrader_1164_minus_Stable_797,0.052753713
Gene_RTP1,0.052743506
Degrader_405_minus_Stable_178,0.052628946
Gene_RP11-405L18.4,0.05262826
Gene_MYO16-AS1,0.052610725
Degrader_409_minus_Stable_871,0.05260395
Gene_TNFRSF13B,0.052589137
Degrader_898_minus_Stable_465,0.052475877
Degrader_557_minus_Stable_465,0.052358314
Degrader_1225_minus_Stable_249,0.05233599
Gene_PCSK1,0.052293092
Degrader_810_minus_Stable_1422,0.052260533
Degrader_1015_minus_Stable_289,0.052174885
Degrader_495_minus_Stable_223,0.05216355
Degrader_829_minus_Stable_249,0.052157898
Degrader_290_minus_Stable_871,0.0521153
Degrader_409_minus_Stable_289,0.05210959
Gene_CYP1A1,0.052059133
Degrader_206_minus_Stable_1161,0.051969633
Degrader_978_minus_Stable_278,0.05193242
Gene_AQP7P4,0.051818505
Degrader_978_minus_Stable_776,0.051793065
Degrader_557_minus_Stable_1429,0.0517907
Degrader_660_minus_Stable_465,0.051759142
Degrader_493_minus_Stable_465,0.05175562
Degrader_495_minus_Stable_1226,0.051620763
Gene_HP,0.051560305
Gene_AGAP12P,0.051508255
Degrader_507_minus_Stable_776,0.051507577
Degrader_495_minus_Stable_871,0.051424116
Degrader_466_minus_Stable_1204,0.051309332
Degrader_511_minus_Stable_1220,0.051232327
Gene_FAM106A,0.05121864
Degrader_459_minus_Stable_1220,0.05121854
Degrader_989_minus_Stable_807,0.051198646
Gene_RP11-148L24.1,0.05117182
Degrader_169_minus_Stable_289,0.051044468
Gene_IGHV3-30,0.05104257
Degrader_989_minus_Stable_289,0.050918523
Degrader_737_minus_Stable_465,0.0508399
Gene_RGS4,0.050680343
Degrader_1168_minus_Stable_9,0.05061937
Gene_TAS2R64P,0.050535385
Gene_XKR9,0.050481334
Gene_SLC30A10,0.050464615
Degrader_1150_minus_Stable_1146,0.05046234
Gene_CAMP,0.050389893
Degrader_660_minus_Stable_1226,0.050313648
Gene_U2AF1,0.05023103
Degrader_1164_minus_Stable_1422,0.05022739
Gene_HBA1,0.05022666
Degrader_989_minus_Stable_1204,0.050152164
Degrader_891_minus_Stable_807,0.050112706
Degrader_1168_minus_Stable_178,0.050059754
Gene_NAP1L1P2,0.05003061
Gene_NPIPA5,0.049974166
Degrader_124_minus_Stable_278,0.049879067
Degrader_442_minus_Stable_278,0.04985983
Degrader_898_minus_Stable_1429,0.04984142
Degrader_1173_minus_Stable_1226,0.04981297
Gene_TRIM71,0.049778096
Degrader_1164_minus_Stable_142,0.049777247
Degrader_1304_minus_Stable_244,0.04977289
Degrader_297_minus_Stable_465,0.04974023
Degrader_247_minus_Stable_1226,0.049562205
Gene_TMSB4Y,0.049406387
Degrader_829_minus_Stable_1146,0.04933825
Gene_ADGRG4,0.04932311
Degrader_507_minus_Stable_178,0.049315654
Gene_AOX2P,0.049310405
Gene_REG3G,0.049309883
Degrader_123_minus_Stable_109,0.04926107
Degrader_290_minus_Stable_776,0.04925921
Gene_OR52N3P,0.049255956
Gene_HSPB3,0.04921423
Degrader_511_minus_Stable_19,0.04919082
Gene_UNC5D,0.049146596
Degrader_996_minus_Stable_776,0.049087223
Degrader_955_minus_Stable_1204,0.049010042
Gene_TMEM8C,0.04899739
Gene_DHRS9,0.04892831
Degrader_694_minus_Stable_871,0.048817035
Degrader_920_minus_Stable_249,0.04880909
Gene_IGLV5-45,0.048746806
Gene_PSORS1C3,0.048738323
Degrader_1291_minus_Stable_223,0.04870061
Gene_EIF1AY,0.0486108
Degrader_134_minus_Stable_1220,0.04843964
Gene_CNGA3,0.048321635
Gene_PRSS1,0.04831873
Gene_MT1A,0.048284937
Degrader_978_minus_Stable_19,0.048179917
Degrader_616_minus_Stable_933,0.048163347
Gene_KRT25,0.0480887
Gene_HTR2C,0.048023976
Degrader_124_minus_Stable_797,0.04802372
Degrader_466_minus_Stable_102,0.047977533
Gene_KLK5,0.047808215
Degrader_955_minus_Stable_1161,0.047787055
Gene_GPR15,0.04776862
Degrader_765_minus_Stable_178,0.04766966
Degrader_1164_minus_Stable_1429,0.047639035
Degrader_955_minus_Stable_1220,0.047561966
Gene_IGHV1-2,0.047454122
Degrader_891_minus_Stable_1226,0.047391754
Gene_FAM163B,0.047321085
Degrader_765_minus_Stable_9,0.047309943
Degrader_1136_minus_Stable_1226,0.047059793
Gene_FAM30A,0.04705686
Degrader_898_minus_Stable_109,0.04697706
Gene_AP000445.1,0.046887286
Degrader_898_minus_Stable_933,0.046880193
Gene_MZB1,0.046878465
Degrader_495_minus_Stable_109,0.04681727
Gene_WNT2,0.04673379
Degrader_690_minus_Stable_1161,0.04671785
Degrader_1001_minus_Stable_244,0.046684597
Degrader_377_minus_Stable_871,0.04667808
Gene_SLC6A3,0.046616264
Degrader_377_minus_Stable_1204,0.046525776
Degrader_1291_minus_Stable_102,0.046469197
Gene_KRT13,0.04640733
Gene_SLC22A16,0.046305038
Gene_GJB6,0.04629525
Gene_MYH6,0.04627772
Gene_IGKV4-1,0.04627696
Degrader_206_minus_Stable_871,0.0461877
Gene_ELFN2,0.04617177
Gene_KIAA1210,0.046130035
Degrader_247_minus_Stable_244,0.046128657
Degrader_978_minus_Stable_1204,0.046087634
Gene_HTR1D,0.046076283
Degrader_989_minus_Stable_551,0.04605655
Degrader_996_minus_Stable_102,0.04589439
Degrader_377_minus_Stable_1422,0.04576574
Degrader_169_minus_Stable_102,0.04571818
Degrader_459_minus_Stable_34,0.045626517
Gene_TBC1D3D,0.045599934
Gene_CEACAM5,0.045473248
Degrader_664_minus_Stable_244,0.045434125
Gene_RP11-175I6.5,0.04537703
Gene_ARGFXP1,0.045362633
Gene_RSPO1,0.04531568
Degrader_442_minus_Stable_244,0.045191303
Degrader_978_minus_Stable_465,0.04516344
Gene_IGLC1,0.044989143
Degrader_775_minus_Stable_807,0.044938993
Degrader_495_minus_Stable_465,0.044777807
Gene_RP11-753N8.1,0.044733252
Degrader_663_minus_Stable_1429,0.044712603
Degrader_737_minus_Stable_871,0.044702858
Gene_LINC00661,0.04469787
Gene_LGALS17A,0.044646777
Degrader_765_minus_Stable_19,0.044611435
Degrader_134_minus_Stable_871,0.04447024
Gene_ANKRD18DP,0.04438286
Degrader_399_minus_Stable_289,0.044310972
Degrader_409_minus_Stable_109,0.044275373
Degrader_920_minus_Stable_109,0.04424163
Degrader_1492_minus_Stable_289,0.044234425
Degrader_1173_minus_Stable_933,0.044167817
Degrader_507_minus_Stable_1220,0.044011325
Degrader_1001_minus_Stable_142,0.043984726
Degrader_619_minus_Stable_178,0.04364264
Gene_RP11-90P13.1,0.043624148
Gene_SLC11A1,0.043609455
Gene_DMRT3,0.043566573
Gene_PCAT14,0.043513604
Degrader_731_minus_Stable_1128,0.043314163
Gene_SPOCD1,0.04324726
Degrader_720_minus_Stable_776,0.043244846
Gene_MIF-AS1,0.043237306
Gene_SYCN,0.04321364
Gene_DSCAM,0.043193635
Degrader_1150_minus_Stable_776,0.04318529
Degrader_552_minus_Stable_1146,0.04297252
Degrader_1139_minus_Stable_1220,0.04295223
Gene_XIRP1,0.04293164
Gene_USP9Y,0.042924773
Degrader_1291_minus_Stable_1220,0.042914517
Degrader_829_minus_Stable_138,0.04290318
Gene_S100A12,0.042876337
Degrader_731_minus_Stable_223,0.042853694
Gene_LLPH-AS1,0.042779062
Gene_RPSAP44,0.04277141
Degrader_290_minus_Stable_178,0.042761467
Gene_PRM2,0.04272158
Degrader_829_minus_Stable_933,0.042698942
Degrader_134_minus_Stable_9,0.042678203
Gene_KLKP1,0.042645223
Gene_RBM46,0.042590868
Gene_KCNJ15,0.04255336
Degrader_810_minus_Stable_142,0.042537786
Degrader_115_minus_Stable_278,0.042481035
Gene_RP11-536G4.2,0.04248079
Degrader_533_minus_Stable_34,0.04247237
Degrader_533_minus_Stable_1226,0.042453147
Degrader_377_minus_Stable_102,0.04243413
Gene_CKM,0.042410333
Gene_TUNAR,0.04239658
Degrader_1150_minus_Stable_871,0.042330045
Degrader_169_minus_Stable_776,0.042212233
Gene_ZNF804B,0.04213297
Degrader_1033_minus_Stable_34,0.042076092
Degrader_574_minus_Stable_1128,0.041985795
Degrader_169_minus_Stable_871,0.04196923
Degrader_247_minus_Stable_223,0.041941836
Gene_LINC01021,0.041928753
Degrader_1001_minus_Stable_109,0.041918576
Degrader_23_minus_Stable_138,0.041897897
Gene_IGHGP,0.041826602
Gene_COX20P1,0.041821033
Degrader_1033_minus_Stable_776,0.041805405
Degrader_493_minus_Stable_1235,0.041799836
Degrader_134_minus_Stable_102,0.041772913
Gene_LINC00473,0.041758362
Degrader_1173_minus_Stable_1204,0.04173106
Degrader_1033_minus_Stable_465,0.041675687
Gene_TREML4,0.04161435
Gene_AC018804.6,0.041468788
Degrader_459_minus_Stable_933,0.041427862
Gene_PLEKHS1,0.04142417
Degrader_1225_minus_Stable_178,0.04136422
Degrader_1136_minus_Stable_807,0.0413621
Degrader_495_minus_Stable_1204,0.04122096
Gene_CDH16,0.041197892
Degrader_829_minus_Stable_797,0.041194312
Degrader_810_minus_Stable_933,0.041185394
RIN_x_Autolysis,0.04113239
Gene_IGKV3D-20,0.04112525
Degrader_495_minus_Stable_1128,0.04112275
Degrader_511_minus_Stable_178,0.041026793
Degrader_737_minus_Stable_1204,0.040973965
Gene_INTS4P1,0.040826857
Degrader_124_minus_Stable_178,0.040825862
Degrader_810_minus_Stable_19,0.040787216
Degrader_619_minus_Stable_138,0.04075649
Gene_RP11-83M16.6,0.040678207
Degrader_552_minus_Stable_1220,0.04063791
Gene_AP001056.1,0.04057238
Degrader_206_minus_Stable_138,0.040570688
Gene_AQP7,0.04056076
Gene_PCK1,0.040547125
Degrader_377_minus_Stable_1429,0.04053057
Gene_CRABP1,0.04052793
Degrader_1136_minus_Stable_223,0.04051572
Degrader_169_minus_Stable_178,0.040432353
Degrader_187_minus_Stable_1161,0.040330663
Gene_RP11-439I14.2,0.040317267
Gene_AC073850.6,0.040287774
Gene_GABRG1,0.040244058
Gene_HSFX1,0.040240698
Degrader_206_minus_Stable_9,0.0401939
Gene_NOP56P1,0.04014661
Degrader_1304_minus_Stable_278,0.039973054
Gene_TRIM50,0.039964702
Gene_SHISA8,0.039865017
Gene_SMG1P4,0.039807424
Gene_IGLV8-61,0.039790027
Degrader_1164_minus_Stable_34,0.039788432
Gene_CELA3A,0.03976272
Degrader_731_minus_Stable_1235,0.039667103
Degrader_1157_minus_Stable_1226,0.039663672
Gene_RP11-449H15.3,0.03965987
Gene_SAA2,0.03957543
Gene_OR7E99P,0.03951828
Gene_FCRL5,0.039472677
Gene_RP11-161D15.1,0.039442535
Degrader_466_minus_Stable_1220,0.039409656
Degrader_694_minus_Stable_19,0.039338406
Gene_AJ239322.1,0.039300885
Gene_DBX2,0.039289434
Degrader_1001_minus_Stable_19,0.039276816
Gene_CTA-268H5.14,0.03925689
Gene_LRRC15,0.03913284
Gene_KRT223P,0.039081987
Degrader_574_minus_Stable_1146,0.039040513
Gene_LINC01806,0.03902571
Gene_RP11-27G14.4,0.038992282
Degrader_616_minus_Stable_102,0.038911127
Degrader_955_minus_Stable_178,0.03883806
Gene_RP11-707A18.1,0.03882062
Gene_ZG16,0.03879451
Gene_MATN4,0.03874388
Degrader_1015_minus_Stable_1204,0.038686857
Degrader_690_minus_Stable_109,0.038642913
Degrader_312_minus_Stable_249,0.038517475
Gene_GRM4,0.038517054
Gene_OR7A5,0.03850712
Gene_MAFIP,0.03843916
Degrader_955_minus_Stable_465,0.038436804
Gene_CXCL10,0.038435712
Gene_RP11-805F19.3,0.038340423
Degrader_557_minus_Stable_278,0.038322356
Gene_CALML3-AS1,0.038320582
Degrader_1015_minus_Stable_807,0.038267598
Degrader_134_minus_Stable_289,0.03823213
Degrader_297_minus_Stable_34,0.038213946
Degrader_619_minus_Stable_1161,0.03818898
Degrader_946_minus_Stable_178,0.03818062
Degrader_1383_minus_Stable_365,0.03811714
Gene_SERPINB10,0.038107894
Degrader_510_minus_Stable_933,0.038056284
Gene_PIP,0.038015403
Degrader_720_minus_Stable_1226,0.03796805
Degrader_996_minus_Stable_244,0.03796672
Gene_LIPF,0.037879117
Degrader_989_minus_Stable_1161,0.037811
Degrader_1486_minus_Stable_109,0.037788875
Degrader_1033_minus_Stable_249,0.03777852
Gene_IGLC2,0.037774477
Degrader_466_minus_Stable_289,0.037744828
Degrader_172_minus_Stable_776,0.037701212
Degrader_405_minus_Stable_138,0.0376903
Degrader_957_minus_Stable_1422,0.037677664
Gene_SPRR3,0.037602205
Degrader_350_minus_Stable_244,0.03758576
Degrader_1225_minus_Stable_933,0.037577108
Gene_DCX,0.037524644
Degrader_811_minus_Stable_365,0.037500706
Degrader_350_minus_Stable_776,0.0374816
Degrader_694_minus_Stable_465,0.037464786
Degrader_74_minus_Stable_933,0.03742701
Gene_CPA4,0.037403744
Gene_TMPRSS4-AS1,0.037393533
Degrader_1015_minus_Stable_1161,0.0373881
Gene_SYNPR,0.037348565
Gene_ADAMTS4,0.037324306
Degrader_955_minus_Stable_278,0.03732302
Degrader_557_minus_Stable_871,0.037291236
Gene_FTCD,0.03714298
Degrader_765_minus_Stable_109,0.03708677
Gene_NEFL,0.037072085
Gene_KRT85,0.036877517
Gene_IGLV2-8,0.036874637
Degrader_442_minus_Stable_249,0.036873825
Gene_RP5-1063M23.2,0.036836352
Degrader_660_minus_Stable_289,0.036826245
Degrader_442_minus_Stable_1204,0.036772195
Degrader_1291_minus_Stable_9,0.036729522
Degrader_459_minus_Stable_1204,0.036699504
Degrader_1033_minus_Stable_1161,0.036693193
Degrader_552_minus_Stable_244,0.036689125
Gene_HDC,0.0364983
Degrader_694_minus_Stable_1429,0.036401805
Degrader_405_minus_Stable_1128,0.03635868
Degrader_245_minus_Stable_933,0.036309145
Degrader_955_minus_Stable_109,0.03625573
Degrader_55_minus_Stable_465,0.03611765
Degrader_574_minus_Stable_797,0.03611495
Degrader_466_minus_Stable_1146,0.036103837
Degrader_55_minus_Stable_807,0.03605762
Gene_ARPP21,0.035971202
Gene_RP11-545A16.3,0.035955336
Degrader_23_minus_Stable_9,0.03592527
Gene_MXRA5,0.03588098
Gene_IGHV5-10-1,0.03578541
Gene_C1orf127,0.03578505
Gene_HLA-DRB6,0.03571668
Degrader_1164_minus_Stable_776,0.035700217
Degrader_134_minus_Stable_1204,0.03568056
Gene_LINC01558,0.035670802
Degrader_1139_minus_Stable_871,0.035647877
Gene_TRBV24-1,0.035611928
Degrader_442_minus_Stable_551,0.035609793
Gene_RP11-593F23.1,0.035568994
Degrader_694_minus_Stable_178,0.035523962
Gene_HLA-DQB2,0.035431795
Degrader_1139_minus_Stable_249,0.035408508
Degrader_459_minus_Stable_871,0.0353781
Degrader_737_minus_Stable_551,0.035277117
Degrader_737_minus_Stable_776,0.03525385
Degrader_350_minus_Stable_34,0.035232123
Gene_SPRR2E,0.03512245
Gene_AC069363.1,0.035117958
Degrader_507_minus_Stable_1429,0.035072763
Autolysis,0.03503247
Gene_IGHV2-5,0.035020504
Gene_LRRC37A12P,0.034870435
Gene_IGHA2,0.034838475
Degrader_493_minus_Stable_365,0.03479477
Degrader_115_minus_Stable_1161,0.0347696
Gene_KLB,0.034762952
Degrader_920_minus_Stable_289,0.034735188
Degrader_1492_minus_Stable_1235,0.034710012
Degrader_206_minus_Stable_365,0.034708593
Degrader_290_minus_Stable_1128,0.034666736
Degrader_1225_minus_Stable_109,0.034635168
Gene_WDR72,0.0346166
Degrader_507_minus_Stable_9,0.03459569
Degrader_574_minus_Stable_807,0.0345438
Degrader_1225_minus_Stable_365,0.034481186
Degrader_1486_minus_Stable_1429,0.034480702
Degrader_466_minus_Stable_223,0.03447723
Degrader_619_minus_Stable_1429,0.034468625
Gene_LY6D,0.034396622
Gene_RP11-672L10.2,0.034377564
Gene_AQP7P2,0.03432922
Degrader_775_minus_Stable_551,0.034267355
Gene_CLCA4,0.03424802
Gene_STAR,0.034213047
Degrader_442_minus_Stable_19,0.034111425
Gene_RP11-616M22.5,0.03403843
Degrader_898_minus_Stable_178,0.033997566
Degrader_1291_minus_Stable_249,0.033973813
Degrader_1304_minus_Stable_465,0.033955947
Gene_DES,0.033896234
Degrader_731_minus_Stable_244,0.03382358
Degrader_1015_minus_Stable_933,0.03381538
Degrader_124_minus_Stable_249,0.0338148
Gene_IGKJ4,0.03380612
Degrader_1444_minus_Stable_1146,0.03372325
Degrader_660_minus_Stable_365,0.033708762
Degrader_660_minus_Stable_871,0.033676635
Gene_NRAP,0.03365656
Gene_CYP4F22,0.033632543
Gene_LINC00052,0.033581
Gene_OR7D2,0.03348084
Degrader_978_minus_Stable_1128,0.03346389
Gene_REG1A,0.03344891
Gene_PLPPR5,0.03344736
Gene_RP11-451G4.2,0.033347085
Degrader_134_minus_Stable_278,0.033337146
Gene_GDA,0.03317745
Gene_ST8SIA3,0.033138417
Degrader_282_minus_Stable_142,0.033113446
Degrader_1001_minus_Stable_178,0.032998797
Gene_TNFSF14,0.03296748
Gene_PLA2G1B,0.032808214
Gene_CXCL6,0.032789
Degrader_206_minus_Stable_223,0.03276434
Degrader_891_minus_Stable_1161,0.032758944
Degrader_187_minus_Stable_1226,0.03274426
Degrader_507_minus_Stable_138,0.032724623
Degrader_1164_minus_Stable_1146,0.032711163
Gene_FBXO40,0.03270878
Degrader_1033_minus_Stable_1146,0.03270478
Degrader_616_minus_Stable_244,0.0326905
Gene_RGS7,0.032647915
Degrader_55_minus_Stable_797,0.032642365
Degrader_1383_minus_Stable_1146,0.032623533
Gene_ABCD2,0.03261541
Gene_ZFY-AS1,0.032607988
Degrader_405_minus_Stable_109,0.0325832
Gene_PGC,0.032521565
Gene_MBL2,0.032474812
Degrader_690_minus_Stable_1220,0.03244681
Gene_RP11-216M21.1,0.03244055
Degrader_1304_minus_Stable_807,0.032384526
Gene_CRNN,0.03237664
Gene_SGCG,0.032359924
Degrader_552_minus_Stable_289,0.032352272
Degrader_810_minus_Stable_1429,0.032343585
Gene_DEFA5,0.03232959
Gene_CTB-131B5.5,0.03231216
Degrader_377_minus_Stable_244,0.03217247
Gene_LMOD2,0.032132212
Degrader_493_minus_Stable_19,0.03212511
Degrader_399_minus_Stable_34,0.03210196
Degrader_511_minus_Stable_1146,0.03208315
Gene_CEACAMP3,0.03207913
Degrader_377_minus_Stable_1146,0.032078974
Degrader_495_minus_Stable_102,0.03207385
Degrader_1444_minus_Stable_249,0.031999085
Degrader_312_minus_Stable_1204,0.031975392
Degrader_206_minus_Stable_551,0.031969905
Degrader_765_minus_Stable_34,0.03187416
Degrader_399_minus_Stable_871,0.031780135
Gene_UNC5A,0.031771403
Degrader_978_minus_Stable_244,0.03175405
Degrader_206_minus_Stable_1220,0.031742606
Degrader_765_minus_Stable_1128,0.031694982
Degrader_775_minus_Stable_1161,0.031622063
Degrader_350_minus_Stable_278,0.031510413
Gene_STOML3,0.03150613
Gene_AC013271.3,0.031468563
Degrader_247_minus_Stable_289,0.031405207
Gene_C1orf61,0.031320352
Gene_CFHR1,0.031319574
Degrader_1304_minus_Stable_1226,0.031313386
Gene_PCDH11Y,0.031281836
Degrader_377_minus_Stable_278,0.031196741
Degrader_810_minus_Stable_1128,0.031192983
Degrader_290_minus_Stable_465,0.031167418
Degrader_1173_minus_Stable_797,0.031155623
Gene_FGG,0.031128729
Gene_CLEC4D,0.031081526
Gene_CTD-2023N9.3,0.031078933
Gene_OR2A20P,0.031011438
Degrader_663_minus_Stable_19,0.030961862
Gene_PRL,0.030868348
Gene_RP6-24A23.8,0.030836325
Degrader_511_minus_Stable_1226,0.030779857
Gene_RP11-275H4.1,0.030656388
Gene_TTTY10,0.03062195
Degrader_297_minus_Stable_109,0.030618723
Gene_RP11-61A14.1,0.03060717
Gene_POLRMTP1,0.030588819
Gene_RASEF,0.030576378
Gene_MSMB,0.030485906
Gene_IGKV3-11,0.030450614
Gene_LINC02208,0.030448185
Degrader_169_minus_Stable_244,0.03044055
Degrader_74_minus_Stable_244,0.030343914
Degrader_124_minus_Stable_1146,0.03027304
Gene_ZFP57,0.03022551
Gene_TNF,0.030220173
Degrader_731_minus_Stable_249,0.030203411
Degrader_574_minus_Stable_278,0.030197512
Degrader_511_minus_Stable_223,0.030181136
Degrader_989_minus_Stable_244,0.030174715
Degrader_1164_minus_Stable_9,0.030171776
Gene_ALAS2,0.03010133
Degrader_466_minus_Stable_109,0.030080141
Degrader_124_minus_Stable_142,0.030028947
Gene_LINC00887,0.030024733
Gene_C3orf36,0.030005528
Degrader_115_minus_Stable_178,0.029869864
Degrader_1157_minus_Stable_178,0.029831918
Gene_FAM43B,0.029820198
Gene_RP11-885N19.6,0.029746737
Degrader_810_minus_Stable_1220,0.02966681
Gene_RPS4Y1,0.029658668
Gene_S100P,0.029654425
Gene_LINC01115,0.029643951
Degrader_533_minus_Stable_365,0.029580185
Degrader_533_minus_Stable_178,0.02957393
Gene_SLC14A1,0.029507048
Gene_B3GNT3,0.029432997
Gene_CHP2,0.029338857
Degrader_510_minus_Stable_365,0.02930335
Degrader_720_minus_Stable_278,0.029198071
Gene_CDH10,0.02914548
Degrader_616_minus_Stable_551,0.029091574
Degrader_1291_minus_Stable_1146,0.029067142
Gene_RP11-497G19.7,0.02904309
Gene_CDH8,0.028994504
Gene_DSG3,0.028974015
Gene_CAMK1G,0.028920382
Degrader_694_minus_Stable_249,0.02884627
Degrader_350_minus_Stable_365,0.028781667
Gene_GABRA3,0.028773274
Degrader_405_minus_Stable_289,0.02876905
Gene_SNX18P3,0.028740074
Degrader_1015_minus_Stable_465,0.028738754
Gene_FEM1AP1,0.028706923
Gene_SPRR2G,0.028701877
Degrader_616_minus_Stable_1161,0.028687462
Degrader_123_minus_Stable_797,0.02867918
Gene_CLPS,0.02867625
Gene_RP3-477J10.1,0.028601091
Degrader_23_minus_Stable_1220,0.028482009
Degrader_557_minus_Stable_1226,0.028468912
Degrader_811_minus_Stable_34,0.028388651
Degrader_1001_minus_Stable_9,0.028381988
Degrader_134_minus_Stable_1226,0.028361544
Degrader_1383_minus_Stable_776,0.028331606
Degrader_290_minus_Stable_797,0.028257087
Degrader_115_minus_Stable_9,0.028233256
Gene_RP11-513N24.1,0.028188977
Degrader_810_minus_Stable_1161,0.028184392
Degrader_1150_minus_Stable_138,0.028108485
Degrader_720_minus_Stable_249,0.028092917
Degrader_245_minus_Stable_797,0.028082615
Degrader_552_minus_Stable_1235,0.02806122
Gene_GOLGA2P2Y,0.028060472
Degrader_1139_minus_Stable_19,0.027969997
Gene_LINC01485,0.027872488
Degrader_1173_minus_Stable_1146,0.027867742
Gene_FGFBP1,0.027789373
Degrader_1139_minus_Stable_1226,0.027773775
Gene_IGKV1-9,0.02771947
Gene_ICOSLG,0.027699048
Degrader_507_minus_Stable_289,0.027687427
Degrader_1139_minus_Stable_1161,0.027657848
Degrader_1304_minus_Stable_102,0.027636971
Degrader_731_minus_Stable_365,0.027625158
Gene_GP2,0.02762404
Gene_G6PC2,0.02760707
Degrader_1383_minus_Stable_933,0.027492056
Degrader_737_minus_Stable_278,0.027480759
Gene_THAP12P3,0.027465992
Degrader_23_minus_Stable_1204,0.027427742
Degrader_1225_minus_Stable_289,0.027403275
Degrader_810_minus_Stable_102,0.027390312
Degrader_978_minus_Stable_138,0.027358208
Gene_ASB5,0.027313065
Degrader_312_minus_Stable_1226,0.027285354
Degrader_507_minus_Stable_1161,0.02727624
Degrader_297_minus_Stable_871,0.02720644
Degrader_282_minus_Stable_1146,0.027177287
Gene_ADAMDEC1,0.02715309
Degrader_1168_minus_Stable_1429,0.02712955
Degrader_1486_minus_Stable_933,0.027122568
Gene_KRT31,0.026996538
Gene_FAM182A,0.026860988
Degrader_955_minus_Stable_244,0.026818626
Gene_RHD,0.026772918
Degrader_533_minus_Stable_1204,0.02672028
Gene_C1orf94,0.026681963
Degrader_247_minus_Stable_776,0.026670173
Degrader_510_minus_Stable_109,0.026658308
Gene_KRT8P48,0.026651539
Degrader_1173_minus_Stable_1220,0.026647283
Gene_SGPP2,0.02661564
Degrader_282_minus_Stable_465,0.026600827
Degrader_1173_minus_Stable_1161,0.026558604
Degrader_690_minus_Stable_244,0.026527517
Gene_AC109826.1,0.026510239
Degrader_172_minus_Stable_1422,0.02648757
Gene_RP11-946L16.2,0.026475424
Degrader_720_minus_Stable_1204,0.026467323
Degrader_694_minus_Stable_1161,0.026381133
Degrader_775_minus_Stable_249,0.026276315
Degrader_405_minus_Stable_9,0.026269574
Gene_PARP4P1,0.02626889
Gene_RBP3,0.026254816
Degrader_557_minus_Stable_289,0.026233833
Gene_GTF2A1L,0.026217707
Gene_MT1JP,0.026216598
Degrader_1001_minus_Stable_1226,0.026193056
Degrader_810_minus_Stable_138,0.026184216
Degrader_459_minus_Stable_142,0.026171342
Degrader_1033_minus_Stable_278,0.02616663
Degrader_731_minus_Stable_34,0.026153956
Degrader_399_minus_Stable_465,0.026088662
Gene_MCEMP1,0.026034148
Gene_RHCG,0.025987415
Gene_IGHG1,0.025931058
Gene_IGHD,0.025925685
Degrader_442_minus_Stable_1226,0.02590976
Gene_RP11-115H13.1,0.025857937
Degrader_1225_minus_Stable_1226,0.02579895
Degrader_957_minus_Stable_465,0.025794415
Gene_DEFA3,0.025777593
Degrader_172_minus_Stable_1128,0.025770186
Degrader_811_minus_Stable_1235,0.025740627
Gene_ABRA,0.025734626
Degrader_1291_minus_Stable_776,0.02566862
Degrader_507_minus_Stable_1204,0.025618719
Degrader_1033_minus_Stable_244,0.025572436
Gene_EDAR,0.025540663
Degrader_552_minus_Stable_365,0.025510104
Gene_CTAG2,0.0254864
Degrader_891_minus_Stable_102,0.025425922
Degrader_282_minus_Stable_933,0.02541324
Gene_ADRA1A,0.025411973
Gene_RP11-46I8.4,0.025291746
Gene_DMBT1,0.02527768
Degrader_350_minus_Stable_465,0.025252871
Degrader_694_minus_Stable_1220,0.025203632
Gene_CLEC1B,0.025181303
Degrader_124_minus_Stable_776,0.025136733
Gene_RP11-221N13.3,0.025095023
Degrader_898_minus_Stable_142,0.02506059
Degrader_660_minus_Stable_1220,0.024987275
Degrader_1136_minus_Stable_1161,0.024967626
Degrader_377_minus_Stable_223,0.0248864
Degrader_1444_minus_Stable_19,0.024879055
Degrader_409_minus_Stable_278,0.024871165
Degrader_23_minus_Stable_34,0.024858922
Gene_CLEC4GP1,0.02482783
Gene_ABCB5,0.024793554
Gene_IGHV4-59,0.024780678
Degrader_1492_minus_Stable_178,0.024768395
Gene_LLNLR-470E3.1,0.024733221
Gene_KRT35,0.024636526
Degrader_511_minus_Stable_142,0.024567457
Degrader_557_minus_Stable_34,0.02452247
Degrader_1444_minus_Stable_9,0.024497336
Gene_GAP43,0.024442479
Degrader_1001_minus_Stable_1235,0.024423026
Degrader_1291_minus_Stable_797,0.024341924
Degrader_920_minus_Stable_19,0.024327474
Degrader_1173_minus_Stable_365,0.02423093
Degrader_1492_minus_Stable_223,0.024154149
Degrader_1164_minus_Stable_102,0.024064576
Degrader_720_minus_Stable_142,0.023995772
Gene_TAC1,0.02399566
Degrader_898_minus_Stable_797,0.023967437
Degrader_720_minus_Stable_465,0.023959817
Degrader_247_minus_Stable_1429,0.023953052
Degrader_690_minus_Stable_933,0.023920432
Degrader_290_minus_Stable_223,0.023759866
Degrader_810_minus_Stable_1146,0.023630558
Degrader_442_minus_Stable_142,0.023584178
Degrader_377_minus_Stable_365,0.02354357
Degrader_996_minus_Stable_551,0.023537293
Degrader_1486_minus_Stable_1161,0.023512201
Gene_SLC16A10,0.023505274
Gene_NTSR2,0.023487901
Degrader_694_minus_Stable_278,0.023450313
Gene_TGM3,0.02344806
Degrader_123_minus_Stable_465,0.02344105
Degrader_720_minus_Stable_551,0.02341311
Degrader_898_minus_Stable_19,0.023394993
Degrader_507_minus_Stable_807,0.023321593
Degrader_1168_minus_Stable_19,0.023269169
Degrader_957_minus_Stable_289,0.023234002
Gene_SPINK2,0.023209495
Gene_IGLV2-11,0.02318959
Gene_NPY2R,0.023105185
Degrader_409_minus_Stable_1146,0.02306814
Degrader_297_minus_Stable_1161,0.022993417
Degrader_282_minus_Stable_551,0.022942148
Degrader_996_minus_Stable_1226,0.022921422
Degrader_737_minus_Stable_249,0.022915594
Gene_RP11-521D12.5,0.022873584
Gene_FGA,0.022859104
Gene_SELE,0.022832736
Gene_RP11-490G2.2,0.022655217
Degrader_23_minus_Stable_244,0.02262264
Gene_SLC24A2,0.02261481
Gene_ANKRD20A2,0.02258779
Degrader_134_minus_Stable_1429,0.022568597
Gene_RP11-528N21.1,0.022521252
Gene_PLPPR1,0.022507949
Gene_CCL11,0.022467658
Degrader_134_minus_Stable_249,0.022461781
Degrader_377_minus_Stable_138,0.022411978
Gene_RP13-685P2.7,0.022411855
Degrader_694_minus_Stable_1226,0.02233544
Gene_HSFY3P,0.022276621
Degrader_377_minus_Stable_1226,0.02226386
Degrader_297_minus_Stable_102,0.022234946
Degrader_510_minus_Stable_19,0.022223692
Gene_MGAM2,0.022180745
Degrader_829_minus_Stable_1128,0.02215211
Gene_SLCO4C1,0.022115208
Degrader_1492_minus_Stable_807,0.02207509
Gene_SLITRK6,0.022019895
Degrader_989_minus_Stable_19,0.02197564
Gene_LINC01141,0.021930993
Gene_TMEM26,0.021928316
Degrader_664_minus_Stable_1422,0.021790894
Gene_RP11-255M2.3,0.021761363
Degrader_690_minus_Stable_1429,0.021679487
Degrader_1157_minus_Stable_871,0.021676611
Degrader_297_minus_Stable_807,0.021648427
Gene_SERPINB2,0.02153952
Degrader_187_minus_Stable_142,0.021537969
Gene_CA4,0.021533325
Gene_CTRB2,0.021524498
Degrader_898_minus_Stable_244,0.021465402
Degrader_996_minus_Stable_9,0.021415014
Degrader_510_minus_Stable_142,0.021410484
Gene_PRB2,0.021395322
Degrader_23_minus_Stable_289,0.021393074
Gene_GOLGA2P9,0.021373399
Degrader_775_minus_Stable_871,0.021364827
Gene_LINC00609,0.021351654
Degrader_495_minus_Stable_9,0.021340523
Degrader_511_minus_Stable_807,0.021320619
Degrader_775_minus_Stable_933,0.021308135
Degrader_552_minus_Stable_19,0.021285241
Degrader_955_minus_Stable_19,0.021276109
Gene_CHRNA4,0.021258835
Degrader_187_minus_Stable_244,0.021216054
Degrader_172_minus_Stable_142,0.0211548
Gene_NAPSB,0.021118494
Gene_LINC00431,0.021111581
Degrader_1157_minus_Stable_1161,0.02109078
Degrader_978_minus_Stable_1429,0.021008426
Gene_SPSB4,0.020997992
Degrader_694_minus_Stable_142,0.020996185
Gene_IGLV1-40,0.020986645
Degrader_405_minus_Stable_1226,0.02096767
Gene_GTF2H2,0.020872649
Gene_DSG1,0.020870708
Degrader_23_minus_Stable_1422,0.02082656
Gene_RP11-35O15.2,0.020817986
Gene_LBP,0.020794166
Gene_IGHV1-69D,0.020793434
Gene_AP000696.2,0.020784445
Degrader_694_minus_Stable_1146,0.02075498
Degrader_660_minus_Stable_223,0.02068761
Degrader_660_minus_Stable_1204,0.020642418
Degrader_1168_minus_Stable_223,0.020603163
Degrader_955_minus_Stable_142,0.02055075
Degrader_1136_minus_Stable_933,0.020530531
Gene_SYCE1,0.020506915
Gene_GRIN1,0.020483758
Degrader_1168_minus_Stable_465,0.02048367
Gene_RP11-460M2.1,0.020477325
Degrader_507_minus_Stable_34,0.02044696
Degrader_1486_minus_Stable_1422,0.020368787
Gene_IGHV5-51,0.020361973
Degrader_533_minus_Stable_19,0.020347388
Gene_OTC,0.020282583
Degrader_123_minus_Stable_9,0.020282049
Degrader_297_minus_Stable_244,0.02025696
Gene_LINC00603,0.020219259
Degrader_1164_minus_Stable_1161,0.020206343
Gene_CSRP3,0.02020015
Degrader_616_minus_Stable_1422,0.020133365
Gene_TRPC5OS,0.020127818
Degrader_1168_minus_Stable_278,0.020127488
Gene_RP11-781P6.1,0.020112189
Degrader_810_minus_Stable_797,0.020110771
Degrader_946_minus_Stable_797,0.020085044
Gene_PTGS2,0.020080943
Gene_CPA1,0.020057948
Degrader_350_minus_Stable_797,0.019959485
Degrader_955_minus_Stable_1429,0.019959006
Degrader_350_minus_Stable_1429,0.01994703
Gene_IGLV6-57,0.019915385
Degrader_169_minus_Stable_1128,0.01990392
Degrader_297_minus_Stable_138,0.01988665
Degrader_552_minus_Stable_223,0.01988262
Gene_KRT79,0.019875918
Degrader_737_minus_Stable_1146,0.019827507
Gene_CCL26,0.01973199
Degrader_115_minus_Stable_1146,0.019679006
Degrader_1444_minus_Stable_365,0.01964515
Degrader_312_minus_Stable_465,0.01962582
Degrader_955_minus_Stable_776,0.019548004
Degrader_247_minus_Stable_871,0.019544022
Degrader_1157_minus_Stable_142,0.019536005
Degrader_399_minus_Stable_1128,0.019533686
Degrader_811_minus_Stable_289,0.019505303
Degrader_493_minus_Stable_933,0.019498002
Degrader_442_minus_Stable_776,0.019472409
Degrader_690_minus_Stable_278,0.019440891
Degrader_206_minus_Stable_1226,0.01939633
Gene_RP11-1060J15.4,0.0193606
Degrader_405_minus_Stable_1146,0.019356862
Degrader_511_minus_Stable_278,0.019347701
Degrader_731_minus_Stable_1226,0.019346314
Gene_PART1,0.019344956
Degrader_206_minus_Stable_289,0.019268958
Degrader_557_minus_Stable_933,0.019244371
Degrader_1486_minus_Stable_1220,0.01923119
Gene_CELA2A,0.019205699
Gene_ZNF603P,0.019201959
Gene_THEMIS3P,0.019186221
Degrader_1136_minus_Stable_9,0.019103142
Degrader_169_minus_Stable_807,0.019097883
Gene_RPL7AP28,0.01909089
Degrader_409_minus_Stable_776,0.019005457
Degrader_694_minus_Stable_1204,0.018969676
Degrader_1136_minus_Stable_871,0.01895705
Degrader_74_minus_Stable_102,0.018953282
Degrader_169_minus_Stable_1204,0.018935915
Gene_ADGRG7,0.018929306
Degrader_1015_minus_Stable_1146,0.018892594
Gene_LINC00189,0.018819973
Degrader_74_minus_Stable_34,0.018792795
Gene_IGKJ2,0.018784923
Degrader_1291_minus_Stable_289,0.01873281
Degrader_660_minus_Stable_1161,0.018693957
Degrader_1168_minus_Stable_1128,0.018661046
Degrader_74_minus_Stable_797,0.018645363
Gene_IGHV1-3,0.018502895
Degrader_996_minus_Stable_223,0.018453225
Gene_OLIG1,0.01844737
Gene_ABHD11-AS1,0.018330736
Degrader_290_minus_Stable_34,0.018291164
Gene_TUBB8P7,0.018283937
Degrader_920_minus_Stable_1226,0.018281456
Gene_LINC01606,0.01823565
Gene_ASCL4,0.018227085
Degrader_1291_minus_Stable_1128,0.018208362
Degrader_1173_minus_Stable_223,0.018159691
Degrader_55_minus_Stable_365,0.018139431
Degrader_1225_minus_Stable_776,0.018053584
Degrader_1136_minus_Stable_797,0.018027147
Degrader_405_minus_Stable_807,0.017989133
Gene_TUBBP5,0.017947318
Degrader_552_minus_Stable_1128,0.017875256
Degrader_765_minus_Stable_1226,0.017824238
Degrader_247_minus_Stable_807,0.017811585
Degrader_1492_minus_Stable_1226,0.017769458
Degrader_829_minus_Stable_244,0.017713483
Gene_ULK4P3,0.01764588
Degrader_350_minus_Stable_289,0.017581861
Degrader_466_minus_Stable_1128,0.017568199
Gene_ITLN1,0.017561767
Degrader_124_minus_Stable_465,0.017546285
Gene_GABRA4,0.017512774
Degrader_187_minus_Stable_9,0.01750793
Gene_IGHV3-7,0.017487777
Degrader_664_minus_Stable_19,0.01741698
Degrader_247_minus_Stable_465,0.017411295
Gene_FDCSP,0.017400948
Gene_DKK1,0.017362893
Degrader_169_minus_Stable_1429,0.017291397
Degrader_123_minus_Stable_249,0.017269075
Degrader_574_minus_Stable_289,0.017244834
Gene_RIMBP2,0.017224614
Gene_DPEP1,0.01720532
Degrader_1383_minus_Stable_278,0.017202538
Degrader_829_minus_Stable_1220,0.017185599
Degrader_399_minus_Stable_142,0.017172113
Degrader_1001_minus_Stable_551,0.017165136
Gene_HOXC13,0.0171389
Degrader_664_minus_Stable_102,0.017133389
Degrader_1444_minus_Stable_1204,0.017125769
Degrader_1150_minus_Stable_249,0.017111586
Degrader_1033_minus_Stable_102,0.01707566
Gene_ITGAD,0.017070498
Gene_HSD3B2,0.017031005
Degrader_616_minus_Stable_138,0.016941668
Degrader_898_minus_Stable_1422,0.01678918
Degrader_978_minus_Stable_797,0.016673217
Gene_ROCK1P1,0.016650388
Degrader_946_minus_Stable_465,0.016580341
Degrader_1168_minus_Stable_289,0.016563807
Degrader_1444_minus_Stable_34,0.01651904
Gene_OR52N2,0.016512666
Gene_GJA3,0.016456524
Gene_ANOS2P,0.016436376
Degrader_619_minus_Stable_249,0.016414823
Gene_LLNLF-187D8.1,0.016333941
Gene_RP11-121P12.1,0.016256418
Degrader_459_minus_Stable_244,0.016248573
Degrader_574_minus_Stable_142,0.016243808
Degrader_282_minus_Stable_1161,0.01619492
Gene_LINC00371,0.01617326
Degrader_811_minus_Stable_551,0.016166247
Degrader_1033_minus_Stable_9,0.016152522
Degrader_493_minus_Stable_871,0.016114945
Gene_FGB,0.016114611
Degrader_290_minus_Stable_1226,0.016088376
Degrader_1150_minus_Stable_244,0.01605463
Gene_CRCT1,0.016025808
Gene_IGF1,0.015959637
Gene_GPA33,0.015924685
Gene_IGHV6-1,0.01591005
Gene_GRID2,0.015818812
Gene_SPIB,0.015793223
Degrader_811_minus_Stable_1146,0.015788384
Gene_IGLV3-10,0.01570558
Degrader_187_minus_Stable_465,0.01569387
Gene_CTD-3022L24.1,0.015651364
Gene_RP11-356N1.2,0.015593248
Degrader_245_minus_Stable_249,0.015593164
Gene_VCX,0.015581722
Degrader_663_minus_Stable_249,0.015564582
Degrader_731_minus_Stable_465,0.015544667
Degrader_169_minus_Stable_551,0.01552217
Degrader_1136_minus_Stable_138,0.015520173
Degrader_1291_minus_Stable_465,0.01542738
Degrader_955_minus_Stable_1226,0.015423454
Degrader_616_minus_Stable_1204,0.015421951
Degrader_245_minus_Stable_34,0.015416417
Gene_GPR151,0.015407763
Gene_PAH,0.015390488
Gene_TBC1D3B,0.015382655
Degrader_1157_minus_Stable_365,0.015356456
Degrader_282_minus_Stable_244,0.015258216
Degrader_312_minus_Stable_1235,0.015234637
Degrader_720_minus_Stable_1128,0.015232182
Gene_GCSAML-AS1,0.015206156
Degrader_1304_minus_Stable_797,0.0151691595
Gene_IGKV1-17,0.01515297
Gene_TTTY15,0.01513259
Degrader_23_minus_Stable_551,0.015112372
Degrader_134_minus_Stable_551,0.015087052
Gene_NXPH4,0.0150404265
Degrader_1291_minus_Stable_109,0.014993837
Degrader_123_minus_Stable_244,0.01498448
Gene_KCNK17,0.014919928
Gene_DRD5,0.014862722
Gene_SYT16,0.014814648
Degrader_619_minus_Stable_102,0.014806037
Degrader_55_minus_Stable_178,0.014752688
Degrader_690_minus_Stable_223,0.014748785
Gene_SCNN1G,0.014740149
Gene_FGF5,0.014719594
Gene_MIR3945HG,0.014713192
Degrader_557_minus_Stable_138,0.014702135
Degrader_282_minus_Stable_223,0.014698928
Gene_ADIPOQ-AS1,0.014664722
Degrader_123_minus_Stable_1146,0.014637038
Degrader_616_minus_Stable_807,0.014621528
Gene_CTD-2314G24.2,0.01456119
Gene_LINC01564,0.014553982
Degrader_74_minus_Stable_551,0.014494584
Gene_LRRTM1,0.014490451
Degrader_493_minus_Stable_102,0.014482628
Degrader_245_minus_Stable_551,0.014434346
Degrader_23_minus_Stable_1128,0.0144076375
Degrader_1015_minus_Stable_551,0.0144075425
Degrader_493_minus_Stable_1161,0.014373722
Degrader_405_minus_Stable_933,0.014362313
Degrader_297_minus_Stable_551,0.014289349
Gene_RP11-767I20.1,0.014194728
Gene_TMPRSS11B,0.014191318
Degrader_1164_minus_Stable_289,0.0141735645
Degrader_978_minus_Stable_34,0.014166891
Degrader_290_minus_Stable_1204,0.014160223
Degrader_282_minus_Stable_1422,0.014126561
Gene_IGHV2-26,0.014121609
Degrader_1486_minus_Stable_142,0.014099248
Degrader_282_minus_Stable_34,0.014044654
Degrader_399_minus_Stable_138,0.014023253
Gene_RP3-431P23.5,0.013994309
Gene_RP11-351J23.2,0.013959492
Gene_RP1-193H18.3,0.013944573
Degrader_811_minus_Stable_797,0.01393236
Degrader_920_minus_Stable_1422,0.013925348
Gene_RP11-364L4.3,0.01386384
Degrader_74_minus_Stable_365,0.013840384
Gene_RP11-538D16.2,0.013791432
Degrader_1150_minus_Stable_1422,0.013774763
Degrader_1492_minus_Stable_1422,0.01368335
Degrader_731_minus_Stable_1220,0.013677024
Degrader_1291_minus_Stable_278,0.013661942
Degrader_920_minus_Stable_871,0.013623183
Degrader_574_minus_Stable_465,0.013620337
Degrader_810_minus_Stable_249,0.013616168
Gene_LINC01293,0.01358147
Gene_RP11-326G21.1,0.01357596
Degrader_1136_minus_Stable_1220,0.013542038
Degrader_1383_minus_Stable_9,0.013531603
Degrader_507_minus_Stable_551,0.013509835
Gene_CTRC,0.013506648
Gene_COL10A1,0.013497176
Gene_RP11-507B12.2,0.013422369
Degrader_694_minus_Stable_1235,0.013420373
Degrader_989_minus_Stable_365,0.013413478
Degrader_297_minus_Stable_933,0.013382479
Gene_BPIFB4,0.0132931415
Degrader_123_minus_Stable_1226,0.013268154
Degrader_557_minus_Stable_178,0.0132679
Degrader_1139_minus_Stable_1128,0.013200321
Gene_XAGE2,0.01315322
Degrader_1139_minus_Stable_34,0.013144352
Gene_ADCY8,0.0131283635
Degrader_23_minus_Stable_1226,0.013126205
Degrader_1157_minus_Stable_551,0.013126015
Degrader_552_minus_Stable_871,0.013115916
Gene_ASCL1,0.013100079
Degrader_898_minus_Stable_289,0.013099183
Degrader_616_minus_Stable_289,0.013074015
Gene_MT1X,0.013056189
Degrader_1291_minus_Stable_1204,0.0130454125
Degrader_891_minus_Stable_278,0.013029308
Degrader_312_minus_Stable_365,0.013004201
Degrader_1291_minus_Stable_138,0.012998761
Gene_IL2RA,0.012980093
Degrader_290_minus_Stable_933,0.012978049
Gene_LUZP2,0.012970925
Degrader_978_minus_Stable_289,0.012965569
Degrader_442_minus_Stable_797,0.012963131
Degrader_1001_minus_Stable_1422,0.012959035
Degrader_1164_minus_Stable_465,0.01295625
Degrader_720_minus_Stable_1161,0.0129283015
Gene_RP11-403I13.5,0.012922317
Degrader_493_minus_Stable_249,0.012889841
Degrader_507_minus_Stable_1128,0.012846011
Gene_KRT7,0.012724874
Degrader_312_minus_Stable_142,0.012716526
Degrader_1383_minus_Stable_142,0.0127157625
Gene_AC108448.3,0.01269605
Degrader_1033_minus_Stable_871,0.012659546
Gene_KRT7-AS,0.012654242
Degrader_510_minus_Stable_278,0.012638262
Gene_ANKRD1,0.0126342
Degrader_946_minus_Stable_223,0.012632962
Degrader_115_minus_Stable_223,0.012626388
Gene_RP5-1063M23.3,0.012549298
Degrader_557_minus_Stable_776,0.012442543
Degrader_1383_minus_Stable_465,0.012435805
Gene_SLC7A3,0.0124118235
Degrader_765_minus_Stable_807,0.012409085
Degrader_297_minus_Stable_249,0.012401532
Degrader_946_minus_Stable_807,0.012400269
Degrader_187_minus_Stable_1422,0.012308161
Degrader_811_minus_Stable_9,0.0123051675
Degrader_290_minus_Stable_1161,0.012275701
Gene_LINC01877,0.012248843
Gene_ARHGAP36,0.012224174
Degrader_1383_minus_Stable_797,0.012176912
Gene_RP11-314B1.2,0.012113835
Degrader_1001_minus_Stable_1128,0.012112499
Degrader_1136_minus_Stable_1128,0.0121113425
Gene_MAPK8IP1P2,0.012100396
Degrader_955_minus_Stable_933,0.012066708
Degrader_1168_minus_Stable_142,0.012042058
Degrader_775_minus_Stable_1204,0.012020376
Degrader_829_minus_Stable_34,0.0120105725
Degrader_946_minus_Stable_871,0.011980106
Degrader_459_minus_Stable_465,0.011937983
Degrader_495_minus_Stable_1146,0.0119138
Degrader_619_minus_Stable_278,0.011894461
Degrader_1150_minus_Stable_102,0.0118927015
Degrader_1383_minus_Stable_1429,0.011878852
Gene_RP11-482G13.1,0.011798002
Degrader_775_minus_Stable_1422,0.011773608
Degrader_1168_minus_Stable_1161,0.011755036
Degrader_1168_minus_Stable_138,0.011640023
Gene_PNMA6B,0.011637679
Degrader_574_minus_Stable_1220,0.011586847
Gene_MYT1L,0.011527884
Degrader_134_minus_Stable_19,0.011520771
Degrader_731_minus_Stable_797,0.011487356
Gene_RP13-870H17.3,0.011420119
Gene_IGHV4-34,0.011414723
Gene_DLGAP1-AS5,0.011357278
Degrader_946_minus_Stable_1422,0.011348825
Degrader_811_minus_Stable_142,0.011277874
Degrader_405_minus_Stable_1422,0.011273358
Degrader_1383_minus_Stable_551,0.011233767
Degrader_511_minus_Stable_1161,0.0111667905
Degrader_187_minus_Stable_249,0.011142831
Degrader_409_minus_Stable_249,0.011121423
Gene_CCL18,0.011119953
Gene_MUM1L1,0.0110855345
Gene_TMPRSS2,0.011085094
Gene_OR56B2P,0.011064764
Gene_MYOZ3,0.011054839
Degrader_312_minus_Stable_551,0.011047428
Degrader_660_minus_Stable_278,0.011014028
Gene_RP11-351J23.1,0.010997007
Degrader_1492_minus_Stable_465,0.0109886965
Degrader_1139_minus_Stable_1422,0.010984597
Degrader_172_minus_Stable_249,0.010978309
Gene_RP11-1228E12.1,0.010969669
Degrader_946_minus_Stable_776,0.010965246
Gene_WTAPP1,0.010956741
Degrader_297_minus_Stable_223,0.010910413
Degrader_1291_minus_Stable_807,0.010867241
Degrader_946_minus_Stable_1161,0.010864986
Degrader_619_minus_Stable_776,0.010854243
Gene_CLEC4G,0.010854067
Degrader_1033_minus_Stable_223,0.010757261
Gene_RP11-208G20.3,0.010729755
Gene_GSX2,0.01072759
Degrader_1015_minus_Stable_34,0.010713533
Gene_TRBV25-1,0.010653381
Degrader_1136_minus_Stable_19,0.010651617
Gene_TPSD1,0.010615999
Degrader_23_minus_Stable_365,0.010601129
Degrader_1164_minus_Stable_1220,0.01056296
Degrader_405_minus_Stable_244,0.010553681
Degrader_1150_minus_Stable_465,0.010545339
Degrader_115_minus_Stable_933,0.010469864
Degrader_245_minus_Stable_109,0.01044733
Gene_IGHJ3,0.010444169
Gene_RP11-259K5.1,0.01042723
Degrader_466_minus_Stable_365,0.0104241595
Gene_IGHV3-33,0.010397718
Gene_RP6-24A23.7,0.010329991
Degrader_495_minus_Stable_19,0.010317774
Degrader_459_minus_Stable_223,0.010313596
Degrader_810_minus_Stable_244,0.0102618
Degrader_459_minus_Stable_807,0.010260321
Degrader_405_minus_Stable_102,0.010240233
Gene_RP11-615I2.2,0.010217938
Degrader_1304_minus_Stable_19,0.010203809
Degrader_1444_minus_Stable_278,0.010180441
Gene_RP11-551L14.8,0.010165487
Gene_FOXS1,0.010152514
Degrader_187_minus_Stable_807,0.010132438
Gene_LINC02207,0.010095781
Degrader_574_minus_Stable_249,0.010066846
Gene_GYG2P1,0.0100395605
Gene_TBC1D3F,0.010033087
Gene_RP5-828H9.1,0.010002364
Degrader_574_minus_Stable_178,0.01000131
Degrader_996_minus_Stable_19,0.0099860905
Degrader_399_minus_Stable_1235,0.009950348
Degrader_290_minus_Stable_249,0.009941782
Degrader_1015_minus_Stable_244,0.009929603
Gene_C4BPB,0.009886954
Gene_TOX3,0.009880904
Degrader_1033_minus_Stable_551,0.009845312
Degrader_663_minus_Stable_1226,0.00981688
Gene_IGKV2-30,0.009813114
Gene_EEF1DP4,0.0097883
Gene_RP11-238K6.1,0.00975949
Gene_GDNF,0.009757408
Degrader_660_minus_Stable_1235,0.009754159
Gene_RP11-1H8.5,0.009725041
Degrader_115_minus_Stable_1429,0.009619081
Gene_GPS2P1,0.0096183615
Degrader_247_minus_Stable_278,0.00959656
Gene_GIF,0.009576525
Degrader_245_minus_Stable_278,0.0095758615
Gene_ROPN1,0.0095485905
Gene_VWC2,0.009531216
Gene_STC1,0.009517139
Gene_LINC01886,0.009513667
Degrader_187_minus_Stable_19,0.009499805
Gene_S100A8,0.009492921
Degrader_169_minus_Stable_1220,0.009490758
Gene_RP11-54H7.4,0.00948752
Degrader_511_minus_Stable_1128,0.009466815
Degrader_829_minus_Stable_807,0.009431417
Degrader_1139_minus_Stable_776,0.009420516
Degrader_377_minus_Stable_1161,0.00941901
Degrader_1304_minus_Stable_142,0.0094108
Degrader_533_minus_Stable_1161,0.009341844
Gene_LINC01070,0.009319089
Degrader_1383_minus_Stable_249,0.009297683
Degrader_663_minus_Stable_365,0.009254246
Gene_IGLC6,0.009253117
Gene_CACNG1,0.0092325425
Degrader_1486_minus_Stable_289,0.009207408
Degrader_115_minus_Stable_1235,0.009197462
Gene_IGKV2-28,0.009196536
Gene_RP11-100E13.1,0.009196392
Degrader_409_minus_Stable_9,0.009085423
Gene_TIFAB,0.009083338
Degrader_495_minus_Stable_1422,0.009041556
Gene_SRY,0.009032734
Degrader_1001_minus_Stable_102,0.009030513
Degrader_616_minus_Stable_223,0.008995435
Gene_CADPS,0.008950441
Degrader_829_minus_Stable_278,0.008937401
Gene_DPP10-AS1,0.008932515
Degrader_1173_minus_Stable_244,0.008848033
Degrader_297_minus_Stable_1146,0.008811408
Gene_LINC00607,0.008774603
Degrader_1139_minus_Stable_807,0.008772012
Gene_AGR2,0.008768728
Gene_AREG,0.008767918
Degrader_495_minus_Stable_776,0.008726157
Degrader_1492_minus_Stable_797,0.008722656
Degrader_55_minus_Stable_223,0.008692676
Gene_IGLV2-14,0.008684803
Gene_APOH,0.008670227
Degrader_1225_minus_Stable_223,0.008622938
Degrader_399_minus_Stable_223,0.0085808905
Degrader_533_minus_Stable_244,0.008578607
Gene_FRMD7,0.00856895
Gene_OR7E26P,0.008553731
Gene_GCM1,0.008546725
Degrader_1015_minus_Stable_102,0.00850425
Degrader_946_minus_Stable_551,0.00848595
Gene_RP11-92G12.3,0.008399822
Degrader_442_minus_Stable_1128,0.008341997
Gene_KRT6C,0.008335882
Gene_CCDC190,0.008250711
Degrader_1164_minus_Stable_19,0.008196347
Degrader_74_minus_Stable_138,0.008182143
Degrader_134_minus_Stable_933,0.008173052
Degrader_123_minus_Stable_142,0.00816352
Gene_BPIFB2,0.0081590675
Gene_bP-2171C21.4,0.008158816
Degrader_409_minus_Stable_1422,0.00814109
Gene_NPFFR2,0.008129357
Degrader_957_minus_Stable_551,0.008091009
Gene_LINC01060,0.0080792755
Degrader_898_minus_Stable_249,0.008054897
Gene_TBL1Y,0.008036782
Degrader_978_minus_Stable_1422,0.008032209
Gene_OR2A13P,0.008023764
Degrader_552_minus_Stable_551,0.007964976
Degrader_510_minus_Stable_1226,0.007923279
Degrader_829_minus_Stable_1422,0.007845789
Degrader_409_minus_Stable_142,0.007845734
Degrader_405_minus_Stable_1235,0.007816724
Gene_RP11-438B23.2,0.0078001283
Degrader_720_minus_Stable_34,0.007748389
Degrader_829_minus_Stable_551,0.007728396
Degrader_409_minus_Stable_223,0.007727446
Gene_RP11-38H17.1,0.007718123
Gene_RP3-465N24.5,0.007692654
Gene_FAM153A,0.007690717
Degrader_1168_minus_Stable_776,0.007682405
Degrader_765_minus_Stable_278,0.007680301
Degrader_405_minus_Stable_142,0.007678079
Degrader_957_minus_Stable_244,0.007666016
Degrader_811_minus_Stable_1422,0.007658324
Gene_IGHV1-69,0.0076407334
Degrader_442_minus_Stable_365,0.007618447
Degrader_1001_minus_Stable_1146,0.00759466
Degrader_1001_minus_Stable_465,0.0075612897
Degrader_466_minus_Stable_9,0.007535577
Gene_NMUR2,0.0075033517
Degrader_1001_minus_Stable_278,0.0074864873
Degrader_1157_minus_Stable_109,0.0074847233
Gene_INS,0.0073922942
Degrader_493_minus_Stable_1220,0.007380417
Gene_RP11-365O16.3,0.0073124752
Degrader_694_minus_Stable_244,0.007283314
Gene_SCGN,0.0072797434
Degrader_377_minus_Stable_9,0.007255449
Degrader_115_minus_Stable_776,0.007251836
Degrader_557_minus_Stable_244,0.007238475
Degrader_1225_minus_Stable_807,0.0072159716
Gene_RP11-823P9.3,0.007169815
Degrader_574_minus_Stable_244,0.0071093803
Degrader_172_minus_Stable_807,0.0070892614
Gene_FFAR3,0.0070764623
Degrader_399_minus_Stable_1226,0.007071759
Gene_RP11-343J18.1,0.0070570544
Gene_NTS,0.0070528607
Degrader_898_minus_Stable_278,0.0070435135
Gene_MMP23A,0.0070304293
Gene_SEL1L2,0.007020643
Degrader_996_minus_Stable_142,0.0070058834
Degrader_507_minus_Stable_933,0.006981316
Gene_SHOX,0.006978051
Degrader_664_minus_Stable_1204,0.0069754724
Degrader_466_minus_Stable_1429,0.0069691315
Degrader_898_minus_Stable_871,0.006955714
Gene_CAPN6,0.0069528567
Gene_CTD-2385L22.2,0.0069389
Degrader_495_minus_Stable_1220,0.0069291336
Degrader_405_minus_Stable_1204,0.0068427087
Gene_OR2K2,0.00680715
Degrader_1486_minus_Stable_178,0.006775841
Degrader_74_minus_Stable_871,0.006767527
Gene_AC024560.2,0.006724907
Degrader_920_minus_Stable_1235,0.006695397
Gene_CCL8,0.006683949
Degrader_552_minus_Stable_797,0.006662974
Degrader_1486_minus_Stable_223,0.0065702177
Gene_RP11-977P2.1,0.0065488974
Degrader_690_minus_Stable_249,0.006547581
Degrader_290_minus_Stable_9,0.006546349
Degrader_660_minus_Stable_551,0.006546253
Gene_FABP7,0.0065213055
Degrader_664_minus_Stable_776,0.006510458
Gene_CD79A,0.0064425957
Gene_MACC1-AS1,0.0063840407
Degrader_663_minus_Stable_34,0.0063741426
Degrader_350_minus_Stable_1235,0.0063701146
Degrader_920_minus_Stable_142,0.006348667
Gene_KRTAP1-5,0.006334235
Degrader_1168_minus_Stable_1226,0.006257214
Degrader_957_minus_Stable_223,0.006227629
Gene_MIR663AHG,0.006223304
Degrader_245_minus_Stable_1161,0.0061829486
Degrader_946_minus_Stable_1220,0.0061790757
Gene_RP11-507B12.1,0.0061659864
Degrader_1001_minus_Stable_34,0.00611981
Degrader_1492_minus_Stable_365,0.00607932
Degrader_247_minus_Stable_1161,0.00603338
Degrader_282_minus_Stable_871,0.0060325298
Degrader_1164_minus_Stable_1204,0.0059962464
Degrader_664_minus_Stable_289,0.0059863236
Gene_TNP1,0.0059848884
Gene_IGHJ6,0.005961933
Degrader_459_minus_Stable_19,0.005954705
Degrader_829_minus_Stable_776,0.0059393756
Gene_CLCA1,0.0058918237
Degrader_731_minus_Stable_1204,0.005856271
Degrader_206_minus_Stable_244,0.005854149
Degrader_123_minus_Stable_1161,0.005848626
Gene_LINC00870,0.00580656
Degrader_619_minus_Stable_465,0.005782313
Gene_IGLV10-54,0.005775367
Gene_HS3ST5,0.005760641
Gene_C5orf38,0.005758235
Gene_ALDH1L1-AS2,0.005750027
Gene_SLCO1A2,0.0057306676
Degrader_1015_minus_Stable_109,0.0057123504
Gene_MAB21L3,0.0057091694
Gene_SPRR2F,0.005698103
Degrader_1444_minus_Stable_871,0.0056778206
Degrader_1304_minus_Stable_776,0.005672428
Degrader_115_minus_Stable_797,0.0056453794
Gene_LIPG,0.0056146015
Gene_RBPJL,0.005602382
Gene_IGHV1-46,0.0055819196
Degrader_1157_minus_Stable_138,0.0055740373
Degrader_663_minus_Stable_244,0.005486961
Degrader_74_minus_Stable_1146,0.005478194
Degrader_663_minus_Stable_278,0.0054265857
Gene_MUC21,0.005421483
Gene_RP11-206P5.2,0.0053955214
Degrader_957_minus_Stable_776,0.0053947326
Degrader_996_minus_Stable_1429,0.0053773755
Gene_RP13-650J16.1,0.005318236
Degrader_169_minus_Stable_1146,0.0052335556
Gene_ANKRD34C,0.005219483
Degrader_297_minus_Stable_9,0.0052070096
Gene_NYAP2,0.0051331404
Gene_ZIC4,0.0051279683
Degrader_557_minus_Stable_109,0.0051165186
Gene_OR2I1P,0.0051132706
Gene_IGKV1-6,0.005083264
Degrader_1492_minus_Stable_138,0.0050677154
Gene_HS3ST4,0.005062645
Gene_CPA2,0.005062081
Gene_RP11-83M16.3,0.0050524217
Degrader_533_minus_Stable_223,0.0050355075
Degrader_74_minus_Stable_1429,0.0050152303
Degrader_663_minus_Stable_9,0.0050025666
Degrader_955_minus_Stable_807,0.0049675233
Degrader_206_minus_Stable_278,0.0049536102
Gene_RP11-351I21.11,0.00493732
Degrader_694_minus_Stable_797,0.0049317786
Gene_HSD52,0.0049205194
Degrader_731_minus_Stable_142,0.0049167094
Degrader_664_minus_Stable_933,0.0048552
Degrader_1139_minus_Stable_465,0.004849151
Degrader_1150_minus_Stable_1128,0.0048026172
Degrader_442_minus_Stable_1146,0.004698917
Degrader_1139_minus_Stable_551,0.0046504363
Gene_CTB-92J24.3,0.0046391264
Degrader_1139_minus_Stable_109,0.004622901
Gene_IGHV3-20,0.0045842933
Gene_MXRA5Y,0.0045739566
Degrader_187_minus_Stable_289,0.004555577
Degrader_23_minus_Stable_1429,0.0045303125
Degrader_1304_minus_Stable_223,0.0045280703
Degrader_664_minus_Stable_1226,0.004520341
Degrader_810_minus_Stable_278,0.0045109917
Degrader_312_minus_Stable_1220,0.0045017865
Gene_PRAP1,0.004463224
Gene_TMEM52B,0.004462247
Gene_FOSB,0.0044593867
Degrader_399_minus_Stable_776,0.0044325087
Degrader_1157_minus_Stable_244,0.004423143
Degrader_23_minus_Stable_1161,0.0044090487
Degrader_459_minus_Stable_551,0.0043727783
Gene_TNR,0.004358444
Gene_IBSP,0.0043358584
Degrader_552_minus_Stable_109,0.0043278746
Degrader_737_minus_Stable_109,0.0042904583
Degrader_810_minus_Stable_365,0.0042806817
Gene_IGHV3-23,0.004270702
Degrader_442_minus_Stable_138,0.0042192927
Gene_RP5-998N21.4,0.0041693053
Degrader_1173_minus_Stable_289,0.0041673467
Degrader_1383_minus_Stable_871,0.0041590827
Degrader_350_minus_Stable_178,0.0041466886
Gene_IGKV1-33,0.0040969006
Gene_IGHV3-11,0.004065081
Gene_CYP4B1,0.0040357662
Gene_RP1-111J24.1,0.0040342277
Gene_TNMD,0.004030092
Degrader_124_minus_Stable_871,0.004026238
Degrader_996_minus_Stable_365,0.004022387
Degrader_55_minus_Stable_1128,0.0040087197
Degrader_409_minus_Stable_1161,0.0039529894
Degrader_1001_minus_Stable_1204,0.003940315
Degrader_810_minus_Stable_465,0.0039028008
Gene_UBD,0.0038966956
Degrader_765_minus_Stable_797,0.003881586
Degrader_312_minus_Stable_102,0.003880086
Degrader_664_minus_Stable_278,0.0038658858
Gene_GLRA2,0.0038618804
Degrader_245_minus_Stable_1226,0.0038321952
Degrader_350_minus_Stable_1146,0.0038317135
Gene_KCTD4,0.0038117405
Degrader_495_minus_Stable_138,0.003803458
Gene_GOLGA8O,0.0037958822
Gene_C5orf17,0.0037644925
Degrader_466_minus_Stable_551,0.0037638291
Degrader_1015_minus_Stable_1429,0.0037394494
Gene_MYBPH,0.003722668
Gene_CLVS2,0.003713886
Degrader_1001_minus_Stable_223,0.003713256
Gene_RP11-118A3.1,0.0036808634
Gene_RP11-212I21.2,0.0036722461
Degrader_660_minus_Stable_102,0.003658965
Gene_RPL32P1,0.0036474196
Degrader_1136_minus_Stable_244,0.0036150613
Gene_IGKV1-16,0.0035944406
Gene_RP11-462G22.2,0.0035717066
Degrader_510_minus_Stable_797,0.0034983603
Degrader_187_minus_Stable_223,0.0034903642
Degrader_1164_minus_Stable_1226,0.003489221
Degrader_533_minus_Stable_776,0.0034354804
Degrader_134_minus_Stable_1146,0.0034269872
Gene_RP3-332B22.1,0.0034243173
Degrader_737_minus_Stable_138,0.0034118972
Gene_CR2,0.0034016513
Degrader_172_minus_Stable_9,0.0033691833
Degrader_811_minus_Stable_1204,0.0033627206
Degrader_737_minus_Stable_807,0.0033614428
Degrader_115_minus_Stable_1220,0.0033543098
Gene_AC073072.5,0.0033464762
Gene_RP11-513O13.1,0.0033370564
Gene_TP53TG3D,0.0033331693
Degrader_1492_minus_Stable_933,0.0033250686
Degrader_247_minus_Stable_1146,0.0032998512
Gene_CTB-147C13.1,0.0032824192
Degrader_1139_minus_Stable_1204,0.0032693385
Degrader_493_minus_Stable_178,0.0032203998
Gene_RP11-348J24.2,0.003208415
Degrader_1139_minus_Stable_933,0.003194815
Degrader_660_minus_Stable_109,0.003137347
Degrader_533_minus_Stable_871,0.0030894952
Gene_RP11-460N11.2,0.0030540023
Gene_RP11-315D16.4,0.0030501352
Gene_GLP1R,0.0030024417
Gene_SLC26A3,0.0029583771
Gene_PADI1,0.0029374377
Degrader_989_minus_Stable_1128,0.0028756754
Degrader_619_minus_Stable_1226,0.0028318074
Gene_ZNF885P,0.0027667475
Gene_IGHV4-61,0.002751952
Degrader_350_minus_Stable_1128,0.002740594
Degrader_172_minus_Stable_223,0.0027392192
Degrader_206_minus_Stable_797,0.0026953383
Degrader_1225_minus_Stable_142,0.0026843185
Degrader_459_minus_Stable_9,0.0026830372
Gene_CRABP2,0.0026745403
Degrader_946_minus_Stable_1226,0.0026471107
Degrader_891_minus_Stable_933,0.0026308235
Degrader_996_minus_Stable_465,0.0026108478
Gene_SFTPA1,0.0025838818
Gene_RP11-567M16.1,0.0025528595
Degrader_1157_minus_Stable_278,0.0024119052
Gene_SNX18P9,0.0023801003
Gene_FASLG,0.0023692711
Degrader_989_minus_Stable_34,0.0023495327
Degrader_720_minus_Stable_1429,0.0023168419
Degrader_946_minus_Stable_34,0.0023055617
Gene_PROK2,0.002289298
Gene_TRH,0.0021540707
Degrader_1492_minus_Stable_9,0.0021410414
Degrader_989_minus_Stable_1429,0.002085675
Degrader_55_minus_Stable_249,0.0020823781
Degrader_664_minus_Stable_142,0.0020678123
Degrader_1383_minus_Stable_102,0.0020552285
Gene_RP11-583F24.7,0.002044414
Degrader_206_minus_Stable_933,0.0020348642
Degrader_442_minus_Stable_223,0.0020267854
Gene_LINC00996,0.0020171579
Degrader_459_minus_Stable_102,0.0019800528
Gene_IGHV3-49,0.0019679826
Gene_AADACP1,0.001928575
Degrader_891_minus_Stable_797,0.001893926
Degrader_765_minus_Stable_1422,0.0018357518
Gene_GH1,0.0018032548
Degrader_1136_minus_Stable_109,0.0017903269
Degrader_1139_minus_Stable_9,0.001771828
Degrader_466_minus_Stable_278,0.0017622384
Gene_CRLF2,0.0017376922
Gene_ST8SIA2,0.001729891
Degrader_891_minus_Stable_551,0.0017131253
Degrader_290_minus_Stable_551,0.00161745
Gene_IGHA1,0.001600089
Gene_LINC01018,0.0015455185
Gene_PNLIPRP1,0.0014476529
Gene_UNC13C,0.0013892058
Degrader_765_minus_Stable_244,0.0013795461
Degrader_507_minus_Stable_142,0.0013766977
Gene_RP11-426J5.3,0.0013580074
Gene_RPS17P1,0.0012445775
Gene_FUT5,0.0012313602
Degrader_552_minus_Stable_933,0.0011460171
Degrader_765_minus_Stable_465,0.0011196263
Degrader_1486_minus_Stable_249,0.0010823867
Gene_LINC01497,0.0010692143
Degrader_247_minus_Stable_138,0.0010683107
Gene_RP5-839B4.8,0.0010637935
Gene_KCNC2,0.0010626855
Gene_CCL23,0.0010597942
Degrader_619_minus_Stable_933,0.0010382704
Degrader_247_minus_Stable_178,0.00095247745
Gene_CH17-118O6.6,0.00088958984
Degrader_23_minus_Stable_102,0.0008662352
Gene_IGHV4-31,0.0008169319
Gene_UNC93B4,0.00074505515
Gene_RHOXF1,0.0005244805
Gene_RP11-259A24.1,0.0
Degrader_282_minus_Stable_138,0.0
Degrader_282_minus_Stable_797,0.0
Degrader_282_minus_Stable_1204,0.0
Degrader_282_minus_Stable_178,0.0
Degrader_616_minus_Stable_278,0.0
Degrader_616_minus_Stable_109,0.0
Degrader_616_minus_Stable_1146,0.0
Degrader_616_minus_Stable_178,0.0
Gene_PRB1,0.0
Degrader_616_minus_Stable_142,0.0
Degrader_290_minus_Stable_142,0.0
Degrader_290_minus_Stable_1422,0.0
Degrader_1150_minus_Stable_223,0.0
Degrader_1150_minus_Stable_551,0.0
Gene_C11orf87,0.0
Gene_LINC00599,0.0
Degrader_1150_minus_Stable_178,0.0
Degrader_1225_minus_Stable_1161,0.0
Degrader_1225_minus_Stable_278,0.0
Degrader_1225_minus_Stable_9,0.0
Gene_COL22A1,0.0
Degrader_290_minus_Stable_278,0.0
Degrader_290_minus_Stable_109,0.0
Degrader_891_minus_Stable_223,0.0
Degrader_891_minus_Stable_138,0.0
Degrader_891_minus_Stable_34,0.0
Degrader_619_minus_Stable_807,0.0
Gene_C14orf180,0.0
Gene_KCNJ3,0.0
Degrader_1225_minus_Stable_1146,0.0
Degrader_1225_minus_Stable_871,0.0
Degrader_810_minus_Stable_178,0.0
Degrader_810_minus_Stable_1226,0.0
Degrader_810_minus_Stable_807,0.0
Degrader_399_minus_Stable_9,0.0
Degrader_399_minus_Stable_109,0.0
Degrader_1173_minus_Stable_34,0.0
Gene_MYO18B,0.0
Degrader_350_minus_Stable_9,0.0
Degrader_557_minus_Stable_142,0.0
Degrader_557_minus_Stable_807,0.0
Degrader_775_minus_Stable_244,0.0
Degrader_775_minus_Stable_223,0.0
Degrader_775_minus_Stable_34,0.0
Degrader_775_minus_Stable_278,0.0
Degrader_775_minus_Stable_9,0.0
Degrader_775_minus_Stable_797,0.0
Gene_IGLV1-36,0.0
Degrader_350_minus_Stable_19,0.0
Degrader_350_minus_Stable_142,0.0
Gene_MIR631,0.0
Gene_SPAG6,0.0
Gene_IGLV2-18,0.0
Degrader_377_minus_Stable_933,0.0
Degrader_1173_minus_Stable_278,0.0
Degrader_720_minus_Stable_1422,0.0
Gene_FCN3,0.0
Gene_CSMD3,0.0
Degrader_660_minus_Stable_138,0.0
Degrader_660_minus_Stable_9,0.0
Degrader_660_minus_Stable_933,0.0
Degrader_660_minus_Stable_1429,0.0
Degrader_660_minus_Stable_142,0.0
Degrader_1291_minus_Stable_1161,0.0
Gene_FKBP5,0.0
Gene_IL13RA2,0.0
Gene_FRMPD2B,0.0
Gene_CD70,0.0
Degrader_399_minus_Stable_1146,0.0
Degrader_996_minus_Stable_807,0.0
Degrader_810_minus_Stable_223,0.0
Degrader_810_minus_Stable_34,0.0
Degrader_810_minus_Stable_9,0.0
Gene_DRAXIN,0.0
Degrader_399_minus_Stable_178,0.0
Degrader_399_minus_Stable_249,0.0
Gene_IGHV3-74,0.0
Gene_MMP8,0.0
Degrader_399_minus_Stable_807,0.0
Degrader_663_minus_Stable_1220,0.0
Degrader_663_minus_Stable_138,0.0
Degrader_663_minus_Stable_109,0.0
Degrader_663_minus_Stable_178,0.0
Degrader_663_minus_Stable_102,0.0
Degrader_663_minus_Stable_465,0.0
Degrader_663_minus_Stable_142,0.0
Degrader_663_minus_Stable_807,0.0
Degrader_996_minus_Stable_109,0.0
Degrader_996_minus_Stable_1204,0.0
Gene_IGLV3-9,0.0
Gene_BPIFC,0.0
Degrader_996_minus_Stable_289,0.0
Degrader_405_minus_Stable_223,0.0
Degrader_405_minus_Stable_34,0.0
Degrader_405_minus_Stable_278,0.0
Degrader_405_minus_Stable_871,0.0
Gene_PXDNL,0.0
Degrader_775_minus_Stable_1146,0.0
Degrader_775_minus_Stable_365,0.0
Degrader_775_minus_Stable_102,0.0
Degrader_775_minus_Stable_1128,0.0
Degrader_775_minus_Stable_142,0.0
Degrader_1139_minus_Stable_244,0.0
Degrader_1139_minus_Stable_138,0.0
Gene_BRINP1,0.0
Gene_PAX5,0.0
Gene_IGLC7,0.0
Degrader_957_minus_Stable_142,0.0
Degrader_957_minus_Stable_807,0.0
Degrader_350_minus_Stable_138,0.0
Degrader_619_minus_Stable_244,0.0
Degrader_619_minus_Stable_109,0.0
Degrader_619_minus_Stable_1146,0.0
Degrader_619_minus_Stable_289,0.0
Degrader_619_minus_Stable_365,0.0
Gene_CBLN4,0.0
Degrader_405_minus_Stable_365,0.0
Degrader_731_minus_Stable_871,0.0
Degrader_731_minus_Stable_178,0.0
Degrader_731_minus_Stable_1429,0.0
Degrader_731_minus_Stable_102,0.0
Degrader_731_minus_Stable_776,0.0
Degrader_731_minus_Stable_807,0.0
Degrader_996_minus_Stable_1220,0.0
Degrader_996_minus_Stable_34,0.0
Degrader_996_minus_Stable_278,0.0
Degrader_405_minus_Stable_465,0.0
Degrader_731_minus_Stable_551,0.0
Degrader_731_minus_Stable_278,0.0
Degrader_731_minus_Stable_109,0.0
Gene_RP11-169F17.1,0.0
Degrader_731_minus_Stable_933,0.0
Degrader_731_minus_Stable_1146,0.0
Degrader_690_minus_Stable_9,0.0
Degrader_690_minus_Stable_1146,0.0
Degrader_690_minus_Stable_871,0.0
Degrader_690_minus_Stable_1235,0.0
Degrader_690_minus_Stable_365,0.0
Degrader_690_minus_Stable_102,0.0
Degrader_690_minus_Stable_1422,0.0
Degrader_442_minus_Stable_1161,0.0
Degrader_442_minus_Stable_1220,0.0
Degrader_442_minus_Stable_34,0.0
Degrader_442_minus_Stable_9,0.0
Degrader_442_minus_Stable_109,0.0
Degrader_442_minus_Stable_933,0.0
Degrader_442_minus_Stable_871,0.0
Degrader_442_minus_Stable_289,0.0
Degrader_442_minus_Stable_178,0.0
Degrader_442_minus_Stable_1429,0.0
Gene_THY1,0.0
Gene_HAS1,0.0
Degrader_115_minus_Stable_1204,0.0
Degrader_115_minus_Stable_871,0.0
Degrader_115_minus_Stable_19,0.0
Degrader_115_minus_Stable_102,0.0
Degrader_115_minus_Stable_249,0.0
Degrader_115_minus_Stable_1128,0.0
Degrader_115_minus_Stable_465,0.0
Degrader_115_minus_Stable_1226,0.0
Degrader_731_minus_Stable_138,0.0
Degrader_442_minus_Stable_102,0.0
Degrader_442_minus_Stable_465,0.0
Degrader_442_minus_Stable_807,0.0
Degrader_957_minus_Stable_178,0.0
Degrader_957_minus_Stable_19,0.0
Degrader_957_minus_Stable_1429,0.0
Degrader_957_minus_Stable_102,0.0
Degrader_1173_minus_Stable_178,0.0
Degrader_1173_minus_Stable_249,0.0
Degrader_1173_minus_Stable_1128,0.0
Degrader_1173_minus_Stable_465,0.0
Degrader_1173_minus_Stable_807,0.0
Degrader_955_minus_Stable_34,0.0
Gene_CCDC144NL,0.0
Gene_GDF3,0.0
Gene_RP11-407P15.2,0.0
Degrader_493_minus_Stable_138,0.0
Degrader_493_minus_Stable_278,0.0
Degrader_115_minus_Stable_138,0.0
Gene_DKK4,0.0
Gene_BEND2,0.0
Degrader_720_minus_Stable_1146,0.0
Degrader_720_minus_Stable_178,0.0
Degrader_720_minus_Stable_1235,0.0
Degrader_720_minus_Stable_19,0.0
Degrader_511_minus_Stable_34,0.0
Degrader_511_minus_Stable_102,0.0
Degrader_511_minus_Stable_465,0.0
Degrader_377_minus_Stable_34,0.0
Gene_RP11-462H3.2,0.0
Gene_KCNE1,0.0
Gene_CNN2P3,0.0
Degrader_377_minus_Stable_109,0.0
Degrader_115_minus_Stable_34,0.0
Gene_RP11-380J14.1,0.0
Gene_AL132709.1,0.0
Gene_CA10,0.0
Degrader_493_minus_Stable_9,0.0
Degrader_493_minus_Stable_109,0.0
Degrader_493_minus_Stable_1204,0.0
Degrader_493_minus_Stable_1146,0.0
Degrader_493_minus_Stable_1429,0.0
Gene_APOC3,0.0
Degrader_493_minus_Stable_1128,0.0
Gene_LINC00517,0.0
Gene_RP11-664H17.1,0.0
Gene_RP11-486L19.2,0.0
Gene_ASB10,0.0
Gene_MYL7,0.0
Gene_CTD-2342N23.1,0.0
Degrader_989_minus_Stable_9,0.0
Degrader_989_minus_Stable_1146,0.0
Degrader_989_minus_Stable_178,0.0
Degrader_989_minus_Stable_249,0.0
Degrader_989_minus_Stable_1226,0.0
Degrader_115_minus_Stable_244,0.0
Degrader_493_minus_Stable_1422,0.0
Degrader_898_minus_Stable_1161,0.0
Degrader_898_minus_Stable_1220,0.0
Degrader_898_minus_Stable_34,0.0
Gene_LCN8,0.0
Degrader_898_minus_Stable_365,0.0
Degrader_898_minus_Stable_807,0.0
Degrader_1015_minus_Stable_1220,0.0
Degrader_1015_minus_Stable_9,0.0
Gene_LLNLR-276H7.1,0.0
Degrader_891_minus_Stable_465,0.0
Degrader_891_minus_Stable_142,0.0
Degrader_247_minus_Stable_1220,0.0
Degrader_247_minus_Stable_34,0.0
Degrader_247_minus_Stable_551,0.0
Degrader_1015_minus_Stable_797,0.0
Degrader_978_minus_Stable_178,0.0
Degrader_978_minus_Stable_365,0.0
Degrader_978_minus_Stable_142,0.0
Degrader_891_minus_Stable_19,0.0
Degrader_507_minus_Stable_249,0.0
Degrader_507_minus_Stable_1226,0.0
Degrader_957_minus_Stable_138,0.0
Degrader_957_minus_Stable_278,0.0
Degrader_957_minus_Stable_9,0.0
Gene_ACE2,0.0
Gene_ALDH1L1,0.0
Gene_PAK5,0.0
Degrader_957_minus_Stable_109,0.0
Degrader_891_minus_Stable_1429,0.0
Degrader_737_minus_Stable_102,0.0
Degrader_737_minus_Stable_1128,0.0
Degrader_737_minus_Stable_1422,0.0
Degrader_245_minus_Stable_138,0.0
Degrader_245_minus_Stable_9,0.0
Degrader_978_minus_Stable_1226,0.0
Degrader_1015_minus_Stable_178,0.0
Degrader_1015_minus_Stable_249,0.0
Gene_IGHV4-4,0.0
Gene_CMA1,0.0
Degrader_1157_minus_Stable_9,0.0
Degrader_1157_minus_Stable_1146,0.0
Degrader_1157_minus_Stable_1429,0.0
Degrader_1157_minus_Stable_1128,0.0
Degrader_1157_minus_Stable_465,0.0
Degrader_1157_minus_Stable_807,0.0
Degrader_989_minus_Stable_223,0.0
Degrader_1383_minus_Stable_1161,0.0
Degrader_1383_minus_Stable_1220,0.0
Degrader_1383_minus_Stable_138,0.0
Degrader_1383_minus_Stable_34,0.0
Degrader_1383_minus_Stable_109,0.0
Degrader_946_minus_Stable_1204,0.0
Degrader_1383_minus_Stable_289,0.0
Degrader_946_minus_Stable_1146,0.0
Degrader_946_minus_Stable_289,0.0
Gene_LCN10,0.0
Degrader_552_minus_Stable_102,0.0
Degrader_552_minus_Stable_465,0.0
Degrader_720_minus_Stable_9,0.0
Degrader_720_minus_Stable_109,0.0
Degrader_720_minus_Stable_797,0.0
Degrader_720_minus_Stable_933,0.0
Degrader_377_minus_Stable_1235,0.0
Degrader_377_minus_Stable_19,0.0
Degrader_377_minus_Stable_249,0.0
Degrader_377_minus_Stable_465,0.0
Degrader_377_minus_Stable_776,0.0
Degrader_920_minus_Stable_244,0.0
Degrader_920_minus_Stable_138,0.0
Degrader_920_minus_Stable_34,0.0
Degrader_920_minus_Stable_551,0.0
Degrader_920_minus_Stable_9,0.0
Degrader_552_minus_Stable_776,0.0
Degrader_552_minus_Stable_807,0.0
Gene_LGI3,0.0
Degrader_1383_minus_Stable_1128,0.0
Degrader_1383_minus_Stable_807,0.0
Degrader_297_minus_Stable_1204,0.0
Gene_LINC00485,0.0
Gene_ACY3,0.0
Degrader_946_minus_Stable_1235,0.0
Degrader_297_minus_Stable_289,0.0
Degrader_297_minus_Stable_19,0.0
Degrader_297_minus_Stable_365,0.0
Degrader_297_minus_Stable_1128,0.0
Degrader_297_minus_Stable_142,0.0
Degrader_297_minus_Stable_1422,0.0
Degrader_552_minus_Stable_278,0.0
Degrader_552_minus_Stable_9,0.0
Degrader_946_minus_Stable_19,0.0
Degrader_552_minus_Stable_1204,0.0
Degrader_552_minus_Stable_178,0.0
Gene_ONECUT1,0.0
Degrader_946_minus_Stable_365,0.0
Gene_UNQ6494,0.0
Degrader_946_minus_Stable_1429,0.0
Gene_BX255923.3,0.0
Gene_HPR,0.0
Degrader_206_minus_Stable_102,0.0
Degrader_206_minus_Stable_249,0.0
Degrader_206_minus_Stable_142,0.0
Degrader_206_minus_Stable_776,0.0
Degrader_507_minus_Stable_223,0.0
Degrader_946_minus_Stable_102,0.0
Degrader_946_minus_Stable_249,0.0
Gene_RP11-706J10.2,0.0
Gene_SH3GL3,0.0
Gene_UPK1B,0.0
Gene_UNC80,0.0
Degrader_507_minus_Stable_365,0.0
Gene_SLC5A7,0.0
Gene_GUSBP3,0.0
Gene_RP11-326L17.1,0.0
Degrader_1486_minus_Stable_138,0.0
Degrader_1486_minus_Stable_9,0.0
Degrader_1486_minus_Stable_1146,0.0
Degrader_1001_minus_Stable_249,0.0
Degrader_946_minus_Stable_142,0.0
Degrader_466_minus_Stable_933,0.0
Degrader_466_minus_Stable_249,0.0
Degrader_466_minus_Stable_142,0.0
Degrader_466_minus_Stable_1226,0.0
Degrader_552_minus_Stable_138,0.0
Degrader_552_minus_Stable_34,0.0
Degrader_1486_minus_Stable_1235,0.0
Degrader_1486_minus_Stable_102,0.0
Degrader_124_minus_Stable_223,0.0
Degrader_1486_minus_Stable_807,0.0
Degrader_124_minus_Stable_138,0.0
Degrader_1136_minus_Stable_34,0.0
Degrader_1136_minus_Stable_278,0.0
Degrader_23_minus_Stable_465,0.0
Degrader_23_minus_Stable_776,0.0
Degrader_23_minus_Stable_807,0.0
Degrader_124_minus_Stable_9,0.0
Gene_RP11-624L4.1,0.0
Degrader_466_minus_Stable_138,0.0
Gene_ADGB,0.0
Degrader_1136_minus_Stable_178,0.0
Degrader_1136_minus_Stable_365,0.0
Degrader_1136_minus_Stable_1429,0.0
Degrader_1136_minus_Stable_102,0.0
Degrader_1136_minus_Stable_465,0.0
Degrader_1136_minus_Stable_1422,0.0
Degrader_495_minus_Stable_244,0.0
Degrader_1168_minus_Stable_1220,0.0
Degrader_23_minus_Stable_109,0.0
Degrader_23_minus_Stable_797,0.0
Degrader_23_minus_Stable_1146,0.0
Degrader_23_minus_Stable_871,0.0
Degrader_23_minus_Stable_178,0.0
Degrader_23_minus_Stable_1235,0.0
Degrader_23_minus_Stable_19,0.0
Degrader_1168_minus_Stable_244,0.0
Degrader_1168_minus_Stable_102,0.0
Degrader_1168_minus_Stable_249,0.0
Degrader_978_minus_Stable_1161,0.0
Gene_RP11-1099M24.9,0.0
Degrader_1168_minus_Stable_34,0.0
Degrader_134_minus_Stable_465,0.0
Degrader_134_minus_Stable_776,0.0
Degrader_978_minus_Stable_551,0.0
Degrader_978_minus_Stable_1146,0.0
Degrader_495_minus_Stable_34,0.0
Degrader_495_minus_Stable_797,0.0
Degrader_495_minus_Stable_933,0.0
Degrader_495_minus_Stable_178,0.0
Degrader_737_minus_Stable_178,0.0
Degrader_737_minus_Stable_365,0.0
Degrader_737_minus_Stable_1429,0.0
Degrader_920_minus_Stable_178,0.0
Degrader_920_minus_Stable_365,0.0
Degrader_920_minus_Stable_1429,0.0
Degrader_920_minus_Stable_102,0.0
Degrader_920_minus_Stable_1128,0.0
Degrader_920_minus_Stable_776,0.0
Gene_KERA,0.0
Gene_HCAR2,0.0
Degrader_350_minus_Stable_1226,0.0
Degrader_574_minus_Stable_19,0.0
Degrader_409_minus_Stable_34,0.0
Degrader_829_minus_Stable_1226,0.0
Gene_NPTX2,0.0
Gene_FAM183BP,0.0
Degrader_1139_minus_Stable_1146,0.0
Gene_RP11-469N6.1,0.0
Degrader_574_minus_Stable_1429,0.0
Degrader_1139_minus_Stable_178,0.0
Degrader_1139_minus_Stable_365,0.0
Degrader_1139_minus_Stable_102,0.0
Degrader_206_minus_Stable_1204,0.0
Degrader_206_minus_Stable_1429,0.0
Gene_IGHV3-43,0.0
Gene_EGFL6,0.0
Gene_IGHV3-72,0.0
Degrader_495_minus_Stable_1235,0.0
Degrader_495_minus_Stable_365,0.0
Degrader_495_minus_Stable_249,0.0
Gene_LINC01807,0.0
Degrader_574_minus_Stable_102,0.0
Degrader_134_minus_Stable_1161,0.0
Degrader_134_minus_Stable_109,0.0
Degrader_495_minus_Stable_142,0.0
Degrader_495_minus_Stable_807,0.0
Degrader_312_minus_Stable_34,0.0
Degrader_574_minus_Stable_776,0.0
Degrader_312_minus_Stable_278,0.0
Degrader_312_minus_Stable_9,0.0
Degrader_312_minus_Stable_109,0.0
Degrader_312_minus_Stable_1146,0.0
Degrader_312_minus_Stable_871,0.0
Degrader_312_minus_Stable_1429,0.0
Degrader_574_minus_Stable_1226,0.0
Degrader_312_minus_Stable_1422,0.0
Degrader_312_minus_Stable_776,0.0
Degrader_312_minus_Stable_807,0.0
Gene_CCL20,0.0
Gene_IGKV1-8,0.0
Gene_BMS1P8,0.0
Gene_AQP7P3,0.0
Gene_ALPK2,0.0
Gene_SPX,0.0
Degrader_1164_minus_Stable_249,0.0
Degrader_187_minus_Stable_1220,0.0
Degrader_459_minus_Stable_289,0.0
Degrader_459_minus_Stable_178,0.0
Degrader_187_minus_Stable_138,0.0
Degrader_247_minus_Stable_933,0.0
Degrader_187_minus_Stable_278,0.0
Gene_KY,0.0
Gene_RP11-497H16.8,0.0
Gene_GPX3,0.0
Degrader_187_minus_Stable_109,0.0
Gene_ORM2,0.0
Gene_IGHJ5,0.0
Gene_GREM2,0.0
Degrader_459_minus_Stable_365,0.0
Degrader_574_minus_Stable_9,0.0
Degrader_459_minus_Stable_249,0.0
Degrader_459_minus_Stable_1128,0.0
Degrader_459_minus_Stable_776,0.0
Degrader_1139_minus_Stable_142,0.0
Degrader_1001_minus_Stable_1220,0.0
Degrader_574_minus_Stable_109,0.0
Degrader_1001_minus_Stable_138,0.0
Degrader_574_minus_Stable_1204,0.0
Gene_RP11-344E13.4,0.0
Degrader_206_minus_Stable_34,0.0
Degrader_206_minus_Stable_109,0.0
Degrader_510_minus_Stable_1161,0.0
Degrader_510_minus_Stable_138,0.0
Degrader_1164_minus_Stable_223,0.0
Degrader_1164_minus_Stable_138,0.0
Degrader_1164_minus_Stable_551,0.0
Degrader_1164_minus_Stable_278,0.0
Degrader_1164_minus_Stable_933,0.0
Degrader_1164_minus_Stable_178,0.0
Degrader_247_minus_Stable_109,0.0
Degrader_510_minus_Stable_9,0.0
Degrader_737_minus_Stable_34,0.0
Degrader_737_minus_Stable_9,0.0
Degrader_664_minus_Stable_871,0.0
Degrader_664_minus_Stable_365,0.0
Degrader_664_minus_Stable_1429,0.0
Degrader_664_minus_Stable_465,0.0
Degrader_737_minus_Stable_797,0.0
Degrader_737_minus_Stable_933,0.0
Degrader_811_minus_Stable_1161,0.0
Degrader_811_minus_Stable_244,0.0
Degrader_811_minus_Stable_933,0.0
Gene_MT1H,0.0
Degrader_187_minus_Stable_933,0.0
Degrader_187_minus_Stable_1204,0.0
Degrader_664_minus_Stable_138,0.0
Degrader_664_minus_Stable_34,0.0
Degrader_664_minus_Stable_551,0.0
Degrader_187_minus_Stable_1146,0.0
Degrader_664_minus_Stable_9,0.0
Degrader_664_minus_Stable_1146,0.0
Degrader_187_minus_Stable_178,0.0
Degrader_829_minus_Stable_109,0.0
Degrader_829_minus_Stable_1204,0.0
Gene_ZCCHC5,0.0
Degrader_920_minus_Stable_933,0.0
Degrader_920_minus_Stable_1204,0.0
Degrader_920_minus_Stable_1146,0.0
Degrader_187_minus_Stable_1235,0.0
Degrader_187_minus_Stable_365,0.0
Gene_IGKV6-21,0.0
Degrader_1291_minus_Stable_178,0.0
Degrader_1291_minus_Stable_19,0.0
Gene_CCBE1,0.0
Degrader_829_minus_Stable_178,0.0
Degrader_829_minus_Stable_1429,0.0
Degrader_829_minus_Stable_465,0.0
Degrader_811_minus_Stable_178,0.0
Degrader_1168_minus_Stable_933,0.0
Degrader_1168_minus_Stable_1204,0.0
Degrader_1168_minus_Stable_1146,0.0
Degrader_1168_minus_Stable_871,0.0
Gene_SAA4,0.0
Gene_FCRL3,0.0
Gene_RP11-13K12.5,0.0
Degrader_1168_minus_Stable_365,0.0
Degrader_811_minus_Stable_19,0.0
Degrader_811_minus_Stable_1429,0.0
Degrader_811_minus_Stable_102,0.0
Degrader_811_minus_Stable_1128,0.0
Degrader_811_minus_Stable_776,0.0
Degrader_811_minus_Stable_807,0.0
Degrader_1001_minus_Stable_776,0.0
Degrader_1001_minus_Stable_807,0.0
Degrader_123_minus_Stable_1220,0.0
Degrader_123_minus_Stable_138,0.0
Degrader_123_minus_Stable_34,0.0
Degrader_123_minus_Stable_278,0.0
Degrader_123_minus_Stable_1235,0.0
Gene_LINC02126,0.0
Degrader_123_minus_Stable_1128,0.0
Degrader_1033_minus_Stable_138,0.0
Degrader_172_minus_Stable_138,0.0
Gene_GS1-72M22.1,0.0
Degrader_172_minus_Stable_278,0.0
Degrader_1291_minus_Stable_1429,0.0
Degrader_172_minus_Stable_1146,0.0
Degrader_172_minus_Stable_289,0.0
Degrader_172_minus_Stable_19,0.0
Degrader_172_minus_Stable_102,0.0
Gene_MS4A1,0.0
Degrader_1033_minus_Stable_109,0.0
Degrader_1033_minus_Stable_933,0.0
Degrader_1304_minus_Stable_1146,0.0
Gene_FCAR,0.0
Degrader_1304_minus_Stable_1422,0.0
Degrader_172_minus_Stable_244,0.0
Gene_FCRL1,0.0
Degrader_1033_minus_Stable_178,0.0
Degrader_1033_minus_Stable_365,0.0
Degrader_1033_minus_Stable_1429,0.0
Degrader_1033_minus_Stable_1128,0.0
Degrader_1033_minus_Stable_1422,0.0
Degrader_694_minus_Stable_9,0.0
Degrader_694_minus_Stable_933,0.0
Degrader_1304_minus_Stable_138,0.0
Gene_MOG,0.0
Gene_TCERG1L,0.0
Gene_MUC3A,0.0
Degrader_282_minus_Stable_1429,0.0
Gene_SLC36A2,0.0
Degrader_1304_minus_Stable_109,0.0
Degrader_282_minus_Stable_1128,0.0
Degrader_169_minus_Stable_1235,0.0
Degrader_169_minus_Stable_465,0.0
Degrader_169_minus_Stable_142,0.0
Degrader_169_minus_Stable_1422,0.0
Degrader_694_minus_Stable_1128,0.0
Degrader_694_minus_Stable_1422,0.0
Degrader_694_minus_Stable_776,0.0
Degrader_1444_minus_Stable_1161,0.0
Degrader_282_minus_Stable_776,0.0
Degrader_282_minus_Stable_807,0.0
Degrader_1444_minus_Stable_223,0.0
Degrader_1444_minus_Stable_551,0.0
Gene_HAUS6P3,0.0
Gene_NEUROD1,0.0
Degrader_574_minus_Stable_1161,0.0
Gene_LINC01659,0.0
Degrader_169_minus_Stable_138,0.0
Degrader_169_minus_Stable_34,0.0
Degrader_169_minus_Stable_278,0.0
Degrader_169_minus_Stable_9,0.0
Degrader_169_minus_Stable_109,0.0
Degrader_169_minus_Stable_797,0.0
Degrader_169_minus_Stable_933,0.0
Degrader_247_minus_Stable_1128,0.0
Degrader_247_minus_Stable_142,0.0
Gene_ANKRD55,0.0
Degrader_1444_minus_Stable_933,0.0
Degrader_1444_minus_Stable_102,0.0
Degrader_74_minus_Stable_278,0.0
Degrader_74_minus_Stable_109,0.0
Degrader_574_minus_Stable_138,0.0
Degrader_533_minus_Stable_289,0.0
Degrader_533_minus_Stable_1235,0.0
Degrader_533_minus_Stable_1429,0.0
Degrader_533_minus_Stable_102,0.0
Degrader_533_minus_Stable_465,0.0
Degrader_533_minus_Stable_142,0.0
Degrader_574_minus_Stable_34,0.0
Degrader_533_minus_Stable_807,0.0
Degrader_169_minus_Stable_1161,0.0
Degrader_1444_minus_Stable_807,0.0
Degrader_55_minus_Stable_1161,0.0
Degrader_1492_minus_Stable_1429,0.0
Degrader_1492_minus_Stable_249,0.0
Degrader_1492_minus_Stable_142,0.0
Degrader_74_minus_Stable_289,0.0
Degrader_74_minus_Stable_1128,0.0
Degrader_74_minus_Stable_1422,0.0
Degrader_74_minus_Stable_1226,0.0
Degrader_74_minus_Stable_807,0.0
Gene_CTB-61M7.2,0.0
Gene_CNTN5,0.0
Degrader_409_minus_Stable_178,0.0
Degrader_409_minus_Stable_807,0.0
Degrader_829_minus_Stable_1161,0.0
Degrader_829_minus_Stable_9,0.0
Degrader_1291_minus_Stable_1422,0.0
Degrader_55_minus_Stable_9,0.0
Degrader_55_minus_Stable_289,0.0
Degrader_533_minus_Stable_109,0.0
Degrader_533_minus_Stable_797,0.0
Degrader_533_minus_Stable_1146,0.0
Degrader_245_minus_Stable_1146,0.0
Degrader_245_minus_Stable_1429,0.0
Degrader_245_minus_Stable_142,0.0
Degrader_187_minus_Stable_1429,0.0
Degrader_74_minus_Stable_1220,0.0
Degrader_74_minus_Stable_223,0.0
Degrader_920_minus_Stable_807,0.0
Degrader_557_minus_Stable_1161,0.0
Degrader_55_minus_Stable_142,0.0
Degrader_946_minus_Stable_244,0.0
Degrader_946_minus_Stable_138,0.0
Gene_ESPNL,0.0
Degrader_946_minus_Stable_278,0.0
Degrader_946_minus_Stable_9,0.0
Degrader_557_minus_Stable_19,0.0
Degrader_765_minus_Stable_223,0.0
Degrader_765_minus_Stable_138,0.0
Gene_OVCH1-AS1,0.0
Degrader_765_minus_Stable_933,0.0
Degrader_765_minus_Stable_1146,0.0
Degrader_765_minus_Stable_871,0.0
Degrader_765_minus_Stable_249,0.0
Gene_KCND2,0.0
Gene_PTHLH,0.0
Gene_CAMKV,0.0
Degrader_124_minus_Stable_1226,0.0
Degrader_124_minus_Stable_1128,0.0
Sex,0.0
Autolysis_squared,0.0
Ratio_max,0.0
Degrader_124_minus_Stable_807,0.0
Gene_RP11-323C15.2,0.0
Degrader_124_minus_Stable_1422,0.0
Degrader_1168_minus_Stable_551,0.0
Degrader_1168_minus_Stable_109,0.0
Gene_INA,0.0
Degrader_891_minus_Stable_244,0.0
Degrader_616_minus_Stable_34,0.0
Degrader_124_minus_Stable_289,0.0
Degrader_124_minus_Stable_1429,0.0
Degrader_124_minus_Stable_102,0.0
Degrader_124_minus_Stable_109,0.0
Gene_RP1-140C12.2,0.0
Degrader_533_minus_Stable_138,0.0
Degrader_533_minus_Stable_551,0.0
Degrader_533_minus_Stable_9,0.0
