feature,mean_abs_shap
Hardy_death_scale,137.87323
Gene_RP11-160E2.6,49.965885
Gene_SNORD3B-2,36.411118
Gene_AC005550.3,9.551056
Degrader_mean,6.496819
Gene_RP11-386I14.4,5.6157594
Gene_RP11-115J16.1,5.339088
Gene_PTGS2,5.017235
Gene_HIST1H1D,4.7379465
RIN_x_Autolysis,4.4356866
Gene_FOS,3.6594093
Gene_FUT5,3.112048
Gene_RP5-897D18.1,2.898411
Gene_EEF1GP2,2.6137524
Gene_RP11-536I6.2,2.4428775
Gene_FOSB,2.1432211
Gene_IDO1,1.9885963
Gene_AADACL2-AS1,1.8448719
Degrader_1481_minus_Stable_1260,1.78903
Degrader_1382_minus_Stable_407,1.7297299
Gene_HIST1H2BF,1.7228669
Degrader_253_minus_Stable_1083,1.707583
Gene_CXCL8,1.6585296
Gene_EDN2,1.6324637
Degrader_232_minus_Stable_1252,1.6283917
Degrader_232_minus_Stable_1238,1.5944118
Gene_SCARNA7,1.5736377
Gene_PAX6,1.5194324
Degrader_232_minus_Stable_169,1.4199598
Gene_RP11-3L21.2,1.416698
Gene_AC024560.2,1.4161973
Gene_OOEP,1.3595501
Gene_AC069363.1,1.3252522
Degrader_1231_minus_Stable_407,1.3171623
Gene_ODF3L1,1.2298349
Gene_SLC10A2,1.2060673
Gene_RP11-115D19.1,1.1650318
Degrader_493_minus_Stable_1282,1.1310645
Gene_PLA2G2A,1.1153741
Degrader_1277_minus_Stable_287,1.0949789
Gene_SFTPB,1.0817446
Gene_LGALS7,1.0671903
Gene_KPRP,1.0548949
Degrader_1382_minus_Stable_1260,0.98178166
Gene_SEC14L6,0.9705417
Degrader_320_minus_Stable_169,0.9576553
Gene_C2CD4B,0.9511822
Gene_RPTN,0.94562197
Gene_CCR3,0.93943
Degrader_441_minus_Stable_666,0.9282558
RIN_div_Autolysis_plus_1,0.9203527
Degrader_995_minus_Stable_553,0.9057063
Gene_SLC7A10,0.89264673
Gene_CH507-513H4.5,0.88806266
Gene_PSG4,0.88646007
Gene_FOXN4,0.8755068
Degrader_736_minus_Stable_416,0.8697075
Degrader_433_minus_Stable_626,0.8664898
Degrader_123_minus_Stable_1252,0.85084367
Gene_RP11-83M16.5,0.81381434
Degrader_1202_minus_Stable_145,0.8010052
Degrader_211_minus_Stable_287,0.8008938
Degrader_190_minus_Stable_1238,0.7960886
Degrader_123_minus_Stable_287,0.78723305
Degrader_1295_minus_Stable_1077,0.7807607
Gene_KC6,0.75465685
Degrader_123_minus_Stable_1065,0.7523062
Gene_CEL,0.74441755
Gene_CD180,0.7361378
Degrader_1382_minus_Stable_1282,0.73534405
Gene_GABBR2,0.7336937
Degrader_123_minus_Stable_856,0.73338914
Degrader_499_minus_Stable_407,0.71322924
Degrader_68_minus_Stable_323,0.70755446
Gene_PMS2P6,0.6993319
Gene_DNAH8,0.69825053
Gene_CH17-469D17.1,0.677346
Degrader_1382_minus_Stable_439,0.6723322
Gene_GPD1,0.67175627
Gene_SLC44A5,0.6691601
Gene_ROCK1P1,0.66531295
Gene_SNORD3A,0.6621994
Gene_CTRB2,0.6619893
Gene_WFDC3,0.6524165
Gene_RP11-613E4.4,0.6417756
Gene_XIRP1,0.6364602
Gene_SPX,0.63375276
Gene_MT1M,0.6228943
Gene_AGR3,0.6198342
Gene_RP11-308D13.3,0.6193035
Degrader_1202_minus_Stable_1083,0.61905533
Gene_FAM90A20P,0.6134969
Gene_RP11-20I23.13,0.61224985
Gene_MYH2,0.6047695
Gene_RP11-212I21.3,0.6024199
Gene_COX20P1,0.58881325
Degrader_1382_minus_Stable_1238,0.57931715
Degrader_992_minus_Stable_145,0.5766707
Degrader_1317_minus_Stable_1083,0.5742427
Degrader_1062_minus_Stable_169,0.5727502
Gene_KRTAP3-2,0.56905365
Gene_CTC-304I17.6,0.5648311
Gene_NWD2,0.5613325
Gene_CCR4,0.5519438
Gene_RP11-643A5.3,0.5503419
Gene_KDELC1P1,0.55009186
Degrader_1090_minus_Stable_256,0.5500762
Gene_TTR,0.54865235
Gene_SORD2P,0.54264563
Gene_TMEM63C,0.54102415
Degrader_1090_minus_Stable_169,0.54085827
Degrader_190_minus_Stable_856,0.5398359
Degrader_454_minus_Stable_1077,0.53327274
Degrader_800_minus_Stable_145,0.5280024
Degrader_736_minus_Stable_256,0.5235931
Degrader_123_minus_Stable_796,0.5223539
Degrader_772_minus_Stable_702,0.5194046
Gene_SFTPA2,0.5193391
Gene_RP11-351I21.6,0.5129108
Gene_RP11-497H16.8,0.5100496
Degrader_443_minus_Stable_1252,0.5057558
Gene_BCAP31P2,0.504816
Gene_ANKRD1,0.50454235
Gene_AP000351.4,0.5045218
Gene_LINC01291,0.5016739
Gene_TRPM8,0.5004018
Gene_OLAH,0.49799544
Degrader_1004_minus_Stable_287,0.49653822
Gene_CD8BP,0.49544173
Degrader_1202_minus_Stable_1077,0.48982793
Gene_MDGA1,0.4895986
Degrader_899_minus_Stable_1238,0.48768255
Gene_SLC27A6,0.48741344
Degrader_1004_minus_Stable_407,0.48680946
Degrader_772_minus_Stable_666,0.48598146
Degrader_443_minus_Stable_666,0.48535162
Gene_RP11-298I3.6,0.48523828
Gene_LINC00960,0.4832384
Degrader_676_minus_Stable_169,0.4794428
Degrader_800_minus_Stable_702,0.47675732
Degrader_420_minus_Stable_958,0.47608837
Gene_ADIPOQ,0.4760485
Degrader_1390_minus_Stable_1238,0.47211114
Degrader_190_minus_Stable_1077,0.4696793
Degrader_123_minus_Stable_1238,0.46962002
Degrader_772_minus_Stable_958,0.46867964
Degrader_1382_minus_Stable_626,0.46745703
Gene_TDRD12,0.46632177
Gene_ANGPTL7,0.46475983
Gene_GKN3P,0.46238893
Degrader_211_minus_Stable_1238,0.46029958
Gene_RP11-367F23.2,0.46014023
Degrader_68_minus_Stable_287,0.45972237
Ratio_max,0.45709634
Gene_LLPH-AS1,0.45584914
Degrader_320_minus_Stable_1238,0.45474708
Gene_SERPINB3,0.45143685
Gene_KRT38,0.4471826
Degrader_1382_minus_Stable_666,0.44359878
Gene_MXRA5Y,0.43869796
Degrader_1064_minus_Stable_1252,0.43840647
Degrader_736_minus_Stable_856,0.4285102
Gene_ALDOB,0.42773703
Gene_LRRC3B,0.4270444
Degrader_918_minus_Stable_416,0.42597213
Degrader_311_minus_Stable_287,0.4240777
Degrader_601_minus_Stable_430,0.42112663
Degrader_1090_minus_Stable_1238,0.4204016
Gene_SIRPB1,0.41631
Degrader_1382_minus_Stable_256,0.4141315
Gene_LINC00302,0.4134258
Gene_CA6,0.41156366
Gene_SIK1,0.40991005
Degrader_273_minus_Stable_430,0.40913013
Gene_RP11-561I11.3,0.40720642
Degrader_155_minus_Stable_1238,0.40262228
Degrader_1231_minus_Stable_530,0.40228692
Degrader_247_minus_Stable_1077,0.39902702
Degrader_1277_minus_Stable_1077,0.39813077
Degrader_190_minus_Stable_287,0.39642188
Gene_TDRD1,0.39395595
Gene_MARK2P13,0.3926693
Degrader_1382_minus_Stable_287,0.39219105
Gene_OR7C1,0.39135444
Gene_GUSBP3,0.3910012
Gene_LCE2A,0.38992393
Gene_CTD-3060P21.1,0.38934398
Degrader_301_minus_Stable_1252,0.38750243
Gene_RP11-459O16.8,0.38647333
Gene_LCE3C,0.38538527
Gene_CXCL2,0.38348117
Gene_RP11-680F20.9,0.37985668
Gene_SNCB,0.37836826
Gene_CH507-9B2.1,0.3775698
Gene_RP11-529A4.7,0.37659797
Gene_GXYLT1P5,0.37575582
Gene_CCL23,0.3755642
Gene_ASIC2,0.37519044
Gene_NEFM,0.373806
Degrader_454_minus_Stable_1238,0.37246105
Gene_SELE,0.37025365
Gene_ACSM6,0.3701861
Degrader_123_minus_Stable_1077,0.36771938
Degrader_1481_minus_Stable_1065,0.36587813
Gene_ADCYAP1,0.3642931
Degrader_493_minus_Stable_856,0.3641269
Gene_KRT71,0.36367387
Ratio_mean,0.35949087
Degrader_1202_minus_Stable_439,0.3582738
Degrader_736_minus_Stable_1065,0.35717312
Degrader_366_minus_Stable_339,0.35637105
Gene_GKN1,0.3510174
Gene_RND1,0.35010487
Degrader_918_minus_Stable_666,0.34686178
Degrader_190_minus_Stable_1282,0.34647208
Gene_PCDH11Y,0.34279233
Degrader_1004_minus_Stable_530,0.34278935
Gene_RP11-707A18.1,0.34267768
Gene_NLRP2,0.3414225
Gene_C1orf68,0.3406384
Degrader_369_minus_Stable_51,0.34038806
Gene_UPK1B,0.33967778
Gene_GABRB3,0.33929002
Gene_SLC30A10,0.3344104
Degrader_454_minus_Stable_169,0.33430916
Gene_PNMT,0.3335676
Gene_COL11A1,0.33114615
Gene_REN,0.33047587
Gene_GDA,0.3304064
Gene_RP11-435J9.2,0.32993007
Gene_PKD1L2,0.32966375
Gene_CDH10,0.32916954
Gene_MT1JP,0.3288923
Degrader_1277_minus_Stable_1238,0.32593533
Gene_LCE5A,0.32538518
Gene_CCL4L2,0.3252743
Degrader_1382_minus_Stable_796,0.32483894
Degrader_992_minus_Stable_416,0.32410175
Degrader_1384_minus_Stable_1252,0.3232298
Gene_GABRA4,0.32250732
Gene_RP11-365O16.3,0.32111874
Gene_HBA1,0.3205538
Degrader_433_minus_Stable_1282,0.3199816
Degrader_440_minus_Stable_1260,0.31945124
Age,0.31591368
Gene_CYP4F11,0.31574696
Degrader_884_minus_Stable_626,0.31566516
Gene_TTTY14,0.3150077
Degrader_1231_minus_Stable_287,0.31355265
Degrader_433_minus_Stable_1238,0.31214663
Degrader_365_minus_Stable_439,0.311122
Degrader_817_minus_Stable_553,0.31060812
Gene_MTND1P23,0.310584
Gene_HMGB3P7,0.3099387
Degrader_675_minus_Stable_430,0.30912894
Degrader_155_minus_Stable_89,0.30760583
Degrader_736_minus_Stable_553,0.3049747
Degrader_448_minus_Stable_553,0.30471873
Gene_SFTPA1,0.30465052
Degrader_1062_minus_Stable_51,0.30276373
Gene_EIF1AY,0.3006468
Gene_RP11-109L13.1,0.29743275
Gene_LINC01310,0.29738194
Degrader_588_minus_Stable_484,0.29621008
Gene_AKR1B10,0.29476923
Degrader_1202_minus_Stable_484,0.29401073
Gene_RP1-140J1.1,0.2935369
Degrader_365_minus_Stable_856,0.29309946
Degrader_443_minus_Stable_1065,0.29223543
Degrader_1062_minus_Stable_1083,0.29147375
Gene_RP11-475A13.1,0.29097575
Gene_CNGA3,0.29061362
Gene_CSF3,0.2902746
Degrader_454_minus_Stable_145,0.28993654
Gene_ABCA13,0.2863094
Gene_CYP4F24P,0.28510866
Degrader_1173_minus_Stable_553,0.28458515
Gene_IGLV3-19,0.2843427
Degrader_995_minus_Stable_386,0.28370607
Degrader_736_minus_Stable_287,0.2829406
Degrader_950_minus_Stable_256,0.28119066
Gene_TIFAB,0.28011253
Gene_CYP1A2,0.27986702
Gene_CGA,0.27966267
Degrader_723_minus_Stable_430,0.2794845
Degrader_810_minus_Stable_1260,0.2790926
Gene_bP-2171C21.6,0.27763325
Degrader_365_minus_Stable_51,0.2768625
Gene_PSORS1C3,0.27598685
Degrader_311_minus_Stable_1252,0.2753131
Gene_RP11-613D13.8,0.2733138
Degrader_1277_minus_Stable_1065,0.27277803
Gene_RP11-39H3.2,0.27274567
Gene_LINC00371,0.2723393
Gene_TRIM15,0.2721956
Degrader_1295_minus_Stable_386,0.27161673
Degrader_123_minus_Stable_323,0.27127457
Gene_SOHLH1,0.27096337
Gene_TUSC8,0.269594
Degrader_1004_minus_Stable_702,0.26944122
Degrader_1056_minus_Stable_406,0.2692231
Gene_KRT82,0.26869974
Degrader_1056_minus_Stable_553,0.26829475
Gene_CYP4F29P,0.2676947
Degrader_918_minus_Stable_256,0.26592842
Degrader_510_minus_Stable_553,0.26467675
Degrader_440_minus_Stable_1282,0.26464248
Degrader_755_minus_Stable_1252,0.26458865
Gene_FRG1JP,0.2632466
Gene_IGLV3-25,0.2623735
Degrader_675_minus_Stable_1083,0.26010045
Gene_ATP12A,0.26002726
Gene_KRTAP11-1,0.25835556
Degrader_767_minus_Stable_1282,0.2579247
Gene_P2RX2,0.25710654
Degrader_454_minus_Stable_287,0.25622356
Gene_MKRN7P,0.255903
Degrader_918_minus_Stable_1282,0.25524545
Degrader_759_minus_Stable_439,0.25365698
Gene_PGC,0.25160873
Degrader_420_minus_Stable_287,0.25157872
Gene_KIAA0087,0.25109354
Degrader_433_minus_Stable_169,0.2509878
Degrader_488_minus_Stable_1083,0.250742
Degrader_918_minus_Stable_958,0.2506978
Gene_RP11-462G22.2,0.25013235
Degrader_1090_minus_Stable_407,0.2500855
Degrader_736_minus_Stable_958,0.24993092
Degrader_1382_minus_Stable_145,0.24959236
Gene_PNPLA5,0.24805538
Degrader_443_minus_Stable_796,0.24765688
Gene_MUC7,0.24717396
Gene_LILRA5,0.24665938
Degrader_365_minus_Stable_1238,0.245747
Gene_RP11-293B20.2,0.24493776
Degrader_772_minus_Stable_1252,0.24488375
Degrader_736_minus_Stable_666,0.24482773
Degrader_536_minus_Stable_1238,0.24478883
Degrader_217_minus_Stable_1282,0.24455796
Gene_RP11-632C17__A.1,0.24447912
Gene_FDCSP,0.24352258
Degrader_493_minus_Stable_51,0.24313791
Degrader_488_minus_Stable_169,0.2429501
Degrader_68_minus_Stable_169,0.24207208
Gene_RPL13P12,0.24156426
Degrader_68_minus_Stable_484,0.24146546
Gene_AC005532.5,0.24049425
Degrader_1390_minus_Stable_1083,0.2403645
Degrader_420_minus_Stable_1083,0.23896964
Gene_PGA5,0.23889317
Gene_SLC6A3,0.23741964
Degrader_369_minus_Stable_530,0.23678885
Degrader_320_minus_Stable_51,0.2360859
Degrader_1334_minus_Stable_287,0.2359241
Gene_GSTA1,0.23566829
Degrader_301_minus_Stable_666,0.23561634
Gene_AC053503.12,0.23494591
Gene_RNASEH2CP1,0.23462173
Gene_FOXA1,0.23357187
Gene_AC003090.1,0.23337603
Degrader_441_minus_Stable_1077,0.23310205
Degrader_217_minus_Stable_339,0.23296037
Degrader_1056_minus_Stable_1077,0.23207851
Degrader_755_minus_Stable_430,0.2319209
Gene_LINC00365,0.23136902
Degrader_493_minus_Stable_407,0.23119113
Gene_RP11-804N13.1,0.23113641
Gene_KRT6B,0.23000482
Gene_RP11-351I21.7,0.22911647
Degrader_510_minus_Stable_1065,0.22889966
Gene_LBX1,0.22879395
Gene_LCE1C,0.22764999
Degrader_443_minus_Stable_1083,0.22764288
Gene_FLG2,0.22733808
Gene_NPIPA5,0.22626677
Degrader_365_minus_Stable_430,0.22600147
Gene_KRTAP8-1,0.22556494
Degrader_601_minus_Stable_145,0.22477521
Degrader_301_minus_Stable_1083,0.22458477
Gene_EGFL6,0.22337517
Gene_ECEL1,0.22331406
Degrader_441_minus_Stable_1282,0.22278874
Gene_CD1B,0.22217277
Gene_KRT7-AS,0.2213347
Degrader_899_minus_Stable_145,0.22115521
Gene_RP11-713C5.1,0.22106758
Gene_LDHC,0.22104797
Gene_MUCL1,0.2206299
Gene_LINC00470,0.22023197
Degrader_441_minus_Stable_416,0.21997778
Degrader_454_minus_Stable_386,0.21990736
Degrader_190_minus_Stable_1083,0.21925507
Gene_ICOS,0.21880549
Degrader_488_minus_Stable_1077,0.21862568
Gene_GJA3,0.21786113
Gene_HRASLS2,0.21763289
Gene_RBP4,0.21691346
Gene_RP3-465N24.5,0.21677968
Degrader_433_minus_Stable_1252,0.21665947
Gene_FRMD7,0.21641338
Degrader_1173_minus_Stable_51,0.21639806
Degrader_1334_minus_Stable_256,0.21606338
Degrader_601_minus_Stable_1083,0.21596733
Degrader_1231_minus_Stable_1238,0.21547198
Degrader_1384_minus_Stable_796,0.2151099
Gene_SCN1A,0.21412069
Degrader_1231_minus_Stable_1260,0.21276295
Degrader_301_minus_Stable_145,0.212545
Degrader_1277_minus_Stable_169,0.21239386
Gene_CCDC144NL-AS1,0.2123703
Degrader_155_minus_Stable_1083,0.21147995
Degrader_1064_minus_Stable_339,0.2111429
Degrader_311_minus_Stable_169,0.21076031
Gene_ZNF683,0.21050923
Degrader_488_minus_Stable_1282,0.20992109
Gene_TBC1D3F,0.20981199
Degrader_1202_minus_Stable_626,0.20913802
Gene_PRSS2,0.2086773
Degrader_369_minus_Stable_256,0.20782512
Degrader_755_minus_Stable_1065,0.20769979
Gene_CCL3,0.20768295
Degrader_190_minus_Stable_796,0.2075233
Gene_CPA2,0.20747235
Gene_INSM1,0.20710681
Degrader_443_minus_Stable_323,0.20703058
Degrader_1127_minus_Stable_796,0.20696457
Degrader_723_minus_Stable_1282,0.20684364
Gene_NSFP1,0.20617874
Gene_CXCL3,0.20597756
Degrader_365_minus_Stable_1083,0.20550407
Degrader_675_minus_Stable_407,0.20531735
Degrader_1202_minus_Stable_323,0.2051286
Gene_LINC00861,0.20435482
Gene_IL1A,0.20366947
Degrader_311_minus_Stable_1282,0.20309672
Degrader_499_minus_Stable_89,0.20302789
Degrader_1382_minus_Stable_1252,0.20293298
Degrader_536_minus_Stable_287,0.20273365
Degrader_433_minus_Stable_553,0.2024951
Degrader_190_minus_Stable_416,0.2022857
Degrader_1004_minus_Stable_553,0.20201112
Degrader_633_minus_Stable_1252,0.20160416
Degrader_488_minus_Stable_51,0.2015772
Degrader_676_minus_Stable_626,0.2015179
Gene_MMP13,0.20132491
Degrader_1390_minus_Stable_407,0.20124477
Degrader_1062_minus_Stable_407,0.20108022
Gene_RP11-603B24.1,0.20106368
Gene_AC068282.3,0.20095213
Gene_SLC25A41,0.20052738
Degrader_1013_minus_Stable_287,0.20037417
Gene_MKRN3,0.19940922
Gene_RP11-583F24.7,0.19929862
Gene_TSPEAR,0.19908513
Gene_AGAP7P,0.19872221
Degrader_1056_minus_Stable_856,0.19870028
Gene_CDX1,0.19841135
Gene_LRRC37A11P,0.19836693
Gene_ABCD2,0.19791467
Degrader_1068_minus_Stable_51,0.19755389
Gene_PCK1,0.1973491
Gene_GTF2A1L,0.19610408
Gene_PROK1,0.19584166
Degrader_247_minus_Stable_1282,0.19542406
Gene_IGHM,0.1954219
Degrader_1173_minus_Stable_1260,0.19533227
Degrader_992_minus_Stable_1238,0.19484626
Gene_SLCO5A1,0.19458492
Degrader_1295_minus_Stable_256,0.194268
Degrader_1004_minus_Stable_406,0.19391589
Gene_PLIN4,0.19378304
Degrader_1013_minus_Stable_796,0.19309114
Gene_CYP24A1,0.19291212
Gene_UGT2B7,0.19285788
Degrader_536_minus_Stable_169,0.19277173
Gene_CXCL9,0.19231762
Degrader_1062_minus_Stable_430,0.1920885
Degrader_247_minus_Stable_169,0.19204846
Gene_RP5-1007F24.1,0.19192642
Gene_AC104135.2,0.19178616
Degrader_595_minus_Stable_145,0.19134465
Degrader_1390_minus_Stable_169,0.19051932
Degrader_190_minus_Stable_530,0.19018432
Degrader_443_minus_Stable_626,0.18981858
Degrader_884_minus_Stable_430,0.18880552
Degrader_441_minus_Stable_89,0.18845022
Gene_SERPINA3,0.18814546
Gene_TUSC5,0.18776019
Degrader_593_minus_Stable_145,0.18687388
Gene_ASCL4,0.18677913
Degrader_723_minus_Stable_1252,0.18674473
Degrader_510_minus_Stable_1282,0.18639566
Gene_SPHKAP,0.18622132
Gene_RP11-195E2.1,0.18546556
Degrader_443_minus_Stable_439,0.18495092
Gene_G0S2,0.1848672
Gene_CYP4B1,0.18458147
Gene_ADIPOQ-AS1,0.18429714
Degrader_1296_minus_Stable_339,0.18360767
Degrader_488_minus_Stable_323,0.1833612
Gene_PRB3,0.18325606
Degrader_944_minus_Stable_1077,0.18322924
Gene_ARHGEF35,0.18292938
Gene_RP4-555D20.1,0.18264285
Gene_PGA3,0.18235028
Degrader_1090_minus_Stable_702,0.18218195
Degrader_493_minus_Stable_1252,0.18218073
Gene_LGALS12,0.18207572
Gene_NELL1,0.18195401
Degrader_441_minus_Stable_958,0.18194368
Gene_RP11-507B12.2,0.18193378
Degrader_1334_minus_Stable_958,0.18171026
Gene_RP4-555D20.2,0.18126553
Gene_SLC47A2,0.18064266
Degrader_647_minus_Stable_666,0.18058144
Degrader_1277_minus_Stable_1260,0.1798984
Gene_KRTAP5-7,0.17969625
Degrader_1056_minus_Stable_1260,0.17969614
Degrader_593_minus_Stable_169,0.17930982
Gene_LINC01436,0.17876163
Gene_RP11-429A20.3,0.17869315
Gene_ICOSLG,0.17848758
Degrader_1317_minus_Stable_407,0.17838615
Gene_F5,0.17797208
Gene_PDE6A,0.17763545
Gene_XGY1,0.17691982
Degrader_736_minus_Stable_407,0.17690755
Gene_CCL20,0.17637739
Gene_SPRR4,0.17624559
Gene_HORMAD1,0.17620037
Degrader_311_minus_Stable_416,0.17489839
Degrader_1382_minus_Stable_702,0.17473243
Gene_HMGCS2,0.17453377
Gene_SERPINB4,0.17448169
Degrader_232_minus_Stable_439,0.17426887
Degrader_253_minus_Stable_1077,0.17383815
Degrader_443_minus_Stable_430,0.17314345
Degrader_647_minus_Stable_1282,0.17269588
Degrader_1334_minus_Stable_1077,0.1725304
Degrader_1317_minus_Stable_958,0.17183624
Degrader_1202_minus_Stable_430,0.1712837
Gene_VNN3,0.1708065
Gene_CLEC4GP1,0.17026697
Gene_ABCB5,0.1702074
Degrader_253_minus_Stable_530,0.16882874
Degrader_365_minus_Stable_287,0.1687774
Gene_PSPHP1,0.16869317
Gene_ZFY,0.16859859
Gene_RP11-706O15.3,0.16798748
Degrader_123_minus_Stable_386,0.16781302
Degrader_633_minus_Stable_1065,0.16736269
Gene_GPS2P1,0.16725007
Gene_ADCY8,0.16717276
Degrader_1390_minus_Stable_530,0.1671377
Gene_CYP4F2,0.16665083
Degrader_441_minus_Stable_1238,0.16648285
Degrader_454_minus_Stable_856,0.1664304
Degrader_992_minus_Stable_1083,0.16633089
Gene_COCH,0.16601582
Degrader_1277_minus_Stable_430,0.16590573
Gene_CHRDL2,0.16586322
Degrader_433_minus_Stable_1083,0.16554096
Gene_UCA1,0.16543216
Gene_RP11-54H7.4,0.16533893
Gene_ITIH1,0.1652189
Gene_IGLV1-44,0.16459969
Degrader_253_minus_Stable_626,0.16452155
Gene_MIR2117HG,0.16439244
Degrader_448_minus_Stable_958,0.1642532
Degrader_1013_minus_Stable_416,0.1642335
Degrader_647_minus_Stable_1252,0.16399264
Gene_CCDC160,0.16395406
Degrader_723_minus_Stable_439,0.1637756
Degrader_675_minus_Stable_256,0.16352624
Degrader_211_minus_Stable_626,0.16350603
Degrader_420_minus_Stable_169,0.163429
Degrader_944_minus_Stable_439,0.16311342
Gene_CELA2A,0.16285403
Degrader_1068_minus_Stable_958,0.1626353
Degrader_1211_minus_Stable_256,0.16155604
Gene_RP11-20D14.6,0.16148344
Gene_HTR3A,0.16110183
Degrader_311_minus_Stable_1065,0.16098362
Degrader_211_minus_Stable_407,0.16081741
Gene_GSTM1,0.1606943
Degrader_68_minus_Stable_702,0.16052157
Gene_RP11-3N13.2,0.15991594
Degrader_1334_minus_Stable_430,0.15987423
Gene_RP11-434D2.11,0.1598148
Gene_ACTC1,0.15926121
Gene_XIST,0.15897278
Gene_MT4,0.15883487
Degrader_647_minus_Stable_169,0.1587129
Degrader_1295_minus_Stable_796,0.15869407
Gene_IGLC2,0.158581
Degrader_499_minus_Stable_1238,0.15838979
Degrader_1295_minus_Stable_430,0.15781082
Gene_RP1-56K13.5,0.15780301
Degrader_1202_minus_Stable_169,0.15768573
Gene_ANKRD34C,0.15760724
Degrader_1481_minus_Stable_169,0.15712622
Gene_CH17-296N19.1,0.15681782
Gene_ELANE,0.15673275
Degrader_493_minus_Stable_386,0.15665017
Degrader_493_minus_Stable_553,0.15655693
Gene_RP11-1038A11.1,0.15592971
Degrader_253_minus_Stable_416,0.15578191
Gene_LCE3E,0.15546775
Gene_KRTAP10-9,0.15532888
Degrader_817_minus_Stable_1282,0.15531176
Gene_RP11-65J3.3,0.15504813
Degrader_1013_minus_Stable_339,0.15495118
Degrader_1068_minus_Stable_553,0.15470444
Degrader_247_minus_Stable_530,0.15467449
Degrader_420_minus_Stable_1077,0.15439373
Gene_HLA-V,0.15428199
Gene_DEFA6,0.15398006
Gene_RRM2,0.15392958
Degrader_817_minus_Stable_51,0.15377001
Degrader_800_minus_Stable_626,0.15359005
Gene_RP11-597M17.3,0.15358414
Degrader_1317_minus_Stable_416,0.15328397
Degrader_1202_minus_Stable_287,0.15312268
Gene_RP11-1038A11.3,0.1530016
Gene_GRM7,0.1529405
Gene_PRR9,0.1524414
Gene_STK19B,0.15229285
Gene_CNR1,0.15218535
Degrader_1090_minus_Stable_145,0.15211293
Degrader_1064_minus_Stable_553,0.15194127
Degrader_1004_minus_Stable_416,0.15192023
Gene_RP3-429O6.1,0.15190737
Gene_MS4A14,0.15115641
Degrader_675_minus_Stable_1077,0.15088348
Gene_MMP3,0.15068789
Degrader_232_minus_Stable_626,0.15060036
Gene_IGHG3,0.15016298
Gene_SMYD1,0.15015504
Gene_TREM1,0.14995265
Gene_COL10A1,0.14981715
Degrader_420_minus_Stable_439,0.14955613
Degrader_1382_minus_Stable_1077,0.1491062
Degrader_441_minus_Stable_1260,0.1490041
Degrader_311_minus_Stable_323,0.14873192
Degrader_800_minus_Stable_1282,0.14829168
Degrader_454_minus_Stable_1252,0.14809988
Gene_BMP3,0.14795218
Gene_SFRP2,0.14787014
Gene_CCKBR,0.1478306
Degrader_1127_minus_Stable_553,0.14773999
Gene_EPHA8,0.1477139
Gene_HPR,0.14757332
Degrader_1090_minus_Stable_530,0.14746097
Gene_FOXL2,0.14729813
Gene_MESTP1,0.14718878
Degrader_633_minus_Stable_430,0.14651135
Degrader_488_minus_Stable_430,0.14646041
Gene_KRT16P6,0.14633077
Degrader_593_minus_Stable_430,0.14627534
Degrader_1056_minus_Stable_958,0.14623533
Degrader_1062_minus_Stable_553,0.14570105
Degrader_601_minus_Stable_702,0.14554179
Degrader_454_minus_Stable_553,0.14545828
Degrader_601_minus_Stable_1260,0.145409
Gene_LCE3D,0.14525491
Gene_U2AF1L5,0.14523418
Degrader_536_minus_Stable_530,0.14469418
Gene_KLK2,0.14433168
Gene_RP11-96L14.9,0.14397803
Degrader_767_minus_Stable_1083,0.14390352
Gene_DMBX1,0.14376019
Gene_AC138647.1,0.14329249
Gene_IL1B,0.14305198
Gene_TRIM55,0.14284618
Gene_RP11-616M22.5,0.14266504
Degrader_123_minus_Stable_407,0.14248908
Gene_RP11-252C15.1,0.14235845
Degrader_992_minus_Stable_407,0.14224689
Degrader_593_minus_Stable_407,0.14224447
Degrader_320_minus_Stable_287,0.14223202
Gene_RPE65,0.14214768
Gene_HBB,0.14207385
Gene_DHRS2,0.1419792
Gene_STC2,0.141829
Degrader_755_minus_Stable_1083,0.14172643
Gene_KRT40,0.14136332
Gene_FOXI1,0.14131087
Degrader_759_minus_Stable_323,0.14116912
Gene_GCNT3,0.14112373
Gene_IGKV4-1,0.14079584
Gene_LBP,0.14070752
Degrader_493_minus_Stable_702,0.14067882
Gene_RP11-262H14.3,0.14052594
Degrader_1127_minus_Stable_484,0.14041446
Degrader_767_minus_Stable_1077,0.13994269
Degrader_443_minus_Stable_1077,0.139862
Gene_NUTM2E,0.13962665
Degrader_759_minus_Stable_1238,0.13957606
Gene_REG1B,0.13953958
Gene_SNORD3C,0.13910873
Degrader_1382_minus_Stable_530,0.13910274
Degrader_800_minus_Stable_1083,0.13810794
Degrader_1317_minus_Stable_51,0.137952
Gene_AQP2,0.13780066
Degrader_800_minus_Stable_323,0.137458
Degrader_1013_minus_Stable_1083,0.13740867
Degrader_647_minus_Stable_553,0.137351
Degrader_1090_minus_Stable_287,0.13668627
Degrader_123_minus_Stable_406,0.13664174
Gene_LCE1D,0.13649742
Gene_RGR,0.13594158
Degrader_1295_minus_Stable_51,0.13591957
Gene_FCGR3B,0.13577051
Degrader_454_minus_Stable_1260,0.13573582
Gene_TAGLN3,0.13567354
Degrader_767_minus_Stable_51,0.13544755
Gene_RP11-331F4.4,0.13544647
Degrader_800_minus_Stable_256,0.13539916
Degrader_1090_minus_Stable_323,0.1353891
Gene_CYP4F8,0.13531528
Degrader_601_minus_Stable_1252,0.13497151
Gene_KRTAP1-5,0.1349182
Gene_RP11-544L8__B.4,0.13454877
Gene_CXCL5,0.13447534
Degrader_1295_minus_Stable_287,0.13444285
Gene_ANKRD20A5P,0.13440448
Gene_CTNND2,0.13424093
Gene_TCERG1L,0.13414194
Degrader_1231_minus_Stable_553,0.13408747
Degrader_647_minus_Stable_386,0.13360274
Gene_LINC01698,0.13278541
Degrader_420_minus_Stable_256,0.13237427
Degrader_601_minus_Stable_169,0.13192879
Degrader_366_minus_Stable_1077,0.13165924
Degrader_723_minus_Stable_406,0.1315841
Degrader_1062_minus_Stable_1252,0.13153593
Gene_SERTM1,0.13152945
Degrader_320_minus_Stable_1282,0.13142742
Gene_SYCN,0.13141477
Degrader_759_minus_Stable_430,0.13126346
Degrader_1064_minus_Stable_1077,0.13125321
Gene_MUC21,0.13123232
Gene_RP11-71E19.1,0.13118201
Degrader_441_minus_Stable_1083,0.13114598
Degrader_366_minus_Stable_530,0.1310659
Degrader_887_minus_Stable_702,0.13084765
Degrader_365_minus_Stable_1077,0.13084447
Degrader_441_minus_Stable_323,0.13065723
Degrader_441_minus_Stable_530,0.1305394
Degrader_675_minus_Stable_796,0.1304324
Degrader_488_minus_Stable_145,0.13030615
Gene_RP11-38H17.1,0.13015868
Degrader_190_minus_Stable_169,0.13007736
Gene_RP11-815J4.6,0.12993677
Gene_TECRL,0.12982115
Degrader_588_minus_Stable_407,0.12977888
Gene_DDX3Y,0.12963068
Gene_LCE2B,0.1296249
Degrader_211_minus_Stable_1260,0.12957866
Degrader_366_minus_Stable_1238,0.12928838
Gene_NPIPB15,0.12896498
Degrader_810_minus_Stable_1065,0.12849729
Degrader_440_minus_Stable_1252,0.12837088
Degrader_647_minus_Stable_856,0.12829286
Gene_DCX,0.12807485
Gene_SMN2,0.1280604
Gene_BMS1P7,0.12805931
Gene_CH507-513H4.3,0.12791207
Degrader_995_minus_Stable_666,0.12775007
Gene_SPRR2C,0.12760301
Degrader_433_minus_Stable_51,0.12751877
Degrader_454_minus_Stable_1282,0.12745406
Degrader_601_minus_Stable_407,0.12745014
Degrader_899_minus_Stable_386,0.12736207
Gene_HTR2A,0.12734577
Degrader_1068_minus_Stable_1282,0.12723239
Degrader_601_minus_Stable_416,0.12722665
Degrader_723_minus_Stable_856,0.12664439
Degrader_944_minus_Stable_407,0.12652735
Gene_PDCD6IPP1,0.1265134
Degrader_1064_minus_Stable_958,0.12641543
Gene_RP11-672L10.2,0.12629247
Degrader_607_minus_Stable_626,0.12620786
Gene_KRT6A,0.1260759
Degrader_1068_minus_Stable_856,0.12588125
Degrader_759_minus_Stable_145,0.12578821
Gene_CHRM3,0.1256784
Degrader_488_minus_Stable_416,0.12565784
Gene_PI3,0.12563457
Gene_CTC-296K1.4,0.12551811
Degrader_365_minus_Stable_553,0.12544082
Gene_RP1-142L7.9,0.12527166
Gene_GRIK4,0.12519103
Gene_GDF6,0.12499458
Degrader_320_minus_Stable_1252,0.124978796
Degrader_1295_minus_Stable_484,0.1245669
Degrader_723_minus_Stable_256,0.12441517
Degrader_273_minus_Stable_416,0.12435004
Degrader_772_minus_Stable_1083,0.124348015
Gene_AP000350.5,0.12428597
Degrader_1481_minus_Stable_439,0.12389572
Degrader_1202_minus_Stable_1282,0.12373755
Degrader_311_minus_Stable_796,0.123586945
Gene_KRT25,0.123447336
Degrader_736_minus_Stable_1077,0.12343958
Gene_AGAP12P,0.123433575
Degrader_595_minus_Stable_256,0.12328008
Degrader_488_minus_Stable_287,0.122741036
Degrader_190_minus_Stable_1065,0.12266703
Degrader_301_minus_Stable_796,0.12258651
Gene_RUFY4,0.12222883
Gene_GSTT2,0.12221591
Gene_GPR149,0.12191779
Degrader_68_minus_Stable_1077,0.12189745
Degrader_443_minus_Stable_1238,0.12158768
Degrader_1068_minus_Stable_1065,0.12148273
Degrader_247_minus_Stable_439,0.12143325
Gene_AC073072.5,0.12122796
Gene_EFHB,0.1210578
Degrader_123_minus_Stable_958,0.12086477
Degrader_1013_minus_Stable_169,0.12085042
Degrader_884_minus_Stable_1077,0.12056298
Gene_CPA1,0.12050868
Degrader_676_minus_Stable_1065,0.12032072
Gene_DDC,0.120226085
Gene_CYP26A1,0.12018894
Gene_GAL,0.120126516
Gene_KRT85,0.119863845
Gene_RP11-1008C21.1,0.11967187
Degrader_944_minus_Stable_1252,0.11958895
Gene_LGR5,0.11950403
Degrader_454_minus_Stable_530,0.11918986
Gene_KRT2,0.119068764
Degrader_1334_minus_Stable_702,0.11886984
Gene_RP11-115H13.1,0.118628144
Degrader_736_minus_Stable_339,0.11861375
Degrader_1334_minus_Stable_406,0.11844233
Gene_LTF,0.118154824
Gene_RPL10P9,0.1181137
Gene_DAW1,0.118007265
Degrader_647_minus_Stable_1077,0.11760672
Gene_RP11-54A9.1,0.11759895
Gene_HAO2,0.117340714
Degrader_1382_minus_Stable_484,0.11729891
Degrader_595_minus_Stable_287,0.11724141
Gene_PM20D1,0.11716716
Gene_CMA1,0.11716629
Gene_SAA4,0.11689327
Gene_TRIM48,0.11678101
Gene_WDR87,0.11658522
Degrader_918_minus_Stable_530,0.11651644
Gene_AWAT1,0.116402216
Degrader_1004_minus_Stable_1252,0.11624876
Degrader_440_minus_Stable_51,0.11615538
Degrader_1090_minus_Stable_1260,0.11615489
Gene_LINC01088,0.11611549
Degrader_155_minus_Stable_484,0.11581472
Gene_S100A8,0.11570821
Gene_RP11-83M16.3,0.11529766
Degrader_810_minus_Stable_169,0.115192704
Degrader_601_minus_Stable_406,0.11517881
Degrader_443_minus_Stable_169,0.11514783
Gene_RP11-252C24.3,0.115054004
Gene_MRGPRX2,0.11435686
Degrader_1211_minus_Stable_553,0.11434608
Degrader_247_minus_Stable_626,0.11400069
Gene_WFDC6,0.11373904
Degrader_155_minus_Stable_702,0.11359833
Gene_NETO1,0.1135218
Degrader_633_minus_Stable_339,0.1135203
Gene_MRGPRX3,0.11309676
Gene_C21orf33,0.11307902
Degrader_647_minus_Stable_439,0.11306011
Gene_RP1-124C6.1,0.113039084
Gene_KRT8P36,0.112486124
Gene_FAM83A,0.11243788
Degrader_992_minus_Stable_339,0.112342045
Gene_AC093390.1,0.11218701
Degrader_1334_minus_Stable_553,0.11214811
Gene_IL17REL,0.11195479
Degrader_1231_minus_Stable_51,0.11191056
Gene_CRISP3,0.11185006
Gene_GP2,0.11175674
Gene_RP11-307E17.8,0.11142197
Degrader_755_minus_Stable_169,0.11140497
Gene_LCE1B,0.11139008
Degrader_772_minus_Stable_1260,0.11123631
Degrader_301_minus_Stable_407,0.1111314
Degrader_155_minus_Stable_439,0.11106861
Degrader_443_minus_Stable_407,0.11089399
Gene_KRTAP5-4,0.11048246
Degrader_1004_minus_Stable_1260,0.110333614
Degrader_1317_minus_Stable_796,0.1102438
Gene_MATN4,0.11013195
Gene_TRIM10,0.11012231
Gene_SCG2,0.10995681
Degrader_588_minus_Stable_323,0.10985729
Degrader_633_minus_Stable_145,0.10977849
Gene_RP13-685P2.7,0.1093817
Degrader_992_minus_Stable_626,0.109246
Gene_RP11-775L16.1,0.109086044
Gene_TEX101,0.109048404
Degrader_433_minus_Stable_702,0.10894079
Gene_TNFSF14,0.10888226
Degrader_1211_minus_Stable_1083,0.10887892
Gene_TAS1R2,0.1087794
Gene_FRMD1,0.10869128
Degrader_800_minus_Stable_1065,0.10860192
Degrader_1231_minus_Stable_256,0.108543076
Degrader_995_minus_Stable_439,0.108344615
Gene_PNLDC1,0.10803273
Gene_AC092484.1,0.108022854
Degrader_365_minus_Stable_796,0.10766161
Gene_CCDC63,0.10757371
Degrader_995_minus_Stable_430,0.10748571
Degrader_155_minus_Stable_323,0.1074651
Gene_AC091801.1,0.107430324
Gene_DGAT2L6,0.107381105
Gene_RP11-451G4.2,0.10737855
Gene_LINC00278,0.10733475
Degrader_607_minus_Stable_169,0.10721196
Gene_RIMS4,0.10697868
Degrader_1481_minus_Stable_666,0.10691718
Degrader_772_minus_Stable_287,0.10687529
Degrader_1202_minus_Stable_339,0.106844395
Degrader_1173_minus_Stable_407,0.106606424
Degrader_366_minus_Stable_1065,0.106269605
Gene_PCDH15,0.106258094
Gene_OSTN,0.10612537
Degrader_536_minus_Stable_1083,0.10577844
Degrader_1068_minus_Stable_287,0.105771154
Gene_PKLR,0.10562689
Degrader_950_minus_Stable_407,0.10548014
Gene_KRT39,0.105408736
Degrader_211_minus_Stable_1083,0.10494551
Degrader_1004_minus_Stable_1238,0.10487609
Degrader_595_minus_Stable_1083,0.104755186
Degrader_992_minus_Stable_856,0.104634605
Gene_BMP5,0.10454776
Gene_ZBED2,0.10454094
Degrader_1481_minus_Stable_553,0.10448318
Degrader_123_minus_Stable_666,0.10447517
Degrader_443_minus_Stable_256,0.10441412
Gene_FCRLA,0.10422212
Degrader_767_minus_Stable_626,0.10416315
Degrader_675_minus_Stable_1260,0.104132
Degrader_593_minus_Stable_339,0.10409524
Gene_COL22A1,0.104024716
Degrader_488_minus_Stable_958,0.103254355
Degrader_499_minus_Stable_51,0.10320773
Degrader_441_minus_Stable_553,0.10307855
Gene_HLA-S,0.10290667
Degrader_887_minus_Stable_89,0.102851726
Degrader_273_minus_Stable_256,0.10284575
Gene_HLA-W,0.10270912
Gene_OR7E121P,0.102522895
Degrader_536_minus_Stable_1282,0.10242199
Degrader_1296_minus_Stable_1065,0.1023639
Degrader_1056_minus_Stable_430,0.10236104
Gene_GGT2,0.10215277
Gene_TPSD1,0.10211991
Gene_UGT3A2,0.10211156
Degrader_510_minus_Stable_1260,0.10192246
Degrader_992_minus_Stable_430,0.10178877
Degrader_736_minus_Stable_439,0.101734295
Degrader_723_minus_Stable_1260,0.10158515
Degrader_1064_minus_Stable_1238,0.10135913
Degrader_899_minus_Stable_958,0.10111638
Degrader_499_minus_Stable_1077,0.10109872
Gene_CES1P1,0.101017535
Degrader_950_minus_Stable_1083,0.10086988
Degrader_273_minus_Stable_958,0.100802615
Gene_SPRR1B,0.10079591
Gene_FGL1,0.10079391
Gene_STXBP5L,0.100582816
Gene_TMPRSS4,0.1004592
Degrader_488_minus_Stable_856,0.10024521
Gene_GPX1P1,0.10015567
Degrader_1211_minus_Stable_1260,0.10014299
Degrader_1481_minus_Stable_386,0.10012375
Gene_OLR1,0.10007604
Degrader_1013_minus_Stable_256,0.10003143
Gene_PWP2,0.09993208
Gene_SERPINE1,0.099928156
Gene_LBX1-AS1,0.099911675
Gene_KRT74,0.099707715
Degrader_1090_minus_Stable_1077,0.099676974
Degrader_887_minus_Stable_666,0.09960232
Degrader_601_minus_Stable_1077,0.099473044
Degrader_992_minus_Stable_386,0.09944761
Gene_HBA2,0.0993937
Degrader_884_minus_Stable_256,0.099327035
Degrader_68_minus_Stable_553,0.09928417
Degrader_767_minus_Stable_530,0.099204175
Gene_PSG7,0.09911829
Degrader_1295_minus_Stable_1252,0.09905828
Degrader_441_minus_Stable_339,0.0989016
Gene_MMP8,0.09885087
Gene_LINC01959,0.0988303
Gene_PDCD6IPP2,0.09877559
Degrader_320_minus_Stable_702,0.0987329
Gene_RP11-445H22.3,0.0987
Gene_IGLC1,0.0986283
Degrader_190_minus_Stable_484,0.0985646
Degrader_772_minus_Stable_796,0.09855019
Degrader_1382_minus_Stable_169,0.09841788
Gene_SCGN,0.09837868
Gene_FCER2,0.098302945
Gene_MUC5AC,0.09826606
Gene_HHATL,0.098254256
Gene_LINC02104,0.098204345
Degrader_772_minus_Stable_51,0.09820146
Degrader_488_minus_Stable_439,0.09816096
Degrader_593_minus_Stable_323,0.09812096
Gene_AGT,0.09808607
Gene_RP11-731K22.1,0.09801089
Degrader_1013_minus_Stable_51,0.09798898
Gene_GREM1,0.097952574
Gene_ACTBP13,0.09771406
Gene_MUC20P1,0.09766904
Degrader_1013_minus_Stable_407,0.097638324
Degrader_190_minus_Stable_430,0.09717495
Degrader_68_minus_Stable_666,0.09696234
Degrader_1231_minus_Stable_1252,0.09694774
Degrader_1127_minus_Stable_407,0.096879765
Gene_KCNJ1,0.09674353
Gene_AC087650.1,0.0967016
Degrader_454_minus_Stable_958,0.096453145
Gene_RPS17P1,0.09637765
Gene_LMX1A,0.096299775
Degrader_247_minus_Stable_287,0.096223846
Gene_OVCH1-AS1,0.09596373
Degrader_301_minus_Stable_430,0.09594801
Gene_KRTAP9-3,0.09591653
Gene_FGF16,0.095893666
Gene_RP11-502M1.2,0.09586692
Degrader_493_minus_Stable_796,0.09578388
Degrader_607_minus_Stable_1083,0.09566594
Degrader_601_minus_Stable_626,0.09565691
Degrader_1062_minus_Stable_439,0.09561828
Gene_APOBEC3A,0.09561399
Degrader_1056_minus_Stable_1252,0.09540104
Gene_TCHH,0.09538565
Degrader_247_minus_Stable_145,0.09530318
Gene_RP11-243M5.2,0.09518141
Degrader_607_minus_Stable_1282,0.095117524
Gene_RP11-459E5.1,0.09504246
Gene_RP11-259G18.3,0.094998755
Degrader_1296_minus_Stable_1083,0.094858594
Gene_PNLIP,0.09483358
Degrader_217_minus_Stable_626,0.09462331
Degrader_1202_minus_Stable_1252,0.094622634
Degrader_536_minus_Stable_416,0.09460238
Degrader_232_minus_Stable_1077,0.09445262
Degrader_247_minus_Stable_553,0.09430399
Degrader_1090_minus_Stable_406,0.09426463
Degrader_595_minus_Stable_856,0.09419008
Gene_LHX2,0.09401342
Degrader_1295_minus_Stable_1065,0.09401138
Degrader_190_minus_Stable_553,0.094006635
Gene_LOC100421166,0.09398303
Degrader_123_minus_Stable_484,0.09392702
Degrader_253_minus_Stable_51,0.0939071
Gene_RHOT1P1,0.09390079
Degrader_992_minus_Stable_484,0.09384747
Degrader_676_minus_Stable_553,0.0937963
Gene_RHOXF1,0.09377041
Degrader_301_minus_Stable_856,0.09363025
Gene_RP11-407P15.2,0.09350433
Degrader_68_minus_Stable_256,0.09347178
Degrader_536_minus_Stable_407,0.093330935
Degrader_992_minus_Stable_1065,0.093229294
Degrader_273_minus_Stable_287,0.092724875
Gene_CLEC4G,0.09268529
Gene_NPIPB2,0.092555776
Degrader_366_minus_Stable_439,0.09242092
Degrader_1277_minus_Stable_856,0.092282705
Gene_GSTA8P,0.09224869
Gene_GLYATL2,0.09217682
Degrader_1481_minus_Stable_430,0.09217358
Degrader_510_minus_Stable_439,0.092111394
Degrader_1211_minus_Stable_407,0.09209763
Gene_FAM111B,0.0919019
Gene_KDM5D,0.09182277
Gene_LRRTM3,0.09154912
Degrader_1296_minus_Stable_1238,0.0914506
Gene_KRT35,0.09137209
Degrader_1295_minus_Stable_1260,0.09115416
Gene_TEX26-AS1,0.09114036
Gene_DCD,0.09092635
Gene_RP1-47M23.3,0.090771236
Gene_LINC00668,0.09072156
Degrader_273_minus_Stable_1065,0.09068564
Gene_PRB1,0.090573855
Degrader_536_minus_Stable_626,0.09052424
Gene_DLK1,0.09038947
Gene_SRY,0.09026508
Gene_SH2D5,0.09009073
Degrader_633_minus_Stable_407,0.08998754
Degrader_1202_minus_Stable_407,0.089866206
Gene_RP11-145A3.1,0.08975132
Degrader_68_minus_Stable_1083,0.0897495
Degrader_499_minus_Stable_416,0.08969519
Degrader_676_minus_Stable_430,0.08943174
Gene_LINC01835,0.08939879
Degrader_1068_minus_Stable_1252,0.08923131
Gene_LINC01266,0.089209214
Degrader_155_minus_Stable_386,0.08916922
Gene_PLA2G1B,0.08883246
Gene_LINC01198,0.08881392
Gene_AC007750.5,0.088773586
Gene_ANKRD20A19P,0.08875776
Degrader_448_minus_Stable_1238,0.08873177
Degrader_755_minus_Stable_702,0.08866152
Gene_ARPP21,0.08865133
Degrader_493_minus_Stable_323,0.08821818
Degrader_588_minus_Stable_287,0.08810478
Degrader_1211_minus_Stable_626,0.08801156
Degrader_588_minus_Stable_406,0.08799298
Degrader_433_minus_Stable_256,0.08789108
Degrader_1384_minus_Stable_51,0.08787038
Degrader_510_minus_Stable_386,0.08780321
Degrader_1062_minus_Stable_484,0.08777589
Degrader_1295_minus_Stable_1282,0.08742098
Gene_IGFN1,0.08733061
Degrader_1295_minus_Stable_1083,0.08726256
Degrader_369_minus_Stable_1252,0.08713522
Gene_GH1,0.086935304
Degrader_211_minus_Stable_553,0.086899936
Gene_NTS,0.0867361
Degrader_810_minus_Stable_256,0.08666441
Degrader_123_minus_Stable_1282,0.08664081
Gene_PRB2,0.08652491
Degrader_493_minus_Stable_1077,0.08649188
Degrader_887_minus_Stable_1252,0.08648135
Degrader_499_minus_Stable_666,0.08631909
Degrader_1173_minus_Stable_1282,0.08629103
Degrader_301_minus_Stable_386,0.08604376
Gene_RP11-693J15.6,0.08600787
Gene_DMBT1,0.085870914
Gene_FCGR1B,0.08586233
Degrader_273_minus_Stable_386,0.08573734
Gene_IGLV3-21,0.08572346
Gene_RD3,0.08558494
Gene_GLYAT,0.085583925
Degrader_499_minus_Stable_406,0.08550614
Gene_FRG2DP,0.08543287
Gene_TUBBP5,0.08539209
Degrader_369_minus_Stable_89,0.08535005
Gene_ZFP57,0.085314885
Degrader_887_minus_Stable_339,0.08528411
Degrader_675_minus_Stable_553,0.085172474
Degrader_736_minus_Stable_1260,0.085146785
Degrader_759_minus_Stable_256,0.08512222
Degrader_772_minus_Stable_856,0.08509956
Gene_GYS2,0.0850704
Gene_FRRS1L,0.08501843
Gene_ADAMTS19,0.08499278
Degrader_675_minus_Stable_439,0.08485988
Gene_SPRR2G,0.08479521
Gene_RP11-733O18.1,0.08474129
Degrader_1062_minus_Stable_323,0.08472827
Gene_PRR4,0.08472004
Degrader_1231_minus_Stable_1083,0.08465526
Degrader_301_minus_Stable_339,0.08459008
Degrader_817_minus_Stable_430,0.08458354
Gene_GDF15,0.08454659
Gene_SPRR2E,0.08449945
Gene_RP11-424G14.1,0.08440854
Degrader_123_minus_Stable_1260,0.0843394
Gene_ESPNL,0.08427814
Degrader_1481_minus_Stable_958,0.08427542
Degrader_1231_minus_Stable_484,0.08427164
Gene_TYRP1,0.08406871
Degrader_320_minus_Stable_1065,0.084050626
Degrader_1295_minus_Stable_702,0.08401272
Degrader_366_minus_Stable_416,0.08401206
Gene_AWAT2,0.08397521
Gene_PAX7,0.08369324
Degrader_1277_minus_Stable_145,0.08352029
Gene_CIDEC,0.08348072
Degrader_493_minus_Stable_256,0.08342782
Gene_RP11-401P9.7,0.08339884
Degrader_443_minus_Stable_89,0.08322522
Degrader_1334_minus_Stable_1083,0.08305814
Degrader_311_minus_Stable_958,0.082977146
Degrader_1317_minus_Stable_484,0.08297447
Degrader_510_minus_Stable_416,0.0829255
Gene_ACAN,0.082899995
Gene_LCNL1,0.08273526
Degrader_217_minus_Stable_796,0.08263629
Degrader_273_minus_Stable_856,0.08237812
Gene_GTF2H2B,0.08222965
Gene_CTD-2342N23.3,0.08219586
Gene_PSAPL1,0.081845745
Gene_PTPRQ,0.08180521
Gene_RP11-26L20.3,0.08177173
Degrader_1062_minus_Stable_856,0.0815802
Gene_RP11-958N24.2,0.08155666
Degrader_369_minus_Stable_958,0.08148816
Degrader_454_minus_Stable_416,0.081472814
Degrader_593_minus_Stable_1282,0.08143702
Gene_LEFTY2,0.08129126
Gene_CLDN10-AS1,0.08126406
Gene_PI16,0.081256375
Degrader_301_minus_Stable_958,0.08123873
Degrader_211_minus_Stable_702,0.08110947
Degrader_1334_minus_Stable_530,0.0809878
Degrader_1384_minus_Stable_287,0.08075117
Gene_OBP2B,0.080667235
Gene_MYL7,0.08064358
Gene_LINC02009,0.080547
Degrader_1013_minus_Stable_145,0.0804846
Degrader_217_minus_Stable_1065,0.08028439
Gene_SIGLEC1,0.080272555
Gene_OTOP2,0.08019227
Gene_NEFL,0.08002124
Gene_LPAR4,0.08001596
Degrader_767_minus_Stable_666,0.07982323
Gene_AF001548.3,0.07971677
Degrader_420_minus_Stable_430,0.079609185
Gene_PHGR1,0.0794337
Degrader_759_minus_Stable_51,0.07940799
Gene_LINC01612,0.079338185
Degrader_944_minus_Stable_51,0.07932029
Gene_MYH1,0.079171464
Degrader_723_minus_Stable_1077,0.0790039
Degrader_1211_minus_Stable_439,0.07897153
Degrader_1295_minus_Stable_323,0.078869164
Degrader_772_minus_Stable_439,0.07878898
Gene_LINC00659,0.07878116
Degrader_1056_minus_Stable_702,0.07863507
Gene_CBLN1,0.078619055
Degrader_1090_minus_Stable_1252,0.078561604
Degrader_68_minus_Stable_1282,0.078495055
Gene_LINC00473,0.078473285
Gene_KRT81,0.078473054
Degrader_320_minus_Stable_256,0.07841515
Degrader_992_minus_Stable_1282,0.07838656
Degrader_311_minus_Stable_702,0.07836876
Degrader_1064_minus_Stable_406,0.07828585
Degrader_1277_minus_Stable_1282,0.07822053
Gene_RP11-336A10.4,0.07810473
Gene_UPK1A,0.078089826
Degrader_607_minus_Stable_145,0.078031175
Degrader_1334_minus_Stable_339,0.078017645
Degrader_817_minus_Stable_407,0.07788785
Gene_ADGRF5P1,0.077866964
Gene_KCNA4,0.077784464
Gene_MOGAT2,0.07772406
Degrader_607_minus_Stable_416,0.07761038
Gene_KCTD16,0.07758112
Degrader_1231_minus_Stable_856,0.07752697
Gene_LINC01115,0.07738669
Degrader_1064_minus_Stable_702,0.07736643
Degrader_723_minus_Stable_407,0.077330664
Degrader_755_minus_Stable_51,0.077289596
Gene_RP11-184M15.1,0.077210225
Degrader_155_minus_Stable_666,0.077166185
Ratio_min,0.07716192
Degrader_800_minus_Stable_1238,0.077161536
Degrader_995_minus_Stable_1252,0.07714896
Gene_HTR2C,0.077113435
Gene_MOBP,0.07698198
Gene_OR7E11P,0.076960154
Gene_SHH,0.076939
Degrader_918_minus_Stable_287,0.07690061
Gene_EIF2S3L,0.076890774
Gene_HLA-T,0.07684226
Degrader_365_minus_Stable_702,0.07677089
Gene_ORM1,0.07646862
Gene_UNC5B-AS1,0.07644
Degrader_320_minus_Stable_406,0.07643717
Gene_KRTAP3-3,0.07634308
Degrader_441_minus_Stable_626,0.076242246
Degrader_633_minus_Stable_416,0.07622756
Gene_TBC1D3B,0.07616493
Gene_UNC5D,0.07612693
Gene_LINC01166,0.07597068
Degrader_736_minus_Stable_1083,0.075758964
Degrader_647_minus_Stable_416,0.07568207
Degrader_320_minus_Stable_1083,0.07567586
Gene_GATA5,0.07564612
Gene_PRL,0.07559868
Degrader_510_minus_Stable_1083,0.07558977
Degrader_365_minus_Stable_1282,0.07558079
Degrader_155_minus_Stable_1065,0.075560264
Gene_USP9Y,0.07553568
Degrader_320_minus_Stable_323,0.0755222
Degrader_772_minus_Stable_386,0.07543221
Degrader_301_minus_Stable_51,0.07541968
Gene_AADACL3,0.07540991
Degrader_675_minus_Stable_484,0.07539171
Gene_KRTAP3-1,0.075291224
Degrader_1202_minus_Stable_958,0.07525296
Gene_C8orf34-AS1,0.0751052
Degrader_365_minus_Stable_169,0.075105086
Degrader_366_minus_Stable_1252,0.0749853
Gene_CPLX2,0.07468976
Degrader_595_minus_Stable_626,0.074656606
Degrader_675_minus_Stable_287,0.07462087
Gene_LINC01229,0.07441904
Gene_KRT6C,0.07437686
Gene_CPN2,0.07430069
Degrader_253_minus_Stable_386,0.07421213
Degrader_633_minus_Stable_702,0.07414232
Degrader_887_minus_Stable_416,0.0741173
Gene_UNC13C,0.07410883
Degrader_1064_minus_Stable_430,0.07409762
Degrader_676_minus_Stable_856,0.074064694
Degrader_607_minus_Stable_430,0.07400296
Gene_IGKV3-11,0.0739968
Gene_OR7D2,0.07399041
Degrader_1127_minus_Stable_169,0.07392809
Degrader_366_minus_Stable_287,0.07392688
Gene_CTAGE8,0.073821746
Gene_ERN2,0.0736013
Gene_ADAMTS18,0.07339867
Degrader_1056_minus_Stable_1083,0.07328397
Degrader_1390_minus_Stable_256,0.07305155
Gene_MGAM2,0.07287018
Degrader_1064_minus_Stable_484,0.07276444
Gene_FUT9,0.072638474
Degrader_593_minus_Stable_958,0.072508775
Degrader_1004_minus_Stable_796,0.0724663
Gene_REG3G,0.072403565
Gene_MOG,0.07235516
Gene_RP11-366L20.2,0.07234019
Gene_GPRC5D,0.072248995
Degrader_772_minus_Stable_553,0.072232135
Gene_LIPF,0.072226614
Degrader_493_minus_Stable_439,0.07215562
Gene_DMBT1P1,0.07214224
Degrader_433_minus_Stable_323,0.07189222
Degrader_1384_minus_Stable_439,0.07184735
Gene_CRP,0.071845874
Degrader_884_minus_Stable_1083,0.071806
Gene_KRT37,0.071789116
Degrader_1317_minus_Stable_430,0.07178524
Gene_STRA6,0.07170419
Degrader_595_minus_Stable_1282,0.071688525
Degrader_320_minus_Stable_89,0.071658954
Degrader_1056_minus_Stable_256,0.07161579
Degrader_253_minus_Stable_1065,0.07157571
Degrader_448_minus_Stable_1077,0.071565755
Gene_COL1A1,0.07150536
Degrader_1295_minus_Stable_406,0.07149759
Degrader_1004_minus_Stable_386,0.07143021
Degrader_232_minus_Stable_796,0.071362264
Degrader_155_minus_Stable_1252,0.071248695
Degrader_1296_minus_Stable_323,0.071240015
Degrader_723_minus_Stable_1065,0.0712011
Degrader_1173_minus_Stable_1083,0.07106783
Degrader_1317_minus_Stable_1065,0.07105399
Degrader_499_minus_Stable_1083,0.07089621
Gene_AC008268.1,0.07086847
Gene_GLP1R,0.070825614
Gene_MAPK8IP1P2,0.07059782
Gene_KRTAP10-1,0.07057321
Degrader_510_minus_Stable_145,0.070573136
Gene_AC093627.8,0.07051935
Degrader_1295_minus_Stable_169,0.07032332
Gene_SYCE1,0.070210986
Gene_CSPG4P13,0.0701939
Degrader_155_minus_Stable_51,0.070157275
Degrader_441_minus_Stable_430,0.07012793
Degrader_601_minus_Stable_666,0.070120916
Degrader_593_minus_Stable_1083,0.07007711
Degrader_772_minus_Stable_256,0.070038036
Degrader_899_minus_Stable_1260,0.06993384
Degrader_1202_minus_Stable_1238,0.069874264
Gene_CTD-3128G10.7,0.06984845
Gene_RP1-20N18.10,0.06982909
Gene_CR2,0.06977136
Gene_HMP19,0.06968818
Gene_SOX11,0.069626175
Degrader_369_minus_Stable_553,0.06956303
Degrader_190_minus_Stable_702,0.069515675
Gene_DNER,0.06945098
Degrader_1013_minus_Stable_702,0.06932633
Gene_SERHL2,0.06924758
Gene_bP-2171C21.4,0.06916078
Degrader_950_minus_Stable_1238,0.06914701
Degrader_944_minus_Stable_1065,0.06905178
Degrader_301_minus_Stable_287,0.068833835
Degrader_273_minus_Stable_339,0.0688203
Degrader_1173_minus_Stable_1252,0.06876272
Gene_CHRNA1,0.06872964
Gene_BRINP3,0.06862123
Degrader_510_minus_Stable_484,0.06858756
Degrader_950_minus_Stable_553,0.0685816
Gene_IGLV4-69,0.06850416
Degrader_123_minus_Stable_145,0.06840514
Degrader_155_minus_Stable_530,0.06834337
Gene_BRINP2,0.068295196
Degrader_1173_minus_Stable_1238,0.06824557
Gene_ALPK2,0.0680803
Degrader_441_minus_Stable_796,0.068053864
Degrader_676_minus_Stable_702,0.06793184
Degrader_454_minus_Stable_1083,0.06785023
Degrader_759_minus_Stable_530,0.06779957
Degrader_499_minus_Stable_1282,0.06773336
Degrader_767_minus_Stable_287,0.06772372
Degrader_68_minus_Stable_1260,0.06767243
Gene_CHAC1,0.06767236
Degrader_68_minus_Stable_51,0.06757656
Degrader_510_minus_Stable_339,0.06749512
Degrader_887_minus_Stable_1065,0.06741279
Degrader_1317_minus_Stable_339,0.06737434
Gene_C20orf166-AS1,0.06729123
Gene_TSKS,0.06716345
Gene_ANOS2P,0.067120984
Degrader_301_minus_Stable_439,0.0670905
Gene_PCAT14,0.06708096
Gene_CGB8,0.06705263
Gene_SNORD3B-1,0.066822335
Degrader_311_minus_Stable_484,0.06679841
Gene_RP11-758N13.1,0.06675725
Gene_RP11-496D24.2,0.066703334
Degrader_992_minus_Stable_702,0.06659924
Degrader_601_minus_Stable_439,0.06658908
Gene_NLGN4Y,0.06658595
Degrader_1277_minus_Stable_1252,0.066429414
Degrader_493_minus_Stable_416,0.06637782
Gene_VGLL1,0.06636706
Degrader_369_minus_Stable_1083,0.06630814
Degrader_301_minus_Stable_416,0.06629168
Gene_RPL23AP87,0.06628475
Gene_RGS7BP,0.06614038
Degrader_253_minus_Stable_256,0.06611207
Degrader_1481_minus_Stable_1282,0.06597337
Degrader_1013_minus_Stable_1238,0.06585195
Gene_MUC19,0.06578892
Degrader_499_minus_Stable_430,0.06567098
Degrader_759_minus_Stable_1282,0.065641694
Degrader_601_minus_Stable_796,0.06558844
Degrader_887_minus_Stable_1077,0.06555763
Degrader_1390_minus_Stable_796,0.06548927
Gene_KLK3,0.06538736
Gene_AC011294.3,0.065340556
Degrader_767_minus_Stable_407,0.065249905
Degrader_601_minus_Stable_553,0.06517447
Degrader_68_minus_Stable_145,0.065074265
Gene_RP11-250H24.2,0.06506411
Gene_C15orf59-AS1,0.065034166
Gene_ABCC6P1,0.06492431
Gene_MYF6,0.06466784
Gene_RP11-44F21.3,0.06457592
Degrader_253_minus_Stable_287,0.064570196
Degrader_1056_minus_Stable_484,0.06456331
Gene_ANKRD20A4,0.06451005
Degrader_155_minus_Stable_626,0.06448962
Degrader_1013_minus_Stable_1252,0.06445937
Degrader_1090_minus_Stable_666,0.06441015
Gene_CBSL,0.06438648
Degrader_918_minus_Stable_407,0.064371414
Gene_SPTA1,0.06431372
Degrader_607_minus_Stable_1252,0.064217865
Gene_KB-1184D12.1,0.06420656
Degrader_1202_minus_Stable_553,0.06402765
Degrader_676_minus_Stable_1238,0.06398168
Degrader_365_minus_Stable_323,0.06391769
Degrader_810_minus_Stable_553,0.0638096
Gene_RP11-356C4.5,0.06373548
Gene_DDX43,0.06370669
Degrader_800_minus_Stable_416,0.063635394
Degrader_369_minus_Stable_702,0.063543424
Degrader_1334_minus_Stable_416,0.06347594
Degrader_433_minus_Stable_439,0.06344686
Degrader_1127_minus_Stable_339,0.06332844
Degrader_772_minus_Stable_530,0.0632019
Degrader_1382_minus_Stable_856,0.063161
Gene_MYL2,0.063125186
Degrader_488_minus_Stable_1238,0.06312377
Degrader_420_minus_Stable_407,0.06304372
Degrader_510_minus_Stable_323,0.06298503
Gene_KRTAP4-9,0.06296467
Degrader_595_minus_Stable_530,0.062931396
Gene_SAA2,0.06282648
Degrader_155_minus_Stable_145,0.06280796
Gene_PRSS1,0.06261926
Degrader_510_minus_Stable_169,0.06253065
Gene_PIGR,0.062490057
Degrader_723_minus_Stable_339,0.062469892
Gene_HSD3B2,0.062436156
Gene_IL17C,0.06238426
Gene_THRSP,0.06225519
Degrader_217_minus_Stable_1238,0.062247407
Gene_TTTY15,0.062156696
Gene_LINC00377,0.062117442
Degrader_884_minus_Stable_439,0.06209513
Degrader_887_minus_Stable_51,0.06202002
Gene_MT1A,0.061984323
Gene_FABP7,0.061970364
Degrader_448_minus_Stable_407,0.061967086
Degrader_365_minus_Stable_416,0.06194764
Degrader_1211_minus_Stable_416,0.061880983
Gene_SPRR2F,0.061707053
Gene_ASTN1,0.06170405
Degrader_232_minus_Stable_256,0.061675653
Gene_CSN1S1,0.061389405
Degrader_440_minus_Stable_169,0.061291683
Gene_RP11-706O15.5,0.061102804
Degrader_440_minus_Stable_386,0.06109113
Degrader_759_minus_Stable_553,0.061066657
Gene_IGHA1,0.06089691
Degrader_488_minus_Stable_407,0.060867455
Gene_KRT13,0.06077243
Degrader_918_minus_Stable_430,0.060746778
Degrader_595_minus_Stable_1238,0.060733
Degrader_1013_minus_Stable_553,0.060614675
Gene_CDH18,0.060602058
Gene_PRSS35,0.060455173
Gene_KRT4,0.060382284
Gene_SPRR2B,0.0603599
Gene_RP11-776A13.3,0.060338583
Gene_KRTAP17-1,0.060334176
Gene_MYL1,0.060296353
Gene_CBLN2,0.06022163
Degrader_675_minus_Stable_145,0.060164046
Degrader_676_minus_Stable_1083,0.060138945
Degrader_601_minus_Stable_1282,0.060096797
Gene_CHI3L2,0.060085088
Gene_AC005336.4,0.06001954
Gene_MUC16,0.059992693
Degrader_607_minus_Stable_323,0.05986895
Degrader_601_minus_Stable_386,0.05980782
Degrader_211_minus_Stable_406,0.059725527
Gene_FIBCD1,0.059502356
Degrader_420_minus_Stable_553,0.05949224
Degrader_1277_minus_Stable_702,0.059475746
Degrader_420_minus_Stable_1252,0.059355494
Degrader_647_minus_Stable_958,0.0593392
Degrader_1296_minus_Stable_386,0.059315156
Degrader_1481_minus_Stable_256,0.059234012
Degrader_1127_minus_Stable_430,0.0592151
Degrader_155_minus_Stable_553,0.059198737
Gene_TNR,0.05908826
Gene_PCDH8,0.05908566
Gene_FOXI3,0.059003495
Gene_MMP1,0.058708627
Degrader_420_minus_Stable_1282,0.058699016
Gene_PRKY,0.058568783
Degrader_493_minus_Stable_339,0.058562934
Degrader_440_minus_Stable_666,0.05840294
Degrader_1173_minus_Stable_339,0.058375053
Degrader_736_minus_Stable_430,0.05836323
Degrader_918_minus_Stable_169,0.058318935
Degrader_1090_minus_Stable_416,0.058300093
Degrader_123_minus_Stable_1083,0.05826327
Degrader_736_minus_Stable_169,0.05821709
Gene_ADGRG7,0.05821565
Degrader_320_minus_Stable_626,0.05820134
Gene_KCNA1,0.058184598
Degrader_995_minus_Stable_1260,0.058184512
Degrader_918_minus_Stable_1238,0.058134936
Degrader_488_minus_Stable_256,0.058090396
Degrader_1064_minus_Stable_169,0.057567097
Gene_LINC02017,0.05746644
Gene_SOCS3,0.05746514
Gene_AGAP14,0.0573537
Degrader_633_minus_Stable_796,0.0573499
Gene_IGHV2-5,0.05730789
Gene_CYP4F35P,0.05723888
Gene_SCGB1B2P,0.057071
Degrader_253_minus_Stable_1260,0.05699895
Gene_LINC00940,0.056973595
Degrader_884_minus_Stable_958,0.056953244
Degrader_1334_minus_Stable_51,0.056928217
Degrader_1068_minus_Stable_256,0.056879252
Gene_SAA1,0.05667875
Degrader_1062_minus_Stable_530,0.056668803
Degrader_1277_minus_Stable_666,0.056535523
Degrader_190_minus_Stable_51,0.05645778
Degrader_499_minus_Stable_287,0.056446142
Degrader_320_minus_Stable_666,0.05633736
Degrader_817_minus_Stable_1083,0.056290496
Gene_KCNQ2,0.05626467
Degrader_944_minus_Stable_553,0.056246128
Degrader_1062_minus_Stable_1282,0.056220252
Degrader_1127_minus_Stable_958,0.056125965
Degrader_810_minus_Stable_430,0.05607602
Degrader_365_minus_Stable_1252,0.05605041
Gene_CTD-2303H24.2,0.056020807
Degrader_232_minus_Stable_287,0.05599597
Degrader_992_minus_Stable_51,0.055967145
Degrader_1202_minus_Stable_666,0.055842668
Degrader_366_minus_Stable_958,0.055833638
Degrader_1382_minus_Stable_1083,0.055718128
Degrader_593_minus_Stable_553,0.055614207
Gene_FPR2,0.055575017
Degrader_369_minus_Stable_339,0.055513836
Degrader_369_minus_Stable_1282,0.055491712
Degrader_593_minus_Stable_287,0.055437133
Degrader_767_minus_Stable_1238,0.055415943
Gene_TBX22,0.055259917
Gene_FAM106A,0.05524574
Degrader_675_minus_Stable_666,0.05523887
Gene_KRTAP1-3,0.055075243
Degrader_493_minus_Stable_406,0.05507391
Gene_SIGLEC8,0.05503492
Gene_CRABP1,0.055032156
Gene_MIR7-3HG,0.05501491
Gene_LINC01208,0.054964848
Degrader_995_minus_Stable_51,0.054953244
Degrader_884_minus_Stable_553,0.054926023
Degrader_253_minus_Stable_666,0.0548339
Gene_DEFA3,0.054492306
Degrader_1384_minus_Stable_1065,0.054460336
Gene_KRTAP4-6,0.054445222
Degrader_899_minus_Stable_430,0.05442568
Gene_LCN10,0.054400455
Degrader_1390_minus_Stable_323,0.05439185
Degrader_1013_minus_Stable_958,0.0543268
Degrader_899_minus_Stable_256,0.054305192
Gene_RPS4Y1,0.05430518
Gene_BCAP31P1,0.054290794
Degrader_1202_minus_Stable_1065,0.054282937
Degrader_1317_minus_Stable_626,0.054178573
Degrader_1062_minus_Stable_416,0.054175433
Degrader_1127_minus_Stable_1083,0.054150395
Gene_KRT79,0.05411995
Gene_MARCO,0.0541199
Gene_TP53TG3D,0.05392441
Degrader_1231_minus_Stable_169,0.053728685
Degrader_1481_minus_Stable_407,0.05366144
Gene_TMSB4Y,0.053638663
Degrader_273_minus_Stable_145,0.053595327
Degrader_123_minus_Stable_626,0.053569466
Degrader_633_minus_Stable_666,0.053538263
Degrader_800_minus_Stable_430,0.053512804
Degrader_995_minus_Stable_169,0.053494558
Degrader_499_minus_Stable_1252,0.053474482
Degrader_918_minus_Stable_339,0.05342382
Degrader_247_minus_Stable_416,0.05338577
Gene_AQP7P2,0.053380854
Gene_LINC00939,0.053378828
Degrader_1317_minus_Stable_856,0.05335653
Gene_INTS4P1,0.05335065
Gene_FPR1,0.053302538
Degrader_1090_minus_Stable_1065,0.053284045
RIN,0.053239323
Gene_IRS4,0.053221755
Degrader_211_minus_Stable_430,0.053168084
Degrader_1062_minus_Stable_406,0.053101856
Degrader_366_minus_Stable_856,0.0529482
Degrader_1068_minus_Stable_439,0.052914888
Gene_SPP1,0.052898493
Degrader_1295_minus_Stable_666,0.052844338
Gene_CTD-2066L21.3,0.052832082
Gene_KRT28,0.0528095
Degrader_190_minus_Stable_439,0.05274505
Degrader_499_minus_Stable_386,0.052453715
Gene_RP11-403B2.7,0.052422594
Degrader_601_minus_Stable_287,0.05235815
Degrader_1382_minus_Stable_323,0.052280657
Degrader_311_minus_Stable_1238,0.0520389
Gene_CA9,0.05200593
Degrader_440_minus_Stable_796,0.051894415
Degrader_1334_minus_Stable_1282,0.051737998
Degrader_1317_minus_Stable_406,0.051733837
Gene_RP11-690G19.4,0.05170833
Degrader_440_minus_Stable_1077,0.051666737
Degrader_1211_minus_Stable_484,0.051625352
Degrader_311_minus_Stable_51,0.051581122
Degrader_884_minus_Stable_856,0.05152487
Gene_UGT2A1,0.051495444
Gene_LRRC26,0.05146804
Gene_VGLL2,0.051406186
Gene_RXFP1,0.051374413
Degrader_944_minus_Stable_256,0.051352438
Degrader_1056_minus_Stable_169,0.051270265
Gene_RSU1P2,0.05124772
Degrader_499_minus_Stable_439,0.05122912
Gene_IGHG4,0.051165868
Degrader_365_minus_Stable_484,0.051108927
Gene_IL6,0.05110171
Gene_AKR1B15,0.051088575
Gene_GLDC,0.051040944
Gene_COL26A1,0.050928455
Degrader_1317_minus_Stable_169,0.050843067
Degrader_723_minus_Stable_51,0.05080778
Gene_HLA-U,0.05079517
Gene_CHGB,0.05067507
Degrader_1068_minus_Stable_406,0.05058319
Gene_CCL21,0.050562173
Gene_SLC2A14,0.050444078
Degrader_247_minus_Stable_1065,0.050438546
Degrader_1013_minus_Stable_430,0.050425623
Degrader_676_minus_Stable_1282,0.05040462
Degrader_123_minus_Stable_339,0.050364744
Degrader_675_minus_Stable_386,0.050318293
Gene_USP32P1,0.05029691
Degrader_68_minus_Stable_1238,0.05023728
Gene_HPCAL4,0.05021678
Degrader_647_minus_Stable_430,0.05003903
Gene_KRT83,0.049912386
Degrader_433_minus_Stable_406,0.049904734
Gene_PIP,0.049876045
Degrader_369_minus_Stable_323,0.04983324
Gene_DNAH5,0.049777452
Gene_RP11-501J20.5,0.04976641
Degrader_536_minus_Stable_553,0.04972004
Gene_LINC01914,0.049710806
Gene_CCL8,0.049633157
Gene_PROM1,0.049572207
Degrader_454_minus_Stable_439,0.04953097
Gene_RP4-765C7.2,0.049523495
Degrader_595_minus_Stable_484,0.04950399
Degrader_232_minus_Stable_416,0.049494214
Degrader_443_minus_Stable_406,0.049477063
Degrader_1062_minus_Stable_1238,0.04936563
Degrader_1211_minus_Stable_287,0.049305428
Degrader_454_minus_Stable_1065,0.049301002
Degrader_1296_minus_Stable_1282,0.049202323
Gene_REG1A,0.04915852
Degrader_211_minus_Stable_386,0.049052097
Degrader_365_minus_Stable_256,0.049051475
Degrader_1064_minus_Stable_256,0.04899086
Gene_KRT27,0.048900638
Degrader_232_minus_Stable_1083,0.048876446
Gene_TBC1D3E,0.048780214
Degrader_1202_minus_Stable_416,0.048774116
Gene_GYG2P1,0.048768073
Gene_IGHG1,0.0487175
Degrader_887_minus_Stable_484,0.0487126
Degrader_944_minus_Stable_1282,0.04856933
Degrader_887_minus_Stable_958,0.04853207
Degrader_232_minus_Stable_386,0.048462007
Degrader_369_minus_Stable_287,0.04831793
Gene_HSFY3P,0.04829257
Degrader_759_minus_Stable_484,0.048270497
Gene_CCDC80,0.048209503
Gene_WTAPP1,0.048204806
Degrader_232_minus_Stable_1065,0.048090637
Degrader_433_minus_Stable_796,0.048041098
Degrader_365_minus_Stable_407,0.04802518
Degrader_1004_minus_Stable_484,0.047982194
Degrader_499_minus_Stable_1260,0.0478994
Degrader_1295_minus_Stable_89,0.04769586
Degrader_593_minus_Stable_666,0.04763046
Degrader_1317_minus_Stable_553,0.047552764
Gene_PTX3,0.04740664
Degrader_232_minus_Stable_958,0.04738845
Gene_IGHV3-74,0.047383454
Degrader_675_minus_Stable_406,0.047379605
Degrader_736_minus_Stable_1252,0.047362838
Gene_LEP,0.047351196
Gene_MYCN,0.04723831
Gene_RP5-961K14.1,0.047194276
Degrader_1127_minus_Stable_626,0.047134772
Degrader_736_minus_Stable_1282,0.047125705
Degrader_593_minus_Stable_1260,0.047007896
Gene_KCNK10,0.046997707
Gene_RP11-317M11.1,0.04697885
Degrader_810_minus_Stable_958,0.046950284
Degrader_273_minus_Stable_1083,0.04690846
Degrader_1004_minus_Stable_323,0.046902835
Gene_TNMD,0.0468182
Degrader_1173_minus_Stable_169,0.046806455
Gene_NPPC,0.046792936
Gene_RP11-277P12.10,0.04678554
Stable_mean,0.046733174
Gene_SMG1P4,0.046650063
Degrader_1317_minus_Stable_1238,0.04658206
Gene_CCL2,0.04657281
Degrader_366_minus_Stable_702,0.046549298
Degrader_950_minus_Stable_51,0.046519767
Gene_CEACAM4,0.04642507
Degrader_155_minus_Stable_1260,0.04638831
Degrader_488_minus_Stable_89,0.046363756
Gene_SPSB4,0.046252508
Gene_LINC00599,0.04613184
Degrader_1202_minus_Stable_51,0.046100974
Gene_RP1-97J1.2,0.046064828
Degrader_675_minus_Stable_1252,0.04604129
Degrader_1064_minus_Stable_407,0.04603443
Gene_VSTM2A,0.04599185
Degrader_1231_minus_Stable_796,0.045989923
Gene_DUSP27,0.045953274
Degrader_767_minus_Stable_323,0.04595148
Gene_C14orf180,0.04590812
Degrader_253_minus_Stable_553,0.04586108
Gene_S100A3,0.045843825
Gene_DRGX,0.04582327
Degrader_232_minus_Stable_145,0.04577173
Degrader_488_minus_Stable_702,0.04576475
Degrader_448_minus_Stable_323,0.045689456
Degrader_1062_minus_Stable_796,0.04565458
Degrader_588_minus_Stable_416,0.04555558
Degrader_433_minus_Stable_145,0.0455362
Degrader_992_minus_Stable_796,0.045532964
Gene_SPRR2D,0.04551383
Degrader_772_minus_Stable_89,0.045436673
Gene_RP11-449L23.2,0.045408443
Gene_AC004947.2,0.04536887
Degrader_301_minus_Stable_89,0.045336295
Gene_CTAG2,0.045316137
Gene_PDK4,0.04518254
Degrader_899_minus_Stable_553,0.04512858
Gene_KRT86,0.045124393
Gene_KRTAP5-11,0.04510838
Degrader_1004_minus_Stable_89,0.04505379
Degrader_493_minus_Stable_89,0.04504044
Degrader_800_minus_Stable_287,0.04487172
Gene_LHCGR,0.04477871
Degrader_950_minus_Stable_530,0.044688977
Degrader_448_minus_Stable_287,0.044662345
Degrader_588_minus_Stable_530,0.044644926
Gene_TBC1D3D,0.044603728
Degrader_759_minus_Stable_1260,0.04456895
Degrader_588_minus_Stable_553,0.04450781
Gene_RP11-599B13.3,0.044499323
Degrader_499_minus_Stable_530,0.04428741
Degrader_1062_minus_Stable_386,0.044272963
Degrader_369_minus_Stable_439,0.044272143
Gene_GPR174,0.044271555
Degrader_420_minus_Stable_1065,0.044216875
Degrader_366_minus_Stable_796,0.04416507
Degrader_595_minus_Stable_958,0.044155408
Degrader_647_minus_Stable_406,0.044138405
Degrader_1068_minus_Stable_1260,0.04402839
Degrader_1317_minus_Stable_323,0.043865398
Gene_CNGB1,0.04379248
Degrader_899_minus_Stable_51,0.043683838
Gene_PSG5,0.043601748
Gene_AC034243.1,0.043599293
Gene_PIWIL1,0.043481838
Degrader_588_minus_Stable_796,0.04348006
Degrader_499_minus_Stable_484,0.043382272
Degrader_810_minus_Stable_287,0.04336964
Gene_S100A9,0.04335273
Degrader_1127_minus_Stable_1238,0.04334327
Gene_RP11-433J20.1,0.043341182
Degrader_992_minus_Stable_1077,0.04311362
Degrader_1004_minus_Stable_51,0.04308808
Gene_PRG4,0.043043863
Degrader_190_minus_Stable_1252,0.04298972
Gene_IGHV3-30,0.042952653
Degrader_510_minus_Stable_1238,0.042944543
Gene_KLK6,0.042857103
Gene_ARSH,0.04285364
Gene_G6PC2,0.04282834
Gene_FABP1,0.042819787
Degrader_950_minus_Stable_856,0.04275742
Gene_KRTAP4-12,0.042664967
Gene_GBP6,0.042642184
Gene_RP5-875O13.7,0.042626765
Degrader_950_minus_Stable_958,0.042585056
Degrader_887_minus_Stable_430,0.042579055
Degrader_810_minus_Stable_1083,0.042553496
Degrader_247_minus_Stable_386,0.042530168
Degrader_950_minus_Stable_1077,0.04252428
Gene_C10orf142,0.042507935
Degrader_123_minus_Stable_416,0.04247372
Degrader_433_minus_Stable_1065,0.042462092
Degrader_123_minus_Stable_430,0.04240828
Gene_RP11-434D9.1,0.04232189
Gene_SIGLEC7,0.042236917
Gene_LINC01239,0.04220682
Degrader_944_minus_Stable_1083,0.042144347
Degrader_1211_minus_Stable_1065,0.042133115
Degrader_593_minus_Stable_416,0.04213005
Degrader_1064_minus_Stable_856,0.042004105
Gene_RPL10P6,0.04177777
Gene_KRT26,0.041754212
Degrader_536_minus_Stable_323,0.04174631
Gene_TXLNGY,0.04170532
Degrader_1481_minus_Stable_287,0.04164075
Degrader_1390_minus_Stable_430,0.04162284
Gene_TCF23,0.041622356
Degrader_1062_minus_Stable_1065,0.041578695
Degrader_992_minus_Stable_1252,0.041553076
Gene_IL25,0.041551393
Degrader_1062_minus_Stable_626,0.041520413
Gene_GPR15,0.04141633
Gene_CBS,0.04141567
Gene_TNP1,0.04132539
Degrader_499_minus_Stable_702,0.041256025
Gene_KRT73,0.04122068
Gene_RETN,0.04121346
Gene_EMBP1,0.041120283
Gene_TIMP4,0.04093363
Gene_KRTAP9-7,0.04092718
Gene_CXCR1,0.04084296
Gene_LINC00670,0.040840033
Degrader_311_minus_Stable_339,0.040775236
Gene_PCP4,0.040751286
Degrader_155_minus_Stable_287,0.04074399
Gene_MYH7,0.04069497
Gene_FMO6P,0.040606663
Degrader_155_minus_Stable_169,0.04054419
Gene_UTY,0.040538203
Degrader_510_minus_Stable_89,0.040507738
Gene_LACRT,0.040475514
Gene_OLIG1,0.040448908
Degrader_588_minus_Stable_256,0.040424164
Gene_RP11-63E9.1,0.040396195
Gene_GUCY1B2,0.040337753
Degrader_723_minus_Stable_484,0.04026224
Gene_TMPRSS11B,0.040220227
Gene_RP11-706O15.7,0.040147815
Degrader_1390_minus_Stable_416,0.040134903
Gene_REG3A,0.040054765
Gene_KRT31,0.04003345
Degrader_420_minus_Stable_1238,0.039810207
Degrader_301_minus_Stable_626,0.03978838
Gene_ADH6,0.039760347
Degrader_899_minus_Stable_323,0.039742112
Gene_HEPHL1,0.039730523
Gene_OPRPN,0.039699085
Degrader_800_minus_Stable_169,0.039683744
Degrader_601_minus_Stable_51,0.03965822
Degrader_899_minus_Stable_1282,0.039600942
Gene_COL3A1,0.039422072
Gene_EPGN,0.039398797
Degrader_1296_minus_Stable_287,0.039307572
Degrader_817_minus_Stable_1260,0.039206028
Gene_IGHD,0.039197017
Gene_CYP1A1,0.039183598
Degrader_1004_minus_Stable_1065,0.039142217
Degrader_676_minus_Stable_796,0.039124787
Gene_TBC1D3L,0.039094236
Degrader_595_minus_Stable_430,0.039088417
Gene_KRTAP16-1,0.039086785
Gene_ANKRD20A11P,0.039045226
Gene_COL6A4P2,0.038847003
Degrader_1202_minus_Stable_406,0.03881139
Gene_RP11-757O6.6,0.038736723
Gene_AP000439.3,0.038673878
Degrader_767_minus_Stable_702,0.03866015
Degrader_595_minus_Stable_553,0.03863386
Degrader_1295_minus_Stable_439,0.038595885
Gene_BCL9P1,0.038561832
Degrader_588_minus_Stable_1238,0.03855792
Degrader_448_minus_Stable_256,0.03854395
Degrader_1317_minus_Stable_145,0.03850015
Gene_IGHV4-59,0.038408726
Gene_SPRR2A,0.03832285
Gene_IGKV1-27,0.038313102
Degrader_190_minus_Stable_89,0.038288224
Gene_SIGLEC6,0.038255554
Degrader_1064_minus_Stable_145,0.038240474
Gene_AXDND1,0.038109973
Degrader_1202_minus_Stable_386,0.03810164
Gene_IGLV6-57,0.03804417
Gene_MAPK8IP1P1,0.037917096
Degrader_918_minus_Stable_386,0.0378738
Degrader_1064_minus_Stable_1083,0.037813663
Degrader_800_minus_Stable_51,0.037794124
Degrader_1231_minus_Stable_416,0.037768237
Gene_SCGB1D2,0.037735157
Degrader_810_minus_Stable_407,0.037721552
Gene_MMP10,0.037643258
Degrader_601_minus_Stable_1238,0.037618916
Gene_AP001626.2,0.03761584
Gene_IGHV3-21,0.0375481
Degrader_155_minus_Stable_256,0.0373605
Degrader_440_minus_Stable_530,0.037315276
Degrader_884_minus_Stable_1238,0.0372501
Gene_LINC01736,0.037235633
Degrader_607_minus_Stable_530,0.03722616
Gene_SLC6A10P,0.037223645
Degrader_301_minus_Stable_169,0.037215676
Degrader_369_minus_Stable_856,0.03719922
Degrader_366_minus_Stable_51,0.03707944
Degrader_588_minus_Stable_89,0.03701699
Gene_METTL7B,0.03694081
Degrader_1481_minus_Stable_626,0.036936212
Gene_GABRR1,0.036935758
Gene_NPTX1,0.036918413
Degrader_1013_minus_Stable_439,0.03686174
Degrader_1090_minus_Stable_1282,0.03683922
Degrader_68_minus_Stable_530,0.036787428
Gene_RP11-1223D19.5,0.036678184
Gene_TDO2,0.036584657
Gene_PRM2,0.036568105
Degrader_1481_minus_Stable_1077,0.036552776
Degrader_443_minus_Stable_416,0.036518984
Gene_LINC02169,0.036479533
Gene_LINC00871,0.03645312
Degrader_155_minus_Stable_1077,0.036381096
Degrader_723_minus_Stable_666,0.03636656
Degrader_1334_minus_Stable_666,0.03633715
Degrader_992_minus_Stable_89,0.036329713
Gene_APLN,0.03632948
Degrader_123_minus_Stable_530,0.036314342
Gene_TNN,0.03631191
Gene_RP11-114H24.2,0.036305808
Gene_DUXAP8,0.03627753
Gene_IL12A-AS1,0.03621719
Degrader_1384_minus_Stable_1083,0.036205538
Gene_FAM83A-AS1,0.03616807
Gene_ESPNP,0.036056235
Degrader_499_minus_Stable_256,0.035998527
Gene_SLC34A2,0.03592178
Gene_VTCN1,0.035772942
Degrader_1334_minus_Stable_856,0.03570073
Degrader_1013_minus_Stable_1065,0.035629183
Degrader_817_minus_Stable_256,0.035563674
Degrader_448_minus_Stable_796,0.035554104
Gene_IL13RA2,0.035517722
Degrader_736_minus_Stable_796,0.035508443
Degrader_247_minus_Stable_407,0.035449296
Gene_KRTAP6-1,0.03540798
Gene_CLDN14,0.035378546
Gene_RP11-517M22.1,0.035365283
Degrader_441_minus_Stable_1065,0.03528162
Degrader_448_minus_Stable_430,0.035222594
Degrader_1384_minus_Stable_1282,0.035201713
Degrader_1481_minus_Stable_1252,0.035199597
Degrader_273_minus_Stable_51,0.03513875
Gene_RHPN2,0.035119195
Degrader_1384_minus_Stable_702,0.035069488
Degrader_1127_minus_Stable_439,0.035051245
Gene_IGLC3,0.034901332
Gene_CTSG,0.034869466
Degrader_510_minus_Stable_406,0.0348316
Degrader_772_minus_Stable_169,0.034795836
Gene_RP11-15I11.3,0.03475304
Degrader_1390_minus_Stable_626,0.034719482
Degrader_311_minus_Stable_1083,0.034608204
Degrader_190_minus_Stable_666,0.03452816
Gene_KRT34,0.034527883
Gene_C1orf105,0.03452345
Degrader_441_minus_Stable_856,0.034486122
Gene_LILRB5,0.034468208
Gene_RP11-442O1.3,0.03443597
Degrader_1277_minus_Stable_1083,0.034431636
Gene_LINC00330,0.034383353
Degrader_1064_minus_Stable_1065,0.03431263
Degrader_1056_minus_Stable_530,0.03423306
Degrader_232_minus_Stable_666,0.034140266
Gene_FBXO40,0.03409519
Degrader_273_minus_Stable_666,0.034032248
Gene_APLNR,0.033929434
Degrader_488_minus_Stable_1065,0.033916693
Degrader_1090_minus_Stable_553,0.033915512
Degrader_1127_minus_Stable_1077,0.0338264
Gene_RPS26P47,0.03380885
Degrader_759_minus_Stable_1252,0.033732887
Gene_CCL18,0.033723384
Gene_PIRT,0.033686824
Gene_YAP1P1,0.033680342
Degrader_884_minus_Stable_484,0.033640824
Degrader_448_minus_Stable_89,0.03350709
Degrader_493_minus_Stable_626,0.03349182
Gene_F2RL3,0.033469643
Degrader_759_minus_Stable_416,0.033384766
Degrader_759_minus_Stable_796,0.033360563
Degrader_595_minus_Stable_169,0.03335165
Degrader_736_minus_Stable_145,0.03331288
Gene_SULT1E1,0.033266366
Gene_IGKJ3,0.033165894
Degrader_433_minus_Stable_430,0.032933272
Degrader_1384_minus_Stable_406,0.032876287
Gene_IGHGP,0.032846376
Gene_RIMBP3,0.032762174
Degrader_1064_minus_Stable_666,0.03275279
Gene_IYD,0.032717504
Degrader_441_minus_Stable_484,0.032656368
Degrader_448_minus_Stable_1083,0.03265005
Degrader_247_minus_Stable_702,0.03258382
Degrader_772_minus_Stable_626,0.032504134
Degrader_433_minus_Stable_530,0.03244462
Gene_LGALS9C,0.032444607
Degrader_1277_minus_Stable_89,0.03240282
Gene_HBD,0.03233609
Gene_KRTAP2-2,0.032322843
Degrader_772_minus_Stable_407,0.03224658
Degrader_1090_minus_Stable_386,0.032215137
Degrader_767_minus_Stable_553,0.032187056
Degrader_499_minus_Stable_169,0.03203475
Degrader_155_minus_Stable_430,0.03200958
Gene_LINC01748,0.032004803
Gene_KCNIP1,0.031956207
Degrader_992_minus_Stable_530,0.031805027
Degrader_369_minus_Stable_145,0.03176325
Degrader_217_minus_Stable_1077,0.03172826
Degrader_123_minus_Stable_439,0.031682655
Degrader_1004_minus_Stable_145,0.031655848
Gene_CSMD1,0.03157584
Degrader_448_minus_Stable_339,0.03152296
Degrader_588_minus_Stable_339,0.03141597
Gene_CXCL10,0.031394936
Degrader_499_minus_Stable_145,0.03137141
Gene_NAP1L6,0.031368498
Gene_GGT3P,0.03134748
Degrader_1296_minus_Stable_1252,0.031326715
Degrader_1013_minus_Stable_666,0.031314895
Degrader_601_minus_Stable_958,0.031254888
Gene_C11orf87,0.031252816
Degrader_601_minus_Stable_1065,0.031246336
Gene_NPPB,0.031170122
Gene_RXFP2,0.03114241
Degrader_68_minus_Stable_1065,0.03113991
Degrader_454_minus_Stable_323,0.03113009
Gene_IL37,0.031126603
Gene_CAPN8,0.031041306
Gene_NPY2R,0.030935934
Degrader_1390_minus_Stable_553,0.030896334
Gene_AC016730.1,0.030849243
Gene_SLC30A8,0.030843003
Degrader_601_minus_Stable_256,0.03083402
Degrader_1384_minus_Stable_856,0.030706624
Gene_KRTAP19-5,0.030700976
Gene_HEPACAM,0.03069627
Degrader_1390_minus_Stable_145,0.030679537
Degrader_1295_minus_Stable_407,0.030647077
Gene_PLIN1,0.030647054
Degrader_510_minus_Stable_856,0.030452073
Degrader_918_minus_Stable_406,0.030436173
Gene_CYP4F34P,0.03042949
Degrader_676_minus_Stable_339,0.030413484
Degrader_588_minus_Stable_666,0.030409591
Degrader_899_minus_Stable_169,0.030369185
Degrader_369_minus_Stable_1065,0.030295063
Degrader_232_minus_Stable_339,0.03026286
Degrader_944_minus_Stable_958,0.030253245
Degrader_767_minus_Stable_416,0.030251909
Gene_HMGA2,0.030190077
Degrader_420_minus_Stable_796,0.030101327
Degrader_1317_minus_Stable_530,0.030061914
Degrader_311_minus_Stable_386,0.030008629
Degrader_593_minus_Stable_626,0.030004242
Degrader_536_minus_Stable_702,0.030002102
Gene_CAPN6,0.029930636
Gene_LINC00431,0.029812377
Gene_MIR202HG,0.029775098
Degrader_755_minus_Stable_407,0.029757267
Degrader_1390_minus_Stable_1260,0.029695163
Gene_RP1-272L16.1,0.029670913
Gene_SLC26A3,0.029651165
Gene_UNQ6494,0.029647728
Degrader_311_minus_Stable_553,0.029640691
Degrader_767_minus_Stable_430,0.029639624
Degrader_1004_minus_Stable_666,0.029615108
Gene_DKK1,0.029603926
Gene_RP11-243M5.5,0.02956644
Degrader_1202_minus_Stable_856,0.029492298
Degrader_1173_minus_Stable_666,0.029449299
Gene_RP11-351I21.11,0.029389473
Degrader_211_minus_Stable_169,0.029318335
Gene_CXCL11,0.02929116
Degrader_1013_minus_Stable_856,0.0292852
Degrader_536_minus_Stable_1252,0.029126948
Gene_KRTAP10-12,0.029079888
Degrader_1127_minus_Stable_856,0.02904096
Degrader_992_minus_Stable_439,0.029011263
Degrader_675_minus_Stable_530,0.028896026
Degrader_1090_minus_Stable_339,0.028836442
Degrader_1390_minus_Stable_89,0.028831594
Gene_LINC01468,0.028819555
Gene_KRTAP2-3,0.028819313
Gene_CYP11B1,0.028796824
Gene_MYOC,0.028776638
Degrader_443_minus_Stable_145,0.028748892
Degrader_800_minus_Stable_856,0.028724082
Degrader_155_minus_Stable_958,0.028719202
Degrader_607_minus_Stable_439,0.028699802
Gene_GZMH,0.028674092
Gene_CKM,0.028664522
Degrader_1202_minus_Stable_702,0.028640589
Gene_RP1,0.028599504
Gene_LCE1A,0.02854725
Gene_U82695.5,0.028441789
Degrader_755_minus_Stable_256,0.028412491
Degrader_366_minus_Stable_169,0.028364876
Degrader_817_minus_Stable_1238,0.02830059
Gene_SCGB2A2,0.028270405
Gene_TOP3BP1,0.02826455
Degrader_1211_minus_Stable_1252,0.028228112
Degrader_884_minus_Stable_1282,0.028212408
Degrader_232_minus_Stable_856,0.02819968
Degrader_369_minus_Stable_626,0.02819096
Degrader_369_minus_Stable_796,0.028158277
Degrader_1127_minus_Stable_666,0.028123774
Gene_PADI3,0.028038181
Gene_C2orf72,0.028029116
Gene_DBX2,0.02800637
Degrader_1384_minus_Stable_1077,0.027994893
Gene_SPINK7,0.027974453
Degrader_647_minus_Stable_339,0.027909199
Degrader_767_minus_Stable_339,0.027739951
Degrader_588_minus_Stable_1252,0.027717821
Degrader_253_minus_Stable_439,0.027716553
Degrader_918_minus_Stable_1083,0.02765167
Degrader_420_minus_Stable_626,0.02764946
Degrader_918_minus_Stable_323,0.027612424
Gene_DUXAP10,0.027601724
Degrader_1296_minus_Stable_796,0.027534202
Degrader_488_minus_Stable_406,0.027520478
Degrader_601_minus_Stable_484,0.027508922
Degrader_588_minus_Stable_439,0.02748102
Degrader_433_minus_Stable_1077,0.027449943
Gene_IGKV3-20,0.02737113
Gene_KRTAP1-1,0.027345134
Degrader_155_minus_Stable_406,0.027344128
Degrader_493_minus_Stable_666,0.027331622
Gene_LCN6,0.027327938
Degrader_253_minus_Stable_702,0.0272321
Degrader_736_minus_Stable_89,0.027142895
Degrader_588_minus_Stable_1083,0.027075283
Degrader_1090_minus_Stable_430,0.02707141
Degrader_68_minus_Stable_430,0.027045706
Gene_HTRA4,0.027033363
Degrader_1211_minus_Stable_1238,0.02701419
Gene_LINC01028,0.02700884
Degrader_918_minus_Stable_51,0.026958436
Degrader_588_minus_Stable_1282,0.026922056
Gene_C1orf140,0.026893357
Degrader_1481_minus_Stable_89,0.026776003
Degrader_1384_minus_Stable_430,0.026772147
Degrader_633_minus_Stable_51,0.026721502
Gene_IGKJ2,0.026699666
Degrader_676_minus_Stable_1077,0.026645469
Gene_SLC4A1,0.026613373
Degrader_1202_minus_Stable_530,0.026602957
Gene_AC004980.9,0.0265996
Degrader_1231_minus_Stable_439,0.026555572
Gene_SULT1B1,0.026537498
Gene_ANKRD20A9P,0.026402077
Degrader_123_minus_Stable_51,0.026394572
Degrader_366_minus_Stable_666,0.026377749
Degrader_736_minus_Stable_1238,0.026340226
Gene_KCND2,0.026338123
Gene_SPINK6,0.02633383
Degrader_190_minus_Stable_626,0.026331939
Degrader_493_minus_Stable_530,0.02631808
Gene_IGLV1-40,0.026292842
Degrader_488_minus_Stable_666,0.02625603
Degrader_365_minus_Stable_339,0.026240304
Gene_KRTAP5-5,0.026208637
Degrader_232_minus_Stable_702,0.026161432
Gene_RPS14P8,0.026140284
Degrader_510_minus_Stable_796,0.026081977
Gene_FGA,0.026077516
Degrader_1056_minus_Stable_323,0.025951844
Gene_RP11-83M16.4,0.025909685
Degrader_1004_minus_Stable_1282,0.0258771
Gene_HSD3B1,0.025818842
Gene_DYNAP,0.025810482
Gene_HP,0.025793124
Gene_IGFL1,0.025791228
Degrader_887_minus_Stable_406,0.025769612
Degrader_1296_minus_Stable_416,0.02576449
Degrader_767_minus_Stable_796,0.02569233
Degrader_1068_minus_Stable_145,0.025613796
Degrader_1390_minus_Stable_666,0.025608005
Degrader_950_minus_Stable_1252,0.025599958
Gene_GZMK,0.025568623
Degrader_217_minus_Stable_169,0.025568014
Gene_S100A12,0.025555337
Gene_APOA1,0.025528943
Gene_XIRP2,0.025517056
Gene_CCL17,0.025514834
Degrader_995_minus_Stable_339,0.025472838
Degrader_1064_minus_Stable_796,0.025471125
Degrader_369_minus_Stable_169,0.025468696
Degrader_884_minus_Stable_386,0.025463747
Degrader_995_minus_Stable_856,0.025420979
Degrader_1334_minus_Stable_145,0.02539572
Degrader_1173_minus_Stable_430,0.025353404
Degrader_1390_minus_Stable_856,0.02535125
Degrader_817_minus_Stable_339,0.025340384
Degrader_1056_minus_Stable_416,0.025301527
Gene_BOD1L2,0.025290623
Degrader_1127_minus_Stable_145,0.025240824
Degrader_1064_minus_Stable_287,0.02521829
Gene_RP11-73G16.2,0.025151515
Degrader_1004_minus_Stable_1077,0.025123294
Degrader_1056_minus_Stable_51,0.025121043
Gene_CTAGE15,0.025059018
Degrader_887_minus_Stable_145,0.02503283
Degrader_493_minus_Stable_484,0.025014741
Degrader_759_minus_Stable_406,0.025010169
Degrader_211_minus_Stable_323,0.024965858
Gene_LINC01886,0.02495577
Degrader_772_minus_Stable_339,0.024886407
Gene_AC019330.1,0.024864271
Degrader_1277_minus_Stable_407,0.024862269
Degrader_800_minus_Stable_958,0.024860352
Degrader_536_minus_Stable_430,0.024820736
Degrader_950_minus_Stable_430,0.024805231
Degrader_767_minus_Stable_1260,0.024790928
Degrader_1090_minus_Stable_1083,0.024788411
Degrader_273_minus_Stable_169,0.024778152
Gene_SOST,0.02475174
Degrader_1013_minus_Stable_530,0.024745502
Gene_AC019064.1,0.02472808
Gene_XKR9,0.024708074
Degrader_1173_minus_Stable_416,0.024674118
Degrader_448_minus_Stable_1282,0.024649587
Degrader_944_minus_Stable_287,0.024645718
Gene_IGHA2,0.02463699
Gene_FNDC1,0.024615716
Gene_COL6A5,0.024609774
Gene_FADS2,0.024599103
Gene_CRHBP,0.0245783
Degrader_593_minus_Stable_1065,0.024559094
Degrader_1296_minus_Stable_553,0.024546184
Degrader_723_minus_Stable_169,0.024518013
Gene_KRT75,0.024477396
Degrader_1231_minus_Stable_958,0.024445014
Gene_RP11-1090M7.1,0.024441227
Gene_CYP19A1,0.024438089
Gene_FGF5,0.024416348
Degrader_366_minus_Stable_256,0.024389531
Degrader_448_minus_Stable_1252,0.024372518
Gene_EI24P2,0.024364546
Degrader_1384_minus_Stable_1260,0.024269797
Degrader_441_minus_Stable_287,0.02426109
Degrader_301_minus_Stable_484,0.024231143
Gene_APELA,0.024223523
Degrader_633_minus_Stable_1077,0.024184406
Gene_SEC14L4,0.024149096
Degrader_1231_minus_Stable_323,0.02409099
Degrader_1013_minus_Stable_626,0.024058118
Degrader_1013_minus_Stable_484,0.024042305
Gene_CTD-2033D15.2,0.023988878
Degrader_443_minus_Stable_1260,0.02397525
Degrader_607_minus_Stable_1238,0.023864837
Degrader_1295_minus_Stable_958,0.023830775
Degrader_887_minus_Stable_553,0.02381344
Degrader_488_minus_Stable_796,0.023733784
Degrader_759_minus_Stable_1077,0.02367668
Degrader_190_minus_Stable_958,0.023663336
Degrader_365_minus_Stable_530,0.02364284
Gene_TBL1Y,0.023636103
Gene_KRTAP4-4,0.02362714
Degrader_273_minus_Stable_1252,0.023611378
Degrader_884_minus_Stable_89,0.023566576
Degrader_217_minus_Stable_1083,0.023558633
Degrader_1296_minus_Stable_407,0.023549264
Degrader_810_minus_Stable_796,0.023545401
Gene_ALDH1L1-AS2,0.023526045
Degrader_1390_minus_Stable_1252,0.023520024
Degrader_950_minus_Stable_1282,0.02351443
Gene_FABP4,0.02351248
Degrader_817_minus_Stable_1065,0.02343341
Gene_ISL1,0.023420935
Degrader_433_minus_Stable_287,0.023293428
Degrader_366_minus_Stable_553,0.023252876
Gene_EDN3,0.023220675
Degrader_440_minus_Stable_1065,0.023132056
Degrader_443_minus_Stable_339,0.023103748
Gene_FCAR,0.02307661
Degrader_595_minus_Stable_406,0.023028195
Degrader_1384_minus_Stable_407,0.023023924
Degrader_1390_minus_Stable_958,0.022952633
Gene_ZNF812P,0.022951545
Gene_CELA3A,0.022825101
Gene_IGHV4-4,0.022792526
Degrader_1295_minus_Stable_626,0.022776198
Gene_IGKV2-28,0.02277603
Gene_KRTAP2-1,0.02276702
Degrader_1296_minus_Stable_1260,0.022706557
Degrader_211_minus_Stable_666,0.02267191
Degrader_767_minus_Stable_169,0.022631029
Degrader_68_minus_Stable_856,0.022576062
Gene_KRT36,0.022491323
Gene_RP1-140K8.5,0.022461765
Degrader_253_minus_Stable_89,0.022439849
Gene_UOX,0.02242621
Degrader_493_minus_Stable_958,0.022415364
Gene_KRTAP4-8,0.022412486
Degrader_1384_minus_Stable_339,0.022369958
Degrader_1481_minus_Stable_856,0.0223621
Gene_ARL14,0.02231841
Gene_LCE1F,0.022317754
Gene_IGKV1-5,0.022311764
Degrader_647_minus_Stable_1238,0.022140926
Degrader_488_minus_Stable_1252,0.02212969
Degrader_1090_minus_Stable_626,0.022102548
Degrader_887_minus_Stable_530,0.022076689
Gene_CCDC144A,0.022050865
Degrader_1481_minus_Stable_323,0.022017026
Gene_GRIA2,0.02199782
Degrader_588_minus_Stable_1077,0.021936012
Degrader_448_minus_Stable_1065,0.021889105
Gene_AJ006998.2,0.021848371
Degrader_759_minus_Stable_89,0.021818958
Gene_LINC01876,0.021773499
Gene_CLCA4,0.021753153
Degrader_723_minus_Stable_796,0.021750633
Gene_AGXT,0.021717442
Degrader_1296_minus_Stable_439,0.021713378
Gene_SPRR1A,0.02160795
Degrader_992_minus_Stable_666,0.021543501
Degrader_944_minus_Stable_1238,0.02152203
Gene_FAM153B,0.021449324
Gene_HERC2P4,0.021447502
Gene_ADH7,0.021421185
Degrader_1334_minus_Stable_1065,0.021420343
Degrader_441_minus_Stable_439,0.02138773
Gene_IGLV3-1,0.02138182
Degrader_1127_minus_Stable_51,0.021323768
Degrader_420_minus_Stable_1260,0.021310821
Degrader_887_minus_Stable_626,0.021204613
Degrader_772_minus_Stable_1282,0.02119667
Gene_RP11-414C23.1,0.021190243
Degrader_755_minus_Stable_958,0.02115521
Degrader_1382_minus_Stable_386,0.021128766
Gene_XAGE2,0.021105511
Degrader_366_minus_Stable_386,0.021084212
Gene_LYG2,0.02104385
Degrader_1056_minus_Stable_439,0.021038232
Degrader_365_minus_Stable_406,0.021024976
Gene_C1QL2,0.021023922
Degrader_1382_minus_Stable_416,0.021012573
Gene_CHGA,0.02099337
Gene_HSD17B13,0.020985562
Gene_MYH6,0.020946497
Gene_MAGEA11,0.02091809
Gene_NEURL3,0.020901315
Degrader_433_minus_Stable_386,0.020845482
Gene_PRSS21,0.020835223
Degrader_211_minus_Stable_958,0.02081597
Gene_TTLL6,0.020813849
Degrader_1211_minus_Stable_856,0.020775445
Degrader_1382_minus_Stable_430,0.0207689
Gene_ETNPPL,0.020746604
Degrader_607_minus_Stable_958,0.020739572
Degrader_992_minus_Stable_406,0.02066852
Degrader_253_minus_Stable_407,0.020634126
Gene_RP11-139H14.5,0.020612242
Degrader_68_minus_Stable_958,0.020519396
Degrader_1004_minus_Stable_430,0.020507554
Degrader_1384_minus_Stable_386,0.0204309
Degrader_759_minus_Stable_1065,0.020357827
Degrader_1382_minus_Stable_51,0.0203216
Gene_ELOVL3,0.020269282
Gene_VTA1P1,0.020213075
Gene_SNAP91,0.020197285
Gene_LCN2,0.020153282
Gene_KRT19,0.020084009
Gene_ITIH6,0.020031527
Degrader_633_minus_Stable_1238,0.020022167
Degrader_918_minus_Stable_796,0.019984353
Gene_MAS1L,0.019933298
Gene_SMARCE1P2,0.019880626
Gene_SPINT3,0.019860243
Degrader_899_minus_Stable_702,0.019843228
Gene_SEZ6L,0.019801619
Gene_RP11-60A14.1,0.019799298
Degrader_433_minus_Stable_339,0.0197783
Degrader_593_minus_Stable_386,0.019629363
Gene_FAM135B,0.019562688
Gene_NEU2,0.01951337
Degrader_1481_minus_Stable_1238,0.019494902
Degrader_1317_minus_Stable_702,0.019492194
Gene_LUZP2,0.019343577
Gene_RGS16,0.019256433
Gene_ALKAL2,0.019244285
Gene_KRTAP10-3,0.01915445
Degrader_995_minus_Stable_256,0.019130442
Degrader_253_minus_Stable_1238,0.01910797
Degrader_633_minus_Stable_406,0.019080436
Gene_SYT13,0.019009566
Degrader_365_minus_Stable_666,0.018999731
Gene_RP11-350F16.1,0.018992182
Degrader_320_minus_Stable_439,0.018928757
Gene_WFDC12,0.018832766
Gene_RP5-839B4.8,0.01872978
Degrader_950_minus_Stable_287,0.018721923
Degrader_1382_minus_Stable_958,0.018700963
Degrader_1173_minus_Stable_702,0.018697606
Degrader_123_minus_Stable_256,0.018684715
Degrader_1296_minus_Stable_1077,0.018656183
Gene_TREM2,0.018650189
Gene_KRTAP7-1,0.018646864
Degrader_899_minus_Stable_287,0.018641781
Degrader_448_minus_Stable_416,0.018619968
Gene_COL6A6,0.018599445
Degrader_633_minus_Stable_1083,0.018584615
Degrader_493_minus_Stable_169,0.018520396
Degrader_593_minus_Stable_796,0.018506017
Gene_MUC2,0.018449266
Degrader_723_minus_Stable_287,0.0184443
Degrader_887_minus_Stable_323,0.018415364
Degrader_595_minus_Stable_796,0.018409597
Gene_LINC02095,0.018381478
Degrader_441_minus_Stable_1252,0.018333118
Degrader_1068_minus_Stable_323,0.01828932
Gene_FBP2,0.01827829
Gene_KRTAP10-7,0.018243518
Degrader_217_minus_Stable_256,0.01822031
Degrader_1390_minus_Stable_484,0.018211016
Gene_LCE6A,0.018179063
Gene_RP11-845M18.6,0.018150982
Degrader_675_minus_Stable_89,0.018126555
Degrader_995_minus_Stable_796,0.018120939
Degrader_253_minus_Stable_145,0.018081611
Degrader_676_minus_Stable_256,0.01806345
Degrader_723_minus_Stable_553,0.018037831
Degrader_944_minus_Stable_169,0.017900813
Gene_TMPRSS11GP,0.01787079
Degrader_311_minus_Stable_666,0.01783321
Degrader_499_minus_Stable_626,0.017776854
Degrader_1382_minus_Stable_553,0.017773436
Degrader_1277_minus_Stable_958,0.017773252
Degrader_155_minus_Stable_796,0.017663075
Degrader_607_minus_Stable_406,0.017654002
Degrader_887_minus_Stable_287,0.017650248
Degrader_273_minus_Stable_1077,0.01763201
Gene_CLPS,0.017606517
Degrader_536_minus_Stable_256,0.017582173
Gene_LGALS9B,0.017519291
Gene_MYBL2,0.017503217
Degrader_1013_minus_Stable_386,0.017498799
Gene_LCE1E,0.017489742
Degrader_676_minus_Stable_407,0.017432796
Gene_IGKC,0.01737846
Degrader_68_minus_Stable_89,0.017374871
Gene_RP11-343H5.4,0.017343054
Degrader_899_minus_Stable_407,0.017325388
Degrader_1296_minus_Stable_145,0.017307144
Degrader_601_minus_Stable_89,0.017288681
Degrader_887_minus_Stable_1083,0.017259836
Gene_CCL13,0.017226296
Gene_RP11-632K20.2,0.017189575
Gene_LCE2C,0.01718861
Degrader_536_minus_Stable_666,0.017184202
Gene_HRK,0.017183753
Degrader_1013_minus_Stable_1282,0.017162407
Gene_KRT33B,0.017031532
Gene_GPX3,0.017023837
Gene_LCE2D,0.017004428
Gene_RP11-402P6.9,0.016969865
Degrader_647_minus_Stable_484,0.016922725
Degrader_217_minus_Stable_406,0.016898992
Gene_IGKJ4,0.016888274
Degrader_1211_minus_Stable_323,0.016875852
Degrader_499_minus_Stable_339,0.016868507
Degrader_755_minus_Stable_856,0.016846564
Degrader_595_minus_Stable_323,0.016783483
Degrader_536_minus_Stable_339,0.016774498
Degrader_1231_minus_Stable_145,0.016707873
Gene_APOB,0.01670617
Degrader_510_minus_Stable_666,0.0167051
Degrader_1062_minus_Stable_287,0.016588056
Gene_CPZ,0.016564626
Degrader_253_minus_Stable_1252,0.016536307
Degrader_918_minus_Stable_439,0.016520184
Gene_TTC6,0.01647074
Gene_USP32P2,0.016461631
Degrader_1173_minus_Stable_287,0.016454417
Gene_RP11-73G16.1,0.016428825
Gene_AQP6,0.01637699
Degrader_440_minus_Stable_484,0.016348666
Gene_CLDN19,0.016341832
Degrader_441_minus_Stable_145,0.016319124
Gene_OR2A20P,0.016289106
Degrader_301_minus_Stable_406,0.01623141
Degrader_1173_minus_Stable_386,0.016222507
Gene_SPRR3,0.016194819
Degrader_887_minus_Stable_386,0.016141284
Gene_SFRP4,0.0160957
Degrader_810_minus_Stable_856,0.016083632
Degrader_676_minus_Stable_666,0.016080223
Degrader_588_minus_Stable_430,0.016011335
Degrader_633_minus_Stable_958,0.015996277
Gene_CTRB1,0.015991965
Degrader_1334_minus_Stable_169,0.015990213
Gene_CPNE6,0.015983041
Degrader_899_minus_Stable_666,0.015951972
Degrader_1068_minus_Stable_1083,0.015931899
Gene_STAB2,0.015909959
Degrader_1211_minus_Stable_145,0.015873587
Gene_IGHV3-48,0.015857339
Gene_LCE3A,0.015766757
Gene_HDC,0.015714508
Degrader_759_minus_Stable_1083,0.015682055
Degrader_810_minus_Stable_1252,0.015647195
Gene_ADGRF1,0.01555489
Gene_RP11-850F7.7,0.015545257
Degrader_443_minus_Stable_958,0.015525103
Degrader_68_minus_Stable_406,0.015494581
Degrader_320_minus_Stable_958,0.015457557
Degrader_588_minus_Stable_51,0.015432953
Degrader_918_minus_Stable_553,0.015423346
Degrader_607_minus_Stable_407,0.015393664
Degrader_723_minus_Stable_530,0.015304474
Degrader_247_minus_Stable_1238,0.01527157
Degrader_217_minus_Stable_323,0.015233798
Gene_CNTN6,0.015213576
Degrader_211_minus_Stable_416,0.015193559
Degrader_454_minus_Stable_626,0.015179992
Degrader_499_minus_Stable_796,0.015119578
Gene_ZNF736P9Y,0.015105692
Degrader_944_minus_Stable_530,0.015080848
Degrader_440_minus_Stable_439,0.015051241
Degrader_884_minus_Stable_51,0.015038699
Gene_SLC14A1,0.014994491
Gene_ZMAT4,0.014989407
Degrader_1064_minus_Stable_439,0.014965047
Degrader_232_minus_Stable_51,0.014963798
Degrader_736_minus_Stable_626,0.01494753
Gene_AC018804.6,0.014940056
Degrader_320_minus_Stable_553,0.014883234
Gene_LHFPL3-AS1,0.014863782
Degrader_369_minus_Stable_406,0.014860915
Gene_BEND4,0.014850114
Degrader_155_minus_Stable_407,0.014803725
Degrader_488_minus_Stable_484,0.014778812
Gene_KRTAP12-1,0.014778685
Gene_RP11-347H15.1,0.014776392
Degrader_320_minus_Stable_407,0.0147571275
Degrader_536_minus_Stable_796,0.014737511
Gene_TIMD4,0.014707519
Degrader_420_minus_Stable_323,0.01464217
Degrader_675_minus_Stable_416,0.014628379
Gene_KRTAP5-3,0.014627728
Gene_KRTAP5-10,0.01461342
Gene_MS4A2,0.014548409
Degrader_633_minus_Stable_856,0.014440354
Degrader_493_minus_Stable_1260,0.014432581
Degrader_320_minus_Stable_386,0.014414064
Degrader_1390_minus_Stable_51,0.014408774
Degrader_918_minus_Stable_145,0.014407546
Gene_IGHG2,0.014394151
Degrader_899_minus_Stable_439,0.014333138
Degrader_365_minus_Stable_145,0.014283924
Degrader_736_minus_Stable_406,0.01424163
Degrader_365_minus_Stable_1065,0.01423289
Gene_SPDEF,0.014217399
Degrader_1004_minus_Stable_439,0.014170581
Gene_DSCAM,0.014144014
Degrader_536_minus_Stable_89,0.014122439
Degrader_1211_minus_Stable_51,0.0140939085
Degrader_944_minus_Stable_666,0.014088768
Degrader_366_minus_Stable_1083,0.014086096
Degrader_1390_minus_Stable_1065,0.014084059
Degrader_320_minus_Stable_416,0.01406704
Degrader_1062_minus_Stable_89,0.014042418
Gene_DPEP1,0.014002879
Degrader_887_minus_Stable_169,0.013993296
Degrader_232_minus_Stable_1260,0.013973268
Degrader_433_minus_Stable_416,0.013866833
Gene_KRT33A,0.013865634
Degrader_1090_minus_Stable_51,0.013864181
Degrader_536_minus_Stable_856,0.013859693
Degrader_488_minus_Stable_553,0.013759811
Gene_AQP5,0.013735154
Degrader_817_minus_Stable_406,0.01370731
Degrader_607_minus_Stable_1260,0.013677041
Degrader_190_minus_Stable_407,0.0136511605
Degrader_441_minus_Stable_407,0.013637329
Gene_RGPD2,0.013602361
Degrader_992_minus_Stable_169,0.013517767
Degrader_369_minus_Stable_1077,0.013510687
Degrader_723_minus_Stable_626,0.0134855
Gene_SLC13A2,0.013471453
Degrader_755_minus_Stable_339,0.013448475
Gene_BPIFB2,0.013399093
Gene_IGHV4-34,0.013386948
Gene_CDX4,0.013367267
Degrader_723_minus_Stable_1238,0.013293419
Degrader_311_minus_Stable_89,0.013281209
Degrader_1317_minus_Stable_1282,0.013224963
Degrader_273_minus_Stable_407,0.013218366
Degrader_995_minus_Stable_530,0.013162271
Degrader_1056_minus_Stable_1282,0.013154191
Gene_SCGB2A1,0.013130323
Degrader_1211_minus_Stable_530,0.01311817
Degrader_433_minus_Stable_1260,0.0130856745
Gene_LINC00540,0.013062952
Gene_TRH,0.0130603025
Gene_RP11-311D14.1,0.013029884
Degrader_211_minus_Stable_145,0.01301822
Degrader_1277_minus_Stable_406,0.012992278
Gene_KRTAP10-2,0.012990172
Degrader_810_minus_Stable_626,0.012893965
Degrader_311_minus_Stable_1077,0.012780094
Gene_MAFIP,0.012775987
Gene_RP11-407H12.8,0.012760156
Degrader_369_minus_Stable_407,0.012745721
Degrader_454_minus_Stable_89,0.012731044
Degrader_1382_minus_Stable_339,0.012729843
Gene_AC020571.3,0.012669187
Degrader_887_minus_Stable_439,0.0126582505
Degrader_1481_minus_Stable_702,0.012642433
Gene_BCORP1,0.012639898
Degrader_944_minus_Stable_406,0.012638048
Degrader_899_minus_Stable_416,0.012582603
Degrader_1004_minus_Stable_856,0.012531595
Gene_KRTAP9-9,0.012479289
Gene_CLEC4E,0.012413671
Gene_TMEM213,0.012379629
Degrader_633_minus_Stable_1260,0.012376445
Degrader_995_minus_Stable_1238,0.012344596
Degrader_633_minus_Stable_553,0.012296846
Degrader_440_minus_Stable_856,0.012217107
Degrader_1004_minus_Stable_1083,0.012207753
Degrader_1334_minus_Stable_1260,0.01213844
Degrader_950_minus_Stable_702,0.012135922
Degrader_755_minus_Stable_1260,0.012126356
Gene_OR7A5,0.012114031
Degrader_736_minus_Stable_323,0.01207871
Degrader_817_minus_Stable_626,0.012077957
Gene_RPSAP53,0.012077165
Degrader_1211_minus_Stable_430,0.012031994
Degrader_510_minus_Stable_626,0.012021234
Degrader_817_minus_Stable_856,0.012020111
Degrader_817_minus_Stable_439,0.011997139
Gene_FGG,0.011981366
Degrader_273_minus_Stable_1282,0.011967983
Gene_LINC00968,0.011939683
Gene_CSRP3,0.011936061
Gene_PADI1,0.011861197
Gene_MZB1,0.011839391
Gene_SYCP1,0.011823045
Gene_DPYS,0.011759412
Degrader_995_minus_Stable_626,0.011735928
Gene_GRP,0.011629287
Degrader_759_minus_Stable_666,0.011628072
Gene_MS4A1,0.011625348
Degrader_311_minus_Stable_439,0.01161053
Degrader_918_minus_Stable_626,0.011593022
Degrader_440_minus_Stable_958,0.011538336
Degrader_1090_minus_Stable_856,0.011517271
Gene_RP11-380J14.1,0.011495855
Gene_TTTY10,0.011455414
Degrader_1231_minus_Stable_89,0.011419933
Degrader_767_minus_Stable_958,0.011407465
Degrader_767_minus_Stable_145,0.011380797
Gene_U2AF1,0.011361355
Degrader_759_minus_Stable_407,0.011355627
Degrader_1231_minus_Stable_1282,0.011351005
Gene_KCNA5,0.011323137
Degrader_944_minus_Stable_856,0.011295335
Degrader_211_minus_Stable_51,0.011284581
Degrader_493_minus_Stable_145,0.0111790085
Degrader_232_minus_Stable_89,0.011141192
Gene_KRTAP4-5,0.011137241
Gene_FOXE1,0.011072127
Degrader_800_minus_Stable_339,0.011055086
Gene_KLHDC7A,0.011032639
Degrader_1317_minus_Stable_89,0.011007719
Degrader_1481_minus_Stable_530,0.010979126
Gene_AMTN,0.010953054
Gene_IGHV3-23,0.010941472
Degrader_320_minus_Stable_1077,0.010891447
Degrader_320_minus_Stable_856,0.010888499
Degrader_992_minus_Stable_553,0.0108761
Degrader_759_minus_Stable_339,0.010842409
Degrader_950_minus_Stable_796,0.010796366
Degrader_1277_minus_Stable_416,0.010790603
Degrader_995_minus_Stable_484,0.010774924
Gene_SERPINA11,0.010765767
Degrader_992_minus_Stable_1260,0.010740591
Degrader_736_minus_Stable_530,0.010720158
Gene_IGLV2-11,0.010701102
Degrader_1295_minus_Stable_856,0.010691635
Degrader_607_minus_Stable_1077,0.010663878
Degrader_595_minus_Stable_1260,0.010659994
Degrader_253_minus_Stable_169,0.010651426
Degrader_1231_minus_Stable_430,0.010629417
Degrader_454_minus_Stable_406,0.010625636
Degrader_633_minus_Stable_256,0.010612035
Degrader_817_minus_Stable_796,0.010600901
Gene_RP11-351J23.1,0.0105989855
Gene_DSG4,0.010592987
Degrader_123_minus_Stable_702,0.01059221
Degrader_1277_minus_Stable_256,0.0105440775
Gene_RP11-597M17.1,0.010508469
Degrader_1068_minus_Stable_1077,0.010477416
Degrader_155_minus_Stable_1282,0.010421554
Degrader_1384_minus_Stable_553,0.0104043335
Degrader_433_minus_Stable_666,0.010386748
Degrader_884_minus_Stable_169,0.01038194
Gene_LINC01828,0.010347926
Degrader_68_minus_Stable_439,0.010341284
Degrader_1481_minus_Stable_51,0.01033291
Degrader_1062_minus_Stable_145,0.010257332
Gene_SLC5A7,0.010180246
Degrader_366_minus_Stable_406,0.0101192845
Gene_PLAC1,0.010069131
Degrader_217_minus_Stable_666,0.010066374
Gene_MSMB,0.010058305
Gene_ITIH3,0.010012974
Degrader_301_minus_Stable_1065,0.009942847
Degrader_273_minus_Stable_439,0.009939642
Degrader_593_minus_Stable_484,0.009938997
Degrader_1334_minus_Stable_439,0.009930136
Degrader_595_minus_Stable_1065,0.009919662
Gene_KRTAP5-1,0.009907568
Gene_LINC02137,0.009811392
Degrader_593_minus_Stable_406,0.00976632
Gene_GFAP,0.009727818
Degrader_950_minus_Stable_406,0.009725951
Gene_ASB5,0.009698423
Degrader_247_minus_Stable_406,0.0096825445
Gene_KRTAP4-7,0.009650381
Gene_ADAMTS4,0.009561382
Gene_RPSAP52,0.009551488
Degrader_217_minus_Stable_51,0.0095474925
Gene_TH,0.009521801
Degrader_588_minus_Stable_702,0.009484976
Degrader_1481_minus_Stable_416,0.009465964
Degrader_488_minus_Stable_626,0.0094595915
Degrader_810_minus_Stable_1077,0.009450174
Gene_S100A7A,0.009446471
Degrader_443_minus_Stable_287,0.009425094
Gene_CHRNA9,0.009406593
Degrader_247_minus_Stable_51,0.009405937
Gene_IGHV3-33,0.00940279
Degrader_884_minus_Stable_1260,0.009328098
Autolysis,0.009319486
Degrader_253_minus_Stable_430,0.009309952
Degrader_1317_minus_Stable_256,0.009307566
Degrader_190_minus_Stable_1260,0.009294828
Gene_KRTAP10-8,0.009255386
Degrader_440_minus_Stable_287,0.0092179235
Gene_KRT7,0.009192212
Degrader_1068_minus_Stable_1238,0.009175218
Gene_RP11-148L24.1,0.009103788
Gene_RAX,0.009085287
Degrader_247_minus_Stable_856,0.009062818
Degrader_1004_minus_Stable_958,0.00898878
Gene_KRTAP4-3,0.008939819
Degrader_1277_minus_Stable_796,0.008908616
Gene_RNF17,0.008885144
Degrader_1277_minus_Stable_323,0.008826593
Gene_CAMK1G,0.008822729
Degrader_68_minus_Stable_796,0.008783945
Gene_IL20,0.008775
Gene_C1orf158,0.008762515
Degrader_810_minus_Stable_702,0.00873431
Degrader_454_minus_Stable_407,0.008722561
Degrader_647_minus_Stable_287,0.008720714
Degrader_1277_minus_Stable_51,0.0087148035
Degrader_1127_minus_Stable_323,0.008712124
Degrader_1277_minus_Stable_439,0.008680308
Degrader_369_minus_Stable_430,0.008675736
Gene_IGKV1-33,0.008604218
Degrader_1056_minus_Stable_386,0.008593047
Degrader_772_minus_Stable_1238,0.0085728755
Gene_LINC01152,0.008560255
Degrader_1127_minus_Stable_416,0.008543547
Degrader_1173_minus_Stable_1077,0.008542917
Gene_LINC02073,0.008484354
Gene_SLITRK3,0.008479183
Degrader_1173_minus_Stable_856,0.008446976
Degrader_1013_minus_Stable_1260,0.008436552
Gene_PRB4,0.008431128
Degrader_992_minus_Stable_256,0.008403817
Degrader_440_minus_Stable_89,0.008402723
Degrader_499_minus_Stable_856,0.008371057
Gene_IGHV3-7,0.00835889
Degrader_1384_minus_Stable_169,0.00833236
Gene_PDZPH1P,0.008310007
Degrader_433_minus_Stable_958,0.008224624
Degrader_884_minus_Stable_796,0.008209181
Degrader_1390_minus_Stable_339,0.00819623
Degrader_918_minus_Stable_1260,0.008150117
Degrader_1382_minus_Stable_1065,0.008125202
Degrader_366_minus_Stable_1282,0.00810482
Degrader_420_minus_Stable_145,0.008101038
Gene_RP11-507B12.1,0.00800518
Gene_OR2I1P,0.00796302
Gene_ROS1,0.007931312
Gene_GSX2,0.007925573
Degrader_1211_minus_Stable_406,0.007870119
Gene_AC018442.1,0.007860979
Degrader_1090_minus_Stable_484,0.007853453
Degrader_1068_minus_Stable_626,0.007839029
Degrader_217_minus_Stable_89,0.007830622
Degrader_217_minus_Stable_145,0.00780561
Gene_MC5R,0.0078027165
Degrader_767_minus_Stable_386,0.00780011
Degrader_593_minus_Stable_856,0.007762552
Gene_RP11-640N11.2,0.0077605178
Degrader_1481_minus_Stable_339,0.00774908
Degrader_1231_minus_Stable_406,0.0077466182
Degrader_772_minus_Stable_430,0.0077462853
Gene_IGLV1-47,0.0077229026
Degrader_232_minus_Stable_530,0.00771952
Degrader_1127_minus_Stable_1282,0.0076177004
Degrader_301_minus_Stable_1282,0.00761707
Degrader_301_minus_Stable_1238,0.0076031405
Gene_LINC00648,0.007602072
Gene_CRISP2,0.0076011578
Degrader_273_minus_Stable_89,0.0075623607
Gene_CTD-3193K9.11,0.0075336606
Gene_RHD,0.0075319554
Degrader_1004_minus_Stable_169,0.007523688
Degrader_247_minus_Stable_256,0.0075189774
Degrader_887_minus_Stable_256,0.007483511
Gene_CD209,0.007430215
Degrader_273_minus_Stable_530,0.007329282
Degrader_899_minus_Stable_530,0.0073251734
Gene_KRTAP20-2,0.007314177
Degrader_800_minus_Stable_530,0.0072880094
Gene_MMP11,0.007273931
Gene_TMEM211,0.0072447937
Degrader_68_minus_Stable_416,0.007233564
Degrader_1064_minus_Stable_51,0.0072207334
Gene_RP11-118B18.3,0.007218181
Degrader_253_minus_Stable_1282,0.0072113997
Gene_AQP4-AS1,0.00715932
Gene_PPP1R1A,0.0071279844
Degrader_1296_minus_Stable_530,0.007121745
Degrader_899_minus_Stable_1252,0.007083746
Gene_RP3-340B19.3,0.0070658326
Gene_BEST2,0.0070631797
Degrader_884_minus_Stable_666,0.007053241
Gene_RP11-315F22.1,0.0070355423
Gene_LINC00890,0.007012614
Gene_LINC02188,0.007002503
Degrader_1004_minus_Stable_339,0.007001552
Gene_ACTBP8,0.0069977916
Gene_HS3ST5,0.006967031
Degrader_232_minus_Stable_553,0.006953339
Gene_CILP,0.006949071
Degrader_772_minus_Stable_145,0.0069469963
Gene_FOXL2NB,0.006897532
Degrader_1013_minus_Stable_1077,0.006882793
Degrader_676_minus_Stable_1252,0.006854151
Gene_KRTAP4-11,0.006836195
Degrader_995_minus_Stable_407,0.006831243
Degrader_320_minus_Stable_796,0.0068304045
Degrader_1173_minus_Stable_256,0.006822871
Gene_RP11-208G20.3,0.0068051056
Gene_CTD-2314G24.2,0.006796145
Gene_NAT16,0.0067927702
Gene_RP11-575H3.1,0.006722401
Degrader_950_minus_Stable_1065,0.006719191
Degrader_232_minus_Stable_484,0.006712718
Gene_RP13-650J16.1,0.0066658217
Degrader_950_minus_Stable_323,0.006573185
Gene_SLC11A1,0.0065608933
Degrader_944_minus_Stable_416,0.0065598
Gene_IGHV1-18,0.006549495
Gene_LRRC15,0.006542943
Degrader_1481_minus_Stable_484,0.006515137
Degrader_995_minus_Stable_702,0.006503405
Gene_LOR,0.0064978343
Degrader_499_minus_Stable_1065,0.006491006
Degrader_440_minus_Stable_406,0.0064839255
Gene_TCHHL1,0.006481223
Degrader_1127_minus_Stable_530,0.006460071
Degrader_1390_minus_Stable_439,0.006426586
Gene_AC093159.1,0.0063880594
Degrader_536_minus_Stable_1260,0.0063777077
Degrader_488_minus_Stable_339,0.0062971767
Degrader_1173_minus_Stable_89,0.0062877373
Degrader_1384_minus_Stable_484,0.006265039
Gene_PCSK1,0.006241422
Degrader_420_minus_Stable_386,0.0062401663
Degrader_884_minus_Stable_702,0.0062390473
Gene_SCGB3A1,0.00622989
Degrader_365_minus_Stable_1260,0.006220287
Degrader_1384_minus_Stable_1238,0.0062172213
Gene_KRTAP4-2,0.006154867
Degrader_817_minus_Stable_666,0.0061229933
Gene_RPL7AP28,0.0060771503
Gene_DES,0.0060065067
Gene_LINC02030,0.005985831
Degrader_1295_minus_Stable_145,0.00596918
Degrader_247_minus_Stable_339,0.00592559
Gene_RP11-576C2.1,0.00591184
Degrader_433_minus_Stable_89,0.0059068915
Degrader_1068_minus_Stable_169,0.0058925957
Degrader_247_minus_Stable_1252,0.005880557
Degrader_454_minus_Stable_484,0.0058681737
Degrader_1277_minus_Stable_626,0.005765696
Degrader_1277_minus_Stable_530,0.0057648006
Degrader_595_minus_Stable_1077,0.005759969
Degrader_273_minus_Stable_796,0.005741538
Degrader_1173_minus_Stable_626,0.005724808
Degrader_536_minus_Stable_1077,0.0057155145
Degrader_1295_minus_Stable_339,0.0057104523
Gene_ADAMTS9-AS1,0.005692672
Gene_IGKJ1,0.0056820037
Degrader_1317_minus_Stable_1260,0.005681134
Gene_A4GNT,0.0056701293
Degrader_676_minus_Stable_958,0.0056588612
Gene_ZBTB16,0.005642125
Degrader_1173_minus_Stable_145,0.0056088124
Degrader_817_minus_Stable_287,0.005607202
Gene_CHRNA2,0.0055818125
Gene_C1orf87,0.0055723554
Degrader_1317_minus_Stable_1252,0.005536126
Degrader_1056_minus_Stable_145,0.0055129565
Degrader_676_minus_Stable_51,0.005473106
Gene_CHIT1,0.0054599945
Degrader_723_minus_Stable_702,0.005447301
Gene_AC008063.2,0.005415036
Degrader_443_minus_Stable_386,0.005412117
Degrader_448_minus_Stable_169,0.00539785
Degrader_311_minus_Stable_626,0.00538767
Degrader_918_minus_Stable_1077,0.0053378525
Degrader_723_minus_Stable_323,0.0053030187
Gene_SLC9A3P3,0.0052895774
Gene_CCL15,0.005279325
Gene_FCGR1A,0.005209318
Degrader_441_minus_Stable_51,0.0051865927
Gene_LINC01230,0.005145683
Degrader_493_minus_Stable_430,0.0050886897
Degrader_448_minus_Stable_1260,0.0050809816
Gene_TCN1,0.005068098
Gene_HAPLN1,0.0050541107
Gene_CPHL1P,0.0050378856
Degrader_810_minus_Stable_484,0.005011344
Degrader_1296_minus_Stable_430,0.00500837
Degrader_817_minus_Stable_169,0.0050071715
Degrader_1064_minus_Stable_1282,0.0050033606
Degrader_647_minus_Stable_256,0.0049937167
Degrader_320_minus_Stable_145,0.004938901
Gene_SYT4,0.0049274303
Degrader_884_minus_Stable_407,0.0049184663
Degrader_588_minus_Stable_856,0.0049143345
Degrader_918_minus_Stable_856,0.0048724003
Degrader_1296_minus_Stable_51,0.004861011
Degrader_1334_minus_Stable_484,0.004857904
Degrader_1384_minus_Stable_626,0.0048177093
Degrader_759_minus_Stable_626,0.004789964
Gene_KRTAP4-1,0.0047861966
Degrader_918_minus_Stable_1252,0.0047847647
Degrader_810_minus_Stable_530,0.0047219754
Degrader_1390_minus_Stable_406,0.0046956767
Gene_KRT84,0.0046896343
Gene_COL1A2,0.004670925
Gene_MIF-AS1,0.0046178685
Degrader_420_minus_Stable_484,0.0046150736
Degrader_1390_minus_Stable_702,0.0045963796
Gene_CLDN10,0.004592729
Degrader_1390_minus_Stable_287,0.004572019
Degrader_211_minus_Stable_1252,0.004565956
Gene_HSFX1,0.004508278
Gene_CD163,0.0044623534
Degrader_1296_minus_Stable_666,0.00446011
Gene_IGLV2-14,0.004452672
Degrader_593_minus_Stable_530,0.0044372603
Gene_SIRPAP1,0.0044258568
Gene_FAM26D,0.004419419
Gene_RP11-92A5.2,0.0044096257
Gene_KRTAP9-4,0.004394517
Gene_PNLIPRP1,0.0043842653
Degrader_232_minus_Stable_323,0.0043838862
Gene_SLC5A8,0.004354361
Degrader_810_minus_Stable_51,0.0043511214
Degrader_1173_minus_Stable_958,0.0043507335
Degrader_992_minus_Stable_287,0.00434728
Degrader_759_minus_Stable_856,0.0043370286
Degrader_887_minus_Stable_856,0.0042856024
Degrader_1296_minus_Stable_958,0.004279549
Gene_MMP23A,0.004268211
Degrader_1173_minus_Stable_439,0.0042578503
Degrader_217_minus_Stable_856,0.004183786
Degrader_433_minus_Stable_856,0.0041807285
Gene_C5orf17,0.0041473676
Degrader_311_minus_Stable_407,0.0041108695
Gene_AC091729.7,0.004050963
Degrader_676_minus_Stable_386,0.004031925
Degrader_772_minus_Stable_416,0.0040175803
Gene_AC004988.1,0.0039752484
Degrader_1062_minus_Stable_958,0.0039726575
Degrader_1056_minus_Stable_666,0.0039666393
Gene_RP11-223I10.1,0.0039545884
Degrader_1384_minus_Stable_145,0.003940389
Degrader_810_minus_Stable_1282,0.0039214105
Degrader_767_minus_Stable_439,0.003860991
Degrader_810_minus_Stable_406,0.0038549134
Gene_ADAMDEC1,0.0038539243
Ratio_std,0.003835728
Gene_SIGLEC14,0.0037355332
Degrader_211_minus_Stable_530,0.0037223767
Degrader_995_minus_Stable_1282,0.0036953907
Gene_ACTBL2,0.003630995
Degrader_755_minus_Stable_530,0.0036140287
Gene_LINC01460,0.0035035333
Degrader_647_minus_Stable_323,0.003489689
Degrader_448_minus_Stable_145,0.0034747445
Gene_CPXM1,0.0034263239
Gene_RP11-706C16.13,0.0033741393
Degrader_253_minus_Stable_323,0.0033500073
Degrader_1056_minus_Stable_1238,0.0033334775
Gene_IGHV1-2,0.003322977
Gene_APOC3,0.0033127598
Degrader_767_minus_Stable_256,0.0031673657
Degrader_1202_minus_Stable_796,0.003162066
Degrader_899_minus_Stable_484,0.0031415645
Gene_HCP5B,0.0030958774
Gene_CD70,0.0030731985
Degrader_536_minus_Stable_51,0.003002215
Degrader_675_minus_Stable_1065,0.0029959602
Gene_OTOP3,0.0029427563
Gene_GALNT15,0.0028914884
Degrader_810_minus_Stable_89,0.0028636535
Gene_SHOX,0.0028002507
Gene_STRA8,0.00274434
Gene_CCL19,0.0027418633
Degrader_1334_minus_Stable_1252,0.002719658
Degrader_1277_minus_Stable_553,0.0027193776
Degrader_810_minus_Stable_386,0.0026008033
Gene_DEFB4A,0.0025448035
Gene_ADH4,0.002520874
Gene_JCHAIN,0.0025194364
Degrader_247_minus_Stable_958,0.0024740414
Degrader_68_minus_Stable_386,0.0024346425
Gene_IGHV5-51,0.0023911574
Degrader_1062_minus_Stable_666,0.0023821115
Degrader_1068_minus_Stable_702,0.0023766488
Degrader_1173_minus_Stable_1065,0.0022956121
Gene_THY1,0.0022879906
Degrader_1295_minus_Stable_1238,0.0022736192
Gene_MGC32805,0.0022519447
Gene_KRTAP29-1,0.0022500348
Gene_AMY2A,0.0022245473
Gene_CLEC2L,0.002208535
Gene_CST1,0.0021200692
Gene_KRTAP2-4,0.0020231002
Gene_TGM6,0.0019940163
Gene_RP11-138B4.1,0.0019395066
Degrader_247_minus_Stable_323,0.0019334467
Degrader_499_minus_Stable_553,0.0018874975
Degrader_443_minus_Stable_530,0.0018761754
Gene_FABP9,0.0018152721
Degrader_1173_minus_Stable_484,0.0017660636
Gene_RP11-333A23.4,0.0017520593
Degrader_772_minus_Stable_1077,0.0017457664
RIN_squared,0.001687157
Degrader_633_minus_Stable_1282,0.0014885231
Degrader_1127_minus_Stable_89,0.0013684055
Degrader_944_minus_Stable_484,0.0013412567
Gene_LINC01060,0.0012789794
Gene_S100A7,0.0012662652
Gene_KRTAP5-8,0.0012081648
Gene_AC002480.3,0.0011893063
Degrader_155_minus_Stable_339,0.001179236
Degrader_311_minus_Stable_530,0.0011629983
Gene_KRTAP10-11,0.0011215528
Degrader_493_minus_Stable_1238,0.0010533347
Gene_IGLV2-8,0.0010382514
Degrader_1390_minus_Stable_1077,0.0010129045
Degrader_607_minus_Stable_339,0.00079665426
Degrader_1481_minus_Stable_796,0.00078587414
Gene_PRM1,0.0007818931
Gene_MAP1LC3C,0.00075779785
Gene_RP1-193H18.3,0.0004587469
Gene_KRTAP10-4,0.00033832336
Degrader_253_minus_Stable_796,0.0
Degrader_899_minus_Stable_1077,0.0
Degrader_899_minus_Stable_626,0.0
Gene_RP11-298A10.2,0.0
Degrader_899_minus_Stable_1065,0.0
Degrader_899_minus_Stable_406,0.0
Degrader_899_minus_Stable_339,0.0
Degrader_232_minus_Stable_1282,0.0
Degrader_232_minus_Stable_407,0.0
Degrader_190_minus_Stable_323,0.0
Degrader_190_minus_Stable_386,0.0
Degrader_190_minus_Stable_145,0.0
Gene_ESM1,0.0
Degrader_253_minus_Stable_958,0.0
Degrader_253_minus_Stable_406,0.0
Degrader_440_minus_Stable_145,0.0
Degrader_593_minus_Stable_1252,0.0
Degrader_593_minus_Stable_1238,0.0
Degrader_593_minus_Stable_89,0.0
Gene_SULT1C2,0.0
Degrader_593_minus_Stable_702,0.0
Degrader_899_minus_Stable_796,0.0
Degrader_899_minus_Stable_1083,0.0
Degrader_1062_minus_Stable_256,0.0
Degrader_1064_minus_Stable_1260,0.0
Degrader_1064_minus_Stable_323,0.0
Degrader_1064_minus_Stable_626,0.0
Degrader_440_minus_Stable_702,0.0
Gene_IGHV1-46,0.0
Gene_LRRC38,0.0
Degrader_253_minus_Stable_339,0.0
Degrader_211_minus_Stable_856,0.0
Degrader_211_minus_Stable_484,0.0
Degrader_232_minus_Stable_430,0.0
Degrader_1382_minus_Stable_89,0.0
Degrader_817_minus_Stable_1077,0.0
Degrader_211_minus_Stable_256,0.0
Degrader_211_minus_Stable_439,0.0
Degrader_211_minus_Stable_1077,0.0
Degrader_593_minus_Stable_51,0.0
Gene_LINC01634,0.0
Gene_MMP12,0.0
Degrader_593_minus_Stable_256,0.0
Degrader_593_minus_Stable_439,0.0
Degrader_593_minus_Stable_1077,0.0
Degrader_211_minus_Stable_89,0.0
Degrader_253_minus_Stable_856,0.0
Degrader_253_minus_Stable_484,0.0
Degrader_1202_minus_Stable_256,0.0
Gene_INS,0.0
Gene_AC011288.2,0.0
Degrader_1202_minus_Stable_1260,0.0
Degrader_1062_minus_Stable_1260,0.0
Degrader_440_minus_Stable_339,0.0
Degrader_440_minus_Stable_1238,0.0
Degrader_440_minus_Stable_416,0.0
Degrader_1481_minus_Stable_145,0.0
Degrader_211_minus_Stable_1065,0.0
Degrader_817_minus_Stable_323,0.0
Degrader_817_minus_Stable_386,0.0
Degrader_817_minus_Stable_145,0.0
Degrader_817_minus_Stable_958,0.0
Degrader_1390_minus_Stable_1282,0.0
Degrader_1390_minus_Stable_386,0.0
Degrader_440_minus_Stable_256,0.0
Degrader_440_minus_Stable_553,0.0
Degrader_440_minus_Stable_1083,0.0
Degrader_440_minus_Stable_323,0.0
Degrader_440_minus_Stable_626,0.0
Degrader_440_minus_Stable_407,0.0
Degrader_1202_minus_Stable_89,0.0
Gene_AP001627.1,0.0
Gene_RP11-1060J15.4,0.0
Degrader_1013_minus_Stable_89,0.0
Degrader_454_minus_Stable_339,0.0
Gene_CPB1,0.0
Gene_SST,0.0
Gene_CXCL1,0.0
Degrader_454_minus_Stable_702,0.0
Degrader_211_minus_Stable_1282,0.0
Degrader_1013_minus_Stable_323,0.0
Gene_FRMPD2B,0.0
Gene_VSIG4,0.0
Degrader_1013_minus_Stable_406,0.0
Gene_ST8SIA2,0.0
Gene_BHLHA15,0.0
Degrader_1062_minus_Stable_702,0.0
Gene_LA16c-380H5.3,0.0
Gene_CLCNKA,0.0
Degrader_772_minus_Stable_1065,0.0
Degrader_772_minus_Stable_406,0.0
Degrader_817_minus_Stable_530,0.0
Degrader_817_minus_Stable_416,0.0
Degrader_817_minus_Stable_89,0.0
Degrader_817_minus_Stable_702,0.0
Degrader_817_minus_Stable_484,0.0
Degrader_676_minus_Stable_439,0.0
Degrader_676_minus_Stable_1260,0.0
Degrader_454_minus_Stable_51,0.0
Degrader_1481_minus_Stable_406,0.0
Degrader_440_minus_Stable_430,0.0
Degrader_1062_minus_Stable_1077,0.0
Degrader_772_minus_Stable_484,0.0
Degrader_123_minus_Stable_553,0.0
Gene_KRT87P,0.0
Gene_FCGR1CP,0.0
Degrader_311_minus_Stable_145,0.0
Degrader_311_minus_Stable_406,0.0
Degrader_311_minus_Stable_856,0.0
Degrader_454_minus_Stable_430,0.0
Degrader_454_minus_Stable_796,0.0
Degrader_454_minus_Stable_256,0.0
Degrader_454_minus_Stable_666,0.0
Gene_APOH,0.0
Degrader_817_minus_Stable_1252,0.0
Degrader_772_minus_Stable_323,0.0
Degrader_884_minus_Stable_145,0.0
Degrader_884_minus_Stable_406,0.0
Degrader_676_minus_Stable_406,0.0
Degrader_676_minus_Stable_530,0.0
Degrader_676_minus_Stable_416,0.0
Degrader_633_minus_Stable_169,0.0
Degrader_311_minus_Stable_1260,0.0
Degrader_1481_minus_Stable_1083,0.0
Degrader_1062_minus_Stable_339,0.0
Gene_RP11-403B2.6,0.0
Degrader_123_minus_Stable_169,0.0
Degrader_123_minus_Stable_89,0.0
Gene_IGLV3-10,0.0
Degrader_884_minus_Stable_339,0.0
Degrader_884_minus_Stable_530,0.0
Degrader_884_minus_Stable_416,0.0
Degrader_1173_minus_Stable_323,0.0
Degrader_1173_minus_Stable_406,0.0
Degrader_311_minus_Stable_430,0.0
Degrader_311_minus_Stable_256,0.0
Degrader_676_minus_Stable_323,0.0
Degrader_676_minus_Stable_287,0.0
Degrader_676_minus_Stable_145,0.0
Gene_LRRC18,0.0
Degrader_1173_minus_Stable_796,0.0
Degrader_884_minus_Stable_287,0.0
Degrader_884_minus_Stable_1065,0.0
Degrader_759_minus_Stable_702,0.0
Gene_IGHV1-3,0.0
Degrader_441_minus_Stable_406,0.0
Degrader_441_minus_Stable_169,0.0
Degrader_441_minus_Stable_702,0.0
Gene_ALB,0.0
Degrader_493_minus_Stable_1083,0.0
Degrader_493_minus_Stable_287,0.0
Degrader_493_minus_Stable_1065,0.0
Degrader_1173_minus_Stable_530,0.0
Gene_TNFAIP6,0.0
Degrader_759_minus_Stable_287,0.0
Degrader_759_minus_Stable_386,0.0
Degrader_884_minus_Stable_1252,0.0
Degrader_633_minus_Stable_530,0.0
Degrader_633_minus_Stable_89,0.0
Degrader_633_minus_Stable_484,0.0
Degrader_211_minus_Stable_796,0.0
Degrader_676_minus_Stable_89,0.0
Degrader_676_minus_Stable_484,0.0
Degrader_301_minus_Stable_256,0.0
Degrader_301_minus_Stable_553,0.0
Degrader_301_minus_Stable_1077,0.0
Degrader_301_minus_Stable_1260,0.0
Degrader_301_minus_Stable_323,0.0
Gene_MUM1L1,0.0
Gene_RP11-357D18.1,0.0
Gene_AC053503.6,0.0
Degrader_759_minus_Stable_958,0.0
Degrader_759_minus_Stable_169,0.0
Degrader_884_minus_Stable_323,0.0
Degrader_800_minus_Stable_796,0.0
Degrader_800_minus_Stable_553,0.0
Degrader_800_minus_Stable_439,0.0
Degrader_800_minus_Stable_1077,0.0
Degrader_800_minus_Stable_666,0.0
Degrader_800_minus_Stable_1260,0.0
Degrader_800_minus_Stable_407,0.0
Degrader_800_minus_Stable_386,0.0
Degrader_736_minus_Stable_702,0.0
Degrader_736_minus_Stable_484,0.0
Gene_KRTAP5-6,0.0
Gene_CUX2,0.0
Gene_IGKJ5,0.0
Degrader_441_minus_Stable_256,0.0
Degrader_441_minus_Stable_386,0.0
Gene_LINC01915,0.0
Degrader_800_minus_Stable_1252,0.0
Degrader_800_minus_Stable_89,0.0
Degrader_800_minus_Stable_484,0.0
Degrader_633_minus_Stable_323,0.0
Degrader_633_minus_Stable_626,0.0
Degrader_633_minus_Stable_287,0.0
Degrader_633_minus_Stable_386,0.0
Degrader_301_minus_Stable_530,0.0
Gene_PRND,0.0
Gene_CXCL13,0.0
Gene_KRTAP9-11P,0.0
Gene_RP11-85O21.2,0.0
Degrader_1127_minus_Stable_702,0.0
Gene_IGHV4-39,0.0
Degrader_736_minus_Stable_386,0.0
Degrader_736_minus_Stable_51,0.0
Gene_RP11-350J20.12,0.0
Degrader_633_minus_Stable_439,0.0
Degrader_1334_minus_Stable_407,0.0
Degrader_1334_minus_Stable_386,0.0
Degrader_1334_minus_Stable_1238,0.0
Degrader_1334_minus_Stable_89,0.0
Gene_ORM2,0.0
Degrader_433_minus_Stable_407,0.0
Degrader_800_minus_Stable_406,0.0
Gene_ADORA1,0.0
Gene_IGHV3-11,0.0
Degrader_1127_minus_Stable_1260,0.0
Degrader_1127_minus_Stable_287,0.0
Gene_AC064853.2,0.0
Degrader_1127_minus_Stable_386,0.0
Degrader_1127_minus_Stable_1065,0.0
Degrader_1127_minus_Stable_406,0.0
Degrader_1127_minus_Stable_1252,0.0
Degrader_433_minus_Stable_484,0.0
Degrader_247_minus_Stable_430,0.0
Degrader_247_minus_Stable_796,0.0
Degrader_247_minus_Stable_1083,0.0
Degrader_247_minus_Stable_666,0.0
Gene_AC139099.4,0.0
Degrader_1334_minus_Stable_323,0.0
Degrader_1334_minus_Stable_626,0.0
Gene_CTB-61M7.2,0.0
Gene_RP11-848G14.5,0.0
Degrader_247_minus_Stable_1260,0.0
Degrader_536_minus_Stable_1065,0.0
Degrader_536_minus_Stable_145,0.0
Degrader_536_minus_Stable_958,0.0
Degrader_536_minus_Stable_406,0.0
Degrader_536_minus_Stable_484,0.0
Degrader_301_minus_Stable_702,0.0
Degrader_1056_minus_Stable_89,0.0
Degrader_1127_minus_Stable_256,0.0
Gene_CRCT1,0.0
Degrader_247_minus_Stable_89,0.0
Degrader_247_minus_Stable_484,0.0
Degrader_1068_minus_Stable_430,0.0
Degrader_1068_minus_Stable_796,0.0
Degrader_1056_minus_Stable_626,0.0
Gene_AC106876.2,0.0
Degrader_1056_minus_Stable_407,0.0
Degrader_1056_minus_Stable_287,0.0
Degrader_1056_minus_Stable_1065,0.0
Degrader_1056_minus_Stable_339,0.0
Degrader_536_minus_Stable_386,0.0
Degrader_1334_minus_Stable_796,0.0
Degrader_1068_minus_Stable_416,0.0
Gene_CST2,0.0
Gene_TDGF1,0.0
Degrader_588_minus_Stable_1065,0.0
Degrader_588_minus_Stable_145,0.0
Degrader_588_minus_Stable_958,0.0
Degrader_588_minus_Stable_169,0.0
Degrader_443_minus_Stable_856,0.0
Degrader_443_minus_Stable_702,0.0
Degrader_443_minus_Stable_484,0.0
Degrader_1056_minus_Stable_796,0.0
Gene_RP3-332B22.1,0.0
Gene_NRG3,0.0
Gene_DLGAP1-AS5,0.0
Degrader_420_minus_Stable_666,0.0
Gene_LINC01219,0.0
Degrader_68_minus_Stable_626,0.0
Degrader_443_minus_Stable_1282,0.0
Degrader_443_minus_Stable_51,0.0
Gene_RP11-362F19.1,0.0
Degrader_1295_minus_Stable_530,0.0
Gene_TSIX,0.0
Degrader_588_minus_Stable_1260,0.0
Degrader_588_minus_Stable_626,0.0
Degrader_588_minus_Stable_386,0.0
Degrader_1068_minus_Stable_666,0.0
Degrader_1068_minus_Stable_407,0.0
Degrader_1068_minus_Stable_386,0.0
Degrader_1068_minus_Stable_339,0.0
Degrader_1068_minus_Stable_530,0.0
Degrader_607_minus_Stable_856,0.0
Degrader_420_minus_Stable_51,0.0
Degrader_420_minus_Stable_406,0.0
Degrader_420_minus_Stable_339,0.0
Degrader_420_minus_Stable_530,0.0
Degrader_420_minus_Stable_416,0.0
Degrader_595_minus_Stable_439,0.0
Degrader_595_minus_Stable_666,0.0
Degrader_595_minus_Stable_407,0.0
Gene_IGLV2-23,0.0
Degrader_488_minus_Stable_530,0.0
Degrader_443_minus_Stable_553,0.0
Gene_C16orf89,0.0
Degrader_1068_minus_Stable_89,0.0
Autolysis_squared,0.0
Degrader_1068_minus_Stable_484,0.0
Gene_CTD-3080P12.3,0.0
Gene_TEX35,0.0
Gene_AMBN,0.0
Gene_LUM,0.0
Gene_LINC02207,0.0
Degrader_420_minus_Stable_702,0.0
Gene_XPOTP1,0.0
Sex,0.0
Degrader_488_minus_Stable_1260,0.0
Degrader_488_minus_Stable_386,0.0
Gene_IGKV3-15,0.0
Degrader_68_minus_Stable_407,0.0
Degrader_767_minus_Stable_1252,0.0
Degrader_68_minus_Stable_1252,0.0
Degrader_68_minus_Stable_339,0.0
Gene_GC,0.0
Degrader_595_minus_Stable_1252,0.0
Degrader_595_minus_Stable_339,0.0
Degrader_595_minus_Stable_416,0.0
Degrader_595_minus_Stable_89,0.0
Degrader_595_minus_Stable_702,0.0
Degrader_217_minus_Stable_702,0.0
Degrader_217_minus_Stable_484,0.0
Degrader_1090_minus_Stable_89,0.0
Degrader_767_minus_Stable_406,0.0
Degrader_918_minus_Stable_1065,0.0
Degrader_918_minus_Stable_89,0.0
Degrader_918_minus_Stable_702,0.0
Degrader_918_minus_Stable_484,0.0
Degrader_887_minus_Stable_1238,0.0
Degrader_420_minus_Stable_89,0.0
Degrader_420_minus_Stable_856,0.0
Degrader_950_minus_Stable_416,0.0
Degrader_950_minus_Stable_89,0.0
Degrader_950_minus_Stable_484,0.0
Degrader_1277_minus_Stable_386,0.0
Degrader_1090_minus_Stable_439,0.0
Degrader_1090_minus_Stable_958,0.0
Gene_MOGAT1,0.0
Gene_SLCO4C1,0.0
Degrader_595_minus_Stable_386,0.0
Degrader_595_minus_Stable_51,0.0
Gene_RP11-578B16.1,0.0
Gene_KRTAP10-5,0.0
Gene_RP11-83M16.6,0.0
Degrader_950_minus_Stable_439,0.0
Degrader_950_minus_Stable_666,0.0
Degrader_950_minus_Stable_1260,0.0
Degrader_887_minus_Stable_1260,0.0
Degrader_607_minus_Stable_89,0.0
Gene_LY6G6D,0.0
Degrader_510_minus_Stable_1252,0.0
Degrader_510_minus_Stable_530,0.0
Degrader_510_minus_Stable_702,0.0
Degrader_1090_minus_Stable_796,0.0
Degrader_536_minus_Stable_439,0.0
Degrader_1382_minus_Stable_406,0.0
Degrader_950_minus_Stable_626,0.0
Degrader_950_minus_Stable_386,0.0
Gene_RP11-445N18.5,0.0
Gene_RP11-290L7.5,0.0
Degrader_950_minus_Stable_145,0.0
Degrader_950_minus_Stable_169,0.0
Degrader_950_minus_Stable_339,0.0
Degrader_810_minus_Stable_339,0.0
Degrader_810_minus_Stable_1238,0.0
Degrader_810_minus_Stable_416,0.0
Gene_RP11-536G4.2,0.0
Degrader_510_minus_Stable_430,0.0
Degrader_510_minus_Stable_256,0.0
Gene_PNLIPRP2,0.0
Degrader_499_minus_Stable_958,0.0
Degrader_510_minus_Stable_1077,0.0
Degrader_510_minus_Stable_407,0.0
Degrader_510_minus_Stable_287,0.0
Degrader_510_minus_Stable_51,0.0
Degrader_510_minus_Stable_958,0.0
Degrader_810_minus_Stable_439,0.0
Degrader_810_minus_Stable_666,0.0
Degrader_810_minus_Stable_323,0.0
Degrader_273_minus_Stable_323,0.0
Degrader_755_minus_Stable_145,0.0
Degrader_995_minus_Stable_1077,0.0
Degrader_995_minus_Stable_323,0.0
Degrader_320_minus_Stable_430,0.0
Degrader_995_minus_Stable_287,0.0
Degrader_995_minus_Stable_1065,0.0
Degrader_995_minus_Stable_145,0.0
Degrader_995_minus_Stable_958,0.0
Degrader_995_minus_Stable_406,0.0
Degrader_995_minus_Stable_416,0.0
Degrader_995_minus_Stable_89,0.0
Degrader_887_minus_Stable_1282,0.0
Degrader_887_minus_Stable_407,0.0
Degrader_992_minus_Stable_323,0.0
Degrader_810_minus_Stable_145,0.0
Degrader_755_minus_Stable_89,0.0
Degrader_755_minus_Stable_484,0.0
Degrader_887_minus_Stable_796,0.0
Degrader_273_minus_Stable_626,0.0
Degrader_1277_minus_Stable_484,0.0
Degrader_1296_minus_Stable_256,0.0
Degrader_217_minus_Stable_407,0.0
Degrader_217_minus_Stable_287,0.0
Degrader_217_minus_Stable_386,0.0
Degrader_992_minus_Stable_958,0.0
Degrader_1211_minus_Stable_796,0.0
Gene_KRTAP24-1,0.0
Degrader_995_minus_Stable_1083,0.0
Degrader_273_minus_Stable_553,0.0
Gene_SGCZ,0.0
Degrader_273_minus_Stable_1260,0.0
Degrader_607_minus_Stable_796,0.0
Degrader_369_minus_Stable_1238,0.0
Degrader_369_minus_Stable_416,0.0
Degrader_369_minus_Stable_484,0.0
Degrader_1277_minus_Stable_339,0.0
Degrader_273_minus_Stable_406,0.0
Degrader_273_minus_Stable_1238,0.0
Degrader_273_minus_Stable_702,0.0
Degrader_273_minus_Stable_484,0.0
Degrader_1004_minus_Stable_256,0.0
Gene_PRAME,0.0
Degrader_607_minus_Stable_256,0.0
Degrader_755_minus_Stable_406,0.0
Degrader_755_minus_Stable_1238,0.0
Degrader_448_minus_Stable_406,0.0
Degrader_755_minus_Stable_416,0.0
Degrader_1296_minus_Stable_626,0.0
Degrader_647_minus_Stable_51,0.0
Degrader_647_minus_Stable_1065,0.0
Degrader_647_minus_Stable_145,0.0
Degrader_647_minus_Stable_530,0.0
Degrader_647_minus_Stable_89,0.0
Degrader_647_minus_Stable_702,0.0
Degrader_448_minus_Stable_530,0.0
Gene_KRTAP9-6,0.0
Degrader_448_minus_Stable_856,0.0
Degrader_369_minus_Stable_666,0.0
Degrader_369_minus_Stable_1260,0.0
Degrader_369_minus_Stable_386,0.0
Degrader_1004_minus_Stable_626,0.0
Gene_FCRL5,0.0
Gene_VGF,0.0
Degrader_755_minus_Stable_323,0.0
Degrader_755_minus_Stable_1282,0.0
Degrader_755_minus_Stable_626,0.0
Degrader_755_minus_Stable_287,0.0
Degrader_755_minus_Stable_386,0.0
Gene_TMIGD3,0.0
Degrader_675_minus_Stable_323,0.0
Degrader_675_minus_Stable_1282,0.0
Degrader_675_minus_Stable_626,0.0
Degrader_675_minus_Stable_51,0.0
Degrader_190_minus_Stable_406,0.0
Degrader_675_minus_Stable_958,0.0
Degrader_217_minus_Stable_958,0.0
Degrader_217_minus_Stable_1252,0.0
Degrader_217_minus_Stable_530,0.0
Degrader_217_minus_Stable_416,0.0
Degrader_723_minus_Stable_386,0.0
Degrader_723_minus_Stable_145,0.0
Degrader_723_minus_Stable_958,0.0
Degrader_723_minus_Stable_416,0.0
Degrader_723_minus_Stable_89,0.0
Degrader_899_minus_Stable_89,0.0
Degrader_647_minus_Stable_796,0.0
Degrader_647_minus_Stable_1083,0.0
Degrader_647_minus_Stable_1260,0.0
Degrader_899_minus_Stable_856,0.0
Degrader_647_minus_Stable_626,0.0
Degrader_647_minus_Stable_407,0.0
Degrader_365_minus_Stable_626,0.0
Degrader_365_minus_Stable_386,0.0
Degrader_755_minus_Stable_1077,0.0
Degrader_755_minus_Stable_666,0.0
Degrader_675_minus_Stable_1238,0.0
Gene_RP11-153M7.3,0.0
Gene_KRTAP21-2,0.0
Degrader_675_minus_Stable_856,0.0
Degrader_675_minus_Stable_702,0.0
Degrader_944_minus_Stable_430,0.0
Degrader_944_minus_Stable_796,0.0
Degrader_944_minus_Stable_1260,0.0
Gene_RP11-554D14.8,0.0
Degrader_1296_minus_Stable_169,0.0
Degrader_1296_minus_Stable_89,0.0
Degrader_1296_minus_Stable_856,0.0
Degrader_1296_minus_Stable_702,0.0
Degrader_1296_minus_Stable_484,0.0
Degrader_1384_minus_Stable_256,0.0
Gene_KRTAP13-1,0.0
Degrader_755_minus_Stable_796,0.0
Degrader_755_minus_Stable_553,0.0
Degrader_755_minus_Stable_439,0.0
Degrader_944_minus_Stable_323,0.0
Degrader_944_minus_Stable_626,0.0
Degrader_944_minus_Stable_386,0.0
Degrader_944_minus_Stable_145,0.0
Degrader_944_minus_Stable_339,0.0
Gene_KRTAP10-6,0.0
Degrader_155_minus_Stable_856,0.0
Degrader_723_minus_Stable_1083,0.0
Gene_RP11-469H8.6,0.0
Gene_KRTAP12-3,0.0
Degrader_1296_minus_Stable_406,0.0
Degrader_675_minus_Stable_169,0.0
Degrader_675_minus_Stable_339,0.0
Degrader_944_minus_Stable_702,0.0
Degrader_232_minus_Stable_406,0.0
Degrader_1317_minus_Stable_439,0.0
Degrader_1317_minus_Stable_1077,0.0
Degrader_1317_minus_Stable_666,0.0
Degrader_1384_minus_Stable_323,0.0
Degrader_1384_minus_Stable_958,0.0
Degrader_767_minus_Stable_89,0.0
Degrader_767_minus_Stable_856,0.0
Gene_RP11-1096D5.2,0.0
Degrader_155_minus_Stable_416,0.0
Gene_FGB,0.0
Gene_LLNLF-158E9.1,0.0
Gene_RP11-823P9.3,0.0
Degrader_366_minus_Stable_89,0.0
Degrader_366_minus_Stable_484,0.0
Degrader_366_minus_Stable_323,0.0
Degrader_366_minus_Stable_626,0.0
Degrader_366_minus_Stable_407,0.0
Degrader_366_minus_Stable_145,0.0
Gene_WIF1,0.0
Degrader_1384_minus_Stable_530,0.0
Degrader_1384_minus_Stable_416,0.0
Degrader_1384_minus_Stable_89,0.0
Gene_KRTAP19-3,0.0
Gene_KRTAP9-2,0.0
Gene_KRT32,0.0
Degrader_601_minus_Stable_530,0.0
Degrader_601_minus_Stable_856,0.0
Degrader_1384_minus_Stable_666,0.0
Gene_ST8SIA3,0.0
Degrader_944_minus_Stable_89,0.0
Degrader_1317_minus_Stable_287,0.0
Degrader_1317_minus_Stable_386,0.0
Degrader_448_minus_Stable_439,0.0
Gene_CCL3L3,0.0
Gene_KRTAP10-10,0.0
Gene_CELA3B,0.0
Degrader_601_minus_Stable_323,0.0
Degrader_601_minus_Stable_339,0.0
Degrader_767_minus_Stable_484,0.0
Degrader_217_minus_Stable_430,0.0
Degrader_217_minus_Stable_553,0.0
Degrader_217_minus_Stable_439,0.0
Degrader_217_minus_Stable_1260,0.0
Gene_C2orf48,0.0
Gene_HSD52,0.0
Degrader_366_minus_Stable_1260,0.0
Degrader_320_minus_Stable_484,0.0
Degrader_366_minus_Stable_430,0.0
Degrader_448_minus_Stable_666,0.0
Degrader_448_minus_Stable_626,0.0
Degrader_448_minus_Stable_386,0.0
Degrader_448_minus_Stable_51,0.0
Degrader_1211_minus_Stable_666,0.0
Degrader_1211_minus_Stable_1282,0.0
Degrader_1211_minus_Stable_386,0.0
Degrader_1211_minus_Stable_958,0.0
Degrader_1211_minus_Stable_169,0.0
Degrader_1211_minus_Stable_339,0.0
Degrader_1211_minus_Stable_89,0.0
Degrader_1211_minus_Stable_702,0.0
Gene_KRTAP13-2,0.0
Gene_MCEMP1,0.0
Degrader_448_minus_Stable_484,0.0
Gene_IGKV1-9,0.0
Degrader_499_minus_Stable_323,0.0
Gene_KLF15,0.0
Degrader_607_minus_Stable_553,0.0
Degrader_607_minus_Stable_666,0.0
Degrader_607_minus_Stable_287,0.0
Degrader_607_minus_Stable_386,0.0
Degrader_607_minus_Stable_51,0.0
Degrader_607_minus_Stable_1065,0.0
Gene_KRTAP19-1,0.0
Gene_KRTAP9-8,0.0
Degrader_1211_minus_Stable_1077,0.0
Degrader_1231_minus_Stable_339,0.0
Degrader_320_minus_Stable_339,0.0
Degrader_320_minus_Stable_530,0.0
Degrader_1231_minus_Stable_702,0.0
Degrader_607_minus_Stable_702,0.0
Degrader_607_minus_Stable_484,0.0
Degrader_190_minus_Stable_256,0.0
Degrader_767_minus_Stable_1065,0.0
Degrader_1064_minus_Stable_530,0.0
Gene_KRTAP12-2,0.0
Degrader_1064_minus_Stable_416,0.0
Degrader_320_minus_Stable_1260,0.0
Degrader_1064_minus_Stable_89,0.0
Gene_DEFA5,0.0
Degrader_1295_minus_Stable_553,0.0
Gene_KRTAP26-1,0.0
Gene_KRTAP1-4,0.0
Gene_CNTNAP2,0.0
Degrader_448_minus_Stable_702,0.0
Degrader_1295_minus_Stable_416,0.0
Degrader_211_minus_Stable_339,0.0
Degrader_1064_minus_Stable_386,0.0
Gene_IGKV1-39,0.0
Degrader_365_minus_Stable_958,0.0
Degrader_365_minus_Stable_89,0.0
Gene_IGHV3-15,0.0
Gene_APOA2,0.0
Degrader_1231_minus_Stable_1077,0.0
Degrader_1231_minus_Stable_666,0.0
Degrader_1231_minus_Stable_626,0.0
Degrader_1231_minus_Stable_386,0.0
Degrader_1231_minus_Stable_1065,0.0
Gene_B4GALNT2,0.0
Degrader_190_minus_Stable_339,0.0
Gene_LRRTM1,0.0
