feature,mean_abs_shap
Hardy_death_scale,108.681335
Gene_SLED1,29.392656
Degrader_84_minus_Stable_807,25.483664
Gene_RASGRF1,13.069552
Degrader_631_minus_Stable_807,9.221714
Gene_RP11-352D13.6,8.53263
Gene_RN7SKP51,8.255669
Gene_AC011899.9,7.2599096
Degrader_mean,6.8032017
Gene_RP11-138H8.6,6.643854
Degrader_1289_minus_Stable_1386,6.4516783
Gene_HKDC1,5.8570204
Gene_HIST1H1E,5.7555456
Gene_CSF2,5.0271072
Gene_HSPA6,4.564018
Degrader_1177_minus_Stable_807,4.5488505
Gene_CTD-2376I4.1,4.415386
Gene_RNASE2,4.1306977
Gene_PLA2G4F,4.0922837
Gene_RP11-291I6.2,4.018785
Gene_HIST1H1D,3.9213703
Gene_AC005550.3,3.7090151
Degrader_28_minus_Stable_1178,3.6643393
Gene_MESTP1,3.569643
Gene_RP11-16K12.1,3.4992163
Gene_MGAM2,3.3740776
Degrader_177_minus_Stable_1178,3.20197
Gene_OTC,3.1794493
Gene_RP11-262H14.3,2.8915076
Degrader_33_minus_Stable_807,2.617951
Gene_METTL7B,2.5731893
Degrader_317_minus_Stable_528,2.5126684
Gene_ANKRD34B,2.4637418
Degrader_631_minus_Stable_644,2.4281652
Gene_BNC1,2.3950622
Gene_RP11-2B6.2,2.3751793
Gene_RP11-430H12.2,2.172821
Gene_CTD-2306A12.1,1.925119
Degrader_631_minus_Stable_1186,1.9202266
Degrader_160_minus_Stable_807,1.8851074
Degrader_447_minus_Stable_766,1.8750473
RIN_div_Autolysis_plus_1,1.8724326
Degrader_156_minus_Stable_1495,1.7869172
Gene_UTS2,1.7120434
Degrader_1328_minus_Stable_530,1.7015686
Gene_GUCY1B2,1.6882511
Gene_AP000350.5,1.6741765
Degrader_353_minus_Stable_431,1.5650593
Degrader_410_minus_Stable_982,1.540385
Degrader_493_minus_Stable_807,1.5101411
Gene_RP11-89H19.2,1.4885873
Gene_CFTR,1.4839603
Degrader_888_minus_Stable_1186,1.4835494
Gene_GGT2,1.4391032
Degrader_631_minus_Stable_766,1.3865277
Gene_CCL4L2,1.3466029
Gene_C9orf152,1.3434836
Gene_RPS15AP30,1.3051369
Degrader_177_minus_Stable_1386,1.2892288
Degrader_631_minus_Stable_1413,1.2599348
Degrader_893_minus_Stable_807,1.231088
Gene_RP1-187B23.1,1.2221775
Degrader_631_minus_Stable_816,1.2167976
Gene_AC017060.1,1.1636882
Degrader_155_minus_Stable_588,1.1545955
Gene_OR2I1P,1.1338152
Degrader_425_minus_Stable_1178,1.1203411
Gene_MT-TE,1.0891738
Gene_MTND1P23,1.0482606
Degrader_337_minus_Stable_807,1.0443959
Gene_ADORA3,1.0394337
Degrader_631_minus_Stable_528,1.0274588
Gene_LEMD1,0.9838857
Gene_TCL1A,0.96900177
Gene_NIPAL4,0.9487363
Degrader_613_minus_Stable_528,0.9422959
Gene_HHIP,0.940856
Gene_SLC46A2,0.9403192
Gene_GPR15,0.92361027
Degrader_714_minus_Stable_530,0.8964971
Degrader_447_minus_Stable_807,0.8768219
Gene_OLFM4,0.8689861
Gene_ALKAL1,0.8617562
Degrader_227_minus_Stable_1186,0.86058164
Degrader_976_minus_Stable_530,0.85238093
Degrader_888_minus_Stable_1178,0.833555
Degrader_156_minus_Stable_807,0.81076443
Gene_TOX3,0.79449075
Gene_U2AF1L5,0.78851223
Degrader_42_minus_Stable_816,0.78371656
Gene_DPCR1,0.78336835
Degrader_84_minus_Stable_816,0.769368
Degrader_337_minus_Stable_1178,0.7544602
Degrader_733_minus_Stable_584,0.74975854
Degrader_250_minus_Stable_1386,0.7478477
Degrader_456_minus_Stable_1178,0.74523526
Degrader_218_minus_Stable_644,0.7440959
Degrader_42_minus_Stable_807,0.74136245
Gene_HBM,0.74049646
Gene_LL22NC03-N95F10.1,0.7363737
Degrader_631_minus_Stable_982,0.7353139
Degrader_156_minus_Stable_860,0.7317067
Gene_MMP3,0.7315021
Gene_LY6G6F,0.71815854
Ratio_std,0.7039111
Gene_PGLYRP4,0.70160514
Degrader_493_minus_Stable_1186,0.6963987
Degrader_227_minus_Stable_644,0.69621205
Gene_SELE,0.68105257
Degrader_156_minus_Stable_1413,0.67281914
Degrader_30_minus_Stable_807,0.668106
Gene_ADIPOQ,0.6661063
Degrader_177_minus_Stable_807,0.66223645
Degrader_888_minus_Stable_807,0.6531591
Gene_IGKV1-17,0.65272105
Gene_RP11-77A13.1,0.6524464
Gene_BPI,0.64413613
Degrader_631_minus_Stable_1178,0.6367707
Degrader_218_minus_Stable_807,0.63494784
Gene_CD207,0.6310623
Gene_KIF20A,0.60792774
Degrader_631_minus_Stable_1044,0.60054743
Gene_RP11-545A16.3,0.58813983
Degrader_492_minus_Stable_807,0.5871986
Degrader_1328_minus_Stable_1178,0.58437127
Degrader_1112_minus_Stable_807,0.57963276
Degrader_28_minus_Stable_860,0.57047474
Gene_GRM8,0.5684595
Degrader_543_minus_Stable_807,0.5501423
Gene_HBA2,0.5497453
Degrader_543_minus_Stable_1186,0.54945105
Degrader_322_minus_Stable_901,0.5477831
Gene_VIT,0.54195213
Degrader_28_minus_Stable_807,0.5395688
Gene_LINC00642,0.5393089
Gene_EDN2,0.53748333
Degrader_631_minus_Stable_1043,0.53086275
Degrader_631_minus_Stable_530,0.5296271
Gene_MT1G,0.5214764
Degrader_809_minus_Stable_778,0.5197494
Gene_AGR2,0.5188911
Degrader_1476_minus_Stable_807,0.5175967
Gene_CCDC190,0.5110977
Gene_RPL29P14,0.50232387
Gene_TTTY15,0.4922443
Gene_BTG4,0.49208137
Gene_AC079630.2,0.49140492
Degrader_155_minus_Stable_1044,0.48959237
Gene_FBN3,0.481351
Gene_HIST3H2BB,0.47989193
Gene_LY6G6E,0.47973004
Gene_GBA3,0.4793592
Degrader_84_minus_Stable_982,0.46880364
Degrader_1215_minus_Stable_431,0.46860802
Degrader_156_minus_Stable_1178,0.46127692
Gene_RP11-373D23.2,0.45914534
Gene_ANKRD20A7P,0.45731282
Degrader_1289_minus_Stable_584,0.4505717
Degrader_1476_minus_Stable_1386,0.44955686
Gene_FOSB,0.44559193
Gene_PF4,0.44490162
Gene_LINC00689,0.44419515
Gene_RD3,0.4438366
Degrader_493_minus_Stable_1495,0.44365832
Gene_SPTA1,0.44068038
Degrader_421_minus_Stable_588,0.43549478
Degrader_1289_minus_Stable_528,0.43325096
Gene_SNORD3C,0.43184164
Gene_SFTPA1,0.42642456
Gene_FFAR4,0.425572
Degrader_421_minus_Stable_860,0.4252479
Gene_IRX6,0.41434023
Degrader_70_minus_Stable_982,0.41367567
Degrader_632_minus_Stable_766,0.412424
Gene_MUC6,0.4121968
Gene_IGKV5-2,0.40956104
Degrader_1134_minus_Stable_644,0.4080992
Degrader_447_minus_Stable_530,0.406638
Degrader_308_minus_Stable_955,0.4033491
Degrader_70_minus_Stable_1066,0.3993687
Gene_SPRR3,0.39799953
Degrader_33_minus_Stable_860,0.39533153
Gene_CHRNA1,0.39392492
Gene_RGPD2,0.39360982
Gene_HIST1H2BH,0.39050716
Gene_CHST4,0.39024183
Gene_IFNG,0.38822368
Degrader_447_minus_Stable_1464,0.38621554
Gene_TDGF1,0.38501582
Gene_ARHGEF38-IT1,0.3838623
Gene_RAD17P1,0.38275096
Degrader_108_minus_Stable_1178,0.38223863
Degrader_613_minus_Stable_860,0.38172016
Gene_MFAP5,0.38124573
Gene_RP11-22C11.2,0.38047168
Gene_RP11-283G6.4,0.37998977
Degrader_408_minus_Stable_807,0.3775703
Degrader_839_minus_Stable_807,0.37193063
Degrader_714_minus_Stable_982,0.37047762
Degrader_1215_minus_Stable_1043,0.3682443
Gene_C6orf223,0.3681086
Gene_MMP8,0.36802885
Gene_RP11-299H22.3,0.36665177
Degrader_1289_minus_Stable_1258,0.3639842
Gene_CCL8,0.361816
Degrader_598_minus_Stable_1178,0.36159056
RIN,0.35870972
Degrader_733_minus_Stable_807,0.35511845
Gene_SLC30A8,0.3546639
Degrader_921_minus_Stable_644,0.35450462
Gene_HOXC5,0.35449937
Degrader_1177_minus_Stable_982,0.35444072
Gene_RP11-676J12.6,0.3537727
Gene_ORM2,0.35034853
Gene_XIRP2,0.34270108
Degrader_353_minus_Stable_588,0.3422626
Degrader_1112_minus_Stable_1043,0.34147626
Degrader_135_minus_Stable_903,0.33485535
Gene_AC004947.2,0.3342081
Degrader_362_minus_Stable_766,0.33384958
Degrader_28_minus_Stable_766,0.33219394
Gene_ALPP,0.33071667
Gene_GRM7,0.32936114
Gene_CD300LG,0.32818696
Degrader_353_minus_Stable_1178,0.32766396
Degrader_447_minus_Stable_1043,0.3272631
Degrader_631_minus_Stable_1258,0.32419112
Gene_KCNE1B,0.32328928
Gene_IGHG3,0.32121423
Degrader_135_minus_Stable_807,0.31925622
Degrader_30_minus_Stable_1386,0.3188624
Gene_CPXM1,0.31617022
Degrader_322_minus_Stable_528,0.31584728
Degrader_631_minus_Stable_584,0.3155511
Gene_RP11-54H7.4,0.31405458
Degrader_1335_minus_Stable_807,0.3140317
Gene_PROM1,0.31348896
Gene_P2RX2,0.31255105
Degrader_413_minus_Stable_588,0.31211615
Gene_RP11-63E9.1,0.3116181
Gene_XIST,0.31104943
Gene_GYPA,0.31101325
Degrader_1328_minus_Stable_584,0.3101387
Degrader_1328_minus_Stable_644,0.30795637
Gene_RP11-114G11.5,0.30651507
Gene_TPSD1,0.30510667
Degrader_425_minus_Stable_778,0.3048638
Degrader_1134_minus_Stable_1178,0.304094
Gene_RPL10P9,0.29980567
Gene_IGLV10-54,0.29967844
Gene_PI16,0.29894367
Degrader_227_minus_Stable_816,0.29820368
Degrader_447_minus_Stable_982,0.29750586
Degrader_413_minus_Stable_530,0.2974296
Degrader_940_minus_Stable_807,0.2971017
Gene_CRISP3,0.29670224
Degrader_362_minus_Stable_431,0.2966497
Gene_LHFPL3-AS2,0.29641193
Degrader_631_minus_Stable_1495,0.29640737
Gene_HBD,0.29389948
Gene_WFDC12,0.2936208
Degrader_543_minus_Stable_176,0.292886
Gene_IFIT1B,0.29274237
Degrader_733_minus_Stable_1044,0.29241803
Degrader_362_minus_Stable_816,0.29240954
Degrader_447_minus_Stable_584,0.29068387
Degrader_921_minus_Stable_816,0.29031456
Gene_KRT16P1,0.28931496
Gene_IGKV2-40,0.2888766
Gene_HBA1,0.288317
Degrader_1112_minus_Stable_1186,0.28796178
Degrader_155_minus_Stable_528,0.28719172
Degrader_1177_minus_Stable_1186,0.2871413
Gene_TCN1,0.28704304
Degrader_156_minus_Stable_778,0.28659508
RIN_squared,0.28544644
Degrader_893_minus_Stable_982,0.28440234
Gene_LRRC15,0.2843661
Gene_APLN,0.28382963
Gene_OR6K3,0.2838127
Degrader_160_minus_Stable_1178,0.28337345
Degrader_447_minus_Stable_1178,0.28334683
Degrader_166_minus_Stable_1043,0.2816866
Gene_SHISA2,0.28161585
Gene_LYPD2,0.28124434
Gene_CTSG,0.28037193
Gene_CELA3A,0.27966392
Gene_IGHM,0.27945897
Gene_IGHE,0.2780618
Gene_RP11-403B2.6,0.27424937
Gene_PSAT1,0.2739972
Degrader_714_minus_Stable_1044,0.27336147
Degrader_1112_minus_Stable_431,0.27320322
Degrader_362_minus_Stable_1178,0.27312416
Degrader_733_minus_Stable_431,0.27283624
Gene_SERPINB7,0.27185038
Degrader_317_minus_Stable_530,0.27032977
Degrader_1112_minus_Stable_1044,0.26994503
Degrader_613_minus_Stable_1178,0.2683233
Gene_DPRX,0.26698694
Degrader_162_minus_Stable_807,0.26676443
Degrader_408_minus_Stable_588,0.2651224
Degrader_1476_minus_Stable_955,0.263995
Gene_RP3-342P20.2,0.26355642
Gene_MUC7,0.26312345
Degrader_554_minus_Stable_807,0.26193264
Gene_RP11-64C12.3,0.26177207
Degrader_408_minus_Stable_431,0.2597173
Degrader_985_minus_Stable_807,0.25906277
Degrader_1177_minus_Stable_901,0.2582467
Degrader_1328_minus_Stable_1386,0.25667733
Gene_IGHJ2,0.25665736
Degrader_543_minus_Stable_584,0.2566355
Degrader_322_minus_Stable_807,0.2566003
Degrader_492_minus_Stable_1386,0.25566083
Gene_RP13-497K6.1,0.2551507
Gene_TIFAB,0.25480488
Gene_DMBT1,0.25455034
Gene_MYL1,0.25272784
Gene_HOXC9,0.25171682
Gene_ECEL1,0.25148663
Degrader_135_minus_Stable_1464,0.24975766
Gene_LINC00551,0.24970183
Degrader_408_minus_Stable_766,0.24918787
Gene_CKM,0.24760254
Degrader_492_minus_Stable_584,0.2474245
Gene_CYP1A2,0.24692713
Degrader_714_minus_Stable_1178,0.24639814
Gene_MMP12,0.24584205
Gene_AC092071.1,0.24560887
Gene_PI15,0.24497119
Gene_RP11-14C10.3,0.24474634
Gene_TTC39A,0.24136755
Gene_PLA2G4E,0.24043062
Gene_SLC4A1,0.2404262
Gene_RP11-34P13.14,0.24012175
Degrader_524_minus_Stable_588,0.23993535
Degrader_250_minus_Stable_1178,0.23982193
Gene_CASP14,0.23904099
Gene_DNASE2B,0.23886387
Gene_RP3-340B19.3,0.2375057
Gene_BPIFB2,0.23710003
Gene_IGLV7-43,0.23676863
Gene_RHD,0.23480539
Gene_COL11A1,0.23478638
Gene_AGAP7P,0.2339496
Degrader_61_minus_Stable_1386,0.23332895
Gene_PNLIPRP1,0.23306684
Degrader_631_minus_Stable_903,0.23296466
Degrader_733_minus_Stable_1495,0.23157384
Gene_CTD-3080P12.3,0.22963867
Degrader_160_minus_Stable_528,0.2281837
Degrader_295_minus_Stable_901,0.2279359
Gene_FAM19A4,0.22753102
Gene_GTF2A1L,0.22740854
Degrader_1215_minus_Stable_1258,0.2266628
Degrader_733_minus_Stable_1066,0.22634713
Degrader_317_minus_Stable_1186,0.22557928
Gene_PLA2G2D,0.22487806
Gene_CHIAP2,0.22427045
Gene_TRBV28,0.22326674
Degrader_447_minus_Stable_644,0.22276482
Degrader_1134_minus_Stable_588,0.22209916
Degrader_337_minus_Stable_982,0.22175348
Gene_RNASE3,0.22128922
Gene_RP11-212I21.3,0.22051887
Gene_CFAP57,0.21947533
Degrader_1215_minus_Stable_1044,0.21806571
Gene_SLITRK6,0.21792261
Gene_C6,0.21598737
Gene_LRRTM4,0.2151425
Gene_LINC01235,0.21497706
Degrader_693_minus_Stable_644,0.21472187
Gene_PLA2G4D,0.21373594
Gene_AGBL1,0.21367748
Gene_SIX3,0.21352543
Degrader_833_minus_Stable_530,0.21339113
Gene_PBK,0.21301599
Gene_CCL2,0.2129743
Gene_PKD1L2,0.21274304
Gene_MMP7,0.21237393
Gene_UGT2B7,0.21176362
Degrader_809_minus_Stable_431,0.21158499
Degrader_447_minus_Stable_528,0.21137755
Gene_PRSS21,0.21111369
Degrader_44_minus_Stable_982,0.21067682
Gene_MMP1,0.20994356
Degrader_809_minus_Stable_816,0.20994335
Ratio_min,0.20941855
Gene_ALAS2,0.20908155
Gene_CTC-573N18.1,0.20855483
Gene_HSPA1A,0.20805389
Gene_CXCL11,0.2067388
Degrader_631_minus_Stable_588,0.20654179
Gene_ATP6V0A4,0.20619507
Gene_IGLC7,0.20579025
Degrader_524_minus_Stable_1464,0.20565982
Gene_CBSL,0.20551808
Degrader_1289_minus_Stable_431,0.20542632
Degrader_1476_minus_Stable_1495,0.20536731
Gene_MT1A,0.2051746
Gene_CTD-2303H24.2,0.2050483
Gene_RP11-333A23.4,0.20500368
Gene_LUZP2,0.20381384
Gene_CKMT1A,0.20343778
Degrader_155_minus_Stable_1386,0.20311531
Degrader_413_minus_Stable_1178,0.20305005
Degrader_631_minus_Stable_860,0.20109488
Gene_KRT16P3,0.20059924
Gene_NTSR1,0.1999156
Degrader_155_minus_Stable_431,0.19962804
Degrader_250_minus_Stable_982,0.19943833
Gene_OLAH,0.19916056
Gene_ZCCHC12,0.19897753
Degrader_940_minus_Stable_1464,0.19863126
Gene_CTD-3247F14.2,0.1983146
Degrader_337_minus_Stable_816,0.19748266
Gene_HSPA1B,0.19719715
Degrader_155_minus_Stable_176,0.19714157
Degrader_608_minus_Stable_1386,0.19707225
Gene_PALM3,0.19644564
Gene_NEURL3,0.19643037
Degrader_671_minus_Stable_860,0.1961702
Gene_IGHV3-30,0.19616172
Gene_RP11-10N16.2,0.19614352
Degrader_447_minus_Stable_1066,0.19548999
Degrader_893_minus_Stable_903,0.1951647
Degrader_968_minus_Stable_1186,0.1948589
Gene_KRT14,0.19467804
Gene_RHOV,0.19466293
Gene_CCL11,0.19458218
Degrader_968_minus_Stable_1258,0.19439127
Degrader_28_minus_Stable_1186,0.19438191
Degrader_693_minus_Stable_1386,0.19409548
Gene_ZNF114,0.1932613
Gene_DDX3Y,0.19221579
Degrader_1280_minus_Stable_530,0.19180495
Gene_IL1A,0.19179809
Degrader_631_minus_Stable_1015,0.19086482
Degrader_308_minus_Stable_1464,0.19065696
Degrader_317_minus_Stable_1178,0.1906186
Gene_RP11-76C10.6,0.19060501
Degrader_985_minus_Stable_1386,0.19051582
Gene_MCIDAS,0.18976246
Degrader_421_minus_Stable_1260,0.1887564
Gene_C8B,0.18872713
Degrader_493_minus_Stable_431,0.18842104
Degrader_632_minus_Stable_431,0.18828292
Gene_CPA2,0.18769473
Gene_THY1,0.18694006
Gene_MMP13,0.18690036
Gene_IGHV1-69-2,0.18660842
Degrader_976_minus_Stable_588,0.18641394
Gene_CTD-3116E22.8,0.18613786
Degrader_70_minus_Stable_901,0.185983
Degrader_61_minus_Stable_528,0.1854829
Degrader_322_minus_Stable_1044,0.18522601
Gene_RP11-27G14.4,0.18512318
Degrader_337_minus_Stable_901,0.184823
Gene_IGLV3-12,0.18474479
Gene_SIK1,0.18394758
Gene_FAM106A,0.18249545
Gene_LGI3,0.18215103
Degrader_353_minus_Stable_778,0.18168135
Degrader_598_minus_Stable_588,0.18157902
Autolysis,0.18109274
Degrader_162_minus_Stable_903,0.18084297
Degrader_554_minus_Stable_431,0.18083957
Degrader_1177_minus_Stable_1464,0.1801665
Gene_CH17-118O6.6,0.18014172
Degrader_598_minus_Stable_530,0.1799039
Degrader_84_minus_Stable_176,0.17944485
Gene_UGT2B4,0.17913726
Degrader_227_minus_Stable_1178,0.17890272
Gene_RP3-465N24.5,0.1782862
Gene_RP11-1099M24.9,0.17823333
Gene_ANKRD1,0.17731205
Degrader_337_minus_Stable_778,0.17721342
Degrader_671_minus_Stable_1413,0.1767721
Gene_ZNF385B,0.1761208
Gene_IGHV1-3,0.1761204
Degrader_24_minus_Stable_1260,0.1760954
Gene_ADCY8,0.17594834
Gene_MEOX1,0.17485575
Gene_KIR2DS4,0.17428574
Gene_PPBP,0.17417257
Degrader_1177_minus_Stable_1044,0.17409621
Degrader_1177_minus_Stable_588,0.17391701
Degrader_250_minus_Stable_1044,0.17333147
Gene_RP11-429A20.3,0.17214565
Degrader_250_minus_Stable_1413,0.17203274
Gene_F2RL3,0.17134364
Degrader_33_minus_Stable_1464,0.17073336
Degrader_976_minus_Stable_644,0.16984841
Degrader_308_minus_Stable_807,0.16967167
Gene_HIST1H2BG,0.16923276
Degrader_1328_minus_Stable_807,0.16892757
Gene_HLA-T,0.16888437
Gene_IGLV1-40,0.1687077
Degrader_322_minus_Stable_766,0.16859333
Degrader_921_minus_Stable_1258,0.16820759
Gene_KRT4,0.16796266
Degrader_1328_minus_Stable_1044,0.16788897
Degrader_362_minus_Stable_528,0.16756707
Gene_KLK13,0.16746755
Degrader_1289_minus_Stable_1044,0.16736664
Gene_IGKV1D-13,0.16720061
Degrader_833_minus_Stable_766,0.16693522
Degrader_1289_minus_Stable_1015,0.1660775
Gene_S100A12,0.1651746
Gene_ALOX15B,0.16516265
Degrader_492_minus_Stable_1043,0.16493449
Gene_NUTM2E,0.16483736
Gene_ARG1,0.16376966
Gene_UMODL1,0.1633033
Degrader_421_minus_Stable_1186,0.16310674
Gene_HAS2,0.16293904
Degrader_1112_minus_Stable_1066,0.16285051
Gene_CCL17,0.16259816
Gene_IGKV2D-24,0.16246837
Gene_DUOXA1,0.16209324
Gene_PRL,0.16203786
Gene_IGKV1-8,0.16173781
Degrader_160_minus_Stable_778,0.16157395
Degrader_353_minus_Stable_1413,0.1613359
Degrader_1215_minus_Stable_1186,0.16104972
Degrader_317_minus_Stable_982,0.16091849
Degrader_353_minus_Stable_903,0.16082318
Gene_CHIT1,0.16072355
Gene_IGHV3-72,0.16072035
Degrader_308_minus_Stable_584,0.16047232
Gene_IGHV4-31,0.16027708
Gene_KRT1,0.1601338
Gene_NPPB,0.15985526
Degrader_24_minus_Stable_1258,0.1593278
Degrader_410_minus_Stable_1413,0.15927947
Degrader_465_minus_Stable_1258,0.15925674
Degrader_631_minus_Stable_431,0.15894088
Gene_LINC00599,0.15883921
Degrader_543_minus_Stable_1043,0.15859815
Gene_ALDH3A1,0.15833268
Gene_TBC1D3L,0.15827684
Degrader_469_minus_Stable_1464,0.15813681
Gene_ALDH1L1,0.1575177
Gene_CHRM1,0.15740712
Degrader_554_minus_Stable_1066,0.1570463
Degrader_317_minus_Stable_584,0.15671486
Degrader_1289_minus_Stable_530,0.15661593
Gene_ITLN1,0.1563664
Degrader_888_minus_Stable_816,0.15634155
Gene_KB-1517D11.4,0.15634044
Gene_MYBPHL,0.156054
Gene_ARSEP1,0.15594256
Degrader_322_minus_Stable_644,0.15579168
Gene_NRAP,0.15548427
Gene_IGLV8-61,0.15546189
Degrader_492_minus_Stable_607,0.15538327
Degrader_543_minus_Stable_766,0.1551318
Gene_LINC01932,0.15463947
Gene_CCT8P1,0.15451027
Gene_CA1,0.15439528
Gene_RP11-79H23.3,0.15433708
Degrader_353_minus_Stable_766,0.15403323
Degrader_465_minus_Stable_1260,0.15385824
Degrader_613_minus_Stable_588,0.1537561
Degrader_322_minus_Stable_1066,0.15357798
Degrader_554_minus_Stable_176,0.15355498
Gene_XAGE2,0.15350445
Gene_RGR,0.1533077
Degrader_1134_minus_Stable_1495,0.15328786
Degrader_362_minus_Stable_903,0.15328237
Degrader_337_minus_Stable_1186,0.15316848
Degrader_362_minus_Stable_1464,0.15315016
Gene_RHAG,0.15296489
Gene_CTC-490G23.2,0.15283349
Gene_SYT13,0.15278286
Gene_ANKRD62,0.15277955
Degrader_24_minus_Stable_846,0.15275131
Degrader_940_minus_Stable_431,0.152717
Degrader_535_minus_Stable_1066,0.15259418
Gene_RP11-84C10.2,0.15169746
Degrader_295_minus_Stable_982,0.15150385
Gene_EPPIN,0.15099493
Degrader_177_minus_Stable_644,0.15097259
Gene_PEBP4,0.15070014
Gene_HBB,0.15044115
Degrader_322_minus_Stable_1258,0.14997888
Degrader_893_minus_Stable_584,0.14996988
Degrader_353_minus_Stable_1066,0.149761
Gene_GCNT3,0.14945881
Degrader_61_minus_Stable_955,0.1493358
Gene_PRR18,0.14928141
Gene_KCNG3,0.14885078
Gene_RPS4Y1,0.14883329
Gene_ADGRF4,0.14830051
Gene_NR1H4,0.14793575
Degrader_135_minus_Stable_846,0.14769356
Degrader_493_minus_Stable_903,0.14748038
Gene_CD1E,0.14729042
Degrader_535_minus_Stable_807,0.14726451
Degrader_227_minus_Stable_528,0.14710619
Degrader_613_minus_Stable_1066,0.14709939
Gene_EPGN,0.1468646
Gene_FDCSP,0.14636311
Degrader_218_minus_Stable_1178,0.14632998
Gene_KRT17,0.14618447
Degrader_250_minus_Stable_644,0.14612426
Gene_IGKJ4,0.14587936
Degrader_447_minus_Stable_778,0.14540225
Degrader_543_minus_Stable_588,0.14460742
Gene_IGLC1,0.14447108
Gene_RPL13AP17,0.14402166
Degrader_156_minus_Stable_1043,0.14371702
Gene_PGA5,0.14292958
Degrader_598_minus_Stable_431,0.14290874
Gene_IGHV3-15,0.1429074
Degrader_227_minus_Stable_1066,0.14260948
Degrader_155_minus_Stable_807,0.14250994
Gene_RP11-469H8.6,0.14221254
Gene_ATP13A4-AS1,0.14208691
Gene_GRID2,0.14177938
Gene_SERTM1,0.14134139
Degrader_338_minus_Stable_530,0.14113264
Degrader_162_minus_Stable_530,0.14112224
Gene_FGG,0.14088804
Degrader_250_minus_Stable_846,0.14083637
Degrader_714_minus_Stable_1186,0.1407852
Degrader_809_minus_Stable_1186,0.14063716
Gene_TMEM92,0.14062093
Degrader_317_minus_Stable_1258,0.14031884
Gene_HLA-U,0.14015998
Gene_IGHV3-64,0.14012054
Degrader_295_minus_Stable_1386,0.13953274
Degrader_893_minus_Stable_766,0.13947716
Gene_ALPPL2,0.13939725
Degrader_839_minus_Stable_1066,0.13920066
Degrader_608_minus_Stable_1043,0.13896346
Degrader_408_minus_Stable_607,0.13886096
Degrader_524_minus_Stable_584,0.13880222
Gene_LBP,0.13859394
Gene_IGKV1-9,0.1383729
Gene_CCDC17,0.1378006
Gene_ALB,0.13775015
Gene_IGLV2-18,0.13761702
Gene_CD1A,0.137525
Gene_CCL3L3,0.13743202
Gene_CA12,0.13733763
Gene_CD177,0.13711989
Degrader_1112_minus_Stable_1178,0.1366656
Degrader_535_minus_Stable_431,0.13660662
Gene_DEPDC1,0.13647619
Degrader_985_minus_Stable_955,0.13607045
Gene_CXCL13,0.13590483
Degrader_33_minus_Stable_903,0.13502856
Gene_IL1R2,0.13483593
Degrader_893_minus_Stable_1178,0.13433868
Gene_HTR3A,0.13427831
Gene_IGLV7-46,0.13406084
Degrader_608_minus_Stable_431,0.13401195
Gene_NR4A3,0.13327634
Degrader_135_minus_Stable_1066,0.13325022
Degrader_613_minus_Stable_955,0.13320524
Gene_MYOC,0.13276432
Degrader_976_minus_Stable_1066,0.1326051
Degrader_940_minus_Stable_528,0.13207309
Degrader_1112_minus_Stable_1413,0.13190544
Degrader_1289_minus_Stable_588,0.13113104
Degrader_976_minus_Stable_807,0.1308003
Gene_MIR205HG,0.13061735
Degrader_177_minus_Stable_903,0.13060199
Degrader_893_minus_Stable_530,0.13049309
Gene_CLDN8,0.13043778
Gene_IGKV2-28,0.13041398
Gene_GKN1,0.13029622
Gene_PI3,0.12971225
Gene_RP11-486A14.1,0.12961726
Gene_KLK3,0.12945127
Degrader_160_minus_Stable_1186,0.12924431
Degrader_338_minus_Stable_1066,0.12860546
Gene_GSG1L,0.12843782
Degrader_364_minus_Stable_1066,0.12818477
Degrader_976_minus_Stable_1178,0.1274313
Gene_RP11-616M22.5,0.12740454
Degrader_968_minus_Stable_1178,0.12737621
Degrader_413_minus_Stable_1386,0.12711225
Degrader_408_minus_Stable_778,0.12697503
Gene_FAM181A,0.12687655
Degrader_1289_minus_Stable_1178,0.12678921
Gene_ARHGAP40,0.12647825
Gene_ADH7,0.1261608
Degrader_362_minus_Stable_807,0.12589787
Gene_LINC01108,0.12585561
Degrader_809_minus_Stable_1495,0.12578575
Degrader_338_minus_Stable_860,0.12573428
Gene_RP11-87E22.2,0.12562303
Degrader_353_minus_Stable_955,0.12548016
Degrader_1040_minus_Stable_1043,0.12529415
Gene_GYG2P1,0.12506716
Gene_BMS1P10,0.12476766
Gene_IGHV2-26,0.12474184
Degrader_893_minus_Stable_1044,0.12469182
Gene_LINC01835,0.124562114
Degrader_535_minus_Stable_1386,0.123816416
Gene_CD1B,0.12354083
Degrader_1289_minus_Stable_860,0.12335002
Degrader_218_minus_Stable_530,0.123306304
Degrader_447_minus_Stable_903,0.1225795
Gene_CYP4F11,0.12257005
Degrader_84_minus_Stable_1043,0.122567795
Gene_RP11-164O23.8,0.1225123
Gene_RP1-79C4.4,0.12235097
Degrader_1335_minus_Stable_1043,0.122279026
Gene_LINC02038,0.12196177
Gene_CHI3L2,0.12115898
Degrader_410_minus_Stable_846,0.121157
Gene_HBG2,0.12114803
Gene_DPP6,0.120973535
Gene_SLCO1A2,0.120952
Degrader_24_minus_Stable_1413,0.12075242
Gene_PRSS1,0.1204781
Degrader_469_minus_Stable_766,0.12033299
Degrader_1040_minus_Stable_955,0.1203172
Degrader_809_minus_Stable_860,0.120093904
Gene_SLC5A7,0.120079644
Gene_WNT9B,0.119972594
Degrader_108_minus_Stable_1015,0.119892284
Degrader_1280_minus_Stable_807,0.11966058
Gene_KRT16P2,0.11963239
Gene_GDF5,0.1195478
Gene_CTB-55O6.4,0.11954131
Degrader_543_minus_Stable_431,0.11918017
Gene_MYH7,0.11914595
Degrader_1289_minus_Stable_1260,0.11881412
Gene_IGLV3-9,0.11880512
Gene_NTM,0.118672974
Gene_HIST1H2AE,0.118664384
Gene_PLA2G3,0.11841486
Gene_ERICH5,0.11837245
Gene_RP11-20I23.13,0.11782829
Degrader_362_minus_Stable_1186,0.11739661
Degrader_940_minus_Stable_176,0.117388025
Gene_SIGLEC14,0.11731539
Gene_ZMYND10,0.11725034
Gene_PSPHP1,0.117212206
Degrader_70_minus_Stable_1015,0.117102414
Gene_ADAMTS4,0.117059425
Degrader_1280_minus_Stable_955,0.11701591
Degrader_200_minus_Stable_778,0.116944425
Gene_PCK1,0.1166733
Degrader_554_minus_Stable_982,0.11651302
Gene_ADAMDEC1,0.11646132
Degrader_921_minus_Stable_1015,0.11639117
Degrader_1289_minus_Stable_176,0.11619424
Degrader_1476_minus_Stable_1186,0.11612226
Gene_ORM1,0.11609186
Gene_KLK7,0.11592302
Degrader_598_minus_Stable_1186,0.115912035
Gene_TMEM213,0.1158483
Degrader_295_minus_Stable_530,0.1157816
Degrader_465_minus_Stable_816,0.115224935
Gene_CRTAC1,0.11509566
Gene_IGHV3-20,0.115051694
Degrader_693_minus_Stable_778,0.11503357
Gene_IGKV2D-30,0.11493509
Gene_IGLV1-36,0.11478011
Gene_PLG,0.11457422
Gene_AP002856.5,0.11420246
Gene_STC1,0.11411282
Gene_CCL18,0.113965966
Gene_LINC02016,0.11372674
Gene_CCK,0.11357844
Gene_RP4-781K5.6,0.113428876
Gene_DCD,0.113027915
Gene_LINC00670,0.11282216
Gene_WDR72,0.11227445
Degrader_613_minus_Stable_903,0.11207794
Gene_CTRB2,0.11195478
Degrader_1134_minus_Stable_807,0.11189714
Degrader_888_minus_Stable_1043,0.11179091
Gene_LIPF,0.111439764
Degrader_1177_minus_Stable_607,0.111099996
Degrader_162_minus_Stable_1464,0.111065626
Gene_IL1B,0.11092232
Gene_RP11-414C23.1,0.11087478
Gene_GBP6,0.11087243
Gene_CMA1,0.11074376
Gene_C4orf47,0.11043503
Gene_AC068282.3,0.11041019
Degrader_413_minus_Stable_1044,0.110006735
Gene_CCDC175,0.109910436
Gene_RP11-569D9.5,0.10990974
Degrader_1215_minus_Stable_955,0.10977351
Degrader_535_minus_Stable_588,0.10972279
Gene_CXCL5,0.10955062
Degrader_338_minus_Stable_778,0.1091918
Degrader_888_minus_Stable_1044,0.10913827
Gene_PCDH11Y,0.10906474
Gene_CXCL1,0.10871664
Gene_IGLV5-37,0.108628005
Degrader_160_minus_Stable_1015,0.10850364
Gene_GFAP,0.108303115
Gene_APLNR,0.10820544
Gene_IGHV4-28,0.10810491
Gene_FAM8A4P,0.107997485
Degrader_809_minus_Stable_530,0.107887834
Gene_GRP,0.107798085
Degrader_447_minus_Stable_816,0.10773368
Gene_LRP2,0.10771552
Gene_GP2,0.10743347
Degrader_543_minus_Stable_528,0.107301064
Gene_USP32P1,0.10717891
Gene_SLC44A5,0.10717324
Gene_RP11-713H12.2,0.10704002
Gene_MIA2,0.10701424
Degrader_631_minus_Stable_176,0.10694383
Gene_ASPG,0.10691464
Gene_MARCH4,0.1067401
Gene_RP11-384O8.1,0.10666272
Gene_USP32P2,0.10652312
Gene_WT1,0.106514506
Gene_DEFA3,0.10641233
Gene_CD1C,0.106301494
Degrader_1476_minus_Stable_1066,0.10612604
Gene_RP11-472K17.3,0.106099896
Degrader_968_minus_Stable_816,0.106060356
Gene_PRTN3,0.10597728
Degrader_693_minus_Stable_431,0.10566318
Gene_TFCP2L1,0.105643615
Degrader_1177_minus_Stable_1258,0.10556725
Gene_CTD-3064M3.4,0.105472796
Gene_IGKV3-11,0.10543812
Degrader_493_minus_Stable_1044,0.10535131
Gene_LGALS9B,0.10507608
Gene_RP4-665N4.4,0.104952246
Degrader_985_minus_Stable_1043,0.10492546
Degrader_1112_minus_Stable_1260,0.10491326
Gene_BTNL3,0.10469741
Degrader_337_minus_Stable_1258,0.104569726
Gene_AHSP,0.10440725
Degrader_70_minus_Stable_1044,0.10430979
Degrader_218_minus_Stable_528,0.104091965
Gene_AC093390.1,0.1040453
Degrader_322_minus_Stable_778,0.103842415
Gene_RP11-309L24.10,0.10356975
Gene_MEPE,0.1033922
Gene_ESCO2,0.10334109
Gene_WNT7B,0.10332547
Degrader_1040_minus_Stable_1178,0.102610946
Gene_AC073410.1,0.10251239
Degrader_317_minus_Stable_431,0.10246724
Gene_MAG,0.10243573
Gene_RP11-556I13.2,0.10241663
Degrader_218_minus_Stable_431,0.10239206
Gene_HELT,0.10239084
Degrader_24_minus_Stable_955,0.102380246
Degrader_337_minus_Stable_1386,0.10233053
Degrader_1476_minus_Stable_528,0.10225419
Degrader_317_minus_Stable_778,0.10221292
Gene_RP11-115H13.1,0.10211624
Degrader_425_minus_Stable_1464,0.10209075
Degrader_1177_minus_Stable_1066,0.10190736
Degrader_1112_minus_Stable_1258,0.10180087
Gene_USP9Y,0.101774156
Gene_AMER2,0.10164575
Degrader_421_minus_Stable_1066,0.10149233
Gene_GPER1,0.101358406
Gene_CYP1A1,0.10131724
Degrader_1476_minus_Stable_1258,0.101304546
Degrader_24_minus_Stable_1178,0.100943655
Gene_CRISP2,0.10092068
Degrader_1177_minus_Stable_1015,0.10066237
Gene_ZFY,0.10065933
Gene_IGHV3-49,0.10054434
Gene_IL22RA1,0.100327276
Gene_GALNT15,0.09994375
Degrader_447_minus_Stable_846,0.0999126
Degrader_322_minus_Stable_860,0.099901825
Gene_TMPRSS4,0.099713214
Gene_XKR5,0.099436685
Gene_CILP,0.099300995
Degrader_227_minus_Stable_1386,0.09927576
Gene_G6PC2,0.09926929
Degrader_24_minus_Stable_584,0.0992493
Degrader_33_minus_Stable_1258,0.099004924
Degrader_421_minus_Stable_778,0.09896633
Degrader_317_minus_Stable_1413,0.09889931
Gene_IGHV3-11,0.098874316
Gene_IGLV3-10,0.09861407
Degrader_408_minus_Stable_584,0.09851173
Degrader_338_minus_Stable_903,0.0984119
Degrader_968_minus_Stable_778,0.09828835
Gene_KDM5D,0.09802537
Gene_NLGN4Y,0.09785097
Degrader_413_minus_Stable_778,0.097771205
Degrader_671_minus_Stable_1178,0.097766146
Gene_NMUR2,0.0977514
Degrader_338_minus_Stable_644,0.09771262
Degrader_613_minus_Stable_1258,0.097400956
Gene_MUCL1,0.097338274
Degrader_1280_minus_Stable_778,0.09732051
Degrader_714_minus_Stable_1066,0.09724747
Gene_PRKY,0.0972299
Gene_CXCL14,0.09718007
Gene_PTX3,0.097121514
Degrader_809_minus_Stable_766,0.09702008
Degrader_632_minus_Stable_1015,0.09685668
Degrader_833_minus_Stable_1044,0.09679441
Degrader_1177_minus_Stable_955,0.09677344
Degrader_921_minus_Stable_807,0.09666553
Degrader_135_minus_Stable_1178,0.09664893
Gene_REG1A,0.096247844
Gene_ELANE,0.096228294
Degrader_413_minus_Stable_860,0.09618236
Degrader_575_minus_Stable_644,0.09602613
Gene_NPIPB15,0.09596354
Degrader_1328_minus_Stable_901,0.09588705
Degrader_492_minus_Stable_1044,0.0958774
Gene_IGKV1-33,0.095796674
Gene_BPIFB1,0.09575441
Degrader_493_minus_Stable_1258,0.09570841
Gene_RERGL,0.095121354
Degrader_338_minus_Stable_1413,0.09511636
Gene_CYP11B1,0.094869554
Gene_LGSN,0.09486935
Gene_IGHJ4,0.09448747
Degrader_888_minus_Stable_778,0.09443639
Degrader_162_minus_Stable_1186,0.094304636
Gene_BPIFA1,0.09427794
Gene_GSTM1,0.09426111
Gene_PIK3C2G,0.09415668
Degrader_671_minus_Stable_955,0.094110996
Gene_RP11-259G18.3,0.0940538
Gene_IGLV3-16,0.094053455
Degrader_968_minus_Stable_1066,0.093977876
Gene_NTS,0.09390709
Gene_CXCL9,0.09369777
Gene_RPS29P11,0.09337157
Degrader_364_minus_Stable_1464,0.09328828
Degrader_1289_minus_Stable_846,0.093271546
Degrader_200_minus_Stable_982,0.09299669
Degrader_1177_minus_Stable_860,0.09297032
Gene_LINC01736,0.09291032
Gene_CLCA2,0.09281648
Gene_CHRM2,0.092459545
Degrader_524_minus_Stable_176,0.092244275
Gene_HP,0.09187832
Gene_SCN1A,0.09179418
Gene_CTD-2540L5.6,0.09154644
Degrader_1335_minus_Stable_584,0.09154152
Gene_SYCN,0.09150496
Degrader_1215_minus_Stable_766,0.091441646
Gene_IGLV3-21,0.091337234
Degrader_162_minus_Stable_644,0.0911823
Gene_KRT6A,0.09081064
Gene_SLC26A9,0.090790614
Degrader_893_minus_Stable_1186,0.090496846
Degrader_1476_minus_Stable_846,0.09044666
Degrader_1289_minus_Stable_901,0.089974284
Gene_LRRC31,0.08983891
Gene_CXCL8,0.08925337
Gene_UMODL1-AS1,0.08908817
Gene_CLEC4M,0.08906987
Gene_IGKV1-5,0.08892077
Gene_STAR,0.08886384
Degrader_410_minus_Stable_860,0.08844239
Degrader_714_minus_Stable_431,0.08837532
Degrader_1328_minus_Stable_903,0.08826402
Degrader_218_minus_Stable_1186,0.0882257
Degrader_1177_minus_Stable_778,0.0880731
Gene_IL1RL1,0.08801067
Degrader_1289_minus_Stable_1413,0.087624215
Gene_RP11-76E17.4,0.08753336
Degrader_337_minus_Stable_530,0.08747598
Degrader_61_minus_Stable_1178,0.087293215
Gene_IGHV3OR16-13,0.08724309
Degrader_733_minus_Stable_1178,0.08721768
Gene_GLP2R,0.08720292
Degrader_1134_minus_Stable_528,0.08709667
Degrader_155_minus_Stable_816,0.08696754
Gene_SPP1,0.086871244
Degrader_492_minus_Stable_778,0.08684519
Gene_RHOXF1P1,0.08664092
Gene_CPA1,0.08658115
Gene_IGHV5-10-1,0.08646448
Degrader_1177_minus_Stable_1260,0.08639757
Degrader_893_minus_Stable_955,0.086239636
Degrader_135_minus_Stable_530,0.08611554
Degrader_921_minus_Stable_1260,0.08610382
Degrader_598_minus_Stable_1258,0.08605581
Degrader_28_minus_Stable_1015,0.08604302
Gene_EDN3,0.0859703
Gene_ATP6V0D2,0.08570425
Gene_CYP2C18,0.08558656
Gene_SDS,0.085582934
Degrader_155_minus_Stable_530,0.085438706
Gene_SPRR2A,0.08539676
Gene_TMIGD3,0.08534507
Gene_MS4A6E,0.085247464
Gene_NMU,0.08518898
Degrader_693_minus_Stable_584,0.08511633
Gene_C3orf36,0.08495619
Degrader_1177_minus_Stable_816,0.084741294
Degrader_160_minus_Stable_1386,0.08472993
Gene_OR7E22P,0.08456771
Gene_SULT1E1,0.08454683
Gene_AMTN,0.08453526
Gene_LINC01436,0.08434442
Degrader_421_minus_Stable_530,0.08423079
Gene_LTF,0.084222265
Degrader_70_minus_Stable_644,0.08419965
Degrader_554_minus_Stable_778,0.08412645
Gene_PRSS2,0.0840844
Gene_LINC01291,0.08398681
Degrader_598_minus_Stable_1464,0.08398179
Gene_PRODH,0.08381744
Gene_SFTPA2,0.08363754
Gene_CBLN4,0.08362428
Gene_IGLV3-25,0.08359866
Degrader_543_minus_Stable_982,0.08348615
Gene_SERPIND1,0.083319426
Gene_HRK,0.083305754
Gene_PNLIP,0.083215244
Gene_CXCL17,0.08307583
Gene_PRND,0.083070494
Gene_AP000351.4,0.08292434
Gene_BPIFA2,0.08283172
Gene_DEFB4A,0.08282546
Degrader_364_minus_Stable_955,0.082715504
Degrader_160_minus_Stable_903,0.08261238
Degrader_1177_minus_Stable_176,0.08252775
Degrader_1112_minus_Stable_176,0.08251039
Gene_PIH1D3,0.08247638
Degrader_976_minus_Stable_846,0.08234572
Degrader_421_minus_Stable_1043,0.0822045
Gene_IGHV3-66,0.08198828
Degrader_893_minus_Stable_1043,0.081948064
Degrader_833_minus_Stable_807,0.081861325
Degrader_24_minus_Stable_528,0.081861
Gene_SRGAP3-AS2,0.0816984
Degrader_1335_minus_Stable_1178,0.08169758
Degrader_608_minus_Stable_982,0.08160426
Degrader_839_minus_Stable_903,0.08159378
Degrader_976_minus_Stable_1044,0.08139346
Gene_IGKV2-29,0.08137074
Degrader_162_minus_Stable_1015,0.08126873
Degrader_465_minus_Stable_903,0.08116524
Degrader_425_minus_Stable_982,0.08110877
Gene_ADGRA1,0.08102387
Gene_SLN,0.08092639
Degrader_1040_minus_Stable_860,0.08080169
Degrader_227_minus_Stable_1413,0.0806348
Gene_LINC01508,0.08061244
Degrader_631_minus_Stable_778,0.08056586
Gene_ACOD1,0.08023482
Degrader_976_minus_Stable_1495,0.07992778
Gene_RHCG,0.07985529
Gene_MUC5AC,0.079843216
Gene_RP4-569D19.8,0.079765595
Degrader_317_minus_Stable_816,0.079755016
Degrader_714_minus_Stable_644,0.07974504
Gene_ADCYAP1,0.079601064
Degrader_888_minus_Stable_846,0.0794092
Degrader_693_minus_Stable_1015,0.0793956
Degrader_693_minus_Stable_1413,0.07937313
Gene_RP11-510N19.5,0.07926172
Gene_LINC00479,0.079156354
Gene_LRAT,0.078988045
Gene_FMO5,0.078957476
Gene_MAFIP,0.07886668
Degrader_714_minus_Stable_955,0.07886227
Degrader_410_minus_Stable_903,0.078824215
Gene_TBC1D3E,0.07869953
Degrader_250_minus_Stable_1066,0.07861219
Gene_PRM1,0.0784918
Gene_ADGRG7,0.07847343
Degrader_160_minus_Stable_584,0.07845992
Gene_SNORD3A,0.07841992
Degrader_362_minus_Stable_778,0.07837346
Degrader_108_minus_Stable_955,0.07836908
Gene_CYP24A1,0.078321576
Gene_LGALS17A,0.078189746
Degrader_833_minus_Stable_816,0.07805101
Degrader_888_minus_Stable_1066,0.077910885
Degrader_1040_minus_Stable_1186,0.07787504
Degrader_108_minus_Stable_778,0.07786474
Gene_CXCL6,0.077803105
Gene_MPO,0.077749684
Degrader_714_minus_Stable_860,0.07762291
Gene_SPOCK3,0.077549994
Gene_DNAH6,0.07754168
Degrader_308_minus_Stable_816,0.07752623
Degrader_693_minus_Stable_1066,0.07746912
Degrader_632_minus_Stable_955,0.0774594
Degrader_1177_minus_Stable_903,0.07743071
Degrader_1280_minus_Stable_1178,0.07732309
Gene_MAPK8IP1P2,0.0772151
Degrader_410_minus_Stable_528,0.07719448
Degrader_317_minus_Stable_1044,0.07708415
Gene_GGT3P,0.07676708
Gene_HBQ1,0.07676031
Gene_LIF,0.0766571
Gene_SCGB1A1,0.07660704
Degrader_353_minus_Stable_816,0.07645877
Degrader_33_minus_Stable_982,0.076418705
Degrader_42_minus_Stable_644,0.07627468
Degrader_968_minus_Stable_955,0.076259434
Degrader_408_minus_Stable_955,0.07600776
Degrader_671_minus_Stable_644,0.07595945
Degrader_1215_minus_Stable_1464,0.07572649
Gene_RP11-212I21.2,0.075717054
Degrader_1328_minus_Stable_431,0.07561117
Degrader_1040_minus_Stable_1044,0.07548266
Gene_RP11-321F6.2,0.07544177
Gene_OR8G5,0.07538986
Degrader_155_minus_Stable_584,0.07534035
Degrader_24_minus_Stable_530,0.07533665
Gene_ABCC8,0.07508965
Degrader_469_minus_Stable_816,0.07505228
Degrader_1134_minus_Stable_1386,0.07495136
Degrader_166_minus_Stable_1464,0.07484511
Gene_SERPINB2,0.07472686
Degrader_456_minus_Stable_860,0.07434529
Gene_CAPN6,0.07433296
Degrader_1215_minus_Stable_588,0.07432543
Gene_IGLV3-27,0.07429379
Gene_SERPINB13,0.074223265
Gene_HSD3B2,0.074069396
Gene_GABBR2,0.07401202
Degrader_809_minus_Stable_1386,0.074001476
Gene_EIF1AY,0.07368087
Degrader_893_minus_Stable_1464,0.07365394
Degrader_893_minus_Stable_1015,0.073474325
Degrader_425_minus_Stable_901,0.07347296
Gene_FER1L6,0.07341703
Degrader_714_minus_Stable_846,0.07340099
Degrader_160_minus_Stable_431,0.07339882
Degrader_543_minus_Stable_530,0.0732088
Gene_SOST,0.07316437
Degrader_733_minus_Stable_607,0.073113844
Gene_GPX1P1,0.07299839
Gene_PWP2,0.072885364
Degrader_155_minus_Stable_644,0.072700866
Degrader_554_minus_Stable_1464,0.07268818
Gene_RP11-767I20.1,0.072661124
Gene_MROH9,0.07263902
Degrader_976_minus_Stable_955,0.07259447
Gene_IGHJ3,0.0724734
Degrader_809_minus_Stable_1178,0.0724481
Degrader_1476_minus_Stable_982,0.0724009
Gene_RP11-424G14.1,0.07235101
Gene_LHX9,0.072333574
Gene_DLEC1,0.072299555
Gene_STON1-GTF2A1L,0.07228185
Gene_RP11-1260E13.2,0.07224352
Gene_TNS4,0.07215492
Gene_SLPI,0.07185293
Degrader_1280_minus_Stable_816,0.07180284
Degrader_714_minus_Stable_807,0.0714652
Degrader_227_minus_Stable_530,0.07143886
Degrader_598_minus_Stable_982,0.071408
Degrader_338_minus_Stable_807,0.071221866
Degrader_921_minus_Stable_860,0.07115705
Degrader_200_minus_Stable_588,0.071121484
Degrader_84_minus_Stable_1386,0.07110581
Gene_FGL1,0.0710411
Gene_MYL7,0.07103824
Gene_TAGLN3,0.07095747
Degrader_809_minus_Stable_1043,0.07094805
Gene_LOC100421166,0.07081119
Gene_MUC21,0.07071742
Gene_RP11-121L10.2,0.070606835
Gene_TOP3BP1,0.07056287
Gene_GJB1,0.07055277
Gene_WT1-AS,0.07047931
Degrader_155_minus_Stable_1413,0.07044213
Gene_AC007952.5,0.070402384
Degrader_295_minus_Stable_1043,0.070335485
Degrader_632_minus_Stable_846,0.07024601
Gene_XIRP1,0.07022454
Degrader_295_minus_Stable_1178,0.07007321
Degrader_985_minus_Stable_816,0.070070736
Gene_HIST1H2AD,0.069803685
Gene_IGHV7-4-1,0.06966407
Degrader_24_minus_Stable_176,0.0696314
Gene_C1orf141,0.06957063
Degrader_671_minus_Stable_1043,0.069533184
Gene_SIX1,0.069459274
Degrader_250_minus_Stable_528,0.06945132
Gene_MSMB,0.069366425
Degrader_421_minus_Stable_982,0.069162115
Degrader_200_minus_Stable_846,0.06915549
Degrader_421_minus_Stable_1044,0.06906443
Gene_RND1,0.06894683
Gene_KCNJ11,0.06878906
Gene_LA16c-380H5.3,0.06858052
Gene_TMEM212,0.06845259
Gene_IGLV3-1,0.06837335
Degrader_940_minus_Stable_816,0.06813857
Degrader_1134_minus_Stable_1186,0.06797057
Gene_RP1,0.06788585
Degrader_218_minus_Stable_1066,0.067677155
Degrader_1476_minus_Stable_644,0.06765359
Gene_COL10A1,0.06745881
Gene_CHP2,0.067393556
Degrader_425_minus_Stable_1015,0.06737345
Gene_AWAT2,0.06727218
Degrader_425_minus_Stable_431,0.06709743
Gene_RP11-320N7.2,0.06707997
Gene_RP11-109L13.1,0.06706456
Degrader_524_minus_Stable_607,0.067028835
Degrader_575_minus_Stable_1413,0.06697104
Gene_RP11-632K20.2,0.06693899
Gene_PRM2,0.066931926
Degrader_421_minus_Stable_955,0.06679427
Degrader_1040_minus_Stable_1260,0.066772856
Degrader_30_minus_Stable_846,0.06674424
Gene_SSUH2,0.06673176
Gene_RP11-433J8.1,0.06672162
Gene_RP11-1090M7.1,0.06664774
Gene_BIRC7,0.06662978
Degrader_543_minus_Stable_901,0.06658043
Gene_TFPI2,0.066541046
Degrader_940_minus_Stable_607,0.066457056
Degrader_1215_minus_Stable_1178,0.0663605
Degrader_888_minus_Stable_982,0.06629585
Gene_B3GNT3,0.06617663
Degrader_44_minus_Stable_431,0.066147506
Degrader_1328_minus_Stable_860,0.06610215
Gene_IGHV2-70,0.06609943
Degrader_968_minus_Stable_588,0.066029325
Gene_FABP6,0.06589907
Degrader_413_minus_Stable_955,0.06576638
Degrader_322_minus_Stable_1464,0.06576321
Degrader_408_minus_Stable_860,0.06569132
Degrader_447_minus_Stable_901,0.06558677
Degrader_308_minus_Stable_1413,0.065536104
Gene_PTCSC3,0.06552799
Gene_IGHV4-34,0.06546837
Gene_MXRA5Y,0.065461114
Degrader_524_minus_Stable_1044,0.065415464
Degrader_1040_minus_Stable_431,0.06493046
Degrader_493_minus_Stable_1178,0.06492698
Degrader_809_minus_Stable_588,0.06481742
Gene_MYL2,0.06470046
Gene_GUCY2D,0.06465852
Gene_TTLL10-AS1,0.06465323
Degrader_1289_minus_Stable_982,0.06459789
Gene_IGHV1-45,0.06454061
Gene_CNGA3,0.06442197
Degrader_33_minus_Stable_1044,0.06435659
Degrader_308_minus_Stable_1044,0.06432611
Gene_TUBBP5,0.06418921
Degrader_888_minus_Stable_588,0.06416371
Degrader_177_minus_Stable_1015,0.064109676
Gene_LINC01068,0.06404656
Degrader_447_minus_Stable_607,0.06396049
Degrader_135_minus_Stable_955,0.06388109
Degrader_250_minus_Stable_1260,0.06386017
Gene_LINC01671,0.06375627
Degrader_447_minus_Stable_1015,0.063754
Gene_C4BPA,0.06372115
Gene_AC093627.8,0.06369217
Gene_RP4-765C7.2,0.06363759
Degrader_155_minus_Stable_1066,0.06348245
Gene_MAP3K15,0.06332633
Gene_KRT72,0.06320959
Degrader_410_minus_Stable_1044,0.063100174
Gene_RP11-661A12.5,0.062980734
Gene_IGHV3-73,0.06296059
Degrader_456_minus_Stable_807,0.062838
Degrader_1476_minus_Stable_1178,0.06280094
Gene_IGKV2D-40,0.06279795
Degrader_893_minus_Stable_176,0.06273392
Degrader_1476_minus_Stable_903,0.06263562
Gene_SLC6A4,0.06248702
Degrader_1040_minus_Stable_530,0.062394615
Gene_MYBPC1,0.062333167
Gene_AACSP1,0.06224209
Degrader_1335_minus_Stable_644,0.06218115
Gene_CALCA,0.0621787
Degrader_338_minus_Stable_1178,0.06217083
Gene_CTA-363E6.2,0.06214465
Degrader_200_minus_Stable_176,0.062134977
Degrader_308_minus_Stable_176,0.06212424
Gene_C2CD4A,0.06206261
Gene_RP1-153P14.7,0.06200251
Degrader_456_minus_Stable_644,0.06191102
Gene_AC010127.3,0.061898567
Gene_COX20P1,0.061774354
Degrader_524_minus_Stable_955,0.061773196
Gene_REG1B,0.06176801
Gene_LRRC18,0.0616916
Gene_CYP2F1,0.061657857
Degrader_968_minus_Stable_584,0.061532408
Gene_TP53AIP1,0.0613616
Degrader_554_minus_Stable_903,0.06132602
Degrader_1112_minus_Stable_1464,0.061226785
Gene_MS4A8,0.061188847
Degrader_1328_minus_Stable_1043,0.061151795
Gene_IGHG4,0.06114058
Degrader_362_minus_Stable_1413,0.061120022
Gene_IGKV1D-43,0.061102074
Degrader_135_minus_Stable_1260,0.0610747
Degrader_1112_minus_Stable_766,0.06105769
Degrader_1215_minus_Stable_903,0.06104501
Gene_IGHV3-41,0.06099818
Degrader_598_minus_Stable_1044,0.060960963
Gene_CYP4F24P,0.060922217
Gene_FGA,0.06086107
Degrader_425_minus_Stable_766,0.060817502
Gene_GH1,0.06067578
Gene_SERPINB3,0.06066252
Gene_RP1-27K12.2,0.060503982
Degrader_714_minus_Stable_528,0.060269896
Gene_TDO2,0.0602382
Degrader_809_minus_Stable_1015,0.060175594
Gene_TCF23,0.06015904
Gene_HLA-DQA2,0.0601434
Degrader_108_minus_Stable_431,0.060110755
Degrader_70_minus_Stable_584,0.06010331
Degrader_24_minus_Stable_1386,0.06009137
Gene_RP11-561I11.3,0.060055934
Degrader_968_minus_Stable_1386,0.059985273
Degrader_44_minus_Stable_955,0.059968103
Gene_RP11-403A3.1,0.059699908
Gene_SERPINF2,0.059629835
Gene_C2CD4B,0.059587136
Degrader_362_minus_Stable_584,0.05957399
Age,0.059276935
Degrader_613_minus_Stable_530,0.059212066
Degrader_575_minus_Stable_860,0.059158515
Gene_IL13RA2,0.059149854
Gene_LINC00939,0.059122093
Degrader_84_minus_Stable_431,0.059121445
Degrader_250_minus_Stable_1043,0.059119128
Gene_HIST2H2BF,0.059064325
Gene_IGHV6-1,0.05900949
Degrader_1215_minus_Stable_176,0.058883216
Degrader_353_minus_Stable_584,0.058839995
Degrader_888_minus_Stable_860,0.05880013
Degrader_469_minus_Stable_1178,0.05875557
Gene_CSF3,0.058701158
Degrader_447_minus_Stable_1495,0.058690958
Degrader_24_minus_Stable_1464,0.058431197
Degrader_893_minus_Stable_607,0.058230016
Gene_ATP12A,0.058205996
Degrader_353_minus_Stable_1044,0.058155715
Gene_RP11-298I3.6,0.058134004
Degrader_162_minus_Stable_431,0.058107622
Degrader_671_minus_Stable_1044,0.058054104
Gene_CCDC141,0.058023293
Degrader_492_minus_Stable_1015,0.057975043
Gene_GSDMA,0.057910945
Gene_CTA-363E6.1,0.057696883
Gene_IGKV3D-20,0.057666853
Degrader_671_minus_Stable_1495,0.057624616
Gene_SERPINA6,0.05751275
Gene_DCDC2B,0.05746625
Gene_GJB7,0.057449937
Gene_IGKV1-39,0.057381958
Degrader_308_minus_Stable_644,0.05737522
Gene_AC008268.1,0.05723032
Gene_FUT3,0.057227958
Gene_BRINP1,0.05709597
Degrader_733_minus_Stable_766,0.05704521
Gene_HAPLN1,0.056964654
Gene_PAEP,0.056943774
Degrader_1134_minus_Stable_1464,0.056806978
Degrader_921_minus_Stable_1413,0.056775182
Gene_XXbac-B444P24.8,0.056754395
Degrader_921_minus_Stable_1386,0.056685496
Degrader_733_minus_Stable_1015,0.05657596
Degrader_693_minus_Stable_1044,0.056566697
Gene_RP11-672L10.2,0.056562178
Degrader_833_minus_Stable_588,0.056529857
Degrader_362_minus_Stable_1044,0.056474864
Degrader_833_minus_Stable_1386,0.05623128
Gene_IGLC5,0.056123197
Gene_VCAM1,0.056112934
Gene_IGKV6D-21,0.056108065
Degrader_833_minus_Stable_431,0.056099504
Gene_KC6,0.056039013
Degrader_1289_minus_Stable_1495,0.05600922
Gene_IGKV1D-12,0.05588854
Degrader_61_minus_Stable_1015,0.05582043
Gene_MUC16,0.055799287
Degrader_160_minus_Stable_1044,0.0556248
Gene_SGPP2,0.055538636
Degrader_156_minus_Stable_1066,0.055508256
Gene_PCDHAC1,0.055395596
Degrader_492_minus_Stable_644,0.05536536
Degrader_1134_minus_Stable_778,0.055319652
Degrader_44_minus_Stable_901,0.05521426
Gene_RP11-599B13.9,0.055161774
Gene_SLCO4C1,0.05512304
Gene_CBS,0.055043284
Degrader_177_minus_Stable_1066,0.05483769
Degrader_1335_minus_Stable_1066,0.054809634
Gene_RP6-24A23.7,0.054707885
Degrader_809_minus_Stable_807,0.05467433
Gene_SCGB3A1,0.0545654
Gene_IGHV2-5,0.054404262
Gene_TXLNGY,0.054271348
Gene_ZFP57,0.054163463
Degrader_162_minus_Stable_816,0.05412713
Gene_RP11-195E2.1,0.054105062
Degrader_28_minus_Stable_903,0.054087576
Gene_NPTX2,0.054066297
Degrader_44_minus_Stable_846,0.054020453
Degrader_28_minus_Stable_1066,0.05396591
Degrader_421_minus_Stable_1386,0.05385944
Gene_FMO1,0.053854086
Degrader_976_minus_Stable_1413,0.053810306
Degrader_24_minus_Stable_644,0.053798128
Degrader_322_minus_Stable_955,0.05377349
Gene_PTPN5,0.053694684
Gene_ADAMTS16,0.053587876
Degrader_1335_minus_Stable_607,0.053569026
Gene_HAS1,0.0535229
Degrader_839_minus_Stable_644,0.053493593
Gene_IGHV3-33,0.053472035
Degrader_1040_minus_Stable_1464,0.05346893
Degrader_166_minus_Stable_1260,0.053392548
Degrader_465_minus_Stable_1044,0.053233795
Degrader_1476_minus_Stable_1015,0.053206183
Degrader_24_minus_Stable_1044,0.05319477
Gene_IGKV2-24,0.053168032
Degrader_322_minus_Stable_816,0.052965727
Degrader_469_minus_Stable_1386,0.052925758
Degrader_985_minus_Stable_778,0.052857462
Degrader_177_minus_Stable_901,0.052524272
Degrader_410_minus_Stable_1015,0.052466735
Gene_RSPH14,0.052369207
Gene_ATP10B,0.052343305
Gene_CCDC144A,0.05228328
Degrader_166_minus_Stable_528,0.052133493
Degrader_1177_minus_Stable_1413,0.052096285
Gene_UGT1A1,0.052044928
Gene_SLC22A3,0.052038554
Degrader_33_minus_Stable_584,0.052008808
Gene_SFTPB,0.05193873
Gene_STRA6,0.051933207
Degrader_714_minus_Stable_1386,0.051885135
Gene_GPR158,0.051816665
Degrader_421_minus_Stable_1178,0.051805347
Degrader_425_minus_Stable_816,0.051800396
Gene_CATSPERD,0.05162571
Degrader_1289_minus_Stable_644,0.051455237
Degrader_156_minus_Stable_1258,0.051432993
Gene_RP11-958N24.2,0.051416826
Degrader_250_minus_Stable_431,0.05135402
Gene_CSMD3,0.05133906
Gene_IGKV1-12,0.051322185
Degrader_554_minus_Stable_1015,0.05131709
Gene_GC,0.0512738
Gene_APOC3,0.051273666
Gene_CCL7,0.051260553
Degrader_44_minus_Stable_1178,0.051253032
Gene_HRG,0.05124182
Gene_RP11-85G21.3,0.05121698
Gene_CPB1,0.05106236
Degrader_30_minus_Stable_530,0.051036373
Degrader_364_minus_Stable_816,0.050927613
Gene_TAC1,0.0508914
Degrader_295_minus_Stable_903,0.050827976
Gene_SLC6A20,0.05078901
Gene_PLA2G2A,0.05067459
Gene_FABP1,0.050671015
Degrader_33_minus_Stable_1066,0.050665554
Gene_CTC-441N14.4,0.050655678
Gene_AGTR2,0.05062194
Degrader_543_minus_Stable_955,0.050302163
Degrader_362_minus_Stable_530,0.050272577
Degrader_70_minus_Stable_807,0.05008498
Gene_IGKV1D-16,0.05002409
Degrader_227_minus_Stable_846,0.04992073
Gene_CLDN16,0.049810935
Degrader_70_minus_Stable_1386,0.049788848
Gene_SFRP2,0.04973399
Gene_HTR3C,0.049678378
Degrader_1335_minus_Stable_766,0.04949608
Gene_C18orf63,0.0494773
Gene_RP1-140C12.2,0.049454685
Gene_RP11-354P11.4,0.04928758
Degrader_1328_minus_Stable_1464,0.049171563
Degrader_671_minus_Stable_607,0.04911449
Degrader_33_minus_Stable_901,0.048979662
Gene_WDR38,0.04888367
Gene_IGKV3D-15,0.048850533
Degrader_733_minus_Stable_1386,0.048837572
Degrader_410_minus_Stable_955,0.04871405
Gene_UPK1B,0.04862693
Gene_SCGB2A1,0.048437607
Gene_AC013275.2,0.048408203
Gene_TMEM190,0.04833794
Gene_LEP,0.048259243
Gene_KCNA1,0.048252955
Gene_MUC4,0.04817893
Degrader_543_minus_Stable_1015,0.048170377
Degrader_1476_minus_Stable_1413,0.048082776
Degrader_492_minus_Stable_901,0.048080385
Degrader_693_minus_Stable_1178,0.048003525
Degrader_408_minus_Stable_1495,0.047990106
Degrader_410_minus_Stable_431,0.04791145
Degrader_250_minus_Stable_955,0.047880683
Degrader_1328_minus_Stable_982,0.04786589
Gene_DMRT3,0.04785644
Gene_PGC,0.04761079
Gene_LHFPL3-AS1,0.04758871
Degrader_1040_minus_Stable_846,0.04741299
Gene_HIST1H2BF,0.04740677
Degrader_353_minus_Stable_528,0.047305167
Degrader_809_minus_Stable_1258,0.047289778
Degrader_162_minus_Stable_607,0.047225025
Gene_TSIX,0.04714881
Gene_FUT6,0.04708654
Gene_IGHV3-43,0.047060248
Gene_SPATS1,0.047027003
Degrader_84_minus_Stable_607,0.046909146
Degrader_250_minus_Stable_903,0.046764825
Degrader_1040_minus_Stable_1066,0.046602193
Degrader_84_minus_Stable_766,0.046522364
Gene_PIP,0.04651792
Degrader_160_minus_Stable_530,0.046513826
Gene_CD177P1,0.046331774
Degrader_714_minus_Stable_778,0.04624316
Degrader_160_minus_Stable_1066,0.046186075
Degrader_364_minus_Stable_807,0.046150707
Gene_RP11-789C1.2,0.045975737
Gene_MORN5,0.045931466
Gene_MYH6,0.045929674
Degrader_322_minus_Stable_1178,0.04591971
Gene_ALOX15,0.045902323
Gene_GDF6,0.045880035
Degrader_155_minus_Stable_846,0.04584308
Gene_RP5-1185I7.1,0.04576714
Gene_RP11-536G4.2,0.045686334
Degrader_1215_minus_Stable_584,0.045542903
Degrader_28_minus_Stable_846,0.045372244
Gene_C22orf15,0.045367014
Degrader_456_minus_Stable_1015,0.04534708
Gene_MEIG1,0.045323994
Degrader_1177_minus_Stable_846,0.045298286
Degrader_1134_minus_Stable_1413,0.045266826
Degrader_200_minus_Stable_807,0.045192398
Gene_C21orf33,0.04516962
Gene_KRT16P6,0.04515714
Gene_HOXC6,0.045126602
Gene_TTR,0.045125987
Degrader_524_minus_Stable_816,0.045105286
Gene_RP3-477J10.1,0.045074582
Gene_FAM216B,0.045040723
Degrader_413_minus_Stable_1413,0.04501975
Degrader_608_minus_Stable_1495,0.04488292
Degrader_410_minus_Stable_607,0.044874303
Gene_SLC22A31,0.04484506
Degrader_135_minus_Stable_816,0.044842765
Degrader_940_minus_Stable_1260,0.04480763
Gene_DNAH3,0.04465418
Degrader_30_minus_Stable_644,0.044652563
Degrader_295_minus_Stable_1186,0.044646464
Degrader_976_minus_Stable_1186,0.044555772
Degrader_554_minus_Stable_1258,0.04454508
Degrader_1040_minus_Stable_1258,0.044450734
Gene_TTTY14,0.04444625
Gene_HAMP,0.044274773
Gene_VTCN1,0.04422536
Degrader_33_minus_Stable_588,0.04399149
Degrader_575_minus_Stable_955,0.043969363
Degrader_425_minus_Stable_1066,0.04393586
Gene_RP1-140K8.5,0.043686602
Degrader_809_minus_Stable_955,0.043649603
Gene_SLCO1B3,0.043596514
Degrader_833_minus_Stable_1015,0.043520655
Gene_CRNN,0.043472975
Degrader_425_minus_Stable_955,0.043467116
Gene_PCAT14,0.043375913
Degrader_28_minus_Stable_1044,0.04337315
Gene_MS4A3,0.043352455
Degrader_353_minus_Stable_1015,0.043325264
Degrader_166_minus_Stable_1386,0.043159932
Gene_SFTPD,0.04311989
Gene_IGHV3-23,0.043081556
Gene_ADGRF2,0.042967148
Degrader_108_minus_Stable_1044,0.042901374
Degrader_733_minus_Stable_816,0.042605724
Gene_CELA2A,0.04258692
Degrader_1215_minus_Stable_1260,0.04250573
Degrader_714_minus_Stable_1043,0.042486493
Degrader_135_minus_Stable_644,0.042484637
Gene_RP11-125O18.1,0.04238831
Degrader_421_minus_Stable_903,0.04234552
Gene_SYT4,0.042289417
Gene_AC226119.4,0.042275377
Gene_OTX1,0.042193137
Gene_C2orf91,0.042186875
Gene_SERPINB5,0.04218597
Gene_PITX1,0.04200236
Gene_RP11-325P15.1,0.041940257
Degrader_714_minus_Stable_1413,0.041916367
Gene_ADGRG4,0.041818153
Degrader_250_minus_Stable_1258,0.04177657
Gene_RP11-138B4.1,0.041750308
Gene_RP11-184M15.1,0.041737307
Gene_BMP3,0.041721243
Gene_MUC5B,0.041688655
Degrader_44_minus_Stable_860,0.041656952
Degrader_1476_minus_Stable_607,0.04158975
Degrader_1328_minus_Stable_1186,0.04157473
Gene_MEDAG,0.041568752
Gene_CCDC60,0.041533142
Degrader_1112_minus_Stable_955,0.041422486
Gene_UTY,0.041321628
Degrader_1134_minus_Stable_860,0.041295618
Gene_BANCR,0.04128323
Degrader_671_minus_Stable_1066,0.041250326
Degrader_1335_minus_Stable_778,0.041230127
Gene_CHIA,0.041227184
Degrader_976_minus_Stable_982,0.04117199
Degrader_839_minus_Stable_588,0.041133124
Gene_GATA4,0.040949922
Degrader_1328_minus_Stable_1260,0.04082673
Gene_RP11-138H8.8,0.040718425
Degrader_809_minus_Stable_644,0.040686432
Gene_BCORP1,0.040593307
Degrader_177_minus_Stable_778,0.04051595
Gene_ANXA13,0.040420465
Degrader_155_minus_Stable_1015,0.040378027
Degrader_524_minus_Stable_1066,0.040369567
Degrader_408_minus_Stable_1260,0.040361997
Gene_GSTA3,0.040314984
Degrader_631_minus_Stable_1386,0.040310122
Degrader_338_minus_Stable_607,0.04026624
Gene_RP11-697K23.3,0.04024718
Degrader_338_minus_Stable_1258,0.040017217
Gene_MT1JP,0.03986217
Degrader_42_minus_Stable_955,0.03982614
Gene_GPR87,0.03962987
Degrader_162_minus_Stable_778,0.039489318
Degrader_28_minus_Stable_982,0.039485544
Gene_IGHD,0.039332163
Gene_ACBD3-AS1,0.039323024
Degrader_177_minus_Stable_982,0.03930621
Gene_DSC3,0.039302353
Degrader_714_minus_Stable_584,0.039239354
Gene_RP11-561I11.4,0.03922846
Gene_ABC14-1188822O7.1,0.039220665
Degrader_1335_minus_Stable_955,0.039209917
Gene_RP1-172H20.4,0.03920369
Degrader_632_minus_Stable_1066,0.03919485
Degrader_492_minus_Stable_1066,0.039169755
Gene_WI2-1959D15.3,0.039100513
Degrader_33_minus_Stable_528,0.039068952
Degrader_733_minus_Stable_778,0.039044254
Gene_CCL20,0.039015938
Gene_LINC00648,0.038961336
Degrader_1112_minus_Stable_528,0.03889165
Degrader_733_minus_Stable_1413,0.03889024
Degrader_598_minus_Stable_528,0.03886491
Gene_KLK12,0.03875779
Degrader_1289_minus_Stable_778,0.038727127
Gene_CCDC155,0.03870765
Degrader_447_minus_Stable_1258,0.03866011
Gene_IGDCC4,0.03864975
Degrader_322_minus_Stable_1260,0.038485065
Degrader_227_minus_Stable_1015,0.03842092
Degrader_108_minus_Stable_1386,0.03838222
Degrader_632_minus_Stable_982,0.03835122
Degrader_1134_minus_Stable_816,0.03822347
Gene_MYH2,0.03812243
Gene_THSD7B,0.038097184
Gene_MTDHP3,0.03799472
Gene_ABCA13,0.037949644
Gene_ALDH1L1-AS2,0.037946515
Gene_PLPPR5,0.03790748
Degrader_160_minus_Stable_1413,0.037868157
Degrader_492_minus_Stable_955,0.037843194
Gene_IGHV4-4,0.037673354
Degrader_554_minus_Stable_607,0.037511606
Gene_RP11-193M21.1,0.037444912
Gene_AC005281.1,0.037376143
Gene_GSTA2,0.037354834
Degrader_493_minus_Stable_846,0.0373195
Gene_IGKV2D-29,0.037289195
Degrader_1177_minus_Stable_766,0.037243355
Gene_RP11-20G13.3,0.037237044
Gene_DYDC2,0.037214514
Degrader_61_minus_Stable_807,0.037164375
Gene_IGLV9-49,0.03715995
Degrader_1040_minus_Stable_644,0.037120923
Gene_F11,0.037119113
Gene_C11orf97,0.037093807
Degrader_337_minus_Stable_176,0.037020773
Gene_ADAMTS19,0.036962952
Gene_FOXN4,0.036928337
Degrader_28_minus_Stable_1464,0.036850687
Degrader_24_minus_Stable_778,0.036786277
Degrader_1289_minus_Stable_607,0.03664068
Degrader_70_minus_Stable_846,0.036607184
Gene_C1orf87,0.036380347
Gene_SFRP5,0.03626301
Gene_LINC01207,0.036256753
Gene_ADAMTS7P3,0.03621065
Gene_MGC32805,0.036115285
Degrader_108_minus_Stable_1495,0.036112294
Degrader_1289_minus_Stable_1066,0.036087673
Degrader_156_minus_Stable_903,0.035981998
Degrader_833_minus_Stable_1066,0.035977896
Degrader_733_minus_Stable_1043,0.035910923
Gene_WFDC5,0.035799246
Gene_FAM111B,0.03572121
Degrader_524_minus_Stable_982,0.03571261
Degrader_809_minus_Stable_528,0.035532307
Gene_KLK4,0.035503566
Degrader_693_minus_Stable_901,0.03544578
Gene_AMY2A,0.03542964
Degrader_135_minus_Stable_766,0.035420947
Gene_IGHV3-69-1,0.035379507
Degrader_42_minus_Stable_584,0.035376634
Gene_IGHGP,0.035359062
Degrader_24_minus_Stable_807,0.035323203
Degrader_108_minus_Stable_903,0.0352858
Gene_CELA3B,0.03519405
Gene_SIRPAP1,0.03518297
Degrader_155_minus_Stable_903,0.035126857
Gene_PCSK2,0.034836374
Degrader_598_minus_Stable_176,0.03478418
Degrader_70_minus_Stable_1186,0.034773156
Gene_RP11-71L14.4,0.034769684
Gene_RP11-95I16.6,0.03466975
Degrader_410_minus_Stable_1043,0.034658458
Degrader_524_minus_Stable_1386,0.03457778
Gene_HMGCS2,0.034503896
Gene_NEK10,0.0344447
Gene_IGHV3-48,0.034285747
Degrader_42_minus_Stable_1186,0.03425985
Gene_RBBP8NL,0.034062386
Gene_C6orf118,0.03403505
Gene_SYCE1,0.033985514
Gene_SCGB3A2,0.033965982
Gene_IGHV1-58,0.03396324
Degrader_839_minus_Stable_982,0.033788353
Degrader_70_minus_Stable_1260,0.033773307
Gene_RP11-409C19.2,0.033615015
Degrader_1280_minus_Stable_1044,0.033491064
Degrader_24_minus_Stable_982,0.03328953
Gene_SMN2,0.0332791
Gene_RP1-142L7.9,0.03325366
Gene_SAA1,0.033249624
Gene_RP11-635O16.2,0.0331904
Degrader_1289_minus_Stable_816,0.03318813
Gene_LINC00890,0.03314816
Degrader_162_minus_Stable_1260,0.03314325
Degrader_155_minus_Stable_1043,0.033022832
Degrader_976_minus_Stable_903,0.033015616
Degrader_465_minus_Stable_860,0.033007286
Gene_AC104135.2,0.032978144
Gene_RP11-44F21.5,0.03297546
Degrader_613_minus_Stable_1186,0.03293317
Degrader_613_minus_Stable_982,0.0329213
Gene_IGHV1-24,0.03286192
Degrader_608_minus_Stable_176,0.03283079
Gene_LINC01166,0.032814763
Gene_IGLV5-45,0.03279265
Gene_AC097468.4,0.032679603
Gene_LINC00470,0.03264325
Degrader_524_minus_Stable_1413,0.032635953
Degrader_524_minus_Stable_1186,0.032442357
Degrader_839_minus_Stable_955,0.032331273
Degrader_162_minus_Stable_1178,0.03228554
Degrader_24_minus_Stable_1015,0.032252155
Gene_GNAT1,0.032215867
Degrader_693_minus_Stable_1258,0.032172844
Degrader_671_minus_Stable_778,0.032168176
Gene_AC195454.1,0.032120842
Degrader_250_minus_Stable_778,0.032119077
Gene_IGLV1-41,0.032026652
Degrader_160_minus_Stable_588,0.032008104
Degrader_492_minus_Stable_588,0.03200003
Gene_ETNPPL,0.03191552
Degrader_425_minus_Stable_1043,0.03184907
Gene_IGHV3-13,0.03184635
Degrader_1328_minus_Stable_607,0.031827006
Gene_C5orf17,0.03182446
Gene_KIF25-AS1,0.031804394
Degrader_177_minus_Stable_584,0.031801727
Degrader_1335_minus_Stable_982,0.031727448
Gene_RP11-238K6.1,0.031663768
Gene_TMSB4Y,0.03165734
Gene_MT-TY,0.031560633
Degrader_322_minus_Stable_584,0.031543016
Degrader_940_minus_Stable_1015,0.03146487
Degrader_632_minus_Stable_1178,0.03145644
Gene_AC092652.1,0.031436376
Degrader_940_minus_Stable_1066,0.031396445
Degrader_408_minus_Stable_1186,0.0312932
Degrader_888_minus_Stable_1386,0.031172657
Degrader_353_minus_Stable_1386,0.031077676
Gene_LINC00469,0.031061463
Degrader_613_minus_Stable_816,0.031056229
Degrader_61_minus_Stable_1258,0.031006923
Degrader_809_minus_Stable_846,0.031005371
Degrader_598_minus_Stable_1413,0.03094029
Degrader_30_minus_Stable_1044,0.030907387
Degrader_308_minus_Stable_1258,0.030899135
Gene_NCMAP,0.03065701
Degrader_1215_minus_Stable_530,0.030620266
Degrader_200_minus_Stable_1066,0.030597983
Degrader_155_minus_Stable_1186,0.030496208
Gene_SLC9A2,0.030490262
Gene_IGLV2-23,0.03048874
Degrader_493_minus_Stable_528,0.03046758
Degrader_108_minus_Stable_982,0.030455142
Degrader_524_minus_Stable_528,0.030236095
Degrader_456_minus_Stable_1464,0.030221924
Gene_BEST4,0.030193549
Gene_AGXT,0.030122109
Degrader_543_minus_Stable_1464,0.030086936
Degrader_362_minus_Stable_1495,0.030078482
Degrader_447_minus_Stable_955,0.030057112
Degrader_1040_minus_Stable_588,0.03004613
Degrader_84_minus_Stable_644,0.030028835
Degrader_338_minus_Stable_1386,0.03002028
Degrader_888_minus_Stable_1495,0.030001247
Gene_HLA-S,0.02998879
Degrader_671_minus_Stable_584,0.029973472
Degrader_33_minus_Stable_431,0.029928146
Degrader_1177_minus_Stable_1386,0.029879637
Gene_CCL19,0.029818222
Degrader_44_minus_Stable_588,0.029771792
Gene_RP11-476D10.1,0.029699897
Gene_PKHD1,0.029657383
Gene_IGLV2-11,0.029637055
Degrader_295_minus_Stable_816,0.029589033
Gene_SPINK1,0.029522916
Degrader_200_minus_Stable_1015,0.029407242
Gene_TIMP4,0.029394438
Degrader_28_minus_Stable_1386,0.029302377
Degrader_166_minus_Stable_816,0.029292706
Gene_IGKV1-16,0.029239215
Degrader_613_minus_Stable_807,0.029202454
Degrader_1134_minus_Stable_846,0.02917357
Degrader_425_minus_Stable_584,0.029151978
Gene_RPSAP36,0.029102642
Degrader_921_minus_Stable_1044,0.029078487
Degrader_1476_minus_Stable_1260,0.028997013
Gene_ANKUB1,0.028971145
Degrader_714_minus_Stable_903,0.02893902
Degrader_322_minus_Stable_1043,0.0289356
Gene_IGLV4-60,0.02887292
Degrader_535_minus_Stable_1178,0.028830867
Gene_CCDC74B,0.028816896
Gene_HLA-W,0.02878354
Gene_SOX11,0.028661897
Degrader_425_minus_Stable_530,0.028646449
Degrader_608_minus_Stable_1260,0.028629253
Degrader_733_minus_Stable_588,0.028613515
Gene_RP11-343H5.4,0.028564868
Degrader_1476_minus_Stable_1464,0.028562393
Gene_PLA2G1B,0.02848687
Gene_IGKV4-1,0.028451536
Gene_MAPK8IP1P1,0.028375715
Degrader_456_minus_Stable_1260,0.028170655
Gene_HOXD1,0.028130205
Degrader_733_minus_Stable_528,0.028122919
Degrader_337_minus_Stable_588,0.028096417
Degrader_921_minus_Stable_1464,0.027880216
Degrader_61_minus_Stable_644,0.027840747
Degrader_1328_minus_Stable_1066,0.02781949
Gene_PRG3,0.027811514
Degrader_839_minus_Stable_530,0.027795278
Degrader_353_minus_Stable_1186,0.027776664
Degrader_693_minus_Stable_955,0.027737753
Gene_IGLV1-44,0.027663272
Degrader_465_minus_Stable_530,0.02765425
Degrader_295_minus_Stable_1260,0.027633931
Degrader_70_minus_Stable_607,0.027605275
Degrader_535_minus_Stable_778,0.027373834
Degrader_1177_minus_Stable_584,0.027370397
Degrader_976_minus_Stable_1464,0.027357336
Degrader_921_minus_Stable_530,0.027274065
Gene_RP11-208G20.3,0.027272996
Degrader_108_minus_Stable_1043,0.027238326
Degrader_940_minus_Stable_1178,0.027164746
Degrader_985_minus_Stable_1066,0.027150122
Degrader_24_minus_Stable_431,0.027130004
Degrader_976_minus_Stable_1043,0.027122516
Degrader_155_minus_Stable_1178,0.027084263
Gene_GPS2P1,0.02703653
Gene_PTGS2,0.026974179
Degrader_976_minus_Stable_860,0.026962008
Gene_TTC16,0.026958635
Degrader_492_minus_Stable_1178,0.026944855
Degrader_893_minus_Stable_431,0.026908137
Gene_KCNS1,0.02685375
Degrader_1134_minus_Stable_955,0.026791468
Gene_IGHV3-74,0.026774472
Gene_CEACAM5,0.026751185
Gene_ANKFN1,0.026704604
Degrader_921_minus_Stable_176,0.026692482
Gene_LANCL1-AS1,0.026677988
Gene_PNMT,0.026675139
Degrader_308_minus_Stable_588,0.026669927
Gene_IGLJ3,0.02656505
Degrader_166_minus_Stable_955,0.026555452
Degrader_976_minus_Stable_1258,0.026513832
Gene_IGKV1D-17,0.026450587
Degrader_155_minus_Stable_1260,0.026405023
Gene_MS4A15,0.026373943
Degrader_714_minus_Stable_816,0.026346402
Gene_CXCL10,0.026291149
Gene_ERN2,0.02602352
Degrader_968_minus_Stable_903,0.026008401
Gene_CPB2,0.025961941
Gene_RP11-281A20.1,0.025857331
Degrader_447_minus_Stable_1413,0.025796315
Degrader_200_minus_Stable_431,0.025775798
Degrader_160_minus_Stable_176,0.02573236
Degrader_338_minus_Stable_431,0.02570155
Gene_AKR1B10,0.025695177
Degrader_1280_minus_Stable_644,0.02569313
Degrader_33_minus_Stable_1015,0.02569295
Degrader_693_minus_Stable_1464,0.025660574
Gene_RP11-758N13.1,0.025655035
Gene_IGLV2-8,0.025629606
Degrader_425_minus_Stable_607,0.025550371
Degrader_108_minus_Stable_766,0.025473595
Degrader_338_minus_Stable_588,0.025390567
Degrader_364_minus_Stable_1043,0.025383662
Gene_LINC01168,0.025334487
Gene_BTBD16,0.025330167
Gene_CDH10,0.025312223
Degrader_1177_minus_Stable_1178,0.0252271
Degrader_598_minus_Stable_807,0.025142292
Degrader_166_minus_Stable_607,0.025089724
Degrader_968_minus_Stable_860,0.025086544
Degrader_200_minus_Stable_1386,0.025083328
Gene_XXyac-YM21GA2.7,0.025067357
Degrader_543_minus_Stable_1495,0.024986632
Gene_TEX26,0.024978926
Degrader_322_minus_Stable_530,0.024970401
Gene_IGKV1-27,0.024965312
Degrader_162_minus_Stable_1258,0.0249296
Degrader_44_minus_Stable_644,0.02490262
Gene_MAT1A,0.02489161
Degrader_30_minus_Stable_1066,0.024842791
Gene_APOBEC4,0.024811715
Gene_KCNJ16,0.024810778
Degrader_456_minus_Stable_816,0.02480541
Gene_CST2,0.024780754
Degrader_156_minus_Stable_1044,0.024749296
Gene_SOX2,0.024705991
Degrader_408_minus_Stable_530,0.02457809
Gene_CRP,0.024543766
Gene_OR2A20P,0.024542512
Degrader_1335_minus_Stable_1386,0.024485763
Degrader_693_minus_Stable_176,0.02445148
Degrader_135_minus_Stable_1043,0.024429407
Degrader_200_minus_Stable_1413,0.024380147
Gene_KLK2,0.024349494
Gene_CHRNA2,0.024262806
Gene_PART1,0.024248112
Degrader_465_minus_Stable_584,0.02423131
Gene_SNORD14E,0.024226086
Degrader_733_minus_Stable_644,0.024210129
Gene_TBC1D3D,0.02416434
Degrader_24_minus_Stable_588,0.024150774
Gene_DNAI1,0.024143882
Gene_ACTBP8,0.024106804
Degrader_162_minus_Stable_860,0.024053764
Degrader_364_minus_Stable_530,0.023978692
Gene_COL26A1,0.023972398
Degrader_425_minus_Stable_644,0.02396109
Gene_C5orf46,0.023898462
Gene_SOX21,0.023828391
Gene_IGLV4-3,0.023818763
Degrader_456_minus_Stable_1386,0.023730993
Degrader_1328_minus_Stable_1015,0.02371713
Degrader_893_minus_Stable_778,0.02364658
Degrader_465_minus_Stable_1186,0.02359585
Degrader_575_minus_Stable_1015,0.023584763
Gene_RP11-424M22.3,0.02354042
Gene_TNR,0.023470607
Gene_CHI3L1,0.023416251
Gene_NWD1,0.023412576
Gene_MYH1,0.02339817
Gene_SAA2,0.023344537
Degrader_33_minus_Stable_816,0.02332771
Degrader_155_minus_Stable_955,0.023323985
Gene_C1orf158,0.023322958
Degrader_1335_minus_Stable_1413,0.023271495
Degrader_632_minus_Stable_1413,0.023162888
Gene_GSTT2,0.023116099
Gene_SPATA4,0.02304569
Gene_SERPINB10,0.023027264
Degrader_421_minus_Stable_816,0.023006467
Gene_RNF17,0.023005906
Gene_RP11-536O18.1,0.022911265
Gene_KLHDC7A,0.022895738
Degrader_337_minus_Stable_955,0.022889826
Gene_RP11-544M22.1,0.02284787
Degrader_364_minus_Stable_982,0.022841448
Gene_DEFA4,0.022808261
Degrader_156_minus_Stable_176,0.022767834
Degrader_839_minus_Stable_816,0.022753935
Gene_IGHV4-59,0.022735965
Gene_XKR9,0.022726867
Degrader_108_minus_Stable_644,0.022723394
Gene_C8orf34-AS1,0.02271008
Degrader_364_minus_Stable_1186,0.022669222
Gene_LMNTD1,0.02245352
Degrader_1289_minus_Stable_955,0.02242832
Gene_COL4A2-AS2,0.022413356
Gene_NR0B2,0.02239586
Degrader_524_minus_Stable_1043,0.02226212
Degrader_227_minus_Stable_955,0.02223183
Degrader_218_minus_Stable_1015,0.02222372
Degrader_1289_minus_Stable_903,0.022222817
Degrader_317_minus_Stable_807,0.022187447
Gene_KRT79,0.02215785
Gene_HABP2,0.022152528
Degrader_632_minus_Stable_901,0.022061603
Degrader_353_minus_Stable_1495,0.021978026
Gene_CH507-9B2.1,0.021946559
Degrader_177_minus_Stable_955,0.021912796
Degrader_337_minus_Stable_846,0.0219064
Degrader_410_minus_Stable_807,0.02190545
Gene_DSG1,0.021895511
Gene_SEC14L3,0.021875016
Gene_IGLV1-51,0.021846728
Degrader_733_minus_Stable_1186,0.021842852
Degrader_968_minus_Stable_766,0.02181914
Gene_KRT5,0.021815557
Gene_HILPDA,0.021800874
Degrader_84_minus_Stable_528,0.021799447
Gene_IGFBP1,0.021799326
Gene_AGAP14,0.021762745
Degrader_155_minus_Stable_982,0.021747533
Degrader_425_minus_Stable_1186,0.02172699
Degrader_1328_minus_Stable_1258,0.021708163
Degrader_338_minus_Stable_955,0.021681253
Degrader_598_minus_Stable_584,0.021629682
Gene_ALPL,0.021571552
Degrader_465_minus_Stable_955,0.021399844
Gene_IGKV3D-11,0.02133784
Degrader_839_minus_Stable_846,0.02126958
Degrader_968_minus_Stable_1464,0.021269297
Degrader_364_minus_Stable_644,0.021246336
Gene_SLC6A14,0.021244649
Degrader_337_minus_Stable_1413,0.021218792
Gene_DEUP1,0.021216732
Gene_AC007750.5,0.021206902
Degrader_469_minus_Stable_846,0.021153579
Degrader_61_minus_Stable_530,0.021099834
Degrader_671_minus_Stable_1386,0.021064825
Degrader_1476_minus_Stable_584,0.021037733
Degrader_250_minus_Stable_1015,0.021004613
Degrader_421_minus_Stable_1464,0.020943662
Gene_C20orf85,0.020867504
Degrader_44_minus_Stable_1044,0.020823738
Degrader_425_minus_Stable_903,0.020803858
Degrader_968_minus_Stable_1043,0.020747323
Degrader_809_minus_Stable_1260,0.02074119
Gene_HBG1,0.020730248
Gene_NIM1K,0.02069438
Degrader_337_minus_Stable_1044,0.020662718
Degrader_44_minus_Stable_816,0.020617288
Degrader_84_minus_Stable_1186,0.020605845
Degrader_166_minus_Stable_807,0.020596135
Degrader_160_minus_Stable_607,0.020577691
Degrader_492_minus_Stable_431,0.020553455
Degrader_492_minus_Stable_530,0.020530324
Degrader_632_minus_Stable_584,0.02050164
Degrader_44_minus_Stable_530,0.020438852
Degrader_413_minus_Stable_644,0.020356731
Gene_DNAH5,0.020333355
Degrader_1134_minus_Stable_982,0.020309538
Degrader_42_minus_Stable_1386,0.02022458
Gene_NAPSA,0.020184943
Degrader_322_minus_Stable_903,0.020156426
Degrader_28_minus_Stable_1258,0.020151854
Gene_LINC00278,0.020053435
Degrader_364_minus_Stable_1044,0.019980019
Gene_KLK5,0.019938482
Degrader_733_minus_Stable_176,0.019927572
Degrader_28_minus_Stable_607,0.019913413
Degrader_61_minus_Stable_903,0.019897718
Degrader_554_minus_Stable_816,0.01986584
Degrader_575_minus_Stable_778,0.019865826
Degrader_940_minus_Stable_1258,0.01971552
Gene_LAD1,0.019694336
Degrader_940_minus_Stable_766,0.019693913
Degrader_337_minus_Stable_584,0.01966515
Degrader_1177_minus_Stable_431,0.019649696
Gene_DNAH7,0.01962997
Gene_CDC20B,0.019596716
Gene_ZBBX,0.01958585
Gene_CRYM,0.019582873
Degrader_108_minus_Stable_1066,0.019528879
Gene_CEACAM8,0.019513978
Gene_SULT1C2,0.019478237
Degrader_1040_minus_Stable_807,0.01946407
Gene_CFAP77,0.019443838
Gene_MKRN3,0.019390443
Degrader_809_minus_Stable_1066,0.019385017
Degrader_156_minus_Stable_644,0.019328305
Gene_LKAAEAR1,0.01932241
Gene_LINC02154,0.019318856
Degrader_733_minus_Stable_846,0.019302335
Gene_CFAP100,0.019272221
Degrader_632_minus_Stable_1043,0.01926806
Degrader_28_minus_Stable_176,0.019120425
Degrader_1289_minus_Stable_766,0.01911341
Gene_SPAG6,0.01908423
Degrader_44_minus_Stable_807,0.019075278
Degrader_61_minus_Stable_1413,0.0189684
Gene_B3GALT5,0.018939303
Degrader_24_minus_Stable_901,0.018912653
Degrader_598_minus_Stable_860,0.018870493
Gene_CTD-3128G10.7,0.018848343
Degrader_317_minus_Stable_1260,0.018838143
Gene_IGKV1-13,0.018816967
Gene_CGA,0.018806826
Degrader_1040_minus_Stable_607,0.018789621
Degrader_493_minus_Stable_584,0.01867243
Degrader_575_minus_Stable_1066,0.01866938
Degrader_362_minus_Stable_1043,0.018648125
Gene_AQP5,0.018508188
Degrader_893_minus_Stable_528,0.018413806
Gene_TBL1Y,0.018402288
Degrader_295_minus_Stable_431,0.018384703
Degrader_1134_minus_Stable_1043,0.01833164
Gene_TNFRSF17,0.018321417
Gene_Z82214.3,0.018306429
Gene_ADAMTS18,0.018291924
Degrader_162_minus_Stable_1413,0.018285753
Gene_IGHJ1,0.018285392
Degrader_33_minus_Stable_644,0.018278299
Gene_SFTPC,0.018223865
Degrader_447_minus_Stable_1260,0.018212127
Gene_CTRB1,0.018152697
Degrader_44_minus_Stable_1260,0.018150114
Degrader_598_minus_Stable_816,0.018148828
Degrader_364_minus_Stable_1178,0.018147064
Gene_FGB,0.018139914
Gene_CWH43,0.018133476
Degrader_421_minus_Stable_431,0.018111669
Gene_IGHV1-46,0.018103238
Gene_RP11-212I21.5,0.018089402
Gene_UBD,0.018050242
Degrader_524_minus_Stable_431,0.018026734
Degrader_337_minus_Stable_1066,0.018017765
Gene_MIR221,0.017990798
Gene_FGFBP1,0.01797271
Gene_IGKJ1,0.017950127
Gene_BLACAT1,0.01792096
Degrader_1134_minus_Stable_1066,0.017913112
Degrader_631_minus_Stable_901,0.017907158
Degrader_408_minus_Stable_644,0.017888432
Degrader_162_minus_Stable_176,0.017861186
Gene_RP11-122M14.1,0.017827155
Degrader_421_minus_Stable_1495,0.017815545
Gene_AADACL2,0.017803317
Degrader_1112_minus_Stable_982,0.01778332
Gene_RP11-706O15.3,0.017753432
Degrader_968_minus_Stable_528,0.017716803
Degrader_28_minus_Stable_816,0.017632999
Degrader_1112_minus_Stable_903,0.017584413
Degrader_921_minus_Stable_1186,0.017573122
Degrader_493_minus_Stable_1386,0.017485447
Degrader_200_minus_Stable_528,0.017465385
Gene_WDR49,0.017388996
Degrader_1335_minus_Stable_588,0.017378813
Gene_RP11-806O11.1,0.017348146
Gene_PLA2G12B,0.017305752
Gene_LINC02099,0.017305516
Degrader_135_minus_Stable_1495,0.017263746
Degrader_308_minus_Stable_1178,0.017217515
Gene_KCNH5,0.017199375
Gene_ARMC4,0.017170453
Gene_SCTR,0.017144095
Degrader_714_minus_Stable_1464,0.017065344
Gene_AC011899.10,0.01706033
Degrader_543_minus_Stable_1178,0.017036123
Gene_REG3A,0.017034283
Degrader_524_minus_Stable_860,0.01691542
Degrader_733_minus_Stable_1258,0.01689135
Degrader_28_minus_Stable_1413,0.016839042
Degrader_1134_minus_Stable_1044,0.01677459
Degrader_608_minus_Stable_1015,0.016718142
Degrader_353_minus_Stable_846,0.016704164
Degrader_465_minus_Stable_807,0.01669684
Degrader_166_minus_Stable_1044,0.016683146
Degrader_410_minus_Stable_1258,0.016675478
Gene_ART1,0.016672423
Degrader_631_minus_Stable_846,0.016669862
Degrader_543_minus_Stable_903,0.016649857
Degrader_631_minus_Stable_1464,0.01664421
Degrader_338_minus_Stable_1495,0.016572049
Degrader_24_minus_Stable_903,0.016521845
Degrader_524_minus_Stable_846,0.016469369
Degrader_469_minus_Stable_807,0.016387932
Degrader_44_minus_Stable_778,0.016342776
Degrader_833_minus_Stable_584,0.016331129
Degrader_1289_minus_Stable_1464,0.016324867
Degrader_839_minus_Stable_1413,0.016287936
Degrader_44_minus_Stable_1413,0.016271735
Degrader_893_minus_Stable_644,0.016242363
Degrader_338_minus_Stable_816,0.016227819
Degrader_408_minus_Stable_1015,0.016215257
Gene_AADAC,0.016211042
Degrader_940_minus_Stable_1413,0.01619133
Degrader_608_minus_Stable_530,0.016160827
Degrader_693_minus_Stable_982,0.016149323
Gene_LINC00473,0.01613027
Gene_MAP3K19,0.016115684
Degrader_968_minus_Stable_1015,0.016107984
Degrader_608_minus_Stable_1066,0.016074792
Degrader_44_minus_Stable_1386,0.016063957
Degrader_613_minus_Stable_1413,0.01603967
Gene_CFAP53,0.016019259
Degrader_465_minus_Stable_778,0.015999855
Degrader_338_minus_Stable_176,0.015924882
RIN_x_Autolysis,0.015922343
Degrader_524_minus_Stable_1258,0.015815705
Degrader_1215_minus_Stable_778,0.015807487
Degrader_1335_minus_Stable_1464,0.015784856
Gene_DRC7,0.015783705
Degrader_28_minus_Stable_778,0.015773622
Degrader_535_minus_Stable_176,0.015765728
Gene_SERPINI2,0.01574951
Degrader_425_minus_Stable_860,0.015714724
Degrader_493_minus_Stable_816,0.015714701
Degrader_135_minus_Stable_778,0.01566933
Gene_MCHR1,0.015627887
Degrader_1476_minus_Stable_1044,0.015625589
Gene_CHST9,0.015504068
Degrader_469_minus_Stable_903,0.015490276
Degrader_160_minus_Stable_860,0.015490102
Degrader_1112_minus_Stable_846,0.015484232
Gene_CDH8,0.01539065
Gene_LDHC,0.015368317
Degrader_200_minus_Stable_1186,0.015325121
Degrader_465_minus_Stable_846,0.015300381
Degrader_632_minus_Stable_588,0.015219123
Degrader_1177_minus_Stable_528,0.015203507
Gene_SLC13A2,0.015176182
Gene_AC013264.2,0.015173041
Degrader_1476_minus_Stable_1043,0.015171796
Gene_RP11-268F1.3,0.015109593
Degrader_693_minus_Stable_1186,0.015043036
Gene_PGA3,0.015030693
Degrader_893_minus_Stable_860,0.014988368
Degrader_227_minus_Stable_584,0.014969587
Degrader_535_minus_Stable_766,0.014955896
Gene_PTPRT,0.014914223
Degrader_493_minus_Stable_778,0.014847836
Gene_CCDC33,0.014827779
Degrader_893_minus_Stable_901,0.014783751
Gene_IGLV4-69,0.014709842
Degrader_338_minus_Stable_1043,0.014663396
Degrader_421_minus_Stable_644,0.014629589
Degrader_839_minus_Stable_176,0.014619008
Degrader_421_minus_Stable_607,0.014596294
Degrader_156_minus_Stable_1464,0.014565135
Degrader_421_minus_Stable_807,0.014564623
Degrader_408_minus_Stable_1464,0.014537368
Gene_IGKV1-6,0.014480065
Degrader_108_minus_Stable_1186,0.01439739
Degrader_218_minus_Stable_1258,0.0143960025
Degrader_24_minus_Stable_1186,0.014336217
Degrader_976_minus_Stable_816,0.014331164
Gene_RP11-259K15.2,0.014328006
Gene_DRC1,0.014324202
Degrader_968_minus_Stable_607,0.014272892
Degrader_1280_minus_Stable_846,0.014269125
Gene_LRRC43,0.014238602
Degrader_218_minus_Stable_1044,0.014229674
Degrader_317_minus_Stable_1386,0.0142266415
Gene_RP13-650J16.1,0.014140479
Degrader_598_minus_Stable_955,0.014100566
Degrader_733_minus_Stable_1464,0.014031288
Degrader_671_minus_Stable_530,0.013995379
Gene_IGLVI-70,0.013993117
Gene_FAM181A-AS1,0.013963373
Degrader_447_minus_Stable_1044,0.0139371725
Degrader_410_minus_Stable_530,0.013913795
Degrader_338_minus_Stable_1464,0.013909526
Gene_C2orf70,0.013859682
Degrader_162_minus_Stable_1044,0.013836817
Degrader_833_minus_Stable_1260,0.013832975
Gene_CCDC187,0.013799747
Gene_PIFO,0.0137924
Degrader_218_minus_Stable_903,0.013771101
Degrader_1134_minus_Stable_1015,0.013736074
Gene_CFAP206,0.013695224
Gene_IGHV1-69D,0.013671386
Degrader_575_minus_Stable_530,0.013644277
Gene_RP11-60L3.6,0.013611981
Degrader_575_minus_Stable_176,0.0136024365
Degrader_535_minus_Stable_1044,0.013584288
Degrader_42_minus_Stable_528,0.013576218
Degrader_554_minus_Stable_955,0.01355387
Gene_LINC00964,0.013470997
Degrader_162_minus_Stable_1495,0.013470942
Degrader_42_minus_Stable_778,0.013449422
Gene_ARSE,0.013447006
Degrader_421_minus_Stable_1015,0.013371842
Gene_IGLV2-14,0.013283013
Gene_LRRC74B,0.0132397
Degrader_968_minus_Stable_807,0.0132388165
Gene_GAL,0.013177149
Degrader_408_minus_Stable_903,0.013176769
Degrader_693_minus_Stable_816,0.0131396325
Gene_AC005336.4,0.013111166
Degrader_1215_minus_Stable_1495,0.0130740395
Gene_FRMPD2B,0.013000165
Degrader_84_minus_Stable_778,0.012977571
Degrader_28_minus_Stable_1495,0.012974523
Gene_SNTN,0.01295994
Degrader_156_minus_Stable_1186,0.012899453
Degrader_492_minus_Stable_860,0.012893641
Degrader_1112_minus_Stable_860,0.012856316
Gene_TACR3,0.012828624
Gene_BDKRB1,0.012820917
Degrader_492_minus_Stable_903,0.012757201
Degrader_156_minus_Stable_1015,0.012754295
Degrader_714_minus_Stable_766,0.012726157
Degrader_575_minus_Stable_816,0.0126804095
Degrader_227_minus_Stable_1260,0.012679041
Gene_C12orf74,0.012665775
Degrader_940_minus_Stable_588,0.012605221
Degrader_632_minus_Stable_1260,0.012598837
Degrader_714_minus_Stable_607,0.012590913
Degrader_985_minus_Stable_1015,0.0125626065
Gene_RP11-297A16.4,0.012549245
Gene_STOML3,0.01236623
Gene_MMP10,0.01232381
Degrader_70_minus_Stable_530,0.012319053
Degrader_200_minus_Stable_1178,0.012318437
Gene_RP11-794P6.2,0.012292021
Degrader_308_minus_Stable_860,0.012273682
Gene_CTD-2530N21.5,0.012255934
Degrader_108_minus_Stable_528,0.012247345
Gene_CTD-2126E3.3,0.012186909
Degrader_218_minus_Stable_1495,0.012159517
Degrader_408_minus_Stable_1386,0.012154462
Degrader_156_minus_Stable_607,0.012149713
Gene_RP11-144A16.8,0.012127938
Gene_RP11-531H8.2,0.01210509
Gene_LINC01028,0.01207925
Gene_LINC01612,0.012065395
Degrader_447_minus_Stable_588,0.012017586
Gene_PRMT8,0.01198279
Gene_CTD-2531D15.4,0.011977757
Degrader_227_minus_Stable_1495,0.011973538
Gene_KIAA2012,0.011965381
Degrader_30_minus_Stable_588,0.011916013
Gene_LINC00431,0.011908737
Gene_RP11-95I16.2,0.011879817
Degrader_44_minus_Stable_1258,0.011848286
Gene_RP11-706O15.7,0.0118274465
Degrader_492_minus_Stable_1186,0.011812726
Degrader_353_minus_Stable_901,0.011796496
Degrader_888_minus_Stable_1258,0.011787787
Degrader_227_minus_Stable_607,0.011760812
Degrader_156_minus_Stable_584,0.011733296
Gene_FAM64A,0.011659233
Degrader_421_minus_Stable_1258,0.0116585065
Gene_CNTN5,0.011645305
Degrader_921_minus_Stable_431,0.011638589
Degrader_166_minus_Stable_860,0.011614167
Gene_IGHV1-69,0.011575777
Degrader_1134_minus_Stable_1260,0.011558399
Degrader_613_minus_Stable_431,0.01151431
Degrader_693_minus_Stable_860,0.011511501
Degrader_156_minus_Stable_846,0.011485142
Degrader_976_minus_Stable_176,0.01142461
Gene_DACT2,0.011419481
Gene_LINC01133,0.011344462
Gene_RP11-206P5.2,0.011269615
Degrader_976_minus_Stable_1015,0.011260634
Degrader_613_minus_Stable_607,0.011250872
Gene_CASC1,0.011135628
Degrader_155_minus_Stable_607,0.011125585
Gene_MDH1B,0.011080433
Degrader_1215_minus_Stable_807,0.011076878
Degrader_598_minus_Stable_1386,0.01106395
Gene_B4GALNT2,0.010991686
Degrader_108_minus_Stable_588,0.010901681
Degrader_408_minus_Stable_816,0.010877676
Degrader_353_minus_Stable_644,0.010850937
Gene_KIF19,0.0108365845
Gene_PIGR,0.010787145
Degrader_44_minus_Stable_1043,0.010771458
Degrader_631_minus_Stable_1066,0.010758923
Degrader_693_minus_Stable_846,0.010726672
Degrader_631_minus_Stable_1260,0.010686818
Gene_WIF1,0.010633247
Degrader_160_minus_Stable_1258,0.0106309
Gene_AARD,0.010592993
Gene_AMPD1,0.01058066
Gene_HOXC8,0.010540023
Degrader_177_minus_Stable_1495,0.010520502
Degrader_410_minus_Stable_644,0.010518872
Degrader_155_minus_Stable_1495,0.010422923
Degrader_322_minus_Stable_982,0.010394759
Gene_STK19B,0.010304229
Degrader_166_minus_Stable_584,0.010226299
Gene_HHLA2,0.010223746
Degrader_218_minus_Stable_860,0.0102171
Degrader_200_minus_Stable_644,0.010208514
Gene_IGHV3-21,0.010207387
Degrader_227_minus_Stable_1464,0.010166023
Degrader_1476_minus_Stable_431,0.010154127
Degrader_70_minus_Stable_1413,0.010131243
Gene_DGKK,0.010118646
Degrader_70_minus_Stable_1178,0.0101154195
Gene_RP11-169F17.1,0.010095592
Gene_MFSD2A,0.010086522
Degrader_985_minus_Stable_766,0.010062681
Degrader_410_minus_Stable_1260,0.010017838
Gene_LAMP3,0.010009641
Gene_IGLV1-47,0.009995391
Degrader_84_minus_Stable_530,0.009991344
Degrader_493_minus_Stable_982,0.009939153
Degrader_160_minus_Stable_1464,0.00988783
Gene_KRT87P,0.0098783
Degrader_1328_minus_Stable_588,0.009875214
Gene_HHATL-AS1,0.009865807
Degrader_410_minus_Stable_1178,0.009861096
Gene_SIX2,0.009839533
Degrader_44_minus_Stable_903,0.009833736
Degrader_608_minus_Stable_1464,0.009822021
Gene_BARX2,0.009809605
Gene_PLEKHS1,0.009751086
Gene_UCN3,0.0096195415
Gene_SYTL5,0.009553059
Degrader_940_minus_Stable_778,0.00948326
Degrader_888_minus_Stable_1015,0.009452709
Gene_LMX1A,0.009416774
Gene_IGKV3-15,0.009362407
Degrader_308_minus_Stable_607,0.009340501
Gene_RPRM,0.009335899
Degrader_940_minus_Stable_903,0.009331529
Gene_CAPSL,0.009320275
Degrader_671_minus_Stable_903,0.009311428
Gene_CLC,0.009294377
Gene_C1orf127,0.009293857
Gene_IGHV4-39,0.009284287
Gene_TRH,0.009283225
Gene_RTKN2,0.009238625
Degrader_888_minus_Stable_1260,0.009208704
Degrader_554_minus_Stable_1186,0.009177572
Degrader_108_minus_Stable_1258,0.009155023
Degrader_317_minus_Stable_955,0.0091411
Degrader_308_minus_Stable_778,0.009108856
Gene_PNLIPRP3,0.009090581
Degrader_1335_minus_Stable_860,0.009058026
Degrader_535_minus_Stable_1043,0.009050146
Degrader_362_minus_Stable_1066,0.009034291
Gene_RP11-706O15.5,0.008955676
Degrader_893_minus_Stable_588,0.008944562
Gene_CPA4,0.008902511
Degrader_218_minus_Stable_955,0.008901689
Degrader_921_minus_Stable_778,0.008885108
Degrader_1280_minus_Stable_1495,0.00885958
Gene_ARX,0.008776786
Gene_IGHV1-2,0.008770508
Gene_C2orf73,0.008762909
Degrader_456_minus_Stable_530,0.008760837
Degrader_543_minus_Stable_1044,0.00875011
Gene_CDHR4,0.008696023
Degrader_469_minus_Stable_955,0.008691995
Degrader_632_minus_Stable_528,0.008632003
Degrader_608_minus_Stable_1044,0.008597889
Gene_FREM3,0.008555979
Degrader_893_minus_Stable_1386,0.008529962
Degrader_608_minus_Stable_588,0.008450924
Degrader_200_minus_Stable_955,0.008440587
Degrader_671_minus_Stable_982,0.008437541
Degrader_1040_minus_Stable_901,0.008388782
Degrader_524_minus_Stable_766,0.008351544
Degrader_575_minus_Stable_807,0.008328877
Gene_REN,0.008322189
Degrader_322_minus_Stable_1413,0.008310389
Gene_DOC2A,0.008275263
Gene_RP11-568A7.3,0.008263331
Degrader_61_minus_Stable_588,0.008207578
Degrader_608_minus_Stable_901,0.008155698
Degrader_42_minus_Stable_1178,0.008120735
Degrader_608_minus_Stable_644,0.00810304
Degrader_413_minus_Stable_1495,0.008097156
Degrader_465_minus_Stable_644,0.008073961
Gene_IGHV1-18,0.008058815
Gene_AC104809.2,0.008040259
Degrader_839_minus_Stable_1043,0.008009776
Degrader_893_minus_Stable_1258,0.008007287
Gene_AC005324.6,0.007986989
Gene_LINC01070,0.007960427
Degrader_410_minus_Stable_778,0.007932811
Degrader_888_minus_Stable_530,0.007925445
Gene_TTC39A-AS1,0.007847723
Degrader_1328_minus_Stable_176,0.007818355
Degrader_492_minus_Stable_176,0.007797109
Degrader_809_minus_Stable_903,0.007787108
Degrader_42_minus_Stable_588,0.007757107
Degrader_671_minus_Stable_816,0.007748613
Degrader_84_minus_Stable_1066,0.0077462476
Degrader_166_minus_Stable_903,0.00773133
Gene_IGKJ3,0.007730263
Degrader_295_minus_Stable_1413,0.007688355
Gene_SPEF1,0.007649663
Degrader_613_minus_Stable_1043,0.0076441076
Degrader_162_minus_Stable_846,0.0076303515
Degrader_613_minus_Stable_584,0.007612932
Gene_SLC5A8,0.0075572254
Degrader_166_minus_Stable_1186,0.007429889
Gene_IGHA2,0.0074091097
Degrader_218_minus_Stable_766,0.0073550646
Degrader_155_minus_Stable_766,0.0073411134
Gene_IGLC4,0.0073341224
Degrader_1280_minus_Stable_1186,0.007279428
Gene_LCN2,0.007231648
Degrader_469_minus_Stable_982,0.007231076
Degrader_362_minus_Stable_1386,0.0072288434
Degrader_632_minus_Stable_1464,0.007185123
Degrader_493_minus_Stable_607,0.0071687656
Degrader_410_minus_Stable_766,0.0071460363
Gene_IGKV6-21,0.007126843
Gene_CFAP61,0.007111657
Degrader_317_minus_Stable_1015,0.0070764883
Degrader_250_minus_Stable_1464,0.007067957
Gene_EHF,0.007004611
Degrader_227_minus_Stable_982,0.00700138
Gene_IGLJ2,0.006933563
Degrader_893_minus_Stable_1495,0.006924686
Degrader_408_minus_Stable_1066,0.0068946118
Degrader_70_minus_Stable_1495,0.0068831774
Degrader_985_minus_Stable_528,0.006850867
Gene_IGKJ5,0.0068223495
Gene_HYDIN,0.0067805173
Degrader_1328_minus_Stable_955,0.006738918
Gene_IGKV2-26,0.0066900537
Gene_IGHV1-67,0.0066687264
Degrader_177_minus_Stable_1258,0.006574576
Degrader_554_minus_Stable_1386,0.0064616515
Gene_FREM2,0.00645826
Degrader_608_minus_Stable_1258,0.006439127
Gene_IGHV3-64D,0.006421918
Degrader_493_minus_Stable_901,0.0063960114
Gene_ACAN,0.0063731405
Degrader_608_minus_Stable_778,0.00635733
Degrader_218_minus_Stable_846,0.006226406
Gene_ERICH3,0.0062208055
Degrader_985_minus_Stable_1258,0.006216022
Gene_RP11-627G23.1,0.0062098326
Gene_RASSF10,0.00614972
Degrader_833_minus_Stable_1258,0.006125805
Degrader_200_minus_Stable_584,0.0060867704
Degrader_28_minus_Stable_530,0.0060656853
Gene_TEKT1,0.0060392525
Degrader_108_minus_Stable_584,0.0060094628
Degrader_1112_minus_Stable_901,0.006007088
Degrader_976_minus_Stable_528,0.00598428
Gene_IGHV4-61,0.0059767687
Degrader_322_minus_Stable_1015,0.0059711216
Degrader_976_minus_Stable_431,0.0059157843
Degrader_33_minus_Stable_1178,0.0059111556
Degrader_1112_minus_Stable_644,0.0058886562
Degrader_227_minus_Stable_431,0.005867489
Gene_DNAH2,0.0058464007
Degrader_447_minus_Stable_860,0.0058462373
Degrader_535_minus_Stable_1015,0.0058153886
Degrader_166_minus_Stable_431,0.0058111497
Gene_CCDC160,0.005804792
Degrader_1040_minus_Stable_982,0.005799509
Degrader_317_minus_Stable_903,0.005798648
Gene_AP001056.1,0.005730421
Degrader_575_minus_Stable_588,0.005719386
Degrader_976_minus_Stable_1260,0.0057147606
Degrader_575_minus_Stable_431,0.0056743547
Degrader_160_minus_Stable_1043,0.0055861883
Degrader_632_minus_Stable_903,0.0055371546
Gene_PCSK9,0.0055128806
Degrader_227_minus_Stable_1043,0.005453894
Degrader_456_minus_Stable_1066,0.0054438803
Degrader_1177_minus_Stable_1495,0.005421005
Degrader_575_minus_Stable_1044,0.005388116
Degrader_410_minus_Stable_1186,0.0053730407
Degrader_155_minus_Stable_860,0.0053602695
Degrader_28_minus_Stable_901,0.005342372
Degrader_317_minus_Stable_1043,0.0053395955
Degrader_888_minus_Stable_431,0.0053264424
Degrader_469_minus_Stable_1260,0.0053146468
Degrader_218_minus_Stable_1260,0.0053099245
Degrader_671_minus_Stable_807,0.0052528298
Degrader_575_minus_Stable_1464,0.005233148
Gene_RP11-756P10.7,0.00523008
Degrader_893_minus_Stable_816,0.00522777
Degrader_250_minus_Stable_807,0.0052073677
Gene_LRRC10B,0.00520569
Gene_NHLH2,0.005192089
Degrader_1040_minus_Stable_816,0.005183493
Gene_EPN3,0.0051701246
Degrader_408_minus_Stable_1258,0.005107927
Degrader_250_minus_Stable_1186,0.005080536
Degrader_714_minus_Stable_588,0.005058158
Degrader_1134_minus_Stable_901,0.0050441152
Degrader_61_minus_Stable_431,0.005020367
Degrader_598_minus_Stable_1015,0.0049933163
Degrader_693_minus_Stable_1260,0.00497259
Gene_ANOS2P,0.0049685356
Degrader_1215_minus_Stable_816,0.004953253
Gene_IGKV1D-39,0.0049390965
Degrader_608_minus_Stable_1186,0.004937667
Gene_LHFPL3,0.0049253227
Degrader_632_minus_Stable_176,0.004915392
Degrader_30_minus_Stable_607,0.0049080476
Degrader_156_minus_Stable_766,0.004895505
Degrader_218_minus_Stable_1413,0.0047647217
Degrader_308_minus_Stable_903,0.004752922
Degrader_227_minus_Stable_903,0.004734031
Gene_IGHV3-53,0.004658743
Degrader_1280_minus_Stable_528,0.004612562
Degrader_30_minus_Stable_778,0.0045809546
Gene_GSTA1,0.00456386
Degrader_598_minus_Stable_778,0.004556472
Degrader_337_minus_Stable_528,0.0044971197
Degrader_317_minus_Stable_846,0.0044707963
Degrader_985_minus_Stable_1186,0.0044664894
Degrader_156_minus_Stable_816,0.0044541354
Degrader_714_minus_Stable_1258,0.0044102287
Degrader_493_minus_Stable_644,0.0044101765
Gene_ELF5,0.004332795
Degrader_70_minus_Stable_588,0.0042914366
Degrader_456_minus_Stable_1043,0.004275936
Degrader_1177_minus_Stable_530,0.00427274
Degrader_24_minus_Stable_1066,0.004257983
Degrader_322_minus_Stable_588,0.0042516836
Gene_PLEKHG7,0.004224781
Degrader_317_minus_Stable_766,0.004203473
Gene_TSPAN19,0.004175598
Degrader_985_minus_Stable_607,0.00415987
Degrader_28_minus_Stable_528,0.004155575
Gene_G0S2,0.00415429
Degrader_554_minus_Stable_860,0.0041538314
Degrader_1335_minus_Stable_1258,0.0041286796
Degrader_693_minus_Stable_807,0.004096826
Degrader_337_minus_Stable_644,0.0040957914
Gene_ADGRF1,0.0040817307
Gene_IGKV1D-8,0.004016477
Degrader_839_minus_Stable_1258,0.004013374
Degrader_456_minus_Stable_528,0.0040097893
Gene_IGHV2-70D,0.003911764
Degrader_976_minus_Stable_1386,0.0038816147
Degrader_693_minus_Stable_1495,0.0038750547
Degrader_44_minus_Stable_584,0.0038201748
Degrader_156_minus_Stable_530,0.0038069012
Degrader_1134_minus_Stable_1258,0.0037929073
Degrader_295_minus_Stable_1066,0.0037504274
Degrader_465_minus_Stable_1386,0.0037270046
Degrader_733_minus_Stable_530,0.0037104513
Degrader_968_minus_Stable_1260,0.0037055425
Gene_FAM83A,0.0036138226
Gene_WFDC6,0.0036107365
Degrader_317_minus_Stable_176,0.0033836756
Degrader_308_minus_Stable_1386,0.0033590728
Degrader_135_minus_Stable_1044,0.0033428704
Degrader_575_minus_Stable_1258,0.003248709
Gene_SLC34A2,0.003219722
Gene_TTLL10,0.0031895728
Gene_EFHB,0.0031726288
Gene_CDHR3,0.003168806
Degrader_218_minus_Stable_1464,0.0031531518
Degrader_295_minus_Stable_588,0.0031422651
Degrader_337_minus_Stable_1495,0.0030967458
Degrader_575_minus_Stable_901,0.0030786917
Gene_APOH,0.0030626287
Gene_RP4-539M6.14,0.0030622405
Gene_CACNA2D3-AS1,0.0030616878
Gene_XXbac-BPG13B8.10,0.0030582128
Gene_IGKV1D-33,0.0030544014
Degrader_493_minus_Stable_1066,0.0030525909
Degrader_1112_minus_Stable_1495,0.0029829459
Gene_AC090616.2,0.0029504467
Degrader_554_minus_Stable_1044,0.0029319942
Gene_EYA1,0.002903787
Gene_GREM1,0.0029033618
Gene_RMST,0.0028609198
Gene_CTD-2501M5.1,0.0028590083
Gene_LIPG,0.002825827
Degrader_44_minus_Stable_1464,0.0027768055
Degrader_162_minus_Stable_982,0.0027638946
Degrader_469_minus_Stable_1066,0.0027099892
Degrader_1476_minus_Stable_901,0.002703663
Degrader_554_minus_Stable_1260,0.0026728485
Degrader_492_minus_Stable_766,0.0026339225
Degrader_598_minus_Stable_1260,0.0024987808
Gene_TRDN,0.0024414987
Degrader_308_minus_Stable_1043,0.0024335757
Gene_DNAH10,0.0024301629
Degrader_492_minus_Stable_1464,0.0024241444
Gene_CCDC78,0.0024085816
Degrader_162_minus_Stable_1066,0.0023514593
Gene_TECRL,0.0023327032
Degrader_493_minus_Stable_1015,0.0022886395
Degrader_1040_minus_Stable_778,0.0022770623
Degrader_1280_minus_Stable_1066,0.00227046
Degrader_469_minus_Stable_176,0.0022570621
Degrader_42_minus_Stable_530,0.0022328028
Gene_IL6,0.0022318726
Gene_ZNF683,0.0022160513
Degrader_322_minus_Stable_1386,0.002169911
Gene_LINC00958,0.002149712
Degrader_410_minus_Stable_584,0.0021139774
Degrader_833_minus_Stable_901,0.0020128551
Degrader_317_minus_Stable_1066,0.001997154
Gene_CNR1,0.001981016
Degrader_308_minus_Stable_431,0.0019677528
Gene_FAM92B,0.0019612403
Gene_RP11-98D18.15,0.0019191381
Degrader_535_minus_Stable_644,0.0018694281
Degrader_1328_minus_Stable_846,0.001868642
Gene_AZGP1,0.0018559537
Gene_PLPPR1,0.0017915776
Degrader_353_minus_Stable_1258,0.0016791393
Gene_RP11-356K23.1,0.0016737645
Gene_LRRC55,0.0015742162
Degrader_322_minus_Stable_431,0.0015509671
Degrader_135_minus_Stable_1186,0.0014727594
Degrader_985_minus_Stable_1178,0.0014206662
Gene_CLPS,0.0013447608
Gene_ROS1,0.0012613317
Degrader_575_minus_Stable_982,0.0010823366
Degrader_921_minus_Stable_955,0.0010799468
Gene_ANKRD66,0.0005921661
Gene_LDLRAD1,0.0005013154
Degrader_833_minus_Stable_176,0.0
Degrader_833_minus_Stable_860,0.0
Degrader_833_minus_Stable_778,0.0
Degrader_833_minus_Stable_1495,0.0
Degrader_162_minus_Stable_955,0.0
Degrader_162_minus_Stable_1386,0.0
Degrader_162_minus_Stable_1043,0.0
Degrader_162_minus_Stable_901,0.0
Degrader_44_minus_Stable_607,0.0
Degrader_44_minus_Stable_528,0.0
Degrader_44_minus_Stable_1066,0.0
Degrader_44_minus_Stable_766,0.0
Degrader_44_minus_Stable_176,0.0
Degrader_44_minus_Stable_1495,0.0
Degrader_364_minus_Stable_1386,0.0
Degrader_364_minus_Stable_1413,0.0
Degrader_364_minus_Stable_1015,0.0
Degrader_364_minus_Stable_1258,0.0
Degrader_364_minus_Stable_903,0.0
Degrader_364_minus_Stable_901,0.0
Degrader_833_minus_Stable_607,0.0
Degrader_833_minus_Stable_1178,0.0
Degrader_833_minus_Stable_528,0.0
Degrader_833_minus_Stable_644,0.0
Degrader_833_minus_Stable_846,0.0
Degrader_833_minus_Stable_1464,0.0
Degrader_364_minus_Stable_528,0.0
Degrader_364_minus_Stable_846,0.0
Degrader_364_minus_Stable_766,0.0
Degrader_364_minus_Stable_584,0.0
Degrader_364_minus_Stable_431,0.0
Degrader_364_minus_Stable_588,0.0
Degrader_364_minus_Stable_176,0.0
Degrader_364_minus_Stable_860,0.0
Degrader_364_minus_Stable_778,0.0
Degrader_364_minus_Stable_1495,0.0
Degrader_364_minus_Stable_1260,0.0
Degrader_44_minus_Stable_1186,0.0
Degrader_44_minus_Stable_1015,0.0
Degrader_1328_minus_Stable_528,0.0
Degrader_1328_minus_Stable_766,0.0
Degrader_1328_minus_Stable_816,0.0
Degrader_1328_minus_Stable_778,0.0
Degrader_1328_minus_Stable_1495,0.0
Degrader_42_minus_Stable_860,0.0
Degrader_42_minus_Stable_1495,0.0
Degrader_42_minus_Stable_1260,0.0
Degrader_42_minus_Stable_1413,0.0
Degrader_42_minus_Stable_1043,0.0
Degrader_42_minus_Stable_1044,0.0
Degrader_42_minus_Stable_1015,0.0
Degrader_42_minus_Stable_1258,0.0
Degrader_42_minus_Stable_903,0.0
Degrader_42_minus_Stable_901,0.0
Degrader_364_minus_Stable_607,0.0
Degrader_1328_minus_Stable_1413,0.0
Degrader_353_minus_Stable_607,0.0
Degrader_353_minus_Stable_530,0.0
Degrader_353_minus_Stable_1464,0.0
Gene_RP11-203H19.2,0.0
Gene_IGLC6,0.0
Degrader_42_minus_Stable_1464,0.0
Degrader_42_minus_Stable_1066,0.0
Degrader_42_minus_Stable_766,0.0
Degrader_42_minus_Stable_982,0.0
Degrader_42_minus_Stable_431,0.0
Degrader_42_minus_Stable_176,0.0
Degrader_353_minus_Stable_807,0.0
Degrader_353_minus_Stable_982,0.0
Degrader_353_minus_Stable_176,0.0
Degrader_353_minus_Stable_860,0.0
Degrader_353_minus_Stable_1260,0.0
Degrader_317_minus_Stable_860,0.0
Degrader_317_minus_Stable_1495,0.0
Degrader_317_minus_Stable_901,0.0
Degrader_42_minus_Stable_607,0.0
Degrader_42_minus_Stable_846,0.0
Degrader_353_minus_Stable_1043,0.0
Degrader_337_minus_Stable_607,0.0
Degrader_337_minus_Stable_1464,0.0
Gene_WDR93,0.0
Gene_RP11-576C2.1,0.0
Degrader_317_minus_Stable_644,0.0
Degrader_317_minus_Stable_1464,0.0
Degrader_317_minus_Stable_588,0.0
Gene_RP11-503N18.4,0.0
Gene_ENKUR,0.0
Degrader_337_minus_Stable_766,0.0
Degrader_337_minus_Stable_431,0.0
Degrader_337_minus_Stable_860,0.0
Degrader_337_minus_Stable_1260,0.0
Degrader_33_minus_Stable_176,0.0
Degrader_33_minus_Stable_778,0.0
Degrader_33_minus_Stable_1495,0.0
Degrader_33_minus_Stable_1260,0.0
Degrader_33_minus_Stable_955,0.0
Degrader_33_minus_Stable_1186,0.0
Degrader_33_minus_Stable_1386,0.0
Degrader_33_minus_Stable_1413,0.0
Degrader_33_minus_Stable_1043,0.0
Degrader_317_minus_Stable_607,0.0
Degrader_337_minus_Stable_1043,0.0
Gene_KRT2,0.0
Degrader_337_minus_Stable_1015,0.0
Degrader_337_minus_Stable_903,0.0
Gene_RP11-423E7.2,0.0
Gene_RP11-311D14.1,0.0
Degrader_33_minus_Stable_846,0.0
Degrader_33_minus_Stable_530,0.0
Degrader_33_minus_Stable_766,0.0
Degrader_1289_minus_Stable_807,0.0
Gene_CFAP99,0.0
Gene_FAM166B,0.0
Degrader_410_minus_Stable_588,0.0
Degrader_410_minus_Stable_176,0.0
Degrader_410_minus_Stable_816,0.0
Degrader_410_minus_Stable_1495,0.0
Degrader_410_minus_Stable_1386,0.0
Degrader_410_minus_Stable_901,0.0
Degrader_33_minus_Stable_607,0.0
Degrader_1289_minus_Stable_1186,0.0
Degrader_1289_minus_Stable_1043,0.0
Degrader_177_minus_Stable_607,0.0
Degrader_177_minus_Stable_528,0.0
Degrader_177_minus_Stable_846,0.0
Degrader_177_minus_Stable_530,0.0
Degrader_177_minus_Stable_1464,0.0
Degrader_177_minus_Stable_766,0.0
Degrader_177_minus_Stable_431,0.0
Gene_C5orf49,0.0
Gene_TCTE1,0.0
Degrader_177_minus_Stable_588,0.0
Degrader_177_minus_Stable_176,0.0
Degrader_177_minus_Stable_816,0.0
Degrader_177_minus_Stable_860,0.0
Degrader_177_minus_Stable_1260,0.0
Degrader_177_minus_Stable_1186,0.0
Degrader_535_minus_Stable_1258,0.0
Degrader_535_minus_Stable_903,0.0
Degrader_535_minus_Stable_901,0.0
Degrader_410_minus_Stable_1464,0.0
Degrader_410_minus_Stable_1066,0.0
Degrader_177_minus_Stable_1413,0.0
Degrader_177_minus_Stable_1043,0.0
Degrader_177_minus_Stable_1044,0.0
Degrader_469_minus_Stable_607,0.0
Degrader_469_minus_Stable_528,0.0
Degrader_469_minus_Stable_644,0.0
Degrader_469_minus_Stable_530,0.0
Degrader_469_minus_Stable_584,0.0
Degrader_469_minus_Stable_431,0.0
Degrader_469_minus_Stable_588,0.0
Degrader_469_minus_Stable_860,0.0
Degrader_469_minus_Stable_778,0.0
Degrader_469_minus_Stable_1495,0.0
Degrader_469_minus_Stable_1186,0.0
Degrader_469_minus_Stable_1413,0.0
Degrader_469_minus_Stable_1043,0.0
Degrader_469_minus_Stable_1044,0.0
Degrader_469_minus_Stable_1015,0.0
Degrader_469_minus_Stable_1258,0.0
Degrader_535_minus_Stable_816,0.0
Degrader_535_minus_Stable_860,0.0
Degrader_535_minus_Stable_1495,0.0
Degrader_535_minus_Stable_1260,0.0
Degrader_535_minus_Stable_955,0.0
Degrader_535_minus_Stable_1186,0.0
Degrader_535_minus_Stable_1413,0.0
Degrader_469_minus_Stable_901,0.0
Gene_DNAAF3,0.0
Degrader_1177_minus_Stable_644,0.0
Degrader_160_minus_Stable_955,0.0
Degrader_160_minus_Stable_901,0.0
Degrader_535_minus_Stable_607,0.0
Degrader_535_minus_Stable_528,0.0
Degrader_535_minus_Stable_846,0.0
Degrader_535_minus_Stable_530,0.0
Degrader_535_minus_Stable_1464,0.0
Degrader_535_minus_Stable_584,0.0
Degrader_535_minus_Stable_982,0.0
Degrader_160_minus_Stable_982,0.0
Degrader_160_minus_Stable_816,0.0
Degrader_160_minus_Stable_1495,0.0
Degrader_160_minus_Stable_1260,0.0
Gene_LRRC46,0.0
Gene_IGKV3D-7,0.0
Gene_RP11-161H23.9,0.0
Gene_FOXJ1,0.0
Gene_LINC01571,0.0
Degrader_1134_minus_Stable_903,0.0
Degrader_160_minus_Stable_644,0.0
Degrader_160_minus_Stable_846,0.0
Degrader_160_minus_Stable_766,0.0
Gene_TMEM105,0.0
Degrader_1177_minus_Stable_1043,0.0
Degrader_492_minus_Stable_528,0.0
Degrader_492_minus_Stable_846,0.0
Degrader_492_minus_Stable_982,0.0
Degrader_492_minus_Stable_816,0.0
Degrader_1134_minus_Stable_607,0.0
Degrader_1134_minus_Stable_530,0.0
Degrader_1134_minus_Stable_766,0.0
Degrader_1134_minus_Stable_584,0.0
Degrader_1134_minus_Stable_431,0.0
Degrader_1134_minus_Stable_176,0.0
Degrader_492_minus_Stable_1495,0.0
Degrader_492_minus_Stable_1260,0.0
Degrader_492_minus_Stable_1413,0.0
Degrader_492_minus_Stable_1258,0.0
Degrader_1335_minus_Stable_528,0.0
Degrader_1335_minus_Stable_846,0.0
Degrader_1335_minus_Stable_530,0.0
Gene_TSPAN1,0.0
Gene_LRRC26,0.0
Gene_CHST6,0.0
Gene_SLC9C2,0.0
Degrader_714_minus_Stable_1015,0.0
Degrader_714_minus_Stable_901,0.0
Degrader_1335_minus_Stable_431,0.0
Degrader_1335_minus_Stable_176,0.0
Degrader_1335_minus_Stable_816,0.0
Degrader_1335_minus_Stable_1495,0.0
Degrader_1335_minus_Stable_1260,0.0
Degrader_714_minus_Stable_176,0.0
Degrader_714_minus_Stable_1495,0.0
Degrader_714_minus_Stable_1260,0.0
Gene_DNAAF1,0.0
Degrader_1335_minus_Stable_1186,0.0
Degrader_1335_minus_Stable_1044,0.0
Degrader_1335_minus_Stable_1015,0.0
Degrader_1335_minus_Stable_903,0.0
Degrader_1335_minus_Stable_901,0.0
Degrader_24_minus_Stable_607,0.0
Degrader_70_minus_Stable_778,0.0
Degrader_70_minus_Stable_955,0.0
Degrader_70_minus_Stable_1043,0.0
Degrader_70_minus_Stable_1258,0.0
Degrader_70_minus_Stable_903,0.0
Degrader_24_minus_Stable_766,0.0
Degrader_24_minus_Stable_816,0.0
Degrader_24_minus_Stable_860,0.0
Degrader_24_minus_Stable_1495,0.0
Degrader_24_minus_Stable_1043,0.0
Gene_LINC00284,0.0
Gene_IGLV3-19,0.0
Gene_RP5-978I12.1,0.0
Degrader_70_minus_Stable_1464,0.0
Degrader_70_minus_Stable_766,0.0
Degrader_70_minus_Stable_431,0.0
Degrader_70_minus_Stable_176,0.0
Degrader_70_minus_Stable_816,0.0
Degrader_70_minus_Stable_860,0.0
Degrader_456_minus_Stable_607,0.0
Degrader_456_minus_Stable_846,0.0
Degrader_456_minus_Stable_766,0.0
Degrader_456_minus_Stable_584,0.0
Degrader_456_minus_Stable_982,0.0
Degrader_456_minus_Stable_431,0.0
Degrader_598_minus_Stable_1043,0.0
Degrader_598_minus_Stable_903,0.0
Degrader_598_minus_Stable_901,0.0
Degrader_70_minus_Stable_528,0.0
Degrader_456_minus_Stable_588,0.0
Degrader_456_minus_Stable_176,0.0
Degrader_456_minus_Stable_778,0.0
Degrader_456_minus_Stable_1495,0.0
Degrader_456_minus_Stable_955,0.0
Degrader_456_minus_Stable_1186,0.0
Degrader_456_minus_Stable_1413,0.0
Gene_PNLIPRP2,0.0
Degrader_84_minus_Stable_901,0.0
Degrader_598_minus_Stable_607,0.0
Degrader_598_minus_Stable_644,0.0
Degrader_598_minus_Stable_846,0.0
Degrader_598_minus_Stable_1066,0.0
Degrader_598_minus_Stable_766,0.0
Degrader_598_minus_Stable_1495,0.0
Gene_RP4-568B10.1,0.0
Gene_RSPH10B2,0.0
Degrader_456_minus_Stable_1044,0.0
Degrader_456_minus_Stable_1258,0.0
Degrader_456_minus_Stable_903,0.0
Degrader_456_minus_Stable_901,0.0
Degrader_155_minus_Stable_1464,0.0
Gene_IGHV5-51,0.0
Degrader_84_minus_Stable_1495,0.0
Degrader_84_minus_Stable_1260,0.0
Degrader_84_minus_Stable_955,0.0
Degrader_84_minus_Stable_1413,0.0
Degrader_84_minus_Stable_1044,0.0
Degrader_84_minus_Stable_1015,0.0
Degrader_84_minus_Stable_1258,0.0
Degrader_84_minus_Stable_903,0.0
Gene_RP11-395E19.6,0.0
Degrader_155_minus_Stable_778,0.0
Degrader_84_minus_Stable_1178,0.0
Degrader_84_minus_Stable_846,0.0
Degrader_84_minus_Stable_1464,0.0
Degrader_84_minus_Stable_584,0.0
Degrader_84_minus_Stable_588,0.0
Degrader_84_minus_Stable_860,0.0
Gene_MARCH10,0.0
Gene_EFCAB1,0.0
Gene_RP11-356O9.2,0.0
Gene_CFAP43,0.0
Gene_MGC27382,0.0
Degrader_155_minus_Stable_1258,0.0
Degrader_61_minus_Stable_176,0.0
Degrader_61_minus_Stable_816,0.0
Degrader_61_minus_Stable_860,0.0
Degrader_61_minus_Stable_778,0.0
Degrader_61_minus_Stable_1495,0.0
Degrader_61_minus_Stable_1260,0.0
Degrader_61_minus_Stable_1186,0.0
Degrader_61_minus_Stable_1043,0.0
Degrader_61_minus_Stable_1044,0.0
Degrader_61_minus_Stable_901,0.0
Degrader_155_minus_Stable_901,0.0
Degrader_447_minus_Stable_431,0.0
Degrader_447_minus_Stable_176,0.0
Degrader_447_minus_Stable_1186,0.0
Degrader_447_minus_Stable_1386,0.0
Degrader_524_minus_Stable_1178,0.0
Degrader_524_minus_Stable_644,0.0
Degrader_524_minus_Stable_530,0.0
Degrader_524_minus_Stable_807,0.0
Degrader_839_minus_Stable_1044,0.0
Degrader_839_minus_Stable_1015,0.0
Degrader_839_minus_Stable_901,0.0
Degrader_61_minus_Stable_607,0.0
Degrader_61_minus_Stable_846,0.0
Degrader_61_minus_Stable_1464,0.0
Degrader_61_minus_Stable_1066,0.0
Degrader_61_minus_Stable_766,0.0
Degrader_61_minus_Stable_584,0.0
Degrader_61_minus_Stable_982,0.0
Gene_CD164L2,0.0
Gene_IGKV2-30,0.0
Gene_TP73,0.0
Degrader_839_minus_Stable_860,0.0
Degrader_839_minus_Stable_778,0.0
Degrader_839_minus_Stable_1495,0.0
Degrader_839_minus_Stable_1260,0.0
Degrader_839_minus_Stable_1186,0.0
Degrader_839_minus_Stable_1386,0.0
Degrader_524_minus_Stable_778,0.0
Degrader_524_minus_Stable_1495,0.0
Degrader_524_minus_Stable_1260,0.0
Degrader_524_minus_Stable_1015,0.0
Degrader_524_minus_Stable_903,0.0
Degrader_524_minus_Stable_901,0.0
Degrader_575_minus_Stable_607,0.0
Degrader_575_minus_Stable_1178,0.0
Degrader_575_minus_Stable_528,0.0
Degrader_575_minus_Stable_846,0.0
Gene_IGHG1,0.0
Degrader_940_minus_Stable_846,0.0
Degrader_575_minus_Stable_766,0.0
Degrader_575_minus_Stable_584,0.0
Gene_IGKV3-7,0.0
Gene_LRRC71,0.0
Ratio_mean,0.0
Degrader_218_minus_Stable_901,0.0
Degrader_839_minus_Stable_607,0.0
Degrader_839_minus_Stable_1178,0.0
Degrader_839_minus_Stable_528,0.0
Degrader_839_minus_Stable_1464,0.0
Degrader_839_minus_Stable_766,0.0
Degrader_839_minus_Stable_584,0.0
Degrader_839_minus_Stable_431,0.0
Degrader_575_minus_Stable_1495,0.0
Degrader_575_minus_Stable_1260,0.0
Degrader_575_minus_Stable_1186,0.0
Degrader_575_minus_Stable_1386,0.0
Degrader_575_minus_Stable_1043,0.0
Ratio_max,0.0
Gene_IGHV4-55,0.0
Degrader_575_minus_Stable_903,0.0
Gene_RP11-428C19.4,0.0
Degrader_693_minus_Stable_607,0.0
Degrader_693_minus_Stable_528,0.0
Gene_C7orf57,0.0
Gene_CSRP3,0.0
Gene_SERPINB4,0.0
Gene_SLC7A11-AS1,0.0
Gene_CFAP46,0.0
Degrader_693_minus_Stable_530,0.0
Degrader_893_minus_Stable_846,0.0
Degrader_693_minus_Stable_766,0.0
Degrader_893_minus_Stable_1066,0.0
Degrader_893_minus_Stable_1260,0.0
Degrader_218_minus_Stable_584,0.0
Degrader_218_minus_Stable_982,0.0
Degrader_218_minus_Stable_588,0.0
Degrader_218_minus_Stable_176,0.0
Degrader_218_minus_Stable_816,0.0
Degrader_893_minus_Stable_1413,0.0
Degrader_218_minus_Stable_778,0.0
Autolysis_squared,0.0
Gene_HS3ST6,0.0
Degrader_218_minus_Stable_1386,0.0
Degrader_608_minus_Stable_584,0.0
Degrader_218_minus_Stable_1043,0.0
Degrader_693_minus_Stable_588,0.0
Degrader_608_minus_Stable_816,0.0
Degrader_608_minus_Stable_860,0.0
Degrader_693_minus_Stable_1043,0.0
Degrader_693_minus_Stable_903,0.0
Degrader_1040_minus_Stable_528,0.0
Gene_CNGA4,0.0
Degrader_608_minus_Stable_955,0.0
Degrader_608_minus_Stable_1413,0.0
Gene_CYP2A13,0.0
Degrader_308_minus_Stable_1015,0.0
Degrader_608_minus_Stable_903,0.0
Degrader_308_minus_Stable_901,0.0
Degrader_218_minus_Stable_607,0.0
Gene_TTTY10,0.0
Degrader_1040_minus_Stable_766,0.0
Degrader_1040_minus_Stable_584,0.0
Gene_C2orf50,0.0
Degrader_1040_minus_Stable_176,0.0
Gene_DCDC1,0.0
Gene_IGLV6-57,0.0
Degrader_1040_minus_Stable_1495,0.0
Degrader_308_minus_Stable_530,0.0
Degrader_308_minus_Stable_1066,0.0
Degrader_308_minus_Stable_766,0.0
Degrader_308_minus_Stable_982,0.0
Gene_RP11-167N4.2,0.0
Degrader_940_minus_Stable_530,0.0
Degrader_308_minus_Stable_1495,0.0
Degrader_308_minus_Stable_1260,0.0
Degrader_308_minus_Stable_1186,0.0
Degrader_940_minus_Stable_584,0.0
Degrader_940_minus_Stable_982,0.0
Gene_LINC01765,0.0
Gene_CTB-127C13.1,0.0
Gene_FAM81B,0.0
Degrader_1040_minus_Stable_1386,0.0
Degrader_1040_minus_Stable_1413,0.0
Degrader_1040_minus_Stable_1015,0.0
Degrader_1040_minus_Stable_903,0.0
Degrader_940_minus_Stable_860,0.0
Degrader_1215_minus_Stable_607,0.0
Degrader_968_minus_Stable_176,0.0
Degrader_968_minus_Stable_1495,0.0
Degrader_940_minus_Stable_1495,0.0
Degrader_968_minus_Stable_1413,0.0
Degrader_968_minus_Stable_1044,0.0
Degrader_968_minus_Stable_901,0.0
Degrader_940_minus_Stable_955,0.0
Degrader_308_minus_Stable_528,0.0
Degrader_308_minus_Stable_846,0.0
Degrader_1215_minus_Stable_528,0.0
Degrader_1215_minus_Stable_644,0.0
Degrader_1215_minus_Stable_846,0.0
Degrader_1215_minus_Stable_1066,0.0
Degrader_1215_minus_Stable_982,0.0
Degrader_940_minus_Stable_1186,0.0
Degrader_1215_minus_Stable_860,0.0
Degrader_1215_minus_Stable_1386,0.0
Degrader_968_minus_Stable_530,0.0
Degrader_940_minus_Stable_1386,0.0
Gene_USH1C,0.0
Degrader_968_minus_Stable_982,0.0
Degrader_968_minus_Stable_431,0.0
Degrader_940_minus_Stable_1043,0.0
Gene_CCDC114,0.0
Degrader_1215_minus_Stable_1413,0.0
Degrader_1215_minus_Stable_1015,0.0
Degrader_1215_minus_Stable_901,0.0
Degrader_921_minus_Stable_607,0.0
Degrader_921_minus_Stable_1178,0.0
Degrader_921_minus_Stable_528,0.0
Degrader_921_minus_Stable_846,0.0
Degrader_921_minus_Stable_1066,0.0
Degrader_921_minus_Stable_766,0.0
Degrader_921_minus_Stable_584,0.0
Degrader_921_minus_Stable_982,0.0
Degrader_921_minus_Stable_588,0.0
Degrader_940_minus_Stable_1044,0.0
Degrader_921_minus_Stable_1495,0.0
Degrader_940_minus_Stable_901,0.0
Degrader_921_minus_Stable_1043,0.0
Degrader_985_minus_Stable_860,0.0
Degrader_985_minus_Stable_1495,0.0
Degrader_985_minus_Stable_1260,0.0
Degrader_166_minus_Stable_1178,0.0
Degrader_985_minus_Stable_1413,0.0
Degrader_985_minus_Stable_1044,0.0
Degrader_166_minus_Stable_644,0.0
Degrader_985_minus_Stable_903,0.0
Degrader_985_minus_Stable_901,0.0
Degrader_968_minus_Stable_644,0.0
Degrader_968_minus_Stable_846,0.0
Degrader_921_minus_Stable_903,0.0
Degrader_921_minus_Stable_901,0.0
Degrader_613_minus_Stable_644,0.0
Degrader_613_minus_Stable_846,0.0
Degrader_613_minus_Stable_1464,0.0
Degrader_613_minus_Stable_766,0.0
Gene_RP11-101E5.1,0.0
Gene_RSPH1,0.0
Gene_SDR16C5,0.0
Gene_TEKT2,0.0
Degrader_608_minus_Stable_1178,0.0
Gene_HNF4G,0.0
Gene_AGBL2,0.0
Degrader_608_minus_Stable_528,0.0
Degrader_985_minus_Stable_530,0.0
Degrader_985_minus_Stable_1464,0.0
Degrader_608_minus_Stable_846,0.0
Degrader_985_minus_Stable_584,0.0
Degrader_985_minus_Stable_982,0.0
Degrader_985_minus_Stable_431,0.0
Degrader_985_minus_Stable_588,0.0
Degrader_985_minus_Stable_176,0.0
Degrader_608_minus_Stable_807,0.0
Gene_GAS2L2,0.0
Degrader_613_minus_Stable_176,0.0
Degrader_613_minus_Stable_778,0.0
Degrader_613_minus_Stable_1495,0.0
Degrader_613_minus_Stable_1260,0.0
Degrader_613_minus_Stable_1386,0.0
Degrader_156_minus_Stable_1386,0.0
Degrader_156_minus_Stable_901,0.0
Degrader_608_minus_Stable_766,0.0
Degrader_166_minus_Stable_846,0.0
Degrader_166_minus_Stable_530,0.0
Degrader_985_minus_Stable_644,0.0
Degrader_985_minus_Stable_846,0.0
Degrader_166_minus_Stable_1066,0.0
Degrader_613_minus_Stable_1044,0.0
Degrader_613_minus_Stable_1015,0.0
Degrader_613_minus_Stable_901,0.0
Degrader_338_minus_Stable_528,0.0
Degrader_338_minus_Stable_846,0.0
Degrader_338_minus_Stable_766,0.0
Degrader_338_minus_Stable_584,0.0
Degrader_338_minus_Stable_982,0.0
Gene_PPP1R42,0.0
Degrader_156_minus_Stable_528,0.0
Degrader_166_minus_Stable_766,0.0
Degrader_166_minus_Stable_982,0.0
Degrader_156_minus_Stable_982,0.0
Degrader_156_minus_Stable_431,0.0
Degrader_156_minus_Stable_588,0.0
Degrader_166_minus_Stable_588,0.0
Degrader_156_minus_Stable_1260,0.0
Degrader_156_minus_Stable_955,0.0
Gene_AC097374.2,0.0
Gene_RP11-428C19.5,0.0
Degrader_166_minus_Stable_176,0.0
Gene_C11orf88,0.0
Degrader_338_minus_Stable_1260,0.0
Degrader_338_minus_Stable_1186,0.0
Degrader_166_minus_Stable_778,0.0
Gene_RP5-881L22.5,0.0
Gene_SPATA17,0.0
Degrader_421_minus_Stable_1413,0.0
Degrader_421_minus_Stable_901,0.0
Degrader_338_minus_Stable_1044,0.0
Degrader_338_minus_Stable_1015,0.0
Degrader_338_minus_Stable_901,0.0
Degrader_632_minus_Stable_607,0.0
Degrader_166_minus_Stable_1495,0.0
Degrader_632_minus_Stable_644,0.0
Degrader_632_minus_Stable_530,0.0
Degrader_631_minus_Stable_955,0.0
Degrader_632_minus_Stable_807,0.0
Degrader_362_minus_Stable_901,0.0
Degrader_421_minus_Stable_528,0.0
Degrader_421_minus_Stable_846,0.0
Degrader_421_minus_Stable_766,0.0
Degrader_421_minus_Stable_584,0.0
Degrader_421_minus_Stable_176,0.0
Gene_ABCA3,0.0
Gene_RP11-79C6.2,0.0
Degrader_608_minus_Stable_607,0.0
Gene_RIIAD1,0.0
Gene_DNAH12,0.0
Gene_IMPA1P1,0.0
Degrader_632_minus_Stable_816,0.0
Degrader_632_minus_Stable_860,0.0
Degrader_632_minus_Stable_778,0.0
Degrader_632_minus_Stable_1495,0.0
Degrader_632_minus_Stable_1186,0.0
Degrader_632_minus_Stable_1386,0.0
Degrader_632_minus_Stable_1044,0.0
Degrader_632_minus_Stable_1258,0.0
Degrader_166_minus_Stable_1413,0.0
Gene_C9orf24,0.0
Gene_DNAH9,0.0
Gene_RP11-467J12.4,0.0
Degrader_166_minus_Stable_1015,0.0
Gene_CFAP157,0.0
Gene_RP4-547N15.3,0.0
Degrader_166_minus_Stable_1258,0.0
Gene_RSPH4A,0.0
Degrader_166_minus_Stable_901,0.0
Degrader_362_minus_Stable_860,0.0
Degrader_362_minus_Stable_1260,0.0
Degrader_362_minus_Stable_955,0.0
Degrader_108_minus_Stable_607,0.0
Degrader_362_minus_Stable_1015,0.0
Degrader_362_minus_Stable_1258,0.0
Degrader_733_minus_Stable_982,0.0
Degrader_733_minus_Stable_860,0.0
Degrader_733_minus_Stable_1260,0.0
Degrader_733_minus_Stable_955,0.0
Degrader_733_minus_Stable_903,0.0
Degrader_733_minus_Stable_901,0.0
Degrader_493_minus_Stable_1413,0.0
Degrader_493_minus_Stable_1043,0.0
Degrader_108_minus_Stable_846,0.0
Degrader_108_minus_Stable_530,0.0
Degrader_362_minus_Stable_607,0.0
Degrader_362_minus_Stable_644,0.0
Degrader_362_minus_Stable_846,0.0
Degrader_108_minus_Stable_1464,0.0
Degrader_362_minus_Stable_982,0.0
Degrader_362_minus_Stable_588,0.0
Degrader_362_minus_Stable_176,0.0
Degrader_108_minus_Stable_807,0.0
Degrader_1112_minus_Stable_607,0.0
Gene_C1QTNF8,0.0
Degrader_1112_minus_Stable_530,0.0
Degrader_1112_minus_Stable_584,0.0
Degrader_1112_minus_Stable_588,0.0
Degrader_1112_minus_Stable_816,0.0
Degrader_1112_minus_Stable_778,0.0
Gene_RP1-193H18.3,0.0
Gene_CCNO,0.0
Gene_F11-AS1,0.0
Degrader_493_minus_Stable_588,0.0
Degrader_493_minus_Stable_176,0.0
Degrader_493_minus_Stable_860,0.0
Degrader_493_minus_Stable_1260,0.0
Degrader_493_minus_Stable_955,0.0
Gene_SRD5A2,0.0
Gene_LINC01267,0.0
Gene_DYDC1,0.0
Gene_C4orf22,0.0
Degrader_1112_minus_Stable_1386,0.0
Degrader_1112_minus_Stable_1015,0.0
Gene_TMEM163,0.0
Degrader_809_minus_Stable_607,0.0
Degrader_135_minus_Stable_901,0.0
Degrader_631_minus_Stable_607,0.0
Gene_RP11-128M1.1,0.0
Degrader_108_minus_Stable_176,0.0
Degrader_493_minus_Stable_530,0.0
Degrader_493_minus_Stable_1464,0.0
Degrader_108_minus_Stable_816,0.0
Degrader_493_minus_Stable_766,0.0
Degrader_108_minus_Stable_860,0.0
Degrader_809_minus_Stable_1464,0.0
Degrader_809_minus_Stable_584,0.0
Degrader_809_minus_Stable_982,0.0
Degrader_809_minus_Stable_176,0.0
Degrader_108_minus_Stable_1260,0.0
Gene_DNAI2,0.0
Degrader_108_minus_Stable_1413,0.0
Gene_TTLL9,0.0
Gene_ITLN2,0.0
Degrader_135_minus_Stable_1386,0.0
Degrader_135_minus_Stable_1413,0.0
Degrader_135_minus_Stable_1015,0.0
Degrader_322_minus_Stable_176,0.0
Degrader_322_minus_Stable_1495,0.0
Degrader_322_minus_Stable_1186,0.0
Degrader_135_minus_Stable_1258,0.0
Degrader_108_minus_Stable_901,0.0
Gene_TEKT4,0.0
Gene_CFAP74,0.0
Degrader_809_minus_Stable_1413,0.0
Degrader_809_minus_Stable_1044,0.0
Degrader_671_minus_Stable_528,0.0
Degrader_809_minus_Stable_901,0.0
Degrader_1280_minus_Stable_607,0.0
Degrader_671_minus_Stable_846,0.0
Degrader_322_minus_Stable_607,0.0
Degrader_322_minus_Stable_846,0.0
Degrader_671_minus_Stable_1464,0.0
Gene_RSPH10B,0.0
Gene_LLNLF-187D8.1,0.0
Degrader_671_minus_Stable_766,0.0
Degrader_1280_minus_Stable_1464,0.0
Gene_RIBC2,0.0
Degrader_1280_minus_Stable_766,0.0
Degrader_1280_minus_Stable_584,0.0
Degrader_1280_minus_Stable_982,0.0
Degrader_1280_minus_Stable_431,0.0
Degrader_1280_minus_Stable_588,0.0
Degrader_1280_minus_Stable_176,0.0
Degrader_1280_minus_Stable_860,0.0
Gene_GOLT1A,0.0
Degrader_1280_minus_Stable_1260,0.0
Gene_RP11-1036E20.9,0.0
Degrader_1280_minus_Stable_1386,0.0
Degrader_1280_minus_Stable_1413,0.0
Degrader_1280_minus_Stable_1043,0.0
Degrader_1280_minus_Stable_1015,0.0
Degrader_1280_minus_Stable_1258,0.0
Degrader_1280_minus_Stable_903,0.0
Degrader_1280_minus_Stable_901,0.0
Degrader_888_minus_Stable_607,0.0
Degrader_888_minus_Stable_528,0.0
Degrader_888_minus_Stable_644,0.0
Degrader_671_minus_Stable_431,0.0
Degrader_888_minus_Stable_1464,0.0
Gene_CFAP52,0.0
Degrader_671_minus_Stable_588,0.0
Degrader_28_minus_Stable_584,0.0
Degrader_28_minus_Stable_431,0.0
Degrader_28_minus_Stable_588,0.0
Degrader_28_minus_Stable_1260,0.0
Degrader_28_minus_Stable_955,0.0
Degrader_28_minus_Stable_1043,0.0
Gene_TTC29,0.0
Gene_RP11-424M24.5,0.0
Gene_AKAP14,0.0
Gene_CACNG6,0.0
Degrader_888_minus_Stable_766,0.0
Degrader_888_minus_Stable_584,0.0
Degrader_671_minus_Stable_176,0.0
Degrader_888_minus_Stable_176,0.0
Degrader_671_minus_Stable_1260,0.0
Degrader_888_minus_Stable_955,0.0
Gene_LINC01513,0.0
Gene_IGHA1,0.0
Gene_IGHV3-7,0.0
Gene_CCDC170,0.0
Gene_FBXO15,0.0
Degrader_671_minus_Stable_1186,0.0
Degrader_28_minus_Stable_644,0.0
Degrader_888_minus_Stable_1413,0.0
Degrader_30_minus_Stable_1015,0.0
Degrader_888_minus_Stable_903,0.0
Degrader_888_minus_Stable_901,0.0
Degrader_408_minus_Stable_1178,0.0
Degrader_408_minus_Stable_528,0.0
Degrader_408_minus_Stable_846,0.0
Degrader_30_minus_Stable_1258,0.0
Degrader_30_minus_Stable_903,0.0
Gene_LL22NC03-84E4.8,0.0
Gene_VWA3A,0.0
Degrader_30_minus_Stable_901,0.0
Gene_ESPN,0.0
Gene_RP11-440K22.1,0.0
Gene_CLDN3,0.0
Gene_WDR86-AS1,0.0
Gene_SERPINB11,0.0
Gene_CTD-2544H17.1,0.0
Degrader_408_minus_Stable_982,0.0
Degrader_408_minus_Stable_176,0.0
Degrader_408_minus_Stable_1413,0.0
Degrader_135_minus_Stable_607,0.0
Gene_CCDC151,0.0
Gene_CD163,0.0
Degrader_135_minus_Stable_528,0.0
Gene_ARHGEF38,0.0
Gene_SPDEF,0.0
Degrader_135_minus_Stable_584,0.0
Degrader_135_minus_Stable_982,0.0
Gene_RP11-304F15.4,0.0
Degrader_408_minus_Stable_1043,0.0
Degrader_408_minus_Stable_1044,0.0
Degrader_135_minus_Stable_431,0.0
Degrader_408_minus_Stable_901,0.0
Degrader_554_minus_Stable_1178,0.0
Degrader_554_minus_Stable_528,0.0
Degrader_554_minus_Stable_644,0.0
Degrader_554_minus_Stable_846,0.0
Degrader_554_minus_Stable_530,0.0
Degrader_554_minus_Stable_766,0.0
Degrader_554_minus_Stable_584,0.0
Degrader_554_minus_Stable_588,0.0
Degrader_135_minus_Stable_588,0.0
Gene_RP11-340E6.1,0.0
Gene_ZNF474,0.0
Gene_CYP19A1,0.0
Degrader_135_minus_Stable_176,0.0
Gene_EFCAB12,0.0
Degrader_135_minus_Stable_860,0.0
Degrader_671_minus_Stable_1015,0.0
Degrader_554_minus_Stable_1495,0.0
Degrader_671_minus_Stable_1258,0.0
Degrader_671_minus_Stable_901,0.0
Degrader_227_minus_Stable_807,0.0
Degrader_554_minus_Stable_1413,0.0
Degrader_554_minus_Stable_1043,0.0
Degrader_227_minus_Stable_766,0.0
Degrader_227_minus_Stable_588,0.0
Gene_LINC01014,0.0
Gene_C15orf56,0.0
Gene_SMYD1,0.0
Gene_RP11-58O9.2,0.0
Gene_RP11-625L16.1,0.0
Gene_TCF24,0.0
Gene_RP11-399H11.2,0.0
Gene_SSXP10,0.0
Gene_IGKV1D-27,0.0
Gene_RP1-60O19.1,0.0
Degrader_227_minus_Stable_176,0.0
Degrader_227_minus_Stable_860,0.0
Degrader_227_minus_Stable_778,0.0
Gene_C9orf135,0.0
Degrader_554_minus_Stable_901,0.0
Degrader_543_minus_Stable_607,0.0
Degrader_543_minus_Stable_644,0.0
Degrader_543_minus_Stable_846,0.0
Degrader_543_minus_Stable_1066,0.0
Degrader_543_minus_Stable_816,0.0
Degrader_543_minus_Stable_860,0.0
Degrader_543_minus_Stable_778,0.0
Degrader_543_minus_Stable_1260,0.0
Degrader_543_minus_Stable_1386,0.0
Degrader_543_minus_Stable_1413,0.0
Degrader_227_minus_Stable_1044,0.0
Degrader_543_minus_Stable_1258,0.0
Degrader_295_minus_Stable_607,0.0
Degrader_295_minus_Stable_528,0.0
Degrader_295_minus_Stable_644,0.0
Degrader_295_minus_Stable_846,0.0
Degrader_295_minus_Stable_1464,0.0
Degrader_295_minus_Stable_807,0.0
Degrader_227_minus_Stable_1258,0.0
Degrader_295_minus_Stable_766,0.0
Degrader_295_minus_Stable_584,0.0
Degrader_227_minus_Stable_901,0.0
Degrader_295_minus_Stable_176,0.0
Degrader_295_minus_Stable_860,0.0
Degrader_295_minus_Stable_778,0.0
Degrader_295_minus_Stable_1495,0.0
Degrader_295_minus_Stable_955,0.0
Degrader_465_minus_Stable_607,0.0
Gene_IGHJ6,0.0
Gene_DPY19L2P2,0.0
Gene_KRT73,0.0
Degrader_465_minus_Stable_1178,0.0
Gene_ACOXL,0.0
Gene_DAW1,0.0
Gene_UBXN10,0.0
Gene_SLC44A4,0.0
Gene_ANKRD45,0.0
Degrader_465_minus_Stable_528,0.0
Degrader_295_minus_Stable_1044,0.0
Degrader_295_minus_Stable_1015,0.0
Degrader_295_minus_Stable_1258,0.0
Degrader_250_minus_Stable_607,0.0
Gene_FRMPD2,0.0
Gene_CFAP73,0.0
Degrader_465_minus_Stable_1464,0.0
Gene_RP11-109P11.1,0.0
Gene_CFAP65,0.0
Degrader_465_minus_Stable_1066,0.0
Degrader_465_minus_Stable_766,0.0
Degrader_465_minus_Stable_982,0.0
Gene_CTAG2,0.0
Gene_ANKRD18B,0.0
Gene_PACRG,0.0
Gene_IGHG2,0.0
Gene_RP11-356K23.2,0.0
Gene_FAM9B,0.0
Gene_FAM183A,0.0
Degrader_465_minus_Stable_431,0.0
Gene_SPAG17,0.0
Degrader_250_minus_Stable_530,0.0
Degrader_465_minus_Stable_588,0.0
Degrader_465_minus_Stable_176,0.0
Degrader_250_minus_Stable_766,0.0
Degrader_250_minus_Stable_584,0.0
Degrader_250_minus_Stable_588,0.0
Degrader_250_minus_Stable_176,0.0
Degrader_250_minus_Stable_816,0.0
Gene_FBXW10,0.0
Gene_AADACP1,0.0
Gene_RP11-445L6.3,0.0
Gene_DTHD1,0.0
Gene_DYNLRB2,0.0
Gene_CTD-2589M5.4,0.0
Gene_LRRIQ1,0.0
Gene_TRIM10,0.0
Gene_RP11-323C15.2,0.0
Degrader_250_minus_Stable_860,0.0
Degrader_250_minus_Stable_1495,0.0
Degrader_30_minus_Stable_766,0.0
Degrader_250_minus_Stable_901,0.0
Degrader_413_minus_Stable_607,0.0
Degrader_413_minus_Stable_528,0.0
Degrader_413_minus_Stable_846,0.0
Degrader_413_minus_Stable_1464,0.0
Degrader_413_minus_Stable_807,0.0
Degrader_413_minus_Stable_1066,0.0
Degrader_413_minus_Stable_766,0.0
Degrader_413_minus_Stable_584,0.0
Degrader_413_minus_Stable_982,0.0
Degrader_413_minus_Stable_431,0.0
Degrader_413_minus_Stable_176,0.0
Degrader_413_minus_Stable_816,0.0
Degrader_30_minus_Stable_584,0.0
Degrader_413_minus_Stable_1260,0.0
Degrader_413_minus_Stable_1186,0.0
Degrader_413_minus_Stable_1043,0.0
Degrader_413_minus_Stable_1015,0.0
Degrader_413_minus_Stable_1258,0.0
Degrader_30_minus_Stable_982,0.0
Gene_IGKV2D-28,0.0
Gene_CALML5,0.0
Degrader_30_minus_Stable_431,0.0
Degrader_413_minus_Stable_903,0.0
Degrader_413_minus_Stable_901,0.0
Degrader_200_minus_Stable_607,0.0
Degrader_30_minus_Stable_176,0.0
Degrader_200_minus_Stable_530,0.0
Degrader_200_minus_Stable_1464,0.0
Degrader_30_minus_Stable_816,0.0
Degrader_30_minus_Stable_860,0.0
Gene_C1orf194,0.0
Gene_LINC00326,0.0
Degrader_30_minus_Stable_1495,0.0
Gene_CTC-441N14.2,0.0
Degrader_30_minus_Stable_1260,0.0
Gene_CTAGE15,0.0
Degrader_30_minus_Stable_955,0.0
Gene_RP11-1102P16.1,0.0
Gene_ADGB,0.0
Gene_VWA3B,0.0
Gene_TUBA4B,0.0
Degrader_200_minus_Stable_766,0.0
Degrader_30_minus_Stable_1186,0.0
Degrader_200_minus_Stable_816,0.0
Degrader_200_minus_Stable_860,0.0
Degrader_200_minus_Stable_1495,0.0
Gene_SFTPA3P,0.0
Degrader_30_minus_Stable_1413,0.0
Degrader_30_minus_Stable_1043,0.0
Gene_C1orf189,0.0
Gene_RP11-196E1.3,0.0
Gene_CROCC2,0.0
Gene_LINC01908,0.0
Degrader_200_minus_Stable_1260,0.0
Gene_PSCA,0.0
Degrader_200_minus_Stable_1043,0.0
Degrader_200_minus_Stable_1044,0.0
Degrader_200_minus_Stable_1258,0.0
Degrader_200_minus_Stable_903,0.0
Degrader_200_minus_Stable_901,0.0
Degrader_976_minus_Stable_607,0.0
Gene_SAXO2,0.0
Degrader_976_minus_Stable_766,0.0
Degrader_976_minus_Stable_584,0.0
Gene_MUC1,0.0
Gene_AZU1,0.0
Gene_TTLL6,0.0
Gene_RP11-59N23.3,0.0
Gene_SAA4,0.0
Degrader_465_minus_Stable_1495,0.0
Gene_C6orf229,0.0
Degrader_465_minus_Stable_1413,0.0
Gene_IGKJ2,0.0
Gene_C11orf87,0.0
Degrader_465_minus_Stable_1043,0.0
Degrader_465_minus_Stable_1015,0.0
Gene_RP11-62I21.1,0.0
Gene_RP11-412H8.2,0.0
Gene_PRR15,0.0
Degrader_465_minus_Stable_901,0.0
Degrader_976_minus_Stable_778,0.0
Degrader_162_minus_Stable_528,0.0
Degrader_162_minus_Stable_766,0.0
Gene_CFAP47,0.0
Gene_CAPN8,0.0
Gene_IGHJ5,0.0
Degrader_162_minus_Stable_584,0.0
Gene_VWA8-AS1,0.0
Gene_ALDH3B2,0.0
Degrader_162_minus_Stable_588,0.0
Degrader_833_minus_Stable_955,0.0
Gene_STMND1,0.0
Gene_ARMC3,0.0
Degrader_833_minus_Stable_1186,0.0
Degrader_976_minus_Stable_901,0.0
Degrader_1476_minus_Stable_530,0.0
Gene_LRRC36,0.0
Gene_RP11-434D2.11,0.0
Gene_HAND1,0.0
Degrader_833_minus_Stable_1413,0.0
Gene_ROPN1L,0.0
Degrader_833_minus_Stable_1043,0.0
Gene_JCHAIN,0.0
Gene_LINC00332,0.0
Gene_CCDC113,0.0
Stable_mean,0.0
Degrader_833_minus_Stable_903,0.0
Degrader_30_minus_Stable_1178,0.0
Degrader_425_minus_Stable_528,0.0
Degrader_425_minus_Stable_846,0.0
Degrader_425_minus_Stable_807,0.0
Degrader_425_minus_Stable_588,0.0
Degrader_425_minus_Stable_176,0.0
Degrader_425_minus_Stable_1495,0.0
Degrader_425_minus_Stable_1260,0.0
Degrader_425_minus_Stable_1386,0.0
Degrader_425_minus_Stable_1413,0.0
Degrader_425_minus_Stable_1044,0.0
Degrader_425_minus_Stable_1258,0.0
Degrader_940_minus_Stable_644,0.0
Degrader_30_minus_Stable_528,0.0
Sex,0.0
Gene_IGLJ1,0.0
Degrader_1476_minus_Stable_766,0.0
Degrader_30_minus_Stable_1464,0.0
Degrader_1476_minus_Stable_588,0.0
Degrader_1476_minus_Stable_176,0.0
Degrader_1476_minus_Stable_816,0.0
Degrader_1476_minus_Stable_860,0.0
Degrader_1476_minus_Stable_778,0.0
Gene_ECT2L,0.0
Gene_C16orf71,0.0
Degrader_833_minus_Stable_982,0.0
Gene_WDR63,0.0
Gene_RP11-104J23.1,0.0
Gene_CYP4F26P,0.0
Gene_C11orf16,0.0
