sample_id,subject_id,actual_pmi,ensemble_prediction,pred_xgb_direct,pred_xgb_log,pred_extra_trees,pred_random_forest,pred_pls
13810.CH.SHED.D26.2021.T10.1,D26,10.0,9.555996117312583,9.285799980163574,8.723036766052246,10.190833333333336,10.150772108843537,10.287144487572522
13810.CH.SHED.D26.2021.T11.1,D26,11.0,10.962655674479006,10.779653549194336,10.168851852416992,11.252500000000003,11.114687074829936,12.68843585391966
13810.CH.SHED.D26.2021.T12.1,D26,12.0,12.012820830643875,11.793710708618164,11.621627807617188,12.03916666666667,12.583094104308389,12.740032171745366
13810.CH.SHED.D26.2021.T13.1,D26,13.0,13.145692852219156,13.124004364013672,12.724294662475586,13.251875000000002,13.896032879818597,12.926379454233679
13810.CH.SHED.D26.2021.T14.1,D26,14.0,14.531402877097074,14.398423194885254,13.998456001281738,14.636041666666669,14.891878684807255,15.512717822566408
13810.CH.SHED.D26.2021.T15.1,D26,15.0,15.64922406593749,16.049636840820312,15.612554550170898,15.248749999999998,15.795647959183666,15.120971822711226
13810.CH.SHED.D26.2021.T16.1,D26,16.0,15.770421595743166,15.561476707458496,15.407371520996094,16.302499999999995,15.550777210884355,16.570191216239415
13810.CH.SHED.D26.2021.T17.1,D26,17.0,17.564945915696992,17.69859504699707,17.50423812866211,17.517291666666665,18.2650328798186,16.36094604126221
13810.CH.SHED.D26.2021.T18.1,D26,18.0,17.907838045474996,17.433027267456055,17.350988388061523,18.121875,18.422056689342416,19.52499264821437
13810.CH.SHED.D26.2021.T19.1,D26,19.0,18.123762556868964,18.224918365478516,18.183088302612305,18.314791666666675,18.290265306122453,17.040168423206296
13810.CH.SHED.D26.2021.T2.1,D26,2.0,2.322206755392512,2.4689571857452393,2.276787281036377,2.4675,2.3350425170068023,1.685664018588259
13810.CH.SHED.D26.2021.T3.1,D26,3.0,2.7301745389086283,3.2542126178741455,3.029658794403076,2.3439583333333336,2.58553231292517,1.3987454134017359
13810.CH.SHED.D26.2021.T4.1,D26,4.0,3.9875704598787265,4.36514949798584,4.039992809295654,3.717083333333333,3.958302721088435,3.308653333291292
13810.CH.SHED.D26.2021.T5.1,D26,5.0,4.927036604125279,5.2226881980896,4.855075359344482,4.855208333333334,5.09292006802721,4.1148162799152965
13810.CH.SHED.D26.2021.T6.1,D26,6.0,5.984178415956144,5.881882667541504,5.8391523361206055,6.311041666666665,6.31195238095238,5.50824341187353
13810.CH.SHED.D26.2021.T7.1,D26,7.0,6.744880279951777,6.293887615203857,6.278825283050537,7.022499999999999,7.078952380952382,8.20664817485128
13810.CH.SHED.D26.2021.T8.1,D26,8.0,8.442664343842157,8.138151168823242,7.749819755554199,8.416875000000001,8.664891156462582,10.806553808372469
13810.CH.SHED.D26.2021.T9.1,D26,9.0,8.898593753422906,8.875463485717773,8.251401901245117,8.991666666666667,8.693527210884351,10.707418174303081
13810.CH.SHED.D7.2020.T1,D7,1.0,0.9703631185936991,0.9993679523468018,0.894460916519165,1.0954166666666665,1.0986666666666667,0.6305417042653403
13810.CH.SHED.D7.2020.T10,D7,10.0,7.594210542742951,7.559442043304443,7.630702018737793,7.321458333333331,7.196952380952379,8.748679012576474
13810.CH.SHED.D7.2020.T11,D7,11.0,7.890255908772936,7.756863117218018,7.755791664123535,7.706875000000002,8.180500000000002,8.557990575766453
13810.CH.SHED.D7.2020.T12,D7,12.0,8.499264400066533,8.088861465454102,8.462306022644043,8.44166666666667,8.698697278911565,9.638915295992227
13810.CH.SHED.D7.2020.T13,D7,13.0,9.156402496421192,9.320480346679688,8.721935272216797,8.789375000000001,9.527778911564628,9.927327376283921
13810.CH.SHED.D7.2020.T15,D7,15.0,10.662065856697986,10.529325485229492,10.670400619506836,10.416041666666665,10.765227891156464,11.376755392456266
13810.CH.SHED.D7.2020.T16,D7,16.0,11.641185686437607,11.832318305969238,11.565813064575195,11.071249999999997,11.72563605442177,12.269415203397715
13810.CH.SHED.D7.2020.T18,D7,18.0,13.677836204407104,13.422679901123047,13.228896141052246,13.9175,14.021802721088438,14.57037790643863
13810.CH.SHED.D7.2020.T19,D7,19.0,15.134962433044707,14.94533634185791,14.903130531311035,14.973124999999998,15.617650226757378,15.883063636459688
13810.CH.SHED.D7.2020.T2,D7,2.0,2.3444464451059153,2.3809385299682617,2.219036817550659,2.6429166666666664,2.68220068027211,1.4449224635362246
13810.CH.SHED.D7.2020.T20,D7,20.0,15.553201908914648,15.848652839660645,15.144289016723633,15.593958333333333,16.12119047619049,14.755635647403064
13810.CH.SHED.D7.2020.T3,D7,3.0,3.4239378858484333,3.23161244392395,3.4569435119628906,3.7414583333333336,3.203564625850341,3.6139191413630796
13810.CH.SHED.D7.2020.T4,D7,4.0,3.9271567526949274,3.6196184158325195,3.6330699920654297,4.629374999999999,4.112952380952381,3.901858727859574
13810.CH.SHED.D7.2020.T5,D7,5.0,4.449062512892235,4.370112419128418,4.412352085113525,4.400833333333333,4.3758333333333335,4.983990992086612
13810.CH.SHED.D7.2020.T6,D7,6.0,5.634905855064592,5.737552642822266,5.550748348236084,5.647916666666669,5.567266439909296,5.61279675839164
13810.CH.SHED.D7.2020.T8,D7,8.0,7.013290100419525,6.890852928161621,6.973660945892334,6.853333333333333,7.004803854875286,7.812317405999951
13810.CH.SHED.D7.2020.T9,D7,9.0,7.1494329826410965,7.326309680938721,7.328586578369141,6.591458333333333,6.954091836734693,7.5798799159032395
13810.CPS.SHED.D7.2020.T14,D7,14.0,9.660088370218359,9.423349380493164,9.433282852172852,9.628333333333334,9.63657142857143,11.036104620748153
13810.CPS.SHED.D7.2020.T7,D7,7.0,5.587230593312124,5.675569534301758,5.6408185958862305,5.284166666666667,5.472972789115646,5.965758323493591
13810.F.SHED.D17.2021.T0,D17,0.0,0.27442681907372046,0.541206955909729,0.06258919090032578,0.0,0.0004761904761904762,0.9634600600429177
13810.F.SHED.D23.2021.T0.1,D23,0.0,0.1282467823172814,0.010797012597322464,0.005695185624063015,0.0,0.0,1.235838821320689
13810.F.SHED.D26.2021.T0.1,D26,0.0,0.04140271005397472,0.09910288453102112,0.006524113472551107,0.018125,0.04277210884353742,0.0
13810.F.SHED.D27.2021.T0.1,D27,0.0,0.00021428571428571427,0.0,0.0,0.0,0.0014285714285714286,0.0
13810.F.SHED.D7.2020.T0,D7,0.0,0.00042857142857142855,0.0,0.0,0.0,0.002857142857142857,0.0
13810.SCS.SHED.D17.2021.T0,D17,0.0,0.3065769798395326,0.10596857219934464,0.01653842069208622,0.0075,0.045714285714285714,2.6229466014956477
13810.SCS.SHED.D17.2021.T1,D17,1.0,1.3417206197254319,1.421977162361145,1.2892358303070068,1.2422916666666663,1.2264608843537415,1.603910474539422
13810.SCS.SHED.D17.2021.T10,D17,10.0,13.410007189331864,13.335958480834961,13.005967140197754,14.063750000000002,13.783057823129251,12.775191865625505
13810.SCS.SHED.D17.2021.T11,D17,11.0,15.773440610029938,16.439613342285156,16.150386810302734,14.813125,15.784658163265316,14.73636180278912
13810.SCS.SHED.D17.2021.T12,D17,12.0,15.127031632881703,15.86609935760498,15.015960693359375,15.081250000000002,15.520454081632662,12.688935400154627
13810.SCS.SHED.D17.2021.T13,D17,13.0,15.96347097278528,15.738134384155273,15.853092193603516,16.516250000000003,16.770999999999997,14.598576091378208
13810.SCS.SHED.D17.2021.T14,D17,14.0,15.888855029412234,15.96614933013916,16.01210594177246,15.542291666666666,16.012040816326543,15.857192891450559
13810.SCS.SHED.D17.2021.T15,D17,15.0,16.069891475954098,16.427522659301758,15.874555587768555,16.498750000000005,16.566464285714286,13.882761383642858
13810.SCS.SHED.D17.2021.T16,D17,16.0,17.689376143949968,17.420347213745117,17.951644897460938,17.24916666666666,17.924957482993197,18.367837996788886
13810.SCS.SHED.D17.2021.T17,D17,17.0,17.577549235861724,17.98409080505371,17.983503341674805,17.704166666666666,18.265296485260784,14.058183528044575
13810.SCS.SHED.D17.2021.T18,D17,18.0,18.08200027591409,18.06008529663086,18.154523849487305,18.016458333333322,18.296032312925174,17.776472109475677
13810.SCS.SHED.D17.2021.T19,D17,19.0,19.27476069685205,19.31849479675293,19.343353271484375,18.987916666666663,18.92140136054423,20.07580402540109
13810.SCS.SHED.D17.2021.T2,D17,2.0,2.133772532751564,2.032658815383911,2.0777385234832764,2.600833333333333,2.8164523809523807,0.6190573345604822
13810.SCS.SHED.D17.2021.T20,D17,20.0,19.619947736842075,19.428253173828125,19.331012725830078,19.00895833333333,18.94426530612245,23.152871406510833
13810.SCS.SHED.D17.2021.T3,D17,3.0,3.711655725644075,3.7750966548919678,3.561220169067383,3.634791666666666,4.011487012987014,3.601403016282542
13810.SCS.SHED.D17.2021.T4,D17,4.0,4.738594861762995,4.477548122406006,4.597290992736816,5.076666666666666,5.111253401360543,4.639863333195749
13810.SCS.SHED.D17.2021.T5,D17,5.0,6.970847112969212,7.116033554077148,7.0570220947265625,7.599375000000004,7.72139058956916,3.936979346290525
13810.SCS.SHED.D17.2021.T6,D17,6.0,8.676732306846787,8.722270965576172,9.020448684692383,9.350833333333334,9.235554421768708,5.494390160688679
13810.SCS.SHED.D17.2021.T7,D17,7.0,11.431618353787623,11.428032875061035,11.311174392700195,11.72958333333334,11.982463615749335,10.321286840651949
13810.SCS.SHED.D17.2021.T8,D17,8.0,9.66592107929556,9.699978828430176,9.561173439025879,10.057291666666673,10.085039682539684,8.414197852957491
13810.SCS.SHED.D17.2021.T9,D17,9.0,11.166980583540424,11.138123512268066,11.375246047973633,11.086458333333336,11.145823129251697,10.925668818121736
13810.SCS.SHED.D23.2021.T11.1,D23,11.0,11.47216782718095,11.609614372253418,11.416411399841309,11.595833333333335,11.772404761904763,10.501532845922144
13810.SCS.SHED.D23.2021.T12.1,D23,12.0,12.10775612687326,12.338573455810547,12.280338287353516,12.266458333333338,12.779868480725618,9.658275795162089
13810.SCS.SHED.D23.2021.T6.1,D23,6.0,6.874557119152482,6.709113597869873,6.518937587738037,7.1991666666666685,6.885174603174603,7.59479119047486
13810.SCS.SHED.D23.2021.T7.1,D23,7.0,7.846878147679199,7.785603046417236,7.695582389831543,8.195208333333335,8.25649149659864,7.09786245139679
13810.SCS.SHED.D27.2021.T1.1,D27,1.0,1.0644362573730701,0.9574089646339417,1.1483144760131836,1.564375,1.1817329931972786,0.0
13810.SCS.SHED.D27.2021.T10.1,D27,10.0,10.59478236319768,10.244607925415039,10.57562255859375,11.232083333333339,11.014964852607704,9.788329513669073
13810.SCS.SHED.D27.2021.T13.1,D27,13.0,14.037294338804125,14.009547233581543,13.201366424560547,14.329375000000004,14.526252267573694,14.892757224534709
13810.SCS.SHED.D27.2021.T15.1,D27,15.0,15.541211373964364,15.658452033996582,15.429244995117188,16.317291666666666,16.098517006802723,13.081286306323499
13810.SCS.SHED.D27.2021.T16.1,D27,16.0,16.779925889074747,16.537973403930664,16.51781463623047,17.65604166666667,18.217566326530623,14.25236926525005
13810.SCS.SHED.D27.2021.T17.1,D27,17.0,17.843440111892374,17.49481964111328,17.162967681884766,18.404583333333335,18.660988095238107,18.241874181348155
13810.SCS.SHED.D27.2021.T4.1,D27,4.0,3.9934395670185516,3.9366395473480225,3.9576196670532227,4.458541666666666,4.568066326530611,2.461245037379145
13810.SCS.SHED.D27.2021.T5.1,D27,5.0,5.26164941330241,4.7289934158325195,4.976736545562744,5.751874999999997,5.734571428571428,5.882065378762543
13810.SKF.SHED.D17.2021.T0,D17,0.0,0.18520342435230575,0.4511142075061798,0.022224027663469315,0.00375,0.06114285714285713,0.3439172661315588
13810.SKF.SHED.D17.2021.T1,D17,1.0,1.1892186041933215,1.124772548675537,1.1743602752685547,1.08875,1.2207482993197276,1.5733452587556247
13810.SKF.SHED.D17.2021.T10,D17,10.0,11.784373768591486,12.168228149414062,12.146930694580078,11.358124999999998,11.723314625850339,10.670504562446972
13810.SKF.SHED.D17.2021.T11,D17,11.0,12.342419828918306,12.433135986328125,12.502685546875,12.52520833333333,12.46346598639456,11.122460816752705
13810.SKF.SHED.D17.2021.T12,D17,12.0,13.129680953077814,13.206966400146484,13.003425598144531,13.595833333333333,13.736902494331067,11.370325926814086
13810.SKF.SHED.D17.2021.T13,D17,13.0,13.873528494895766,13.570830345153809,13.756688117980957,14.266875000000006,14.418515873015874,13.469549809020016
13810.SKF.SHED.D17.2021.T14,D17,14.0,14.838477262892436,14.90440559387207,15.04338264465332,14.94125,15.132383477633482,13.482024019224621
13810.SKF.SHED.D17.2021.T15,D17,15.0,15.189195144274931,15.281234741210938,15.275993347167969,15.205208333333339,15.235916357452071,14.59397264835179
13810.SKF.SHED.D17.2021.T16,D17,16.0,16.647502410560946,16.907182693481445,16.799903869628906,16.18916666666667,17.36457482993197,15.32852077286153
13810.SKF.SHED.D17.2021.T17,D17,17.0,17.870683862844512,18.277849197387695,17.951879501342773,17.378124999999997,18.314047619047628,16.766270854353685
13810.SKF.SHED.D17.2021.T18,D17,18.0,18.34299579918226,18.57697868347168,18.54339027404785,18.052916666666665,18.50584353741497,17.47594761683215
13810.SKF.SHED.D17.2021.T19,D17,19.0,18.6850007067884,18.485137939453125,18.649869918823242,18.624583333333327,18.52501473922903,19.73322967695634
13810.SKF.SHED.D17.2021.T2,D17,2.0,2.3481446360996863,2.642014741897583,2.003246545791626,2.321875,2.4446241496598646,2.236599546335251
13810.SKF.SHED.D17.2021.T20,D17,20.0,19.13410357087227,19.373321533203125,19.208494186401367,19.257083333333338,19.22268253968254,17.85164516691944
13810.SKF.SHED.D17.2021.T3,D17,3.0,3.435097064095391,3.5185911655426025,3.375530242919922,3.274166666666667,3.2523741496598637,3.929476979203164
13810.SKF.SHED.D17.2021.T4,D17,4.0,4.459961459641878,4.245843887329102,4.57149076461792,4.652916666666667,4.625431972789115,4.1893747303696784
13810.SKF.SHED.D17.2021.T5,D17,5.0,6.542172514095354,6.2968597412109375,6.375324249267578,7.087500000000001,7.107465986394561,5.756636314559942
13810.SKF.SHED.D17.2021.T6,D17,6.0,7.509931881567516,7.542387962341309,7.573670387268066,7.747499999999997,7.65987755102041,6.553162633950465
13810.SKF.SHED.D17.2021.T7,D17,7.0,7.8499553672728615,7.928653240203857,7.662944793701172,7.890624999999999,8.013122448979592,7.755298294394722
13810.SKF.SHED.D17.2021.T8,D17,8.0,8.756740792972064,8.55501937866211,8.762953758239746,8.525833333333333,8.988785714285715,9.4601201600397
13810.SKF.SHED.D17.2021.T9,D17,9.0,10.24108685321997,10.012412071228027,10.14140796661377,10.361458333333339,10.515020408163263,10.524665123069616
13810.SKF.SHED.D23.2021.T1.1,D23,1.0,1.2473441978052986,1.4317419528961182,1.1378300189971924,1.1114583333333337,1.0913197278911564,1.4737448133682491
13810.SKF.SHED.D23.2021.T10.1,D23,10.0,10.116356108969159,9.75625991821289,9.854372024536133,10.360000000000005,10.289022108843534,11.10531811044729
13810.SKF.SHED.D23.2021.T11.1,D23,11.0,10.917429571145982,11.039763450622559,10.897319793701172,10.627708333333333,10.756561224489792,11.421447371937871
13810.SKF.SHED.D23.2021.T12.1,D23,12.0,12.580936871815442,12.916129112243652,12.909395217895508,11.956041666666671,12.225761904761905,12.536767146208478
13810.SKF.SHED.D23.2021.T13.1,D23,13.0,13.263041918343042,13.364889144897461,13.23203182220459,13.33,13.01774319727891,13.269057397308186
13810.SKF.SHED.D23.2021.T14.1,D23,14.0,14.457908137838034,14.49687385559082,14.635797500610352,14.40395833333333,14.415312925170067,14.068080005660232
13810.SKF.SHED.D23.2021.T15.1,D23,15.0,15.150824281645775,15.325767517089844,15.144874572753906,15.200833333333344,14.867890022675745,14.965252132623135
13810.SKF.SHED.D23.2021.T16.1,D23,16.0,15.70044935024968,15.85546588897705,15.678688049316406,15.658958333333338,15.471496598639453,15.716214147648763
13810.SKF.SHED.D23.2021.T17.1,D23,17.0,16.34546032455315,16.354597091674805,16.47228240966797,16.397499999999994,15.923590136054422,16.529720742255577
13810.SKF.SHED.D23.2021.T18.1,D23,18.0,16.160450980524857,16.129465103149414,16.260496139526367,16.18916666666667,15.72571428571428,16.597969385079665
13810.SKF.SHED.D23.2021.T19.1,D23,19.0,17.405485139748553,17.59956169128418,17.48292350769043,16.902916666666666,17.306982993197277,17.782549731277676
13810.SKF.SHED.D23.2021.T2.1,D23,2.0,2.657379058402774,2.999941349029541,2.2535924911499023,2.2633333333333336,2.319261904761905,3.934425785254831
13810.SKF.SHED.D23.2021.T20.1,D23,20.0,18.474617301494778,18.766801834106445,18.727224349975586,18.034166666666653,18.029269841269837,18.515468542451444
13810.SKF.SHED.D23.2021.T3.1,D23,3.0,3.7479925107366148,3.982717990875244,3.7764267921447754,3.1937500000000005,3.3300255102040826,4.708165889072354
13810.SKF.SHED.D23.2021.T4.1,D23,4.0,4.687991540406269,4.674896240234375,4.770536422729492,4.396874999999998,4.654493197278913,5.153395830617473
13810.SKF.SHED.D23.2021.T5.1,D23,5.0,5.634768888878058,5.57751989364624,5.669106960296631,5.764166666666666,5.697448979591837,5.3678550043791855
13810.SKF.SHED.D23.2021.T6.1,D23,6.0,6.799407014660909,6.6750407218933105,6.469768524169922,7.026250000000002,6.45330442176871,8.062070037851294
13810.SKF.SHED.D23.2021.T7.1,D23,7.0,7.580239022079719,7.538128852844238,7.789847373962402,7.325208333333335,7.319155895691611,8.084234717154384
13810.SKF.SHED.D23.2021.T8.1,D23,8.0,8.724918179817358,8.633841514587402,8.882691383361816,8.61416666666667,8.592530612244898,9.023799544306154
13810.SKF.SHED.D23.2021.T9.1,D23,9.0,9.550787485269696,9.88197135925293,9.74450969696045,9.161666666666667,9.076459183673471,9.562664423693489
13810.SKF.SHED.D26.2021.T0.1,D26,0.0,0.006780746658985027,0.0,1.2102282198611647e-05,0.007916666666666666,0.03462925170068027,0.0
13810.SKF.SHED.D26.2021.T1.1,D26,1.0,1.0332563980748601,0.8734070658683777,1.0686664581298828,1.373541666666666,1.1193197278911564,0.6146137126486941
13810.SKF.SHED.D26.2021.T10.1,D26,10.0,10.387679552280806,10.54871940612793,9.430992126464844,10.652500000000002,10.497704081632655,11.60160086581319
13810.SKF.SHED.D26.2021.T11.1,D26,11.0,10.709312485244581,10.749319076538086,10.111861228942871,11.036458333333336,10.826722222222225,11.252514550474368
13810.SKF.SHED.D26.2021.T12.1,D26,12.0,12.048315787514653,11.947674751281738,11.762116432189941,12.167083333333338,12.369221088435378,12.346844241506707
13810.SKF.SHED.D26.2021.T13.1,D26,13.0,13.422004884162206,13.41106128692627,13.064827919006348,13.515416666666663,13.987360544217683,13.312921033667529
13810.SKF.SHED.D26.2021.T14.1,D26,14.0,13.623186471713002,13.253046035766602,13.744808197021484,13.59479166666666,13.733269841269843,14.321218022038405
13810.SKF.SHED.D26.2021.T15.1,D26,15.0,14.559984670343043,14.52342414855957,14.633642196655273,14.07145833333333,14.4921482168625,15.564329774153133
13810.SKF.SHED.D26.2021.T16.1,D26,16.0,15.114646090694308,14.738348007202148,14.733015060424805,15.547291666666661,14.873048752834475,16.6947227716896
13810.SKF.SHED.D26.2021.T17.1,D26,17.0,16.452047231460952,16.210229873657227,16.056102752685547,16.165,16.855638321995468,18.136068328930808
13810.SKF.SHED.D26.2021.T18.1,D26,18.0,16.86628256655424,16.821138381958008,16.564599990844727,16.794791666666672,17.141282312925163,17.486403739835474
13810.SKF.SHED.D26.2021.T19.1,D26,19.0,17.506593757510114,17.115184783935547,17.427148818969727,17.486666666666665,17.43800793650794,19.022165937774925
13810.SKF.SHED.D26.2021.T2.1,D26,2.0,2.4591361011514676,2.555997371673584,2.484973907470703,2.626666666666667,2.4061751700680265,1.8483380393817939
13810.SKF.SHED.D26.2021.T20.1,D26,20.0,19.09826401314934,19.139272689819336,19.245086669921875,18.41791666666667,18.399176870748306,21.017506747774927
13810.SKF.SHED.D26.2021.T3.1,D26,3.0,2.9323084976338882,3.31057071685791,3.16196346282959,2.673125,2.6426751700680264,2.176201413589135
13810.SKF.SHED.D26.2021.T4.1,D26,4.0,4.337516762252946,4.517653942108154,4.355690956115723,3.8372916666666668,3.9251666666666654,5.370645072582361
13810.SKF.SHED.D26.2021.T5.1,D26,5.0,5.356955845634131,5.501932144165039,5.064159393310547,4.996458333333333,5.138811224489794,6.702230037168462
13810.SKF.SHED.D26.2021.T6.1,D26,6.0,6.463038872703927,6.299659252166748,6.290860652923584,6.378333333333331,6.423637755102039,7.6121360389103465
13810.SKF.SHED.D26.2021.T7.1,D26,7.0,6.946528865204559,6.6792731285095215,6.647738456726074,6.969583333333333,7.203794217687073,8.063265131504576
13810.SKF.SHED.D26.2021.T8.1,D26,8.0,8.066202711479603,7.7651047706604,7.505600929260254,8.142083333333334,8.202821428571431,10.01431167014038
13810.SKF.SHED.D26.2021.T9.2,D26,9.0,8.934838653927054,8.95177173614502,8.493480682373047,9.615416666666665,9.151428571428575,8.301393434426666
13810.SKF.SHED.D27.2021.T0.1,D27,0.0,0.03420839265528666,0.012796226888895035,0.0,0.00375,0.033857142857142856,0.2454095316004672
13810.SKF.SHED.D27.2021.T1.1,D27,1.0,1.0585876084439083,0.9575524926185608,1.1282782554626465,1.2760416666666663,1.3408520408163265,0.32916157336896035
13810.SKF.SHED.D27.2021.T10.1,D27,10.0,10.467165321769206,10.127034187316895,10.536974906921387,10.960416666666667,10.872743764172334,9.71816440884608
13810.SKF.SHED.D27.2021.T11.1,D27,11.0,11.416688540211688,11.136958122253418,11.323162078857422,11.894166666666667,11.721374149659862,11.077711280389934
13810.SKF.SHED.D27.2021.T12.1,D27,12.0,12.38617322005602,12.31591796875,12.414098739624023,12.636458333333337,12.528759070294779,11.812676173141307
13810.SKF.SHED.D27.2021.T13.1,D27,13.0,13.115988446243986,13.218050003051758,12.755050659179688,13.153125000000006,13.14294897959183,13.5974343359476
13810.SKF.SHED.D27.2021.T14.1,D27,14.0,14.294929833267108,14.122320175170898,14.271089553833008,14.447291666666665,14.650039682539681,14.034971065433028
13810.SKF.SHED.D27.2021.T15.1,D27,15.0,15.13033512365163,14.804326057434082,15.158012390136719,15.577708333333337,15.24630498866213,14.97046793921238
13810.SKF.SHED.D27.2021.T16.1,D27,16.0,18.06389131902187,17.65525245666504,18.19455337524414,17.74333333333334,18.161714285714282,19.457534286875145
13810.SKF.SHED.D27.2021.T17.1,D27,17.0,17.989426102565055,17.95431137084961,17.923961639404297,17.71,18.09678385899814,18.65624702609378
13810.SKF.SHED.D27.2021.T18.1,D27,18.0,18.909524299523223,18.9619083404541,19.031688690185547,18.293125,18.581523809523812,20.17176053412034
13810.SKF.SHED.D27.2021.T19.1,D27,19.0,19.276458514941936,19.29267692565918,19.14487075805664,18.749166666666667,18.786146258503404,21.346824756211806
13810.SKF.SHED.D27.2021.T2.1,D27,2.0,2.346077907772895,2.2647976875305176,2.022012233734131,2.6197916666666674,2.4271156462585033,2.731098628080976
13810.SKF.SHED.D27.2021.T20.1,D27,20.0,19.586990275839746,19.745040893554688,19.243392944335938,19.25541666666667,18.96424149659864,21.56910213866226
13810.SKF.SHED.D27.2021.T3.1,D27,3.0,3.7283458221208368,3.758958101272583,3.6205811500549316,3.549583333333333,3.710562925170069,4.290119987831527
13810.SKF.SHED.D27.2021.T4.1,D27,4.0,4.141452991589176,4.225414752960205,4.098860263824463,4.307916666666667,4.2947482993197275,3.43317921513707
13810.SKF.SHED.D27.2021.T5.1,D27,5.0,5.288860402446304,5.185699462890625,5.362041473388672,5.681875,5.491071428571429,4.326044809462344
13810.SKF.SHED.D27.2021.T6.1,D27,6.0,6.6223484639865635,6.4500017166137695,6.739760398864746,7.012708333333337,6.851447278911564,5.72149090782844
13810.SKF.SHED.D27.2021.T7.1,D27,7.0,8.500833751102107,8.816286087036133,8.886728286743164,8.164166666666665,8.65098979591837,7.037840505843869
13810.SKF.SHED.D27.2021.T8.1,D27,8.0,8.769043212674891,9.126436233520508,9.30688190460205,8.909166666666666,8.948404761904762,5.802978188491778
13810.SKF.SHED.D27.2021.T9.1,D27,9.0,9.959633785882316,9.792481422424316,10.16898250579834,10.228750000000002,10.31245804988662,8.87025025222443
13810.SKF.SHED.D7.2020.T0,D7,0.0,0.13156588471611697,0.414523720741272,0.0060065025463700294,0.0,0.03804761904761905,0.0
13810.SKF.SHED.D7.2020.T1,D7,1.0,1.1892459991999458,1.3775206804275513,1.0028676986694336,1.156875,1.310601473922902,0.9730764931588674
13810.SKF.SHED.D7.2020.T10,D7,10.0,8.568558083866193,8.435539245605469,8.4188814163208,9.008541666666671,8.917448979591835,7.93850275832245
13810.SKF.SHED.D7.2020.T11,D7,11.0,8.899122617603405,8.928910255432129,8.592682838439941,9.208541666666669,9.183848639455784,8.5299320211208
13810.SKF.SHED.D7.2020.T12,D7,12.0,9.471576621506793,9.506056785583496,9.543464660644531,9.663125000000003,9.529799319727895,8.71798522711427
13810.SKF.SHED.D7.2020.T13,D7,13.0,9.943508102521728,10.163616180419922,10.155117988586426,9.713958333333334,9.706099206349206,9.569372036300974
13810.SKF.SHED.D7.2020.T14,D7,14.0,9.939552466640738,9.907331466674805,9.941444396972656,9.937708333333333,10.189643424036285,9.660037471230213
13810.SKF.SHED.D7.2020.T15,D7,15.0,12.035695002251138,11.787269592285156,12.657770156860352,11.863750000000005,12.284061224489797,11.19712401677033
13810.SKF.SHED.D7.2020.T16,D7,16.0,11.898040993189793,12.11938190460205,11.667892456054688,11.332291666666668,11.94082142857143,12.876717601764561
13810.SKF.SHED.D7.2020.T18,D7,18.0,14.265930970481467,13.99593734741211,13.891547203063965,14.344375000000003,14.582588435374149,15.37999700185718
13810.SKF.SHED.D7.2020.T19,D7,19.0,15.537582913287725,15.737682342529297,15.20965576171875,15.193124999999991,15.839520408163265,15.99311208874759
13810.SKF.SHED.D7.2020.T2,D7,2.0,2.5799713579108268,2.6912808418273926,2.37797474861145,2.326458333333333,3.062561224489796,2.534175678696103
13810.SKF.SHED.D7.2020.T20,D7,20.0,15.728327829861389,15.692996978759766,15.352619171142578,15.649375000000003,16.10784013605442,16.36222923039652
13810.SKF.SHED.D7.2020.T3,D7,3.0,3.206987935401072,3.240088939666748,2.9024593830108643,3.156875,3.401494897959184,3.6774717305445375
13810.SKF.SHED.D7.2020.T4,D7,4.0,4.30316041046566,4.1295247077941895,3.733046054840088,4.793125,4.581721088435374,4.851583211520747
13810.SKF.SHED.D7.2020.T5,D7,5.0,4.701344163761382,4.530436992645264,4.478104591369629,4.742916666666666,4.962054421768707,5.297954215267567
13810.SKF.SHED.D7.2020.T6,D7,6.0,6.178667393950708,6.604804515838623,6.0828070640563965,6.017708333333334,5.968551020408165,5.776999534571306
13810.SKF.SHED.D7.2020.T7,D7,7.0,6.1627104687455825,6.617865562438965,6.0671586990356445,5.706874999999999,5.93181292517007,6.294141864794716
13810.SKF.SHED.D7.2020.T8,D7,8.0,6.962410753174356,6.9662933349609375,6.773633003234863,7.051041666666666,7.353345238095241,6.659043828297385
13810.SKF.SHED.D7.2020.T9,D7,9.0,7.454815931219256,7.418682098388672,7.441703796386719,7.4304166666666704,7.776585034013609,7.162142641705994
13810.SKH.SHED.D17.2021.T0,D17,0.0,0.00021428571428571427,0.0,0.0,0.0,0.0014285714285714286,0.0
13810.SKH.SHED.D17.2021.T1,D17,1.0,1.2824740745418468,1.084048867225647,1.214327096939087,1.343541666666666,1.169795918367347,2.0949991905094567
13810.SKH.SHED.D17.2021.T10,D17,10.0,11.374639304949675,11.622374534606934,11.571215629577637,11.308124999999995,11.481574829931974,10.1126181268339
13810.SKH.SHED.D17.2021.T11,D17,11.0,12.575714297191604,12.906607627868652,13.082813262939453,12.766041666666668,12.879374149659865,9.479142373138309
13810.SKH.SHED.D17.2021.T12,D17,12.0,12.836220319430188,12.869278907775879,12.680028915405273,13.322708333333335,13.477629251700684,11.19243363824337
13810.SKH.SHED.D17.2021.T13,D17,13.0,14.645101806984675,14.468128204345703,14.318359375,15.22479166666667,15.046765306122458,14.23100372679263
13810.SKH.SHED.D17.2021.T14,D17,14.0,14.998281131472496,15.037463188171387,15.148565292358398,15.04958333333333,14.919940166975888,14.519931602184322
13810.SKH.SHED.D17.2021.T15,D17,15.0,15.667363804824648,15.763297080993652,15.799604415893555,15.912916666666668,15.784912956091523,14.381532998061019
13810.SKH.SHED.D17.2021.T16,D17,16.0,16.52204097696488,16.598665237426758,16.9102783203125,16.42458333333333,17.069857555143265,14.694765257205727
13810.SKH.SHED.D17.2021.T17,D17,17.0,18.293923871309186,18.388957977294922,18.543018341064453,18.135833333333323,18.29080328798186,17.70694732990652
13810.SKH.SHED.D17.2021.T18,D17,18.0,17.55385829806631,17.529447555541992,17.462902069091797,17.48166666666667,18.02696258503402,17.28920793042327
13810.SKH.SHED.D17.2021.T19,D17,19.0,18.222212679189013,17.958999633789062,18.095598220825195,18.219375,18.242739641311076,19.303272876493345
13810.SKH.SHED.D17.2021.T2,D17,2.0,2.3605155792054906,2.3784873485565186,2.205312490463257,2.8027083333333334,2.4919608843537415,1.6130545270299272
13810.SKH.SHED.D17.2021.T20,D17,20.0,18.92665825153145,18.750465393066406,19.205503463745117,18.537291666666675,18.791874149659876,19.739033118929342
13810.SKH.SHED.D17.2021.T3,D17,3.0,3.492518604661716,3.5757086277008057,3.290647506713867,3.88375,3.534017006802722,2.902915886525988
13810.SKH.SHED.D17.2021.T4,D17,4.0,4.590479921290119,4.376791000366211,4.573400974273682,4.832083333333332,4.698666666666667,4.628757109451686
13810.SKH.SHED.D17.2021.T5,D17,5.0,6.4943488469978385,6.293478012084961,6.357192516326904,6.949374999999996,6.807746598639457,6.05970324494707
13810.SKH.SHED.D17.2021.T6,D17,6.0,6.815877289232821,6.378054141998291,6.644871234893799,7.346458333333336,7.256469387755102,6.834811630799525
13810.SKH.SHED.D17.2021.T7,D17,7.0,8.610965703637905,9.062825202941895,8.798503875732422,8.140624999999998,8.578384353741496,7.776095207610082
13810.SKH.SHED.D17.2021.T8,D17,8.0,8.314343779873873,8.278944969177246,8.25787353515625,8.605208333333335,8.585500000000001,7.573252386649686
13810.SKH.SHED.D17.2021.T9,D17,9.0,10.374498224583341,10.426058769226074,10.596248626708984,10.519583333333335,10.667977891156461,8.935050867981385
13810.SKH.SHED.D23.2021.T0.1,D23,0.0,0.006214285714285714,0.0,0.0,0.0025,0.0380952380952381,0.0
13810.SKH.SHED.D23.2021.T1.1,D23,1.0,1.1631794791876138,1.0820538997650146,1.163041353225708,1.1618749999999998,1.2026292517006802,1.350335831965804
13810.SKH.SHED.D23.2021.T10.1,D23,10.0,10.63362420588144,10.728402137756348,10.47918701171875,10.281458333333335,10.393010204081634,11.800636143459359
13810.SKH.SHED.D23.2021.T11.1,D23,11.0,11.140673825670437,11.07121467590332,10.989848136901855,11.013333333333339,10.953760204081634,12.261166913950635
13810.SKH.SHED.D23.2021.T12.1,D23,12.0,12.693228237748173,12.819405555725098,12.80698013305664,12.353541666666672,12.581891156462584,12.87669530963762
13810.SKH.SHED.D23.2021.T13.1,D23,13.0,13.824169789226833,13.696762084960938,13.827571868896484,13.949375,13.8152619047619,13.960839108001444
13810.SKH.SHED.D23.2021.T14.1,D23,14.0,15.167559035343123,15.141283988952637,15.462348937988281,15.057291666666664,15.098911564625851,14.8329153613305
13810.SKH.SHED.D23.2021.T15.1,D23,15.0,15.605115157130728,15.519204139709473,15.612344741821289,15.804583333333339,15.617102040816327,15.427857569734455
13810.SKH.SHED.D23.2021.T16.1,D23,16.0,17.228082802225323,17.355554580688477,17.56140899658203,17.033958333333338,16.9901037414966,16.757569509821153
13810.SKH.SHED.D23.2021.T17.1,D23,17.0,17.808011492417844,18.078998565673828,17.891189575195312,17.560208333333335,17.191797619047623,18.207032193930583
13810.SKH.SHED.D23.2021.T18.1,D23,18.0,18.00306959450072,18.05496597290039,17.99746322631836,17.957916666666666,17.335867346938777,18.952505606768625
13810.SKH.SHED.D23.2021.T19.1,D23,19.0,18.54584728377752,18.818592071533203,18.712818145751953,18.231250000000003,18.359285714285708,18.219222687367136
13810.SKH.SHED.D23.2021.T2.1,D23,2.0,2.497985851787443,2.23783016204834,2.2580747604370117,2.4616666666666673,2.4291224489795917,4.054164123834163
13810.SKH.SHED.D23.2021.T20.1,D23,20.0,19.255745974654246,19.396860122680664,19.524789810180664,18.933750000000003,18.885547619047614,19.359083424477397
13810.SKH.SHED.D23.2021.T3.1,D23,3.0,3.5574124843117323,3.648556709289551,3.5269322395324707,3.2906250000000004,3.870335034013605,3.424371565397088
13810.SKH.SHED.D23.2021.T5.1,D23,5.0,5.7534526593527175,5.66195011138916,5.614951133728027,5.83125,5.597503401360543,6.452543322998809
13810.SKH.SHED.D23.2021.T6.1,D23,6.0,6.575551414343811,6.485164642333984,6.402942657470703,6.602708333333334,6.644831632653062,7.119999457113134
13810.SKH.SHED.D23.2021.T7.1,D23,7.0,7.8315278425131964,7.531990051269531,7.455959320068359,8.025833333333333,8.294731292517012,8.585646365710296
13810.SKH.SHED.D23.2021.T8.1,D23,8.0,8.649764207569296,8.32893180847168,8.540501594543457,9.113749999999998,9.17607823129252,8.167975316980502
13810.SKH.SHED.D23.2021.T9.1,D23,9.0,10.319623529907943,10.873499870300293,10.768547058105469,9.599583333333335,9.829312925170067,9.711231988493108
13810.SKH.SHED.D26.2021.T0.2,D26,0.0,0.007577910122062478,0.019188271835446358,0.0,0.00875,0.0004761904761904762,0.0
13810.SKH.SHED.D26.2021.T1.1,D26,1.0,1.1797423690966382,1.328216552734375,1.2470452785491943,1.3933333333333329,1.1512823129251697,0.18157070033585043
13810.SKH.SHED.D26.2021.T10.1,D26,10.0,9.762379676443743,9.464998245239258,8.972472190856934,10.39375,10.268031746031745,10.608073932529699
13810.SKH.SHED.D26.2021.T11.1,D26,11.0,11.001006307885145,11.278287887573242,10.271428108215332,11.613750000000005,11.457950113378688,10.082203975525362
13810.SKH.SHED.D26.2021.T12.1,D26,12.0,12.44230434290807,12.240920066833496,12.327984809875488,12.621250000000002,12.968074829931975,12.185708958993533
13810.SKH.SHED.D26.2021.T13.1,D26,13.0,13.755175585086691,13.901124000549316,13.447900772094727,13.671666666666667,14.25065192743764,13.509320694492335
13810.SKH.SHED.D26.2021.T14.1,D26,14.0,14.301392802711629,14.004977226257324,13.88602352142334,14.65104166666667,14.76189455782313,14.839012374717942
13810.SKH.SHED.D26.2021.T15.1,D26,15.0,15.202485635980878,15.327597618103027,15.57131576538086,14.581874999999995,14.69359693877551,15.909628683884296
13810.SKH.SHED.D26.2021.T16.1,D26,16.0,15.882723998638399,15.885237693786621,15.693117141723633,16.086249999999993,15.28672959183673,16.836139662959972
13810.SKH.SHED.D26.2021.T17.1,D26,17.0,17.743624724112813,17.78450584411621,17.340906143188477,17.51770833333334,18.069391156462583,18.59096094944773
13810.SKH.SHED.D26.2021.T18.1,D26,18.0,17.60595940850453,17.511829376220703,17.130647659301758,17.687083333333334,18.16614285714285,18.07410585574783
13810.SKH.SHED.D26.2021.T19.1,D26,19.0,18.52188074414263,18.421558380126953,18.59965705871582,18.14520833333333,18.485999999999994,19.435572987589264
13810.SKH.SHED.D26.2021.T2.1,D26,2.0,2.195747690804735,2.5676631927490234,2.182880401611328,2.2693749999999997,2.33320918367347,0.758722550261755
13810.SKH.SHED.D26.2021.T20.1,D26,20.0,19.64203262759423,19.891645431518555,19.68653106689453,19.149166666666666,19.400952380952383,20.129300409388392
13810.SKH.SHED.D26.2021.T3.1,D26,3.0,2.7420050888664056,2.714872121810913,2.778639554977417,2.5972916666666674,2.6614608843537413,3.142060975923825
13810.SKH.SHED.D26.2021.T4.1,D26,4.0,3.355353473829675,3.4213032722473145,3.342541217803955,3.35625,3.4683809523809526,3.0182004484734932
13810.SKH.SHED.D26.2021.T5.1,D26,5.0,4.885333889482042,5.133062839508057,4.745961666107178,4.902916666666668,5.1452261904761905,4.065573591980681
13810.SKH.SHED.D26.2021.T6.1,D26,6.0,6.087900321577292,6.128576278686523,6.03101921081543,6.255416666666666,6.398763605442177,5.306747611178178
13810.SKH.SHED.D26.2021.T7.1,D26,7.0,6.703776831088289,6.394001483917236,6.638594627380371,6.970416666666666,7.240824829931973,6.457206712448961
13810.SKH.SHED.D26.2021.T8.1,D26,8.0,7.575226638994527,7.334914207458496,7.057461738586426,8.057291666666664,8.10824829931973,7.826913638790792
13810.SKH.SHED.D26.2021.T9.1,D26,9.0,8.860086008064014,8.71532154083252,8.506241798400879,9.052708333333335,8.792700680272105,9.894823275065557
13810.SKH.SHED.D27.2021.T0.1,D27,0.0,0.003862952416363571,0.0,0.00616609537974,0.0,0.015476190476190475,0.0
13810.SKH.SHED.D27.2021.T1.1,D27,1.0,1.0473097522093677,0.9914898872375488,1.173238754272461,1.21375,1.129545918367347,0.4437120971488593
13810.SKH.SHED.D27.2021.T10.1,D27,10.0,10.646718255092138,10.428892135620117,10.58720874786377,11.154583333333335,10.942806689342405,9.98910757372134
13810.SKH.SHED.D27.2021.T11.1,D27,11.0,11.533044630823113,11.31629467010498,11.209922790527344,11.915833333333337,11.772683673469386,11.866063144727073
13810.SKH.SHED.D27.2021.T12.1,D27,12.0,12.005677163475799,11.723260879516602,11.884957313537598,12.140000000000002,12.176697278911567,12.629549793996826
13810.SKH.SHED.D27.2021.T13.1,D27,13.0,13.132892174191033,13.105213165283203,12.811201095581055,13.47770833333334,13.345636054421764,13.011408758808754
13810.SKH.SHED.D27.2021.T14.1,D27,14.0,14.452117213606414,14.294750213623047,14.307136535644531,14.827291666666667,15.02698299319728,13.674022332954427
13810.SKH.SHED.D27.2021.T15.1,D27,15.0,15.541448659999071,15.36528491973877,15.472419738769531,16.118541666666655,15.402178571428573,15.29723130337441
13810.SKH.SHED.D27.2021.T16.1,D27,16.0,17.49493593200705,17.49785614013672,17.30807113647461,17.70895833333333,18.068952380952386,16.66426782037855
13810.SKH.SHED.D27.2021.T17.1,D27,17.0,18.418353877162904,18.450654983520508,18.323225021362305,18.234791666666663,18.38231859410431,18.98045004317197
13810.SKH.SHED.D27.2021.T18.1,D27,18.0,18.98534532176166,18.99071502685547,19.388076782226562,18.711041666666677,18.616459183673477,19.064344072640214
13810.SKH.SHED.D27.2021.T19.1,D27,19.0,19.377287976676225,19.39112663269043,19.402748107910156,18.99541666666667,19.036488095238095,20.54706412272509
13810.SKH.SHED.D27.2021.T2.1,D27,2.0,2.3805193180653177,2.3739514350891113,2.1169984340667725,2.316875,2.4379829931972794,3.1001183004229924
13810.SKH.SHED.D27.2021.T20.1,D27,20.0,19.992310972202652,19.908737182617188,19.6595458984375,19.365416666666675,19.004518707482994,23.81042203352336
13810.SKH.SHED.D27.2021.T3.1,D27,3.0,3.420574364489055,3.4435129165649414,3.3316421508789062,3.512083333333333,3.60646150278293,3.1122405971574016
13810.SKH.SHED.D27.2021.T4.1,D27,4.0,4.1909963881462,4.247910976409912,4.1599884033203125,4.357499999999998,4.354044217687075,3.5201936174008726
13810.SKH.SHED.D27.2021.T5.1,D27,5.0,5.436428955150564,5.399226188659668,5.446138381958008,5.579166666666668,5.672396258503402,4.884337309543177
13810.SKH.SHED.D27.2021.T6.1,D27,6.0,6.385884297906943,6.314307689666748,6.620464324951172,6.624583333333335,6.711585034013605,5.0482148800041795
13810.SKH.SHED.D27.2021.T7.1,D27,7.0,8.409366118966176,8.499377250671387,8.679033279418945,8.362083333333336,8.463204081632652,7.478973449984592
13810.SKH.SHED.D27.2021.T8.1,D27,8.0,8.907277142631418,9.099242210388184,9.006583213806152,8.799166666666666,8.826122448979593,8.421069753831524
13810.SKH.SHED.D27.2021.T9.1,D27,9.0,10.144756049039696,9.867777824401855,10.029655456542969,10.548125000000002,10.515086734693877,9.901208273793143
13810.SKH.SHED.D7.2020.T0,D7,0.0,0.11552525634537118,0.3485000729560852,0.0007152235484682024,0.008125,0.06114285714285713,0.0
13810.SKH.SHED.D7.2020.T1,D7,1.0,0.9813420442671098,0.91041100025177,0.9634807109832764,1.1064583333333335,1.1007619047619044,0.809426140648073
13810.SKH.SHED.D7.2020.T10,D7,10.0,8.27642134781297,8.20430850982666,8.117273330688477,8.66166666666667,8.836690476190478,7.279735574309487
13810.SKH.SHED.D7.2020.T12,D7,12.0,8.291800184360048,8.109527587890625,8.204380989074707,8.692500000000003,8.670329931972788,7.68797170928265
13810.SKH.SHED.D7.2020.T13,D7,13.0,8.458109164941721,8.37621021270752,8.344856262207031,8.479375000000003,8.83167006802721,8.38406525373625
13810.SKH.SHED.D7.2020.T14,D7,14.0,8.958035718893635,8.661645889282227,8.907306671142578,9.276874999999999,9.293357709750564,8.833366278607391
13810.SKH.SHED.D7.2020.T15,D7,15.0,10.683401554968752,10.2381591796875,10.338289260864258,11.553958333333332,11.203599773242635,10.36049853193375
13810.SKH.SHED.D7.2020.T16,D7,16.0,11.005768446497061,11.125800132751465,10.936235427856445,10.865416666666668,11.231238095238101,10.762005020884606
13810.SKH.SHED.D7.2020.T18,D7,18.0,13.283669693414247,13.092350006103516,13.186053276062012,13.916458333333335,13.643409863945578,12.296482263091857
13810.SKH.SHED.D7.2020.T19,D7,19.0,14.697350525270867,14.908515930175781,14.765897750854492,14.801250000000003,15.305671768707484,12.772205431983874
13810.SKH.SHED.D7.2020.T2,D7,2.0,2.2095859051093134,2.187049388885498,2.069201707839966,2.234166666666666,2.5335051020408157,2.093115628442172
13810.SKH.SHED.D7.2020.T20,D7,20.0,15.804899001990377,16.21806526184082,15.968486785888672,15.636875,15.856314625850334,14.415355330884127
13810.SKH.SHED.D7.2020.T3,D7,3.0,2.876036635595795,2.70723819732666,2.717822790145874,3.0383333333333327,3.051619047619048,3.1899995505180456
13810.SKH.SHED.D7.2020.T4,D7,4.0,3.7108394073728705,3.4831392765045166,3.3260445594787598,4.399583333333333,3.8453333333333344,3.776698178851591
13810.SKH.SHED.D7.2020.T5,D7,5.0,4.5941590604788125,4.522342681884766,4.437899112701416,4.613541666666666,4.411785714285716,5.435052872618376
13810.SKH.SHED.D7.2020.T6,D7,6.0,5.425500958330964,5.416297912597656,5.28800106048584,5.883749999999999,5.595519841269843,4.625333432397301
13810.SKH.SHED.D7.2020.T7,D7,7.0,6.034880982857604,6.149959564208984,5.889952659606934,6.032708333333333,5.880178571428571,6.288364963122243
13810.SKH.SHED.D7.2020.T8,D7,8.0,6.845987738558866,6.691047668457031,6.587015151977539,6.9843750000000036,7.375018707483002,6.887918439049202
13810.SKH.SHED.D7.2020.T9,D7,9.0,7.10196483697881,7.100890636444092,7.090753555297852,7.186458333333335,7.396265306122454,6.522777946360842
13810.SOH.SHED.D17.2021.T1,D17,1.0,1.0835662981189025,1.1033849716186523,1.20347261428833,1.238125,1.3603843537414964,0.0
13810.SOH.SHED.D17.2021.T10,D17,10.0,12.190647232053173,12.644937515258789,12.547080993652344,11.776666666666667,12.059590136054418,10.961238753209537
13810.SOH.SHED.D17.2021.T11,D17,11.0,12.476588499286072,12.760381698608398,12.882705688476562,12.573125,12.706625850340139,10.071786900333908
13810.SOH.SHED.D17.2021.T12,D17,12.0,14.301599012993726,14.60631275177002,14.539609909057617,14.35729166666667,14.455820861678008,12.449712476132802
13810.SOH.SHED.D17.2021.T13,D17,13.0,14.155841260194787,14.099974632263184,14.240699768066406,14.97083333333333,14.931880952380949,11.317251189754213
13810.SOH.SHED.D17.2021.T14,D17,14.0,15.166300469091368,15.07463264465332,15.456199645996094,15.21458333333333,15.265960884353738,14.470499648766229
13810.SOH.SHED.D17.2021.T15,D17,15.0,15.708223984948916,15.849787712097168,16.14579200744629,15.95041666666667,15.722540816326525,13.683752136758816
13810.SOH.SHED.D17.2021.T16,D17,16.0,16.806857405291822,16.68556022644043,16.903076171875,16.718333333333334,17.423945578231294,16.18161790989584
13810.SOH.SHED.D17.2021.T17,D17,17.0,17.45707036284214,17.495031356811523,17.781822204589844,17.14104166666666,18.226078231292522,16.009853366240115
13810.SOH.SHED.D17.2021.T18,D17,18.0,17.56056978069973,17.414920806884766,17.93387222290039,17.56708333333333,18.188452380952384,16.109409590996822
13810.SOH.SHED.D17.2021.T19,D17,19.0,18.28825052057888,18.28630256652832,18.4567813873291,18.31416666666666,18.391907596371894,17.665449309989974
13810.SOH.SHED.D17.2021.T2,D17,2.0,2.1394623892738704,2.1914827823638916,2.145174980163574,2.629791666666666,2.7984365079365077,0.0
13810.SOH.SHED.D17.2021.T20,D17,20.0,19.45188803166475,19.11981201171875,19.841228485107422,18.869791666666664,18.928530612244902,21.423993817022
13810.SOH.SHED.D17.2021.T3,D17,3.0,3.747246847132928,3.817610263824463,3.8803958892822266,3.976666666666666,4.31485544217687,1.8930314600516915
13810.SOH.SHED.D17.2021.T4,D17,4.0,4.893449013992266,4.8345255851745605,4.837650299072266,5.054375,5.191785714285713,4.440359065289746
13810.SOH.SHED.D17.2021.T5,D17,5.0,6.7303783558276855,6.711981773376465,6.794318199157715,6.819166666666668,6.945751700680274,6.125081855899427
13810.SOH.SHED.D17.2021.T6,D17,6.0,7.78672484282023,7.8916449546813965,8.032487869262695,7.7806250000000015,7.92111224489796,6.66817552365443
13810.SOH.SHED.D17.2021.T7,D17,7.0,9.17727760722425,9.769286155700684,9.409425735473633,8.402916666666666,9.042826530612246,8.571280137204676
13810.SOH.SHED.D17.2021.T8,D17,8.0,9.773372695025255,10.370594024658203,10.076406478881836,9.164583333333328,9.727843537414966,8.509996706284262
13810.SOH.SHED.D17.2021.T9,D17,9.0,9.98651612940524,10.095802307128906,9.979872703552246,10.738749999999998,10.706319727891158,7.091093021948348
13810.SOH.SHED.D23.2021.T1.1,D23,1.0,1.2770172401699398,1.1107515096664429,1.150676965713501,1.225208333333333,1.2953078231292519,2.1678470570557735
13810.SOH.SHED.D23.2021.T10.1,D23,10.0,11.553022101336653,11.56247615814209,11.333393096923828,11.525625,11.19618027210885,12.663789388467421
13810.SOH.SHED.D23.2021.T11.1,D23,11.0,12.1922382203885,11.93544864654541,12.49659252166748,12.38375,12.07677210884354,11.991896796814757
13810.SOH.SHED.D23.2021.T12.1,D23,12.0,13.011480135854946,13.074109077453613,13.28532600402832,12.910625,13.0223537414966,12.324378503872918
13810.SOH.SHED.D23.2021.T13.1,D23,13.0,14.002029854665722,13.966763496398926,14.12899112701416,14.001875000000007,14.064285714285711,13.697351668496445
13810.SOH.SHED.D23.2021.T14.1,D23,14.0,15.921058637105912,16.040367126464844,16.476415634155273,16.021874999999994,16.59366326530612,12.964201008317243
13810.SOH.SHED.D23.2021.T15.1,D23,15.0,15.400861821257662,15.580648422241211,15.866466522216797,15.51666666666667,15.468982993197281,13.363698817181746
13810.SOH.SHED.D23.2021.T16.1,D23,16.0,16.99879349302868,17.112030029296875,17.188138961791992,16.88520833333333,17.176780612244897,16.145909852882173
13810.SOH.SHED.D23.2021.T17.1,D23,17.0,17.653284422726674,17.960783004760742,17.853893280029297,17.43895833333333,17.261818027210882,17.245118305428257
13810.SOH.SHED.D23.2021.T18.1,D23,18.0,17.755980906396015,18.069120407104492,17.940677642822266,17.728749999999998,17.25253401360544,17.164452715182854
13810.SOH.SHED.D23.2021.T19.1,D23,19.0,18.981869893631014,19.107812881469727,19.218181610107422,18.273541666666667,18.455448412698416,20.219550314251435
13810.SOH.SHED.D23.2021.T2.1,D23,2.0,2.5841072671283873,2.757544755935669,2.3844246864318848,2.8120833333333324,2.668173469387755,1.9809498166488613
13810.SOH.SHED.D23.2021.T20.1,D23,20.0,19.36707341733094,19.41230583190918,19.720481872558594,18.667291666666664,18.677309523809516,20.78206437713779
13810.SOH.SHED.D23.2021.T3.1,D23,3.0,3.718894238490984,3.826016426086426,3.7349891662597656,3.4797916666666664,4.021053339517624,3.38225684839138
13810.SOH.SHED.D23.2021.T4.1,D23,4.0,4.833684347887179,5.0669474601745605,4.891000270843506,4.6570833333333335,4.950136054421768,4.169129672940027
13810.SOH.SHED.D23.2021.T5.1,D23,5.0,5.924251944638946,5.763775825500488,5.694169521331787,6.098124999999999,5.891670068027211,6.682013064517714
13810.SOH.SHED.D23.2021.T6.1,D23,6.0,7.3107768601804795,7.0597243309021,6.844198226928711,7.145208333333334,7.010052721088434,10.012604293477407
13810.SOH.SHED.D23.2021.T7.1,D23,7.0,8.296996749145727,8.746678352355957,8.542305946350098,8.461041666666665,8.72790476190476,5.360227092323675
13810.SOH.SHED.D23.2021.T8.1,D23,8.0,9.321467193436872,9.37049674987793,9.726881980895996,9.2925,9.622784013605443,7.7668007120867655
13810.SOH.SHED.D23.2021.T9.1,D23,9.0,10.586865158731674,10.900178909301758,10.894633293151855,10.067708333333332,10.435126417233567,10.143425334014827
13810.SOH.SHED.D27.2021.T1.1,D27,1.0,1.333484955544422,0.8977599740028381,1.0768852233886719,1.3533333333333337,1.1865918367346937,3.462802153195316
13810.SOH.SHED.D27.2021.T10.1,D27,10.0,10.375558112951586,9.705044746398926,10.071815490722656,10.812708333333335,10.873959183673467,11.52455272133557
13810.SOH.SHED.D27.2021.T11.1,D27,11.0,11.236708356737653,10.843774795532227,10.691792488098145,11.613125,11.571207482993197,12.52321673604468
13810.SOH.SHED.D27.2021.T12.2,D27,12.0,12.606206883676364,12.481932640075684,12.6615571975708,12.737083333333334,12.899275510204085,12.139297990636795
13810.SOH.SHED.D27.2021.T13.1,D27,13.0,13.278011511462172,12.923901557922363,12.83213996887207,13.614375000000004,13.677032312925173,14.183762049286672
13810.SOH.SHED.D27.2021.T14.1,D27,14.0,14.87393330851732,14.607539176940918,14.242705345153809,15.14062500000001,15.495384353741489,15.78562566085365
13810.SOH.SHED.D27.2021.T15.1,D27,15.0,16.0308375238065,15.802151679992676,15.35190200805664,16.489375,16.341880952380947,17.03059374937395
13810.SOH.SHED.D27.2021.T16.1,D27,16.0,17.446260969834075,17.322389602661133,16.896116256713867,17.833125000000003,18.250489795918373,17.21316555469513
13810.SOH.SHED.D27.2021.T17.1,D27,17.0,18.119873256025695,17.873701095581055,17.553386688232422,18.28874999999999,18.40484523809525,19.509394695789858
13810.SOH.SHED.D27.2021.T18.1,D27,18.0,18.220716356206363,18.316076278686523,17.926177978515625,18.672499999999992,18.575593537414967,17.23509947359257
13810.SOH.SHED.D27.2021.T19.1,D27,19.0,18.931889499521137,18.84654998779297,18.384605407714844,18.707499999999992,18.862595238095242,21.10883865540252
13810.SOH.SHED.D27.2021.T2.1,D27,2.0,2.39944655302061,2.0414133071899414,1.9646563529968262,2.696041666666667,2.615891156462584,3.6426646581170026
13810.SOH.SHED.D27.2021.T20.1,D27,20.0,19.168900735246524,18.975173950195312,18.420618057250977,18.745416666666653,18.62204251700681,23.288043249908334
13810.SOH.SHED.D27.2021.T3.1,D27,3.0,3.3252343784055443,3.1962337493896484,3.1132736206054688,3.4245833333333313,3.607323747680889,3.6203061961848286
13810.SOH.SHED.D27.2021.T4.1,D27,4.0,4.335476103292924,4.059479236602783,4.013638496398926,4.666875000000001,4.671968253968252,4.800524701171205
13810.SOH.SHED.D27.2021.T5.1,D27,5.0,5.509905461143622,5.0565104484558105,4.944737911224365,5.669999999999999,5.7092448979591826,7.663811141069106
13810.SOH.SHED.D27.2021.T6.1,D27,6.0,6.835983609301671,6.375617980957031,6.4287190437316895,7.301875000000003,7.256620748299321,7.672503418367401
13810.SOH.SHED.D27.2021.T7.1,D27,7.0,7.72589409339471,7.314131259918213,7.392261505126953,8.180416666666668,8.2988112244898,8.026843221307043
13810.SOH.SHED.D27.2021.T8.1,D27,8.0,8.97691935528772,8.436884880065918,8.723006248474121,9.27,9.223653061224493,10.275543699657407
13810.SOH.SHED.D27.2021.T9.1,D27,9.0,10.027748373490697,9.486061096191406,9.845864295959473,10.121458333333337,10.2080306122449,11.649677121400039
13810.SPS.SHED.D17.2021.T0,D17,0.0,0.009346148546519023,0.0,0.015027451328933239,0.000625,0.03642857142857143,0.0
13810.SPS.SHED.D23.2021.T0.1,D23,0.0,0.27337803078732165,0.335580438375473,0.051298439502716064,0.004375,0.011571428571428571,1.5726857511328642
13810.SPS.SHED.D27.2021.T0.1,D27,0.0,0.005517857142857142,0.0,0.0,0.0075,0.026785714285714284,0.0
13810.CH.SHED.D16.2021.T1,D16,1.0,1.1923554787701514,1.289265513420105,0.9521259069442749,1.14,1.216011904761905,1.5714256229376549
13810.CH.SHED.D16.2021.T10,D16,10.0,11.233232034753962,11.460026741027832,10.84268569946289,11.00375,11.365612244897962,11.78960750845197
13810.CH.SHED.D16.2021.T11,D16,11.0,13.303818884658902,14.12252426147461,13.622000694274902,11.827291666666667,13.45260204081633,12.782127931920122
13810.CH.SHED.D16.2021.T12,D16,12.0,14.04901257636502,14.587113380432129,14.191354751586914,12.749791666666665,14.8588231292517,13.462580716175662
13810.CH.SHED.D16.2021.T13,D16,13.0,15.978408641992988,16.81648826599121,15.80207633972168,14.268541666666666,16.67945918367347,16.273158663808506
13810.CH.SHED.D16.2021.T14,D16,14.0,16.18635830480853,16.913400650024414,15.950899124145508,14.640000000000002,16.719557256235834,16.8867974032945
13810.CH.SHED.D16.2021.T15,D16,15.0,16.646069318609076,17.242216110229492,16.84044075012207,14.723541666666662,16.830023809523805,17.940823932478082
13810.CH.SHED.D16.2021.T16,D16,16.0,16.871773967888622,17.5307674407959,16.771488189697266,15.489374999999995,16.820969387755095,17.986512800622727
13810.CH.SHED.D16.2021.T17,D16,17.0,18.096152407491243,18.709566116333008,18.559743881225586,16.365,17.31444897959184,19.73179255346166
13810.CH.SHED.D16.2021.T18,D16,18.0,18.631588703473764,19.182371139526367,19.341951370239258,16.791666666666664,17.67792630385488,20.31367240144477
13810.CH.SHED.D16.2021.T19,D16,19.0,18.912963155068514,19.372549057006836,19.23661231994629,17.27708333333333,17.812023242630385,21.648252049186688
13810.CH.SHED.D16.2021.T20,D16,20.0,19.38578772135624,19.74732208251953,19.711231231689453,17.720208333333332,18.165715986394552,22.648842240521724
13810.CH.SHED.D16.2021.T3,D16,3.0,4.219649272048176,4.195652961730957,3.998074531555176,4.267291666666666,4.438603174603173,4.421859411162866
13810.CH.SHED.D16.2021.T4,D16,4.0,5.3373904728769626,5.336695194244385,4.8796067237854,5.517083333333334,5.321141156462581,6.148923935212431
13810.CH.SHED.D16.2021.T5,D16,5.0,5.76016443931823,6.05855131149292,5.177833557128906,5.861041666666666,5.4759552154195,6.545390409418704
13810.CH.SHED.D16.2021.T6,D16,6.0,6.603436771884429,6.830522537231445,6.12822151184082,6.483958333333334,6.566698979591837,7.404281191493481
13810.CH.SHED.D16.2021.T7,D16,7.0,7.294134570087995,7.285553455352783,6.747690200805664,7.39,7.151527210884353,8.708169016480916
13810.CH.SHED.D16.2021.T8,D16,8.0,8.750219050411653,8.16044807434082,8.354063034057617,9.15708333333333,9.411367913832201,9.704470158535065
13810.CH.SHED.D16.2021.T9,D16,9.0,9.93790931487704,10.192411422729492,9.967023849487305,9.437916666666668,10.194756802721088,9.71633071944869
13810.CH.SHED.D24.2021.T1.1,D24,1.0,0.9901557954152425,1.0326789617538452,1.1580750942230225,1.1329166666666666,1.095,0.0
13810.CH.SHED.D24.2021.T10.1,D24,10.0,10.483728535972357,10.858028411865234,10.584576606750488,11.046666666666672,11.072536641929503,7.099620311024026
13810.CH.SHED.D24.2021.T11.1,D24,11.0,11.439333896985454,11.450093269348145,11.208436012268066,11.991666666666664,11.606883786848078,10.628310117534486
13810.CH.SHED.D24.2021.T12.1,D24,12.0,12.763792395314988,13.268267631530762,12.649430274963379,12.877499999999996,13.947428571428578,9.533402514006287
13810.CH.SHED.D24.2021.T13.1,D24,13.0,14.291754860250828,14.774792671203613,14.545969009399414,14.225208333333333,14.556074829931976,11.943719153834277
13810.CH.SHED.D24.2021.T14.1,D24,14.0,14.873754690167207,14.93875503540039,15.32906723022461,14.521666666666665,14.748922902494328,14.431896032834544
13810.CH.SHED.D24.2021.T15.1,D24,15.0,15.490097663913174,15.147710800170898,15.7564697265625,15.225833333333334,15.261472789115645,16.72279407187265
13810.CH.SHED.D24.2021.T16.1,D24,16.0,16.37238060017269,16.97954750061035,16.584976196289062,16.191041666666667,16.043204081632652,14.875833553390876
13810.CH.SHED.D24.2021.T17.1,D24,17.0,17.06946357528684,17.497135162353516,17.21291732788086,16.863958333333336,16.678994897959182,16.424527932500236
13810.CH.SHED.D24.2021.T18.1,D24,18.0,17.215707301544427,17.577224731445312,17.312875747680664,17.189999999999994,16.728836734693875,16.669954349865847
13810.CH.SHED.D24.2021.T19.1,D24,19.0,17.964882757835337,18.384260177612305,18.29349708557129,17.773333333333326,18.03491893424037,16.163259263561017
13810.CH.SHED.D24.2021.T2.1,D24,2.0,2.511520863807753,2.3329176902770996,2.519617795944214,2.58875,2.72573299319728,2.5513115875897734
13810.CH.SHED.D24.2021.T20.1,D24,20.0,18.49198831744828,18.892980575561523,18.93544578552246,18.39583333333332,18.50168764172336,16.358128854740393
13810.CH.SHED.D24.2021.T3.1,D24,3.0,3.702472362534272,4.027262210845947,4.01367712020874,3.4772916666666664,3.9284795918367332,2.0614414711946
13810.CH.SHED.D24.2021.T4.1,D24,4.0,4.4646321112020795,4.528162002563477,4.348865985870361,4.350624999999999,4.312999999999999,5.018920139654469
13810.CH.SHED.D24.2021.T5.1,D24,5.0,5.365006095850708,5.334481239318848,5.390171051025391,5.929375000000001,5.23245918367347,4.463750837476848
13810.CH.SHED.D24.2021.T7.1,D24,7.0,7.275560199785169,6.950971603393555,7.035343170166016,7.438958333333331,7.558316326530616,8.098938105793401
13810.CH.SHED.D24.2021.T8.1,D24,8.0,8.236793558240226,8.09259033203125,7.796836853027344,8.768958333333336,9.049008503401364,7.486643031971432
13810.CH.SHED.D24.2021.T9.1,D24,9.0,10.04288583839312,9.973861694335938,9.889656066894531,10.30916666666667,9.975022108843543,10.202266637088425
13810.CPS.SHED.D16.2021.T0,D16,0.0,0.18705029780289956,0.3404606282711029,0.03623415157198906,0.1975,0.24235714285714285,0.0
13810.CPS.SHED.D24.2021.T0.2,D24,0.0,0.07224171051241102,0.11296840012073517,0.0,0.08791666666666666,0.13845238095238097,0.0
13810.F.SHED.D15.2021.T0,D15,0.0,0.0881839113007965,0.0,0.0004982124664820731,0.0,0.0,0.8805935818417598
13810.F.SHED.D21.2021.T0.1,D21,0.0,0.06987230635780986,0.0,0.005154014099389315,0.0,0.0,0.6858380283296253
13810.F.SHED.D24.2021.T0.1,D24,0.0,0.1268288866119189,0.0,0.0,0.0,0.0,1.268288866119189
13810.F.SHED.D4.2020.T0,D4,0.0,0.32644685074138535,0.22226300835609436,0.04186398163437843,0.0016666666666666666,0.004285714285714286,2.4832576234977193
13810.SCS.SHED.D15.2021.T0,D15,0.0,0.08074065704475201,0.23171760141849518,0.012639601714909077,0.011666666666666667,0.038214285714285715,0.0
13810.SCS.SHED.D15.2021.T1,D15,1.0,0.8735950294411328,0.42892926931381226,0.7801103591918945,1.2387499999999994,1.190738095238095,1.2352794456330134
13810.SCS.SHED.D15.2021.T10,D15,10.0,9.89694006232796,9.276981353759766,9.654733657836914,10.273333333333335,10.249846371882082,11.080186192918225
13810.SCS.SHED.D15.2021.T11,D15,11.0,10.92575309387414,10.808995246887207,10.6072416305542,11.53416666666667,11.374613945578231,10.1821868699936
13810.SCS.SHED.D15.2021.T12,D15,12.0,14.082601024557698,14.580358505249023,14.127140045166016,14.283750000000003,15.253841836734688,10.318821861812829
13810.SCS.SHED.D15.2021.T13,D15,13.0,14.80253944777009,14.760910034179688,14.220404624938965,14.328124999999998,15.034832766439907,16.983153663154578
13810.SCS.SHED.D15.2021.T14,D15,14.0,15.156639983876588,15.154802322387695,15.048049926757812,14.986666666666668,14.904217687074834,16.152208190762668
13810.SCS.SHED.D15.2021.T15,D15,15.0,15.819393821172373,15.823412895202637,15.51268196105957,15.272708333333332,16.098376417233556,17.24901333094987
13810.SCS.SHED.D15.2021.T17,D15,17.0,17.414479512586578,17.313312530517578,16.93682098388672,17.25,17.591844671201816,18.975038067793534
13810.SCS.SHED.D15.2021.T18,D15,18.0,17.85260548334598,17.44775390625,17.205368041992188,18.36104166666667,18.17865136054421,19.179312635579652
13810.SCS.SHED.D15.2021.T19,D15,19.0,18.373330267779597,18.09025764465332,17.505495071411133,18.322291666666672,18.11812074829932,21.877027609525854
13810.SCS.SHED.D15.2021.T2,D15,2.0,2.047970442694061,2.309037923812866,2.011439323425293,2.3537500000000007,2.5443282312925164,0.0
13810.SCS.SHED.D15.2021.T20,D15,20.0,19.52146890226308,19.435277938842773,19.6918888092041,19.183125000000004,19.27086054421768,20.406592366765683
13810.SCS.SHED.D15.2021.T3,D15,3.0,3.648629167659034,3.3141918182373047,3.651515483856201,4.237916666666665,4.593547619047619,2.0487727503331605
13810.SCS.SHED.D15.2021.T4,D15,4.0,4.3705271429417865,4.024055480957031,4.108466148376465,4.478958333333331,4.66888775510204,5.400691316285888
13810.SCS.SHED.D15.2021.T5,D15,5.0,5.092888630781805,4.271705627441406,4.547287940979004,5.4668750000000035,5.248568027210884,7.9389475322299905
13810.SCS.SHED.D15.2021.T6,D15,6.0,5.500545626014341,5.340500354766846,5.188798904418945,5.7091666666666665,5.525608843537413,6.305211336156054
13810.SCS.SHED.D15.2021.T7,D15,7.0,7.202186854957258,6.8814263343811035,6.659550189971924,6.844791666666665,7.14344501133787,10.323963221159328
13810.SCS.SHED.D15.2021.T8,D15,8.0,7.357670314177956,6.750539302825928,6.505268096923828,8.1675,8.251307823129254,8.349953256298326
13810.SCS.SHED.D15.2021.T9,D15,9.0,9.524276710558476,9.211135864257812,8.866072654724121,9.857500000000002,9.352875850340139,11.699864100490808
13810.SCS.SHED.D21.2021.T0.1,D21,0.0,0.09353557560387112,0.1881503313779831,0.0,0.11916666666666666,0.0883809523809524,0.0
13810.SCS.SHED.D21.2021.T1.1,D21,1.0,1.0209217289833794,0.9004621505737305,1.0626418590545654,1.4147916666666667,1.3477619047619043,0.0
13810.SCS.SHED.D21.2021.T10.1,D21,10.0,10.492792582960677,11.041376113891602,9.96154499053955,10.670416666666663,11.085087095444244,8.931471035083394
13810.SCS.SHED.D21.2021.T11.1,D21,11.0,10.460200312664284,10.672619819641113,10.31018352508545,10.379374999999998,10.88649149659864,9.720197610107924
13810.SCS.SHED.D21.2021.T15.1,D21,15.0,14.860431829032317,14.838733673095703,14.695527076721191,15.229166666666668,15.088511337868479,14.258199239097015
13810.SCS.SHED.D21.2021.T16.1,D21,16.0,15.481605631327204,16.04212188720703,15.018383026123047,15.074375,15.651191609977323,15.518195671377361
13810.SCS.SHED.D21.2021.T19.1,D21,19.0,16.988356065232644,16.714656829833984,16.618423461914062,16.438125,17.202472789115653,19.51357232436585
13810.SCS.SHED.D21.2021.T3.1,D21,3.0,2.884312138311735,3.0731470584869385,2.76027774810791,3.152916666666667,3.07768820861678,1.8006201911282531
13810.SCS.SHED.D21.2021.T5.1,D21,5.0,4.820645324882803,4.559022426605225,4.682292938232422,4.782083333333333,5.0822193877551,5.636157875131978
13810.SCS.SHED.D21.2021.T6.1,D21,6.0,5.032428299951586,4.989691257476807,4.9085211753845215,4.965624999999999,4.919377551020407,5.773589962093526
13810.SCS.SHED.D21.2021.T7.1,D21,7.0,6.169283618713319,6.015031814575195,5.932544708251953,6.663958333333332,6.649494897959183,5.514219959172279
13810.SCS.SHED.D21.2021.T8.1,D21,8.0,7.72326568855002,7.369450092315674,7.321994781494141,7.624583333333336,8.261867346938775,9.177351967743006
13810.SCS.SHED.D4.2020.T1,D4,1.0,1.1759610950454502,1.397937536239624,1.1827232837677002,1.3468749999999994,1.2119285714285715,0.09734727517352226
13810.SCS.SHED.D4.2020.T11,D4,11.0,14.183325290577699,14.361103057861328,13.754488945007324,15.009375000000002,15.003436507936518,11.839816607769913
13810.SCS.SHED.D4.2020.T12,D4,12.0,13.46271776490254,13.769720077514648,13.261507987976074,14.151250000000003,14.315770975056692,10.388090983956223
13810.SCS.SHED.D4.2020.T13,D4,13.0,15.43951603407799,15.60653018951416,15.322233200073242,15.689374999999993,16.2896320861678,13.456788642802634
13810.SCS.SHED.D4.2020.T14,D4,14.0,16.733529625489016,16.97743034362793,16.53079605102539,16.870416666666674,17.106068027210895,15.676079722293183
13810.SCS.SHED.D4.2020.T15,D4,15.0,17.519973129899405,17.51972198486328,17.948143005371094,17.386666666666667,17.776437074829936,16.332218885398227
13810.SCS.SHED.D4.2020.T16,D4,16.0,17.31717692237383,17.58475685119629,17.462690353393555,17.035625,17.15584750566894,16.955751528162136
13810.SCS.SHED.D4.2020.T18,D4,18.0,16.47230552908061,17.0084171295166,17.437278747558594,14.52374999999999,15.816336734693879,17.332601931319022
13810.SCS.SHED.D4.2020.T19,D4,19.0,17.78229415628696,18.11219024658203,18.697093963623047,16.324375,17.31033673469388,18.12938081202506
13810.SCS.SHED.D4.2020.T2,D4,2.0,2.7739055473778946,2.3418784141540527,2.5080437660217285,3.2929166666666663,3.3213656462585037,2.8754290135413765
13810.SCS.SHED.D4.2020.T20,D4,20.0,17.838500757978455,18.134613037109375,19.04572868347168,16.051458333333333,17.28560544217687,18.335521929845285
13810.SCS.SHED.D4.2020.T3,D4,3.0,3.618915391917483,3.414691925048828,3.5482330322265625,3.774375,3.8472023809523814,3.754941992033366
13810.SCS.SHED.D4.2020.T4,D4,4.0,5.161449151761497,4.89153528213501,5.1103515625,5.085833333333332,5.201785714285716,6.189661526864701
13810.SCS.SHED.D4.2020.T5,D4,5.0,6.428173313708381,6.007676601409912,6.394187927246094,6.409583333333334,6.446119047619047,7.784888276643606
13810.SCS.SHED.D4.2020.T7,D4,7.0,9.360070910572615,9.391446113586426,9.350913047790527,10.154374999999998,10.466147959183678,6.041116206715038
13810.SCS.SHED.D4.2020.T9,D4,9.0,11.410271367834449,11.733166694641113,10.962921142578125,12.670000000000002,12.294003968253964,7.7149047855948885
13810.SKF.SHED.D15.2021.T0,D15,0.0,0.393311747980301,0.2403237670660019,0.006121690385043621,0.321875,0.2745238095238095,2.1413062383566803
13810.SKF.SHED.D15.2021.T1,D15,1.0,0.7081944776302116,0.455769807100296,0.7580920457839966,1.0735416666666666,1.0411666666666668,0.11057190720790366
13810.SKF.SHED.D15.2021.T10,D15,10.0,9.171458513238179,8.970194816589355,9.143020629882812,9.134375000000004,9.678819727891156,9.159469516069942
13810.SKF.SHED.D15.2021.T11,D15,11.0,9.743411943223837,9.592580795288086,9.73669147491455,9.820625,9.972357142857144,9.714862644802015
13810.SKF.SHED.D15.2021.T12,D15,12.0,11.064408989626669,11.09232234954834,11.006390571594238,11.351041666666664,11.704870748299319,9.591756962853756
13810.SKF.SHED.D15.2021.T13,D15,13.0,11.95673239591745,11.930399894714355,12.055665969848633,12.167291666666669,12.609302721088435,10.388421935443851
13810.SKF.SHED.D15.2021.T14,D15,14.0,12.849169429652852,12.48221206665039,12.675443649291992,13.51229166666666,13.760530612244901,11.691069721646679
13810.SKF.SHED.D15.2021.T15,D15,15.0,13.340856051469643,13.149900436401367,13.371635437011719,13.56583333333334,13.757301020408164,12.76215241568411
13810.SKF.SHED.D15.2021.T16,D15,16.0,14.535069034476926,14.326505661010742,14.444727897644043,15.20270833333333,14.85200170068027,13.575934399939861
13810.SKF.SHED.D15.2021.T17,D15,17.0,16.51823736068313,16.408723831176758,16.427167892456055,16.48,17.188037414965986,16.146226259711938
13810.SKF.SHED.D15.2021.T18,D15,18.0,17.574595389245246,17.550464630126953,17.750314712524414,17.241249999999994,17.66401360544218,17.740252812597316
13810.SKF.SHED.D15.2021.T19,D15,19.0,18.58300206662007,18.417524337768555,19.241178512573242,18.08375,18.004600907029477,19.300100010917745
13810.SKF.SHED.D15.2021.T2,D15,2.0,1.975646130283587,2.143801689147949,1.8935496807098389,2.1568749999999994,2.178214285714286,1.010110605046
13810.SKF.SHED.D15.2021.T20,D15,20.0,19.480192973939342,19.263553619384766,19.696170806884766,19.002083333333328,19.45983673469388,20.57692009531972
13810.SKF.SHED.D15.2021.T3,D15,3.0,3.461647058788576,3.4538228511810303,3.353066921234131,3.4616666666666664,3.9905714285714287,2.9631442550668643
13810.SKF.SHED.D15.2021.T4,D15,4.0,4.029479860287443,4.092630386352539,4.010153293609619,4.0945833333333335,4.125243197278911,3.6144927472077377
13810.SKF.SHED.D15.2021.T5,D15,5.0,4.536431287936702,4.468967914581299,4.4362616539001465,4.901041666666667,4.79388775510204,3.8738400348863653
13810.SKF.SHED.D15.2021.T6,D15,6.0,5.0781644140904625,5.187067985534668,5.085625648498535,5.3883333333333345,5.311367346938774,3.762658375979445
13810.SKF.SHED.D15.2021.T7,D15,7.0,5.535120579238821,5.3947272300720215,5.489011287689209,6.008749999999997,6.127619047619046,4.235567311520558
13810.SKF.SHED.D15.2021.T8,D15,8.0,6.510348169399487,6.346558570861816,6.4088521003723145,6.900833333333333,6.9678163265306114,5.788284574016038
13810.SKF.SHED.D15.2021.T9,D15,9.0,8.23715813272704,8.284438133239746,8.18075942993164,8.321458333333334,8.174843537414967,8.16118637993293
13810.SKF.SHED.D16.2021.T0,D16,0.0,0.09476119365223816,0.2923406958580017,0.015950225293636322,0.00125,0.018809523809523807,0.0
13810.SKF.SHED.D16.2021.T1,D16,1.0,0.9211257334448028,0.896764874458313,0.8061908483505249,1.1114583333333332,1.1733316326530614,0.5225714745505172
13810.SKF.SHED.D16.2021.T10,D16,10.0,11.451282134288315,11.830016136169434,11.399020195007324,10.913541666666665,11.541507936507934,11.385877208761304
13810.SKF.SHED.D16.2021.T11,D16,11.0,12.736280905217669,13.332719802856445,13.088404655456543,11.566666666666668,12.71099319727891,12.443814875714292
13810.SKF.SHED.D16.2021.T12,D16,12.0,14.619997674455165,15.330604553222656,14.872357368469238,13.312291666666656,15.161631519274376,13.660239051465705
13810.SKF.SHED.D16.2021.T13,D16,13.0,15.286521798242047,16.03302764892578,15.191837310791016,13.892708333333324,15.601537414965991,15.598818969549967
13810.SKF.SHED.D16.2021.T14,D16,14.0,15.248035592397251,15.687189102172852,14.827678680419922,14.116666666666653,15.00708163265306,17.605636134091263
13810.SKF.SHED.D16.2021.T15,D16,15.0,15.71146077420946,16.15110206604004,15.506505966186523,14.503124999999997,15.217272108843543,18.06287846524288
13810.SKF.SHED.D16.2021.T16,D16,16.0,16.42642983252175,16.741933822631836,16.183868408203125,15.498749999999998,15.998744897959176,18.583208489875418
13810.SKF.SHED.D16.2021.T17,D16,17.0,17.49424280663491,17.825170516967773,17.530757904052734,16.285208333333333,16.957031746031742,19.634057469599668
13810.SKF.SHED.D16.2021.T18,D16,18.0,18.01055889628037,18.413740158081055,18.19814682006836,16.79125,17.33943424036281,19.777350077845405
13810.SKF.SHED.D16.2021.T19,D16,19.0,18.48807460350036,18.84026336669922,18.35916519165039,17.346249999999998,17.625646825396824,21.331072717684734
13810.SKF.SHED.D16.2021.T2,D16,2.0,2.5087982566060347,2.3335378170013428,2.1959402561187744,3.157291666666666,2.510367346938776,2.517384121017889
13810.SKF.SHED.D16.2021.T20,D16,20.0,18.989261642370163,19.294050216674805,18.97515296936035,17.850416666666668,18.05927040816326,21.78284440469813
13810.SKF.SHED.D16.2021.T3,D16,3.0,3.739305590316996,3.969465970993042,3.768364906311035,3.893333333333333,4.338637188208616,1.7691232754336568
13810.SKF.SHED.D16.2021.T4,D16,4.0,5.800452824336547,5.929422378540039,5.567173004150391,6.378541666666665,6.107489795918369,4.380010570158495
13810.SKF.SHED.D16.2021.T5,D16,5.0,5.193977794796518,5.571620464324951,4.948398113250732,5.425833333333332,5.393667800453513,3.9117529045165558
13810.SKF.SHED.D16.2021.T6,D16,6.0,5.954645922771962,6.277042865753174,5.723736763000488,6.086458333333335,5.990343537414963,5.247556750169762
13810.SKF.SHED.D16.2021.T7,D16,7.0,7.311587255866926,7.3111491203308105,6.85984468460083,7.586250000000003,7.401625850340142,7.757874710664536
13810.SKF.SHED.D16.2021.T8,D16,8.0,7.490577954618486,6.9831342697143555,7.323111534118652,8.070833333333333,8.223479024943313,7.171712697663521
13810.SKF.SHED.D16.2021.T9,D16,9.0,9.325064956787498,9.274210929870605,9.269679069519043,9.509375000000004,9.540418367346936,8.924441553445147
13810.SKF.SHED.D21.2021.T0.1,D21,0.0,0.07670849450074492,0.18336501717567444,0.06670071929693222,0.010833333333333332,0.01904761904761905,0.0
13810.SKF.SHED.D21.2021.T1.1,D21,1.0,1.1160899368245356,1.055918574333191,1.0136628150939941,1.06125,1.0528673469387755,1.7571855871026347
13810.SKF.SHED.D21.2021.T10.1,D21,10.0,8.935907049673261,9.072917938232422,9.1756010055542,8.74875,8.85580612244898,8.42010498447639
13810.SKF.SHED.D21.2021.T11.1,D21,11.0,9.677755333163844,9.653790473937988,9.734969139099121,9.542083333333336,9.895552154195016,9.551264164117482
13810.SKF.SHED.D21.2021.T12.1,D21,12.0,10.116570923634294,10.075640678405762,10.189180374145508,10.035208333333333,9.884809523809526,10.56820531338092
13810.SKF.SHED.D21.2021.T13.1,D21,13.0,11.19136711721741,11.266192436218262,11.019845962524414,11.194166666666668,11.123578798185944,11.491777426596038
13810.SKF.SHED.D21.2021.T14.1,D21,14.0,12.808968434206797,12.808907508850098,12.974149703979492,12.713750000000003,12.802519274376417,12.59630864400432
13810.SKF.SHED.D21.2021.T15.1,D21,15.0,14.605530217273664,14.61013126373291,14.830497741699219,14.087499999999999,14.675846938775516,14.95989361912661
13810.SKF.SHED.D21.2021.T16.1,D21,16.0,15.805473112499428,15.959266662597656,15.978826522827148,15.213541666666671,15.49858673469388,16.554901394759288
13810.SKF.SHED.D21.2021.T17.1,D21,17.0,16.19380711196145,16.275127410888672,16.194416046142578,16.06000000000001,15.915826530612248,16.63290897567368
13810.SKF.SHED.D21.2021.T18.1,D21,18.0,17.11655224289311,17.281904220581055,17.124061584472656,16.93583333333334,16.618921201814068,17.70960733661852
13810.SKF.SHED.D21.2021.T19.1,D21,19.0,18.325518057709665,18.412879943847656,18.250341415405273,17.90979166666667,18.18126870748299,19.299200812482713
13810.SKF.SHED.D21.2021.T2.1,D21,2.0,2.2365335295675908,2.254589319229126,1.992893934249878,2.2227083333333333,2.178369047619048,2.906362264268597
13810.SKF.SHED.D21.2021.T20.1,D21,20.0,19.10984500049502,19.188491821289062,19.125778198242188,18.60541666666667,18.669704081632652,20.503139589695255
13810.SKF.SHED.D21.2021.T3.1,D21,3.0,2.6345891668935995,2.8149731159210205,2.550767421722412,2.8725,2.851130952380953,1.5023573382954716
13810.SKF.SHED.D21.2021.T5.1,D21,5.0,4.730601646455787,4.475182056427002,4.851924419403076,4.161458333333332,4.4636156462585035,6.73231911071475
13810.SKF.SHED.D21.2021.T6.1,D21,6.0,5.354041784316184,4.970253944396973,5.039863109588623,5.261874999999999,4.924476190476191,8.11953395028508
13810.SKF.SHED.D21.2021.T7.1,D21,7.0,5.666273473211642,5.252079486846924,5.592809200286865,5.892499999999999,6.085955782312924,6.010539597389097
13810.SKF.SHED.D21.2021.T8.1,D21,8.0,6.712118695147448,6.82973575592041,6.930093765258789,6.6189583333333335,6.900277210884356,5.71841278757308
13810.SKF.SHED.D21.2021.T9.1,D21,9.0,7.79208829565956,7.80891227722168,7.95054817199707,7.6506250000000025,7.802367346938776,7.612974674529703
13810.SKF.SHED.D24.2021.T0.1,D24,0.0,0.0,0.0,0.0,0.0,0.0,0.0
13810.SKF.SHED.D24.2021.T1.1,D24,1.0,1.049764969330202,0.9943888187408447,1.119330644607544,1.2289583333333334,1.3159761904761904,0.2842756731796747
13810.SKF.SHED.D24.2021.T10.1,D24,10.0,10.470329635314116,10.414287567138672,10.713346481323242,10.32104166666667,10.38356065759637,10.45964312868915
13810.SKF.SHED.D24.2021.T11.1,D24,11.0,11.234230884477997,10.99774169921875,11.060439109802246,11.87354166666666,11.610946712018146,10.534482571257543
13810.SKF.SHED.D24.2021.T12.1,D24,12.0,12.098359519318647,11.865652084350586,12.242918014526367,11.973124999999996,12.695654195011349,11.789612611301783
13810.SKF.SHED.D24.2021.T13.1,D24,13.0,13.851375975627533,13.510757446289062,13.646476745605469,13.897708333333325,13.85713662131519,15.284173954755047
13810.SKF.SHED.D24.2021.T14.1,D24,14.0,15.021052540372326,15.079671859741211,15.267292022705078,14.978333333333328,15.009607142857144,14.332202386784546
13810.SKF.SHED.D24.2021.T15.1,D24,15.0,15.972842728117712,15.683562278747559,15.841894149780273,15.975625,15.949071428571424,17.198147927626625
13810.SKF.SHED.D24.2021.T16.1,D24,16.0,15.646180466447698,15.826966285705566,15.212785720825195,15.893333333333338,16.27414795918367,14.751052899855102
13810.SKF.SHED.D24.2021.T17.1,D24,17.0,16.24553706847944,16.585893630981445,15.667560577392578,16.37583333333334,16.627899659863942,15.83527219190604
13810.SKF.SHED.D24.2021.T18.1,D24,18.0,16.48581758641995,16.679967880249023,16.22925567626953,16.796041666666675,16.212811224489787,16.333832862710587
13810.SKF.SHED.D24.2021.T19.1,D24,19.0,17.480259455465,17.694961547851562,17.685243606567383,17.436249999999998,17.63318707482994,16.182320282431945
13810.SKF.SHED.D24.2021.T2.1,D24,2.0,2.4604827001549165,2.4637036323547363,2.350306510925293,2.372499999999999,2.365996598639456,3.0439549292125383
13810.SKF.SHED.D24.2021.T20.1,D24,20.0,17.590215962887065,17.669153213500977,17.666757583618164,17.916875,17.85592857142857,16.110163172179455
13810.SKF.SHED.D24.2021.T3.1,D24,3.0,3.722757732776772,3.7181026935577393,3.876436233520508,3.558958333333334,4.027748299319726,3.2226395476469776
13810.SKF.SHED.D24.2021.T4.1,D24,4.0,4.620954409396863,4.757955074310303,4.64071798324585,4.559375,4.7080408163265295,4.153072688433301
13810.SKF.SHED.D24.2021.T6.1,D24,6.0,6.418861938836234,6.333881855010986,6.387991905212402,6.685416666666666,6.26329931972789,6.4512117473732085
13810.SKF.SHED.D24.2021.T7.1,D24,7.0,7.567472887295526,7.652242660522461,7.340249061584473,7.404791666666666,7.647269841269846,8.08689014218859
13810.SKF.SHED.D24.2021.T9.1,D24,9.0,9.838896808679799,10.265973091125488,9.787678718566895,9.579375,10.048736394557828,8.889997425167541
13810.SKF.SHED.D4.2020.T1,D4,1.0,0.9939874347020343,0.86670982837677,1.065051794052124,1.0802083333333337,1.1009523809523811,0.865270138664485
13810.SKF.SHED.D4.2020.T10,D4,10.0,9.750953292383105,9.64557933807373,9.737152099609375,9.720416666666667,10.011823696145122,9.771345783035406
13810.SKF.SHED.D4.2020.T11,D4,11.0,10.99800197939808,11.087533950805664,10.842779159545898,10.678125,10.962431972789114,11.81057208351539
13810.SKF.SHED.D4.2020.T13,D4,13.0,12.001145027977524,11.753523826599121,11.552709579467773,12.13375,12.286341836734696,13.172092096206395
13810.SKF.SHED.D4.2020.T14,D4,14.0,12.37400328884762,12.27060604095459,12.218017578125,12.310208333333335,12.607343537414966,12.851738847510797
13810.SKF.SHED.D4.2020.T15,D4,15.0,14.536055408030915,14.526034355163574,14.524419784545898,13.946250000000003,14.575646258503403,15.71543216569857
13810.SKF.SHED.D4.2020.T16,D4,16.0,14.639012906573413,14.50186824798584,14.451041221618652,14.36104166666667,14.60047789115646,16.134121097661954
13810.SKF.SHED.D4.2020.T17,D4,17.0,15.601508671641742,15.516064643859863,15.366933822631836,15.007083333333338,15.158812925170063,18.2971721738365
13810.SKF.SHED.D4.2020.T18,D4,18.0,16.402695377887273,16.66468048095703,16.49441146850586,15.618958333333335,15.99547619047619,17.565752712356044
13810.SKF.SHED.D4.2020.T19,D4,19.0,16.15002679217429,16.04474449157715,15.670709609985352,16.057916666666664,16.12230442176871,17.889970456061697
13810.SKF.SHED.D4.2020.T2,D4,2.0,2.4566150994942766,2.235931634902954,2.39247465133667,2.4866666666666664,3.181227891156463,2.131994291824202
13810.SKF.SHED.D4.2020.T20,D4,20.0,16.388162859458536,16.152631759643555,15.78520393371582,16.30729166666667,16.256212585034017,18.961821270480776
13810.SKF.SHED.D4.2020.T3,D4,3.0,3.3234951635585395,3.1049835681915283,3.0624194145202637,3.8552083333333345,3.2765425170068037,3.6387219525332757
13810.SKF.SHED.D4.2020.T4,D4,4.0,5.208114119196756,4.979325771331787,4.967141628265381,4.813541666666667,4.771989795918368,7.940241780097856
13810.SKF.SHED.D4.2020.T5,D4,5.0,6.775514887784744,6.233006954193115,6.398741245269775,6.574583333333334,6.376604308390022,10.345201772841952
13810.SKF.SHED.D4.2020.T6,D4,6.0,6.9159621302783165,6.613683700561523,6.656543254852295,7.105208333333333,7.003860544217684,7.961004580974669
13810.SKF.SHED.D4.2020.T7,D4,7.0,7.6965860148963,7.686121940612793,7.394214630126953,7.857291666666665,8.419549886621315,7.078049588541929
13810.SKF.SHED.D4.2020.T8,D4,8.0,9.489092072459568,9.571499824523926,8.983986854553223,9.641874999999997,9.500326530612249,10.18221431872248
13810.SKF.SHED.D4.2020.T9,D4,9.0,8.881203472273752,8.789190292358398,8.795453071594238,8.912291666666665,8.767955782312926,9.479314159874015
13810.SKH.SHED.D15.2021.T0,D15,0.0,0.1872596449962474,0.44862091541290283,0.044207166880369186,0.0,0.0035714285714285713,0.4108586436656996
13810.SKH.SHED.D15.2021.T1,D15,1.0,0.8607746356247234,0.7770525813102722,0.8442034721374512,1.2077083333333336,1.1671088435374153,0.0
13810.SKH.SHED.D15.2021.T10,D15,10.0,9.334693741248067,8.99647331237793,9.008030891418457,9.429583333333333,9.887897959183675,10.146426641358563
13810.SKH.SHED.D15.2021.T11,D15,11.0,10.008534888642984,9.960522651672363,10.00119400024414,10.005833333333332,10.089666666666668,10.05462926413573
13810.SKH.SHED.D15.2021.T12,D15,12.0,11.33354666525267,11.53690242767334,11.502796173095703,11.46458333333333,11.815891156462582,9.3147655354069
13810.SKH.SHED.D15.2021.T13,D15,13.0,12.5524099240793,12.58841323852539,12.685473442077637,12.555625,13.12174149659864,11.251313675124768
13810.SKH.SHED.D15.2021.T14,D15,14.0,12.962105277000123,12.66486930847168,12.642769813537598,13.398958333333336,13.800874149659867,12.520292419585708
13810.SKH.SHED.D15.2021.T15,D15,15.0,13.54892129700226,13.289196014404297,13.694510459899902,14.13979166666667,14.054829931972797,12.02352054576743
13810.SKH.SHED.D15.2021.T16,D15,16.0,15.159534300377988,14.758926391601562,14.897610664367676,15.289791666666666,15.192193877551016,16.706663018396128
13810.SKH.SHED.D15.2021.T17,D15,17.0,16.867476200773986,16.6822452545166,16.573877334594727,16.733125,17.23752210884354,17.870799744437928
13810.SKH.SHED.D15.2021.T18,D15,18.0,16.950753196850172,17.029638290405273,17.37959098815918,17.06541666666667,17.213523809523807,15.018520579268909
13810.SKH.SHED.D15.2021.T2,D15,2.0,1.9565482332716797,2.011352300643921,1.8292913436889648,2.1789583333333336,2.2378214285714284,1.2435482620388125
13810.SKH.SHED.D15.2021.T20,D15,20.0,19.120508925643698,18.840606689453125,18.875980377197266,18.917708333333334,19.170222222222232,20.902568245084424
13810.SKH.SHED.D15.2021.T3,D15,3.0,3.3401503244895374,3.2469635009765625,3.232025623321533,3.3652083333333342,3.711428571428572,3.2829891598523284
13810.SKH.SHED.D15.2021.T4,D15,4.0,3.8527173409440443,3.9440877437591553,3.8563294410705566,4.057916666666667,4.06579081632653,2.839567017663457
13810.SKH.SHED.D15.2021.T5,D15,5.0,4.316619166211478,4.362639427185059,4.341853141784668,4.8824999999999985,4.799465986394558,2.2594415465061015
13810.SKH.SHED.D15.2021.T6,D15,6.0,5.248760044979717,5.254944324493408,5.022350311279297,5.462500000000001,5.312921768707483,5.272509045057468
13810.SKH.SHED.D15.2021.T7,D15,7.0,5.955257660133726,5.7114081382751465,5.746143817901611,6.223541666666665,6.208023809523811,6.293873594138743
13810.SKH.SHED.D15.2021.T8,D15,8.0,7.306796842854574,7.036814212799072,6.8220601081848145,8.062500000000002,8.036200113378687,6.723075349618451
13810.SKH.SHED.D15.2021.T9,D15,9.0,9.56306449245972,9.606870651245117,9.42037582397461,9.76104166666667,9.844996031746032,8.969516029972944
13810.SKH.SHED.D16.2021.T0,D16,0.0,0.25424034412957375,0.6615902185440063,0.1645483523607254,0.017916666666666668,0.07361904761904761,0.0
13810.SKH.SHED.D16.2021.T1,D16,1.0,1.1791956141823157,1.3238526582717896,1.0289702415466309,1.3652083333333331,1.321736394557823,0.5349513046378096
13810.SKH.SHED.D16.2021.T10,D16,10.0,10.23996903263091,10.058359146118164,10.002070426940918,10.288125000000004,10.531947278911558,10.845265902234978
13810.SKH.SHED.D16.2021.T11,D16,11.0,13.52281268454695,14.349187850952148,14.174026489257812,11.862083333333333,13.532215986394561,12.723006423210013
13810.SKH.SHED.D16.2021.T12,D16,12.0,14.694555502185986,15.366508483886719,14.818670272827148,13.33479166666666,15.778707482993195,13.461709330308729
13810.SKH.SHED.D16.2021.T13,D16,13.0,15.286031650493296,16.142681121826172,15.331073760986328,13.924791666666671,15.83528741496599,14.502074281206312
13810.SKH.SHED.D16.2021.T14,D16,14.0,16.12035012220091,16.918073654174805,16.101388931274414,14.289375,16.28976530612244,17.182409972114996
13810.SKH.SHED.D16.2021.T15,D16,15.0,16.442344256109546,17.028701782226562,16.49192237854004,14.706041666666662,16.774292517006796,17.534009159222165
13810.SKH.SHED.D16.2021.T16,D16,16.0,16.748250797285976,17.277942657470703,16.786680221557617,15.455416666666663,16.205987528344668,18.46216482070325
13810.SKH.SHED.D16.2021.T17,D16,17.0,17.714567581615164,18.327550888061523,18.02904510498047,16.171875,17.370784013605448,18.690484369107704
13810.SKH.SHED.D16.2021.T18,D16,18.0,18.4749576057024,19.08514976501465,18.866897583007812,16.762708333333332,17.677339569161006,20.28545678405233
13810.SKH.SHED.D16.2021.T19,D16,19.0,18.566450033164152,18.724220275878906,18.741344451904297,17.272499999999997,17.45274263038549,21.914364428665856
13810.SKH.SHED.D16.2021.T20,D16,20.0,19.085899314421237,19.32994842529297,19.129905700683594,17.752916666666664,17.962391156462587,22.594963548597292
13810.SKH.SHED.D16.2021.T3,D16,3.0,4.539103921755379,4.367133617401123,4.1382856369018555,4.509999999999999,4.489819727891156,6.189194681259043
13810.SKH.SHED.D16.2021.T4,D16,4.0,4.806939058311695,4.995839595794678,4.620472431182861,4.428541666666667,4.857848072562358,5.386835275598887
13810.SKH.SHED.D16.2021.T5,D16,5.0,5.489942432090023,5.627943992614746,5.093278408050537,5.379999999999999,5.336409297052153,6.5177823773514305
13810.SKH.SHED.D16.2021.T6,D16,6.0,6.7370849469893495,7.043030261993408,6.147082805633545,6.5808333333333335,6.606142857142857,7.80317071744846
13810.SKH.SHED.D16.2021.T7,D16,7.0,6.843895535379725,6.957272052764893,6.632763385772705,6.744583333333333,6.83057029478458,7.250208622227275
13810.SKH.SHED.D16.2021.T8,D16,8.0,7.396259068960751,7.079708576202393,7.507604598999023,7.781041666666665,8.01904024943311,6.363809756019773
13810.SKH.SHED.D16.2021.T9,D16,9.0,9.021192788789696,8.883950233459473,9.13835620880127,9.030625,9.014389455782313,9.131352481841894
13810.SKH.SHED.D21.2021.T0.1,D21,0.0,0.09726932732143143,0.0968899205327034,0.0786951333284378,0.0,0.01107142857142857,0.46867853543796656
13810.SKH.SHED.D21.2021.T1.1,D21,1.0,1.1076561851835058,0.9371918439865112,1.0336287021636963,1.0327083333333333,1.0278095238095237,2.0737836120853324
13810.SKH.SHED.D21.2021.T10.1,D21,10.0,9.05499526577589,9.003933906555176,9.102009773254395,8.937708333333333,9.525690476190478,8.619174124005013
13810.SKH.SHED.D21.2021.T11.1,D21,11.0,9.855131501786735,9.653117179870605,9.806130409240723,9.876458333333332,10.151276437847867,10.096806131715265
13810.SKH.SHED.D21.2021.T12.1,D21,12.0,10.264559703191726,9.998358726501465,9.916234970092773,10.491875000000002,10.297773242630385,11.429523563235353
13810.SKH.SHED.D21.2021.T13.1,D21,13.0,11.162915697003871,11.01822280883789,10.982011795043945,11.466458333333335,11.439522675736962,11.027258375643068
13810.SKH.SHED.D21.2021.T14.1,D21,14.0,12.957889104432194,13.104742050170898,13.057637214660645,12.839583333333332,13.034903061224492,12.389050598654215
13810.SKH.SHED.D21.2021.T15.1,D21,15.0,14.478283907937536,14.670258522033691,14.633709907531738,14.279374999999998,14.758092970521547,13.491899288662605
13810.SKH.SHED.D21.2021.T16.1,D21,16.0,15.834122726086104,16.23898696899414,15.917154312133789,15.238541666666677,15.780619047619053,15.683368668782208
13810.SKH.SHED.D21.2021.T17.1,D21,17.0,16.136302968259322,16.038732528686523,15.904003143310547,16.195833333333336,15.98819160997733,17.112870156624624
13810.SKH.SHED.D21.2021.T18.1,D21,18.0,17.041712664036613,17.156469345092773,16.797481536865234,16.868333333333336,16.647739795918366,18.24573840238051
13810.SKH.SHED.D21.2021.T19.1,D21,19.0,18.072517623902353,18.27332305908203,17.947799682617188,17.87708333333333,17.845068027210885,18.513939147751515
13810.SKH.SHED.D21.2021.T20.1,D21,20.0,19.148737359340604,19.177650451660156,19.169370651245117,18.82,18.611273809523812,20.47408489602706
13810.SKH.SHED.D21.2021.T3.1,D21,3.0,2.539680830653849,2.546138048171997,2.4360945224761963,2.5977083333333337,2.667632653061224,2.4712922095735053
13810.SKH.SHED.D21.2021.T5.1,D21,5.0,4.646415971970705,4.513027667999268,4.526706218719482,4.148541666666665,4.433251700680271,6.661350284556798
13810.SKH.SHED.D21.2021.T6.1,D21,6.0,5.164491989030423,4.7641730308532715,4.886171340942383,5.159583333333333,4.902192176870747,7.464517513415668
13810.SKH.SHED.D21.2021.T7.1,D21,7.0,6.025836523240708,5.4337158203125,5.883469581604004,6.203749999999998,6.054440476190475,7.759383103173859
13810.SKH.SHED.D21.2021.T8.1,D21,8.0,7.798602500167614,7.646796226501465,7.474830627441406,7.667083333333334,7.64399319727891,9.558403290983204
13810.SKH.SHED.D21.2021.T9.1,D21,9.0,7.912567932906667,7.735263824462891,7.881134033203125,7.968125000000003,8.746321428571427,7.161320629813033
13810.SKH.SHED.D24.2021.T0.1,D24,0.0,0.06561400496822338,0.05570857971906662,0.00717490678653121,0.05083333333333333,0.005357142857142857,0.361374662606325
13810.SKH.SHED.D24.2021.T1.1,D24,1.0,1.3784529384610553,1.265016794204712,1.2618927955627441,1.2110416666666668,1.12812925170068,2.720469802205203
13810.SKH.SHED.D24.2021.T10.1,D24,10.0,10.042691145548,9.417956352233887,9.666813850402832,11.361250000000002,10.8206097711812,9.05259311599945
13810.SKH.SHED.D24.2021.T11.1,D24,11.0,11.882483414424394,11.992535591125488,12.014118194580078,12.032083333333333,12.579833333333335,9.878015217750608
13810.SKH.SHED.D24.2021.T12.1,D24,12.0,11.733650865898841,11.897515296936035,11.749370574951172,12.404583333333328,12.663663265306127,8.465874766176539
13810.SKH.SHED.D24.2021.T13.1,D24,13.0,13.59684671366866,13.27790641784668,13.3514986038208,13.795624999999998,13.811743197278904,14.447136577676213
13810.SKH.SHED.D24.2021.T14.1,D24,14.0,14.9075196183448,14.781575202941895,15.057464599609375,15.187916666666661,15.147064625850344,13.99037880349004
13810.SKH.SHED.D24.2021.T15.1,D24,15.0,15.435843286362088,15.780628204345703,15.329286575317383,15.698749999999995,15.413617346938768,14.17540579188218
13810.SKH.SHED.D24.2021.T16.1,D24,16.0,17.793445659815475,17.315248489379883,17.632835388183594,17.456875000000007,17.345787414965997,20.974191537107124
13810.SKH.SHED.D24.2021.T17.1,D24,17.0,17.11523072419786,17.62381935119629,17.076663970947266,16.823750000000004,16.993209183673464,16.451875485511394
13810.SKH.SHED.D24.2021.T18.1,D24,18.0,17.250455319361684,17.849084854125977,17.130781173706055,17.063750000000002,17.18225850340136,16.229457941871708
13810.SKH.SHED.D24.2021.T19.1,D24,19.0,18.114746655295097,18.931406021118164,18.202014923095703,17.76395833333334,18.161852040816335,16.077516453966044
13810.SKH.SHED.D24.2021.T20.1,D24,20.0,18.68694200494332,19.00590705871582,18.909543991088867,18.554999999999996,18.398770408163276,17.86968328331868
13810.SKH.SHED.D24.2021.T3.1,D24,3.0,3.6972519205316643,3.6310176849365234,3.496127128601074,3.240625,3.6685589569160992,5.355059893630241
13810.SKH.SHED.D24.2021.T4.1,D24,4.0,4.984504278463558,5.276950836181641,5.182125091552734,4.77875,4.871044217687072,4.194811220678207
13810.SKH.SHED.D24.2021.T6.1,D24,6.0,6.629790297023463,6.654156684875488,6.634456157684326,6.8183333333333325,6.42029931972789,6.482176875138846
13810.SKH.SHED.D24.2021.T7.1,D24,7.0,7.369407452904924,7.1680450439453125,7.269471168518066,7.376249999999998,7.430588435374151,8.117878822856913
13810.SKH.SHED.D24.2021.T9.1,D24,9.0,10.211000860518272,10.478177070617676,9.726383209228516,11.461249999999993,10.892357142857142,7.098483655972702
13810.SKH.SHED.D4.2020.T0,D4,0.0,0.013790825754404068,0.04596941918134689,0.0,0.0,0.0,0.0
13810.SKH.SHED.D4.2020.T1,D4,1.0,1.1461713939993086,1.069272518157959,1.1555335521697998,1.2929166666666663,1.246809523809524,0.9090148860470908
13810.SKH.SHED.D4.2020.T10,D4,10.0,10.088017906653004,9.995795249938965,9.88880443572998,10.329583333333337,10.345082766439912,9.99399141106165
13810.SKH.SHED.D4.2020.T11,D4,11.0,11.5870950725811,11.750173568725586,11.34246826171875,11.482500000000002,12.116767006802723,11.124108855133292
13810.SKH.SHED.D4.2020.T13,D4,13.0,12.580971860338625,12.446723937988281,12.440683364868164,12.563125000000005,13.013718253968252,12.721010996298613
13810.SKH.SHED.D4.2020.T15,D4,15.0,16.493966883804163,16.4586124420166,16.48208236694336,16.751875000000002,16.361634353741504,16.31242406402116
13810.SKH.SHED.D4.2020.T16,D4,16.0,15.94473952502129,16.12700843811035,15.997426986694336,15.484583333333337,16.356169501133778,15.569381550778694
13810.SKH.SHED.D4.2020.T17,D4,17.0,16.47391818823508,16.5320987701416,16.71487045288086,16.327083333333334,16.426564625850343,16.061695834281643
13810.SKH.SHED.D4.2020.T18,D4,18.0,17.499847891131957,17.424278259277344,17.483552932739258,16.982499999999998,17.20799829931973,19.23976435265981
13810.SKH.SHED.D4.2020.T19,D4,19.0,17.151922976046865,17.052898406982422,17.33982276916504,16.645,17.071122448979594,18.114293943139394
13810.SKH.SHED.D4.2020.T20,D4,20.0,17.55669381155064,17.63454818725586,17.81061363220215,16.84291666666667,17.18845918367347,18.668237364389924
13810.SKH.SHED.D4.2020.T4,D4,4.0,4.843348439624565,4.841302394866943,4.712925434112549,4.6812499999999995,4.494187074829931,6.0234830141185505
13810.SKH.SHED.D4.2020.T5,D4,5.0,6.530300977136143,6.117164134979248,6.448578834533691,6.584583333333333,6.465532312925172,7.962605144035031
13810.SKH.SHED.D4.2020.T6,D4,6.0,7.553959495141116,7.3063273429870605,7.236235618591309,7.6175,7.499848639455776,9.04525091678804
13810.SKH.SHED.D4.2020.T7,D4,7.0,8.318997125747487,8.118851661682129,8.084181785583496,8.414791666666664,8.835894557823128,8.53953663840171
13810.SKH.SHED.D4.2020.T8,D4,8.0,9.274050500527473,9.048434257507324,8.806617736816406,9.966666666666665,9.550462585034012,9.319630679827387
13810.SKH.SHED.D4.2020.T9,D4,9.0,10.403503603919228,10.530269622802734,10.23560619354248,10.360625,10.623832199546486,10.198213387608149
13810.SOH.SHED.D15.2021.T1,D15,1.0,0.9815168695000924,0.8990800976753235,0.9232630729675293,1.0970833333333334,1.1585578231292513,0.8777673181955858
13810.SOH.SHED.D15.2021.T10,D15,10.0,10.16183887480808,9.931297302246094,10.299629211425781,10.169166666666666,10.688904761904762,9.703733336587574
13810.SOH.SHED.D15.2021.T11,D15,11.0,10.687807657445823,10.969749450683594,11.118755340576172,10.314583333333335,10.696353741496603,9.498242592055451
13810.SOH.SHED.D15.2021.T12,D15,12.0,12.056005044745513,12.263961791992188,12.174458503723145,11.614791666666669,12.009180272108845,12.088665070674104
13810.SOH.SHED.D15.2021.T13,D15,13.0,13.482668002635064,13.677905082702637,14.027326583862305,13.338749999999997,13.768204081632659,11.394842196137976
13810.SOH.SHED.D15.2021.T14,D15,14.0,13.677311385637754,13.614267349243164,13.66519546508789,14.019166666666658,14.121509390712813,12.546725726525779
13810.SOH.SHED.D15.2021.T15,D15,15.0,14.154809039008581,14.247361183166504,14.332858085632324,14.271458333333339,14.294189342403637,12.989660946233363
13810.SOH.SHED.D15.2021.T16,D15,16.0,16.22339287880687,16.20408821105957,15.895435333251953,16.698333333333338,15.966261904761907,16.5370162979506
13810.SOH.SHED.D15.2021.T18,D15,18.0,17.91281070161462,17.91098403930664,17.90150260925293,17.87625,17.950044217687076,17.963832048563365
13810.SOH.SHED.D15.2021.T19,D15,19.0,19.209306458415227,18.992555618286133,19.29802894592285,18.960416666666664,18.643068027210887,20.984889990337138
13810.SOH.SHED.D15.2021.T2,D15,2.0,2.4843195876492254,2.5542898178100586,2.274855613708496,2.8462500000000004,2.9130765306122455,1.431072592872468
13810.SOH.SHED.D15.2021.T20,D15,20.0,19.47118575018464,19.13801383972168,19.423173904418945,19.15625,19.3359761904762,21.42341693591969
13810.SOH.SHED.D15.2021.T3,D15,3.0,4.18883946874673,4.367428779602051,3.9047770500183105,3.821041666666667,4.383632653061223,4.806633410690205
13810.SOH.SHED.D15.2021.T4,D15,4.0,4.724946979587501,5.150367259979248,4.296086311340332,4.839583333333333,4.802307823129251,4.17552383622589
13810.SOH.SHED.D15.2021.T5,D15,5.0,5.113379412687319,5.366646766662598,4.937942981719971,5.481041666666666,5.3498401360544205,3.702152835170512
13810.SOH.SHED.D15.2021.T6,D15,6.0,5.525356709087998,5.563866138458252,5.490149974822998,5.412291666666667,5.74711224489796,5.391342037767458
13810.SOH.SHED.D15.2021.T7,D15,7.0,6.242366616194543,6.319415092468262,6.310574054718018,6.354999999999999,6.404139455782315,5.372776564072138
13810.SOH.SHED.D15.2021.T8,D15,8.0,7.1958773925248956,7.46478796005249,7.222177505493164,7.080416666666666,7.541867346938775,6.035331927617079
13810.SOH.SHED.D15.2021.T9,D15,9.0,8.505253654616046,8.899591445922852,8.771245956420898,8.436875,8.40432993197279,6.9454024193804695
13810.SOH.SHED.D21.2021.T1.1,D21,1.0,0.9459214352834793,0.7229773998260498,1.0424890518188477,1.3639583333333334,1.304095238095238,0.0
13810.SOH.SHED.D21.2021.T10.1,D21,10.0,9.730979662833759,9.648087501525879,10.019816398620605,9.999375,9.991913265306122,8.32937322924925
13810.SOH.SHED.D21.2021.T11.1,D21,11.0,9.786952323865606,9.697896957397461,10.101325035095215,10.269375,10.373993197278914,7.422779982807272
13810.SOH.SHED.D21.2021.T12.1,D21,12.0,10.776885734328873,11.159194946289062,10.851289749145508,11.096041666666663,10.912765306122449,8.601816839040794
13810.SOH.SHED.D21.2021.T13.1,D21,13.0,11.782002532945196,11.961535453796387,11.891462326049805,12.061458333333327,12.264599773242631,9.686946826407702
13810.SOH.SHED.D21.2021.T14.1,D21,14.0,13.930893821705784,14.617668151855469,14.14241886138916,14.606666666666662,14.43049263038549,9.24081432910697
13810.SOH.SHED.D21.2021.T15.1,D21,15.0,14.56353357614678,15.186056137084961,14.496252059936523,14.491875000000007,14.955600340136057,12.419386690167517
13810.SOH.SHED.D21.2021.T16.1,D21,16.0,14.92299652144645,15.359100341796875,14.427155494689941,14.940833333333336,15.242378684807255,14.339540758471461
13810.SOH.SHED.D21.2021.T17.1,D21,17.0,15.70683768871642,15.949495315551758,15.4617919921875,15.738125,15.68572619047619,15.56057167432589
13810.SOH.SHED.D21.2021.T18.1,D21,18.0,16.2750484062898,16.638681411743164,16.389808654785156,16.12083333333334,15.810421768707482,15.902618870977738
13810.SOH.SHED.D21.2021.T19.1,D21,19.0,17.50599080605402,17.420499801635742,17.07288932800293,17.288125,17.65777210884353,19.053277172360346
13810.SOH.SHED.D21.2021.T2.1,D21,2.0,2.4494270320439977,1.9379175901412964,2.3213067054748535,3.065,3.035188775510204,2.194467623063648
13810.SOH.SHED.D21.2021.T20.1,D21,20.0,16.52102279466448,16.775785446166992,16.30977439880371,17.70708333333334,17.850535147392296,11.918466223379394
13810.SOH.SHED.D21.2021.T3.1,D21,3.0,2.9296064630001943,2.508848190307617,2.6734800338745117,3.1902083333333326,3.204840136054421,3.8981431036445198
13810.SOH.SHED.D21.2021.T5.1,D21,5.0,3.9362207506251154,4.1843366622924805,4.227728843688965,4.397083333333333,4.458047619047619,0.7586373149132033
13810.SOH.SHED.D21.2021.T6.1,D21,6.0,5.056701946820679,5.197000503540039,5.177828311920166,5.6825,5.4657176870748305,2.467870647174017
13810.SOH.SHED.D21.2021.T7.1,D21,7.0,6.747316721606598,6.229667663574219,6.679428577423096,6.769791666666667,6.513238095238095,8.776152305595106
13810.SOH.SHED.D21.2021.T8.1,D21,8.0,7.772964862146265,7.999037742614746,7.908299446105957,7.865208333333333,8.120792517006803,6.050181336176646
13810.SOH.SHED.D21.2021.T9.1,D21,9.0,8.47031594675001,8.097121238708496,8.117545127868652,8.908750000000003,9.189380952380949,8.516361503131545
13810.SOH.SHED.D4.2020.T1,D4,1.0,1.2959901662592705,0.9502265453338623,1.018460750579834,1.4160416666666666,1.286738095238095,2.8008796739510586
13810.SOH.SHED.D4.2020.T10,D4,10.0,10.956928236084323,10.693037986755371,10.42153549194336,11.676458333333334,11.721507163471449,10.501152258844883
13810.SOH.SHED.D4.2020.T11,D4,11.0,11.999372522114633,11.758363723754883,11.775670051574707,12.021875,12.763127551020407,12.0910175944143
13810.SOH.SHED.D4.2020.T12,D4,12.0,12.776742674031329,12.546228408813477,12.326363563537598,13.330833333333334,13.75907142857144,12.012558795505045
13810.SOH.SHED.D4.2020.T13,D4,13.0,13.033526143124586,12.934082984924316,13.0338773727417,13.376458333333332,14.077005102040808,11.079894724890814
13810.SOH.SHED.D4.2020.T14,D4,14.0,13.867758356566277,13.846358299255371,13.949417114257812,14.414583333333333,14.780939909297054,11.264389351639895
13810.SOH.SHED.D4.2020.T16,D4,16.0,15.294682004536288,15.527965545654297,15.686965942382812,15.101875000000005,15.291960317460322,14.003818076252465
13810.SOH.SHED.D4.2020.T17,D4,17.0,15.61180312011643,15.700794219970703,15.845890045166016,15.484583333333344,15.529888888888888,15.136923428337148
13810.SOH.SHED.D4.2020.T18,D4,18.0,15.499837809903228,15.889777183532715,15.875267028808594,15.297499999999992,15.586892290249438,13.66554054103852
13810.SOH.SHED.D4.2020.T19,D4,19.0,16.254698688186707,16.38636589050293,16.68145179748535,15.987083333333342,16.175291950113376,15.447155124808155
13810.SOH.SHED.D4.2020.T2,D4,2.0,2.7163141253124183,2.690382957458496,2.260831356048584,2.6035416666666666,2.6406870748299323,4.271800045049003
13810.SOH.SHED.D4.2020.T20,D4,20.0,17.400240645635023,17.38055992126465,17.21651268005371,16.94729166666667,17.190842970521548,19.138597203306368
13810.SOH.SHED.D4.2020.T3,D4,3.0,3.3420929868617684,2.8209497928619385,2.8294801712036133,3.293333333333333,3.3641984126984132,6.251415776308546
13810.SOH.SHED.D4.2020.T4,D4,4.0,4.954656757240485,4.6767048835754395,4.547912120819092,4.668333333333332,4.831660997732426,7.56251445636551
13810.SOH.SHED.D4.2020.T5,D4,5.0,6.929368226226948,6.389200687408447,6.446442604064941,6.703541666666672,6.511971088435375,10.834933723895377
13810.SOH.SHED.D4.2020.T6,D4,6.0,7.700549196935922,7.444900035858154,7.065939903259277,7.4335416666666605,7.8361870748299305,10.384578158058359
13810.SOH.SHED.D4.2020.T7,D4,7.0,8.980515075526052,8.416646957397461,8.085680961608887,9.065624999999999,9.289705782312925,12.275198805576537
13810.SOH.SHED.D4.2020.T8,D4,8.0,10.203528468397352,9.893024444580078,9.534002304077148,10.554999999999996,10.674346938775509,11.399685181877151
13810.SOH.SHED.D4.2020.T9,D4,9.0,10.303284095583502,10.356780052185059,10.026578903198242,11.034583333333332,10.566675170068029,8.976874119515536
13810.SPS.SHED.D15.2021.T0,D15,0.0,0.21740306038142712,0.39014700055122375,0.041448283940553665,0.00125,0.014642857142857143,0.8755046065949301
13810.SPS.SHED.D21.2021.T0.1,D21,0.0,0.048573991624514264,0.12244108319282532,0.0,0.025208333333333336,0.04533333333333334,0.0
13810.SPS.SHED.D4.2020.T0,D4,0.0,0.0037678571428571422,0.0,0.0,0.0,0.025119047619047617,0.0
13810.CH.SHED.D14.2021.T1,D14,1.0,1.2850999127397316,1.2203139066696167,0.9973998069763184,1.4393750000000005,1.4197108843537412,1.6882415634170567
13810.CH.SHED.D14.2021.T10,D14,10.0,10.432617764740462,10.453875541687012,10.104093551635742,10.725833333333332,10.773205782312926,10.09284180311816
13810.CH.SHED.D14.2021.T11,D14,11.0,10.403658809719193,10.326407432556152,10.204421043395996,10.717500000000003,10.717811224489799,10.034596354298763
13810.CH.SHED.D14.2021.T12,D14,12.0,11.534950168436746,11.592340469360352,11.389121055603027,11.44791666666667,11.387335034013603,12.122841752925076
13810.CH.SHED.D14.2021.T13,D14,13.0,12.536971360861685,12.595531463623047,12.319032669067383,12.371250000000005,12.663593537414966,13.047647238956793
13810.CH.SHED.D14.2021.T14,D14,14.0,13.62240207836781,14.02315902709961,13.655471801757812,13.39958333333334,13.819236394557825,12.487842939481315
13810.CH.SHED.D14.2021.T15,D14,15.0,14.01334897044809,14.015275955200195,13.420841217041016,14.485,14.256270408163267,14.181153184032873
13810.CH.SHED.D14.2021.T16,D14,16.0,16.290593504050758,16.812652587890625,16.029098510742188,15.75666666666667,16.28262523191094,16.457959818780473
13810.CH.SHED.D14.2021.T17,D14,17.0,16.291410264481502,16.618755340576172,15.745723724365234,16.671875,16.399135435992577,15.751074158184567
13810.CH.SHED.D14.2021.T18,D14,18.0,17.400717310946103,17.46428871154785,17.19580841064453,17.628333333333337,17.829598639455785,16.623721322355788
13810.CH.SHED.D14.2021.T19,D14,19.0,18.1113453618243,18.20542335510254,17.890878677368164,18.198125,17.93080782312925,18.47752512482105
13810.CH.SHED.D14.2021.T2,D14,2.0,2.529006670932589,2.536097526550293,1.958101749420166,2.385416666666666,2.593578231292517,4.125319075852487
13810.CH.SHED.D14.2021.T20,D14,20.0,18.93932313352517,18.97085952758789,18.56448745727539,19.124999999999993,18.70601360544218,19.760413701136326
13810.CH.SHED.D14.2021.T3,D14,3.0,2.9738619988136983,2.92822527885437,2.840392589569092,3.0733333333333333,3.200071428571429,2.906188868127333
13810.CH.SHED.D14.2021.T4,D14,4.0,4.501320265145128,4.272029399871826,4.048766136169434,4.4,4.670931972789118,6.2688011522285425
13810.CH.SHED.D14.2021.T5,D14,5.0,5.537831522622007,5.367747783660889,5.157015323638916,5.680208333333334,6.013554421768709,6.001785266820379
13810.CH.SHED.D14.2021.T6,D14,6.0,6.6908967529147265,6.384827136993408,6.4267072677612305,6.85666666666667,6.998270408163266,7.4769790031857255
13810.CH.SHED.D14.2021.T7,D14,7.0,7.184186074935489,6.698408126831055,6.83105993270874,7.4910416666666695,7.73148979591837,8.089668509878983
13810.CH.SHED.D14.2021.T8,D14,8.0,10.3164001918346,10.383055686950684,8.979515075683594,10.440833333333337,12.515020408163265,9.911849889373372
13810.CH.SHED.D30.2021.T1.1,D30,1.0,0.9606012223587084,0.958601176738739,1.0140421390533447,1.0837500000000002,1.104404761904762,0.37099620288036306
13810.CH.SHED.D30.2021.T11.1,D30,11.0,12.246399427775067,12.04462718963623,12.008636474609375,12.489583333333341,12.848037414965983,12.057298733202897
13810.CH.SHED.D30.2021.T12.1,D30,12.0,12.878975592410947,12.817355155944824,12.673588752746582,13.305208333333331,13.667896103896105,11.541457751897735
13810.CH.SHED.D30.2021.T13.1,D30,13.0,14.464825196952791,14.45505428314209,14.572195053100586,14.41395833333333,14.734741496598637,13.92257257578559
13810.CH.SHED.D30.2021.T14.1,D30,14.0,15.176693741364721,14.695456504821777,15.452371597290039,15.474166666666669,15.210000000000008,15.286305572623442
13810.CH.SHED.D30.2021.T15.1,D30,15.0,16.78666737547193,16.990924835205078,16.638080596923828,17.02000000000001,17.12452380952381,15.571912042508746
13810.CH.SHED.D30.2021.T16.1,D30,16.0,17.492548654619082,17.496009826660156,17.707674026489258,17.5875,17.50270068027211,16.73922097957901
13810.CH.SHED.D30.2021.T17.1,D30,17.0,18.267983664121257,18.2425594329834,18.559267044067383,18.377916666666664,18.304082766439915,17.342033249100727
13810.CH.SHED.D30.2021.T18.1,D30,18.0,18.904291466504468,18.911659240722656,18.634613037109375,19.199374999999996,19.45793820861679,18.13574703717807
13810.CH.SHED.D30.2021.T19.1,D30,19.0,19.27760335806459,19.038612365722656,19.36817169189453,19.384583333333335,19.35034297052155,19.44508613129259
13810.CH.SHED.D30.2021.T20.1,D30,20.0,19.559308881274713,19.173601150512695,19.352375030517578,19.655625,19.500013605442188,21.13007737675184
13810.CH.SHED.D30.2021.T4.1,D30,4.0,4.246169104823068,4.299731731414795,4.286156177520752,4.2247916666666665,4.205738095238095,4.0889149339939355
13810.CH.SHED.D30.2021.T7.1,D30,7.0,10.006803897823852,9.868369102478027,9.287322998046875,10.03041666666667,11.356197278911564,10.149494923986566
13810.CH.SHED.D30.2021.T8.1,D30,8.0,8.254407298499563,8.385726928710938,8.321442604064941,8.461458333333333,8.522333333333334,6.876869022033793
13810.CH.SHED.D30.2021.T9.1,D30,9.0,10.065293058968871,10.272356033325195,10.366449356079102,9.894375000000002,10.049164965986396,9.057241650535772
13810.CH.SHED.D9.2020.T10,D9,10.0,7.048689884816469,7.119250774383545,7.133415222167969,7.177291666666666,7.225010204081631,6.103509830138361
13810.CH.SHED.D9.2020.T12,D9,12.0,8.827819639446327,8.667623519897461,8.982958793640137,8.242916666666666,9.584869614512472,8.954791095568499
13810.CH.SHED.D9.2020.T13,D9,13.0,10.719272983163824,10.750869750976562,9.990673065185547,10.76291666666666,13.127222789115645,8.74677039873789
13810.CH.SHED.D9.2020.T15,D9,15.0,9.148415401003907,9.142538070678711,9.095600128173828,9.27270833333333,9.777164965986396,8.106375361922119
13810.CH.SHED.D9.2020.T16,D9,16.0,9.603324175118528,9.587151527404785,9.592584609985352,9.62854166666667,9.908363945578232,9.170696392306855
13810.CH.SHED.D9.2020.T18,D9,18.0,11.430294716297817,11.791343688964844,11.292280197143555,11.3725,11.0486768707483,11.380200297102324
13810.CH.SHED.D9.2020.T19,D9,19.0,12.459891241318761,12.891214370727539,12.311210632324219,12.889583333333327,12.310750000000002,10.901951053527785
13810.CH.SHED.D9.2020.T2,D9,2.0,1.1904789152234152,1.4014172554016113,1.1081225872039795,1.1658333333333335,1.056734693877551,1.0134622105363746
13810.CH.SHED.D9.2020.T20,D9,20.0,14.420165466149307,14.201512336730957,13.793481826782227,15.035833333333333,14.71423979591837,14.97038672380041
13810.CH.SHED.D9.2020.T3,D9,3.0,2.1714439227498277,2.46231746673584,1.820472002029419,1.7368749999999997,1.9587465986394559,3.364436924258025
13810.CH.SHED.D9.2020.T4,D9,4.0,2.530221442252397,2.4430580139160156,2.208883047103882,2.295833333333333,2.3832993197278918,4.284217116757712
13810.CH.SHED.D9.2020.T5,D9,5.0,3.4424511952917327,2.987077236175537,2.665395975112915,2.710833333333333,2.8813537414965995,9.056093027696862
13810.CH.SHED.D9.2020.T6,D9,6.0,3.2062937395419113,3.2294256687164307,3.161283016204834,3.1733333333333333,3.4201780045351473,2.9945191752883513
13810.CH.SHED.D9.2020.T8,D9,8.0,5.245620224830983,5.341147422790527,5.373538017272949,5.165208333333334,5.6937585034013605,4.127860514987167
13810.CPS.SHED.D14.2021.T0,D14,0.0,0.28878437709645144,0.3419947922229767,0.052353281527757645,0.39229166666666665,0.6309285714285715,0.0
13810.CPS.SHED.D9.2020.T0,D9,0.0,0.20945702304201466,0.4699595868587494,0.09220515936613083,0.03625,0.254452380952381,0.0
13810.CPS.SHED.D9.2020.T14,D9,14.0,9.214699659281756,9.509562492370605,9.340612411499023,8.663749999999999,9.584447278911567,8.562607168590857
13810.CPS.SHED.D9.2020.T7,D9,7.0,4.565403515583123,4.379485607147217,4.209733963012695,4.394583333333334,4.750707482993198,6.076015535701374
13810.F.SHED.D10.2020.T0,D10,0.0,0.10612324986753927,0.14665944874286652,0.015535878948867321,0.0,0.004285714285714286,0.5759858836460534
13810.F.SHED.D13.2021.T0,D13,0.0,0.00042857142857142855,0.0,0.0,0.0,0.002857142857142857,0.0
13810.F.SHED.D14.2021.T0,D14,0.0,0.05453312311715313,0.06278780847787857,0.023272836580872536,0.01125,0.18419047619047618,0.0
13810.F.SHED.D19.2021.T0.1,D19,0.0,0.00042857142857142855,0.0,0.0,0.0,0.002857142857142857,0.0
13810.F.SHED.D30.2021.T0.1,D30,0.0,0.0,0.0,0.0,0.0,0.0,0.0
13810.F.SHED.D9.2020.T0,D9,0.0,0.10272304837760471,0.11116558313369751,0.0517553985118866,0.05520833333333333,0.3026190476190477,0.0
13810.SCS.SHED.D10.2020.T0,D10,0.0,0.4653326374993938,0.35176971554756165,0.02261858806014061,0.016041666666666666,0.07857482993197278,3.3915251799696087
13810.SCS.SHED.D10.2020.T10,D10,10.0,10.490727326309383,10.63624095916748,11.238067626953125,10.306250000000002,9.561011904761905,9.949363461065706
13810.SCS.SHED.D10.2020.T11,D10,11.0,11.97904317605671,12.127946853637695,12.307260513305664,11.475833333333334,12.262894660894675,11.292431258381184
13810.SCS.SHED.D10.2020.T12,D10,12.0,12.866176457828075,13.038843154907227,13.280142784118652,12.452708333333335,13.2782335600907,11.522111146459718
13810.SCS.SHED.D10.2020.T14,D10,14.0,14.495983286281064,14.97125244140625,14.280802726745605,14.545000000000002,14.193610544217682,13.963652905401329
13810.SCS.SHED.D10.2020.T15,D10,15.0,14.525692481380947,15.357757568359375,13.889931678771973,15.28291666666667,13.780292517006803,13.222550802957858
13810.SCS.SHED.D10.2020.T16,D10,16.0,15.447525468577464,14.960368156433105,15.57963752746582,16.50083333333333,14.947129251700693,15.2226958535931
13810.SCS.SHED.D10.2020.T17,D10,17.0,16.670597047270164,17.20482063293457,16.668197631835938,17.543541666666655,15.937259070294788,14.428042555532596
13810.SCS.SHED.D10.2020.T18,D10,18.0,17.221257135368365,17.628095626831055,16.121959686279297,17.76270833333332,16.370301020408167,18.942517060213376
13810.SCS.SHED.D10.2020.T19,D10,19.0,18.265366373546513,18.303659439086914,19.624643325805664,17.69124999999999,17.24382766439909,17.432835607091626
13810.SCS.SHED.D10.2020.T2,D10,2.0,3.3203906234991,3.1673359870910645,3.43098783493042,3.7360416666666674,3.266920068027211,2.751965251017607
13810.SCS.SHED.D10.2020.T20,D10,20.0,18.30177013655567,18.381921768188477,19.673742294311523,17.46645833333332,17.043541383219964,18.18935158371587
13810.SCS.SHED.D10.2020.T3,D10,3.0,4.795425755338704,4.407099723815918,4.676324367523193,5.537500000000002,4.366428571428573,5.41750460598844
13810.SCS.SHED.D10.2020.T4,D10,4.0,6.013994729228218,5.813511848449707,5.643532752990723,6.508541666666668,5.730292517006802,6.978057755612698
13810.SCS.SHED.D10.2020.T5,D10,5.0,6.854753286469525,6.963329315185547,7.197258949279785,6.865416666666667,6.144671768707481,6.716556559544591
13810.SCS.SHED.D10.2020.T6,D10,6.0,7.364036659325773,7.628908157348633,7.78687858581543,7.497916666666669,7.062204081632651,5.697306200890946
13810.SCS.SHED.D10.2020.T7,D10,7.0,7.819994634545785,8.02157211303711,8.316304206848145,7.880625000000001,7.188615646258504,6.8002960198384015
13810.SCS.SHED.D10.2020.T8,D10,8.0,8.828140182794348,9.010991096496582,9.344597816467285,8.838541666666668,8.31515306122449,7.73712107211546
13810.SCS.SHED.D10.2020.T9,D10,9.0,9.880416995474693,10.22265911102295,10.150261878967285,9.518125000000005,9.040585034013606,10.163410373239461
13810.SCS.SHED.D13.2021.T0,D13,0.0,0.38173155362650746,0.4377442002296448,0.09983886033296585,0.011041666666666665,0.11822619047619047,2.0550631656961063
13810.SCS.SHED.D13.2021.T1,D13,1.0,1.1664567668993562,1.0643388032913208,1.2897768020629883,1.1597916666666663,1.298802721088435,0.9793218389961424
13810.SCS.SHED.D13.2021.T10,D13,10.0,10.906926988218105,10.437284469604492,10.352479934692383,11.858541666666662,11.334293083900228,11.157693677452958
13810.SCS.SHED.D13.2021.T12,D13,12.0,12.011139150666207,11.612569808959961,11.264119148254395,12.721458333333333,12.857255102040812,12.384584889418319
13810.SCS.SHED.D13.2021.T13,D13,13.0,13.709723953198704,13.85661792755127,13.203202247619629,14.315416666666662,14.19443027210885,12.596901388787556
13810.SCS.SHED.D13.2021.T15,D13,15.0,14.284574652109082,14.188071250915527,13.32790470123291,14.32541666666666,14.570460884353745,16.45524635539804
13810.SCS.SHED.D13.2021.T16,D13,16.0,17.771957951425822,18.205045700073242,19.045068740844727,16.710833333333326,17.291845804988668,16.132335187776995
13810.SCS.SHED.D13.2021.T18,D13,18.0,17.034833036133936,17.192480087280273,17.463050842285156,16.709374999999994,17.164918367346942,15.94713544276523
13810.SCS.SHED.D13.2021.T19,D13,19.0,17.68673882902839,17.225072860717773,17.632789611816406,17.63416666666667,17.510906617192337,19.575502419467718
13810.SCS.SHED.D13.2021.T3,D13,3.0,3.5327376095951437,3.376668930053711,3.4794163703918457,3.7477083333333328,3.752701814058956,3.3743589920555914
13810.SCS.SHED.D13.2021.T4,D13,4.0,4.940634862559574,4.768795967102051,4.866815567016602,4.857708333333332,4.941673469387753,5.804994935999794
13810.SCS.SHED.D13.2021.T5,D13,5.0,5.517191192243064,5.1341047286987305,5.390903472900391,5.828958333333333,5.883307823129251,5.809460652722928
13810.SCS.SHED.D13.2021.T6,D13,6.0,7.636414059468458,7.7463226318359375,7.4647016525268555,7.803750000000001,7.725158163265307,7.268181322961657
13810.SCS.SHED.D13.2021.T8,D13,8.0,8.502077068646793,8.158852577209473,7.889863967895508,8.786666666666667,9.13309523809524,9.546576844624564
13810.SCS.SHED.D13.2021.T9,D13,9.0,10.330914012904962,10.417641639709473,9.194281578063965,10.660208333333344,10.545452380952378,11.931916026666041
13810.SCS.SHED.D19.2021.T10.1,D19,10.0,11.604487707625259,12.385977745056152,10.855429649353027,11.434374999999996,11.331775510204077,11.881956452395476
13810.SCS.SHED.D19.2021.T16.1,D19,16.0,18.189410459231173,18.550827026367188,18.148656845092773,18.220833333333328,17.798488095238103,17.73058259095443
13810.SCS.SHED.D19.2021.T20.1,D19,20.0,18.226713997738415,18.460166931152344,18.4151554107666,17.89604166666667,17.795003968253972,18.3641613712963
13810.SCS.SHED.D19.2021.T5.1,D19,5.0,6.113381748568619,5.585529804229736,5.721415042877197,5.97104166666667,6.022107142857143,9.098446418184926
13810.SKF.SHED.D10.2020.T0,D10,0.0,0.0402400085651094,0.039776623249053955,0.01732332445681095,0.07791666666666668,0.05595238095238095,0.0
13810.SKF.SHED.D10.2020.T1,D10,1.0,1.1664739857271524,1.084111213684082,1.1884827613830566,1.767291666666667,1.131547619047619,0.20929455085687465
13810.SKF.SHED.D10.2020.T10,D10,10.0,10.135882149463828,10.238967895507812,9.75866985321045,10.153125,8.661488095238095,12.946761032231585
13810.SKF.SHED.D10.2020.T11,D10,11.0,11.619347598327822,11.919370651245117,11.496973037719727,11.164375000000005,11.125025510204077,12.67664316993743
13810.SKF.SHED.D10.2020.T12,D10,12.0,12.635593900726306,12.54121208190918,12.89880084991455,12.37270833333333,12.077253401360542,13.624003868041655
13810.SKF.SHED.D10.2020.T13,D10,13.0,14.159640034300256,14.094529151916504,14.57043170928955,13.931666666666665,13.6751156462585,14.510726811308079
13810.SKF.SHED.D10.2020.T14,D10,14.0,14.770514090912918,14.334329605102539,14.88354778289795,14.881250000000005,14.284459183673464,16.304093861066505
13810.SKF.SHED.D10.2020.T15,D10,15.0,16.61208301732603,16.40362548828125,17.273109436035156,15.981874999999995,15.652683673469388,18.284404608124582
13810.SKF.SHED.D10.2020.T16,D10,16.0,17.638904888935603,17.92681312561035,17.977371215820312,17.29104166666666,17.039615646258508,17.52367467025311
13810.SKF.SHED.D10.2020.T17,D10,17.0,17.816138682092387,17.999420166015625,18.1744327545166,17.766666666666666,16.57306632653062,18.334111613456216
13810.SKF.SHED.D10.2020.T18,D10,18.0,18.47608178095755,18.846925735473633,19.258268356323242,18.07229166666666,17.142954081632656,18.215355256564237
13810.SKF.SHED.D10.2020.T19,D10,19.0,18.689350003434846,19.073835372924805,19.438322067260742,17.834374999999998,17.666120748299328,18.908257624973213
13810.SKF.SHED.D10.2020.T2,D10,2.0,3.1118915689822098,2.9678688049316406,3.2141051292419434,3.7660416666666667,2.812323129251701,2.4294784247114336
13810.SKF.SHED.D10.2020.T20,D10,20.0,18.14290447005174,18.525615692138672,18.04555320739746,17.852499999999992,17.530530612244906,18.737518687240346
13810.SKF.SHED.D10.2020.T3,D10,3.0,4.513354870004352,4.436960220336914,4.396731853485107,5.350625000000001,3.957418367346939,4.1934608542996035
13810.SKF.SHED.D10.2020.T4,D10,4.0,5.833511901708538,5.653621673583984,5.472676753997803,6.486666666666667,5.489307823129253,6.485267043311708
13810.SKF.SHED.D10.2020.T5,D10,5.0,6.542387603578933,6.512080669403076,6.168287754058838,6.92416666666667,5.84341156462585,7.853463962160899
13810.SKF.SHED.D10.2020.T6,D10,6.0,6.854903685940229,6.858786582946777,6.902879238128662,7.290208333333334,6.633278911564626,6.185143981226698
13810.SKF.SHED.D10.2020.T7,D10,7.0,7.9402985028255175,7.933454990386963,7.649004936218262,7.687291666666669,6.664085034013607,11.109396832194882
13810.SKF.SHED.D10.2020.T8,D10,8.0,8.847441735581974,8.879770278930664,8.630847930908203,8.702500000000002,7.76681292517007,11.202767304002133
13810.SKF.SHED.D10.2020.T9,D10,9.0,9.516871605583601,9.430937767028809,9.111817359924316,9.439375,8.221691043083903,12.885072790312925
13810.SKF.SHED.D13.2021.T0,D13,0.0,0.038325989433697284,0.12561044096946716,0.0,0.0,0.004285714285714286,0.0
13810.SKF.SHED.D13.2021.T1,D13,1.0,1.2534848984143063,1.1152769327163696,1.1051733493804932,1.0716666666666668,1.0588095238095236,2.6945371934951012
13810.SKF.SHED.D13.2021.T10,D13,10.0,9.893136949283837,9.62429428100586,9.390181541442871,10.507916666666667,10.582540816326532,9.693388238390487
13810.SKF.SHED.D13.2021.T11,D13,11.0,10.47471315839967,9.9620361328125,10.455286026000977,10.794999999999998,10.69834523809524,11.085290263413912
13810.SKF.SHED.D13.2021.T12,D13,12.0,11.53652666501592,11.463482856750488,11.55484676361084,11.552083333333337,11.336445578231293,11.978866136867024
13810.SKF.SHED.D13.2021.T13,D13,13.0,12.337886034713009,12.537089347839355,11.809209823608398,12.48145833333334,12.870860544217685,11.97536026159781
13810.SKF.SHED.D13.2021.T14,D13,14.0,13.272372757250045,13.37309741973877,13.0321044921875,13.325833333333337,13.76304081632653,12.727946191658932
13810.SKF.SHED.D13.2021.T15,D13,15.0,13.144311597288784,12.787603378295898,12.828163146972656,13.684375000000003,13.91609523809524,12.767005113425645
13810.SKF.SHED.D13.2021.T16,D13,16.0,14.107394202006883,13.869783401489258,14.123228073120117,14.411458333333332,14.743888888888886,13.217771632800764
13810.SKF.SHED.D13.2021.T17,D13,17.0,15.47880272137818,14.988409996032715,15.74359130859375,15.738750000000007,16.123270408163275,14.80141334195436
13810.SKF.SHED.D13.2021.T18,D13,18.0,18.150564692971322,18.050222396850586,18.507434844970703,17.680208333333344,18.298268707482993,18.27857289884352
13810.SKF.SHED.D13.2021.T19,D13,19.0,17.099875984649252,16.959300994873047,17.03411293029785,17.158541666666668,17.122006802721092,17.53548099871376
13810.SKF.SHED.D13.2021.T2,D13,2.0,2.4081651050289423,2.2733423709869385,2.0623509883880615,2.306875,2.3370476190476195,3.986425037787029
13810.SKF.SHED.D13.2021.T20,D13,20.0,18.085656859086317,18.167171478271484,18.197065353393555,18.37458333333333,18.320394557823132,16.632632269163473
13810.SKF.SHED.D13.2021.T3,D13,3.0,2.8222193109330265,2.994488477706909,2.865780830383301,2.857708333333333,3.0215935374149656,1.826468627462173
13810.SKF.SHED.D13.2021.T4,D13,4.0,4.381315900665466,4.442409992218018,4.378928184509277,4.343125,4.627377551020408,3.9112922421968044
13810.SKF.SHED.D13.2021.T5,D13,5.0,5.116205178208334,5.121014595031738,5.26016092300415,5.354999999999998,5.553661564625849,3.608113342538985
13810.SKF.SHED.D13.2021.T6,D13,6.0,6.599639407902547,6.389410495758057,6.306086540222168,7.1766666666666685,6.979380385487531,6.240542329631239
13810.SKF.SHED.D13.2021.T7,D13,7.0,7.133303855352568,6.764599800109863,6.714629650115967,7.8447916666666675,7.578105442176871,7.195923531307526
13810.SKF.SHED.D13.2021.T8,D13,8.0,7.868180872453139,7.794679641723633,7.419025421142578,8.301666666666664,8.236523809523808,7.792087198885003
13810.SKF.SHED.D13.2021.T9,D13,9.0,9.182389243664527,9.42615795135498,9.15469741821289,8.883750000000001,8.797442176870746,9.695011771741987
13810.SKF.SHED.D14.2021.T0,D14,0.0,0.19365015101234118,0.3826967179775238,0.0804978758096695,0.10770833333333334,0.24783333333333332,0.0
13810.SKF.SHED.D14.2021.T1,D14,1.0,1.3119072087217727,1.1634386777877808,1.0288207530975342,1.1206249999999998,1.1484115646258501,3.0928368241717745
13810.SKF.SHED.D14.2021.T10,D14,10.0,11.467446658183777,10.818999290466309,11.516958236694336,12.172708333333333,11.43750340136054,11.923401349995519
13810.SKF.SHED.D14.2021.T11,D14,11.0,11.275910795392246,11.368269920349121,11.28254222869873,11.162499999999998,11.048416666666668,11.550317621128281
13810.SKF.SHED.D14.2021.T12,D14,12.0,11.72779049353167,11.86245346069336,11.682354927062988,11.676458333333333,11.489249999999998,11.897865568912486
13810.SKF.SHED.D14.2021.T13,D14,13.0,12.53197384198819,12.683065414428711,12.405569076538086,12.481666666666662,12.636360544217693,12.3387453355907
13810.SKF.SHED.D14.2021.T14,D14,14.0,13.73604991651211,14.194865226745605,13.575833320617676,13.493124999999996,13.778159863945577,13.182830387421735
13810.SKF.SHED.D14.2021.T15,D14,15.0,14.10139781275236,14.22388744354248,13.802549362182617,14.62208333333333,13.972639455782314,13.632816541099496
13810.SKF.SHED.D14.2021.T16,D14,16.0,15.577306935812508,15.79521656036377,15.386886596679688,15.661666666666667,15.759754483611617,14.957238126583794
13810.SKF.SHED.D14.2021.T17,D14,17.0,16.45071338070679,16.55328941345215,16.042861938476562,16.672499999999996,16.317053803339512,16.9195300155108
13810.SKF.SHED.D14.2021.T18,D14,18.0,17.815215810484357,18.09860610961914,17.638050079345703,17.821041666666673,17.864202380952378,17.322827672859987
13810.SKF.SHED.D14.2021.T19,D14,19.0,18.38197205201032,18.665061950683594,18.184066772460938,18.361666666666668,18.193869047619042,18.350230832138173
13810.SKF.SHED.D14.2021.T20,D14,20.0,19.01366678008865,19.243335723876953,18.835721969604492,18.98229166666667,18.59247619047619,19.46405808619678
13810.SKF.SHED.D14.2021.T3,D14,3.0,3.0210084502826065,2.8173136711120605,2.787245750427246,2.905416666666667,3.0313571428571424,4.43216006580272
13810.SKF.SHED.D14.2021.T4,D14,4.0,3.9492279922106177,3.681972026824951,3.799506187438965,4.210416666666667,4.246333333333332,4.157265039700579
13810.SKF.SHED.D14.2021.T5,D14,5.0,5.266653531183075,5.202226638793945,5.025084018707275,5.274791666666666,5.8053163265306145,5.239587525551471
13810.SKF.SHED.D14.2021.T6,D14,6.0,6.438264362241885,6.31461238861084,6.218988418579102,6.274375,7.256231292517009,6.458238471363064
13810.SKF.SHED.D14.2021.T7,D14,7.0,6.7982779988114554,6.26095724105835,6.605947017669678,7.2574999999999985,7.707761904761906,6.60839786362247
13810.SKF.SHED.D14.2021.T8,D14,8.0,7.955031828581081,7.8237714767456055,7.514486312866211,8.019791666666668,8.172857142857143,8.993919025789417
13810.SKF.SHED.D14.2021.T9,D14,9.0,9.50626644384723,9.426076889038086,9.3397798538208,9.363125,9.364772108843535,10.661575973540723
13810.SKF.SHED.D19.2021.T0.1,D19,0.0,0.06212429002782542,0.051167141646146774,0.0246384646743536,0.0,0.0014285714285714286,0.4040024565110727
13810.SKF.SHED.D19.2021.T1.1,D19,1.0,1.902788112381467,2.0762226581573486,1.7959728240966797,1.5979166666666667,2.0097210884353744,2.098866123114531
13810.SKF.SHED.D19.2021.T10.1,D19,10.0,12.803575968842907,13.01225757598877,12.748506546020508,13.21916666666667,12.738805504019789,11.581179006048458
13810.SKF.SHED.D19.2021.T11.1,D19,11.0,10.47394136326328,10.370185852050781,10.523686408996582,10.551041666666668,10.62037074829932,10.287000598206678
13810.SKF.SHED.D19.2021.T13.1,D19,13.0,12.739292078141416,12.951592445373535,13.411636352539062,12.61208333333333,12.618085034013607,10.85775834625883
13810.SKF.SHED.D19.2021.T14.1,D19,14.0,13.292182889237612,13.305877685546875,13.619170188903809,13.46375,13.244697278911566,12.161724445108648
13810.SKF.SHED.D19.2021.T15.1,D19,15.0,14.264745271775002,14.344525337219238,14.552608489990234,14.662708333333324,14.122270408163264,12.723533202205179
13810.SKF.SHED.D19.2021.T16.1,D19,16.0,15.521793851412708,15.433237075805664,15.874385833740234,15.626875,15.56337755102041,14.633446375828884
13810.SKF.SHED.D19.2021.T17.1,D19,17.0,16.293700410696996,16.3033504486084,16.596391677856445,16.628750000000004,16.171899659863946,15.020624076707737
13810.SKF.SHED.D19.2021.T18.1,D19,18.0,17.71301269763697,18.044872283935547,17.703197479248047,17.659791666666663,17.915481292517004,16.544711154334106
13810.SKF.SHED.D19.2021.T19.1,D19,19.0,18.372172750522033,18.597707748413086,18.409448623657227,18.37729166666667,18.392738095238087,17.561292224647556
13810.SKF.SHED.D19.2021.T2.1,D19,2.0,2.78793328938744,2.7917892932891846,2.579653263092041,2.545208333333334,2.7511054421768706,3.83775702634477
13810.SKF.SHED.D19.2021.T20.1,D19,20.0,18.60857891289019,18.816072463989258,18.709688186645508,18.69479166666667,18.459170068027216,17.785012834946215
13810.SKF.SHED.D19.2021.T3.1,D19,3.0,3.7904401895244457,3.897087335586548,3.7173309326171875,3.250416666666666,3.8095391156462575,4.704670550139127
13810.SKF.SHED.D19.2021.T4.1,D19,4.0,4.364067720711255,4.421359062194824,4.476571083068848,4.652291666666667,4.8116258503401355,2.6631502040124184
13810.SKF.SHED.D19.2021.T5.1,D19,5.0,5.486178353778603,5.419288158416748,5.445091247558594,5.821666666666667,6.152892857142858,4.118518324591676
13810.SKF.SHED.D19.2021.T6.1,D19,6.0,6.774849697104576,6.791991710662842,6.658049583435059,7.446249999999999,7.35187755102041,4.807081553938978
13810.SKF.SHED.D19.2021.T7.1,D19,7.0,8.397264538579742,8.71058177947998,8.396596908569336,8.637499999999996,8.589011904761906,6.690889918791293
13810.SKF.SHED.D19.2021.T8.1,D19,8.0,9.465835267003506,9.858817100524902,9.793747901916504,9.244791666666668,9.412282312925171,7.989524810947993
13810.SKF.SHED.D19.2021.T9.1,D19,9.0,9.473931843092913,9.676581382751465,9.719051361083984,9.211458333333338,9.16437074829932,9.242473090849124
13810.SKF.SHED.D30.2021.T0.1,D30,0.0,0.00021428571428571427,0.0,0.0,0.0,0.0014285714285714286,0.0
13810.SKF.SHED.D30.2021.T10.1,D30,10.0,10.679456204858788,10.490013122558594,10.498078346252441,11.103124999999999,11.447571428571427,9.70171967242386
13810.SKF.SHED.D30.2021.T11.1,D30,11.0,12.06099918239578,12.045706748962402,11.900708198547363,12.571666666666669,12.7772619047619,10.411874890226011
13810.SKF.SHED.D30.2021.T12.1,D30,12.0,12.836299891643922,12.65467643737793,12.565471649169922,13.292291666666666,13.42963945578231,12.25624796437381
13810.SKF.SHED.D30.2021.T13.1,D30,13.0,14.495153575303934,14.396946907043457,14.364724159240723,14.391874999999995,15.063095238095237,14.470491776664328
13810.SKF.SHED.D30.2021.T14.1,D30,14.0,14.770482242936385,14.362656593322754,14.662059783935547,15.336666666666666,15.324770408163264,14.3012142439785
13810.SKF.SHED.D30.2021.T15.1,D30,15.0,16.404691945900623,16.69862174987793,16.373079299926758,16.31916666666667,16.656341836734693,15.395509871120181
13810.SKF.SHED.D30.2021.T16.1,D30,16.0,17.115298833660123,16.945859909057617,16.908409118652344,17.298958333333328,17.344195578231293,17.430175778783916
13810.SKF.SHED.D30.2021.T17.1,D30,17.0,18.14652695375885,18.394390106201172,18.0424747467041,18.12208333333333,18.142309523809523,17.718281399843782
13810.SKF.SHED.D30.2021.T18.1,D30,18.0,19.11459396235409,19.285245895385742,19.03777313232422,18.895624999999992,19.122314625850343,19.221047167797604
13810.SKF.SHED.D30.2021.T19.1,D30,19.0,19.1324027237045,18.947208404541016,18.781230926513672,19.277083333333323,19.12314455782313,20.290441203736428
13810.SKF.SHED.D30.2021.T2.1,D30,2.0,2.4201239540290613,2.7667903900146484,2.3320600986480713,2.1837499999999994,2.613425170068027,1.7830803685244518
13810.SKF.SHED.D30.2021.T20.1,D30,20.0,19.222414433899008,18.70650291442871,18.473493576049805,19.53125,19.20992346938776,22.043516451497776
13810.SKF.SHED.D30.2021.T4.1,D30,4.0,4.2219214919577395,4.172397136688232,4.110356330871582,4.2179166666666665,4.2390952380952385,4.631656491857551
13810.SKF.SHED.D30.2021.T5.1,D30,5.0,5.422775683280069,5.201831817626953,5.236100196838379,5.343541666666666,5.518809523809524,6.56671326877626
13810.SKF.SHED.D30.2021.T6.1,D30,6.0,6.743874165790313,6.459141254425049,6.146139621734619,7.139166666666661,7.070261904761905,7.812242649815252
13810.SKF.SHED.D30.2021.T7.1,D30,7.0,8.060996922100994,8.417572975158691,8.248810768127441,8.025,8.12051020408163,6.5044580690928235
13810.SKF.SHED.D30.2021.T8.1,D30,8.0,8.773147886437341,9.144174575805664,9.025469779968262,8.46708333333333,8.640608843537414,7.840200755062986
13810.SKF.SHED.D30.2021.T9.1,D30,9.0,10.338047644526057,10.647920608520508,10.850676536560059,9.947916666666666,10.173399659863945,9.154090455169671
13810.SKF.SHED.D9.2020.T0,D9,0.0,0.10526075379550456,0.17701110243797302,0.06262969225645065,0.01125,0.22833333333333336,0.0
13810.SKF.SHED.D9.2020.T1,D9,1.0,0.9300268280783198,0.8324590921401978,0.8915899991989136,0.9354166666666667,0.9841632653061221,1.2268377750728057
13810.SKF.SHED.D9.2020.T10,D9,10.0,6.841191434762832,6.877599716186523,7.159248352050781,6.490625000000003,6.8551734693877595,6.6169841148601485
13810.SKF.SHED.D9.2020.T12,D9,12.0,8.385581997166268,8.03814697265625,8.283975601196289,8.165208333333329,9.153755102040813,8.970390730975321
13810.SKF.SHED.D9.2020.T13,D9,13.0,8.352006286981215,8.512158393859863,8.756124496459961,7.879999999999998,8.797200680272107,7.137475426674492
13810.SKF.SHED.D9.2020.T14,D9,14.0,8.7399188216267,9.101746559143066,9.324338912963867,8.013541666666667,8.71067006802721,7.690012821053996
13810.SKF.SHED.D9.2020.T15,D9,15.0,9.208742136333804,9.353564262390137,9.532967567443848,8.660208333333328,9.248030612244895,9.001847072524003
13810.SKF.SHED.D9.2020.T17,D9,17.0,11.06187392578332,11.366399765014648,10.986135482788086,10.700000000000003,10.975840136054423,11.190441051737412
13810.SKF.SHED.D9.2020.T18,D9,18.0,11.297032871186623,11.41573715209961,11.90007495880127,11.090624999999998,11.001726190476191,10.289090572849954
13810.SKF.SHED.D9.2020.T19,D9,19.0,12.464367158579808,12.359162330627441,12.614241600036621,12.952083333333333,12.57669557823129,11.261370559810596
13810.SKF.SHED.D9.2020.T2,D9,2.0,1.546146693352859,1.2373641729354858,1.1015007495880127,1.4862500000000005,1.5154149659863945,3.750000091772508
13810.SKF.SHED.D9.2020.T20,D9,20.0,13.100043991053404,13.531332969665527,12.979771614074707,12.652291666666665,12.884105442176871,13.326270469752073
13810.SKF.SHED.D9.2020.T3,D9,3.0,1.785726820589984,2.1782124042510986,1.7988390922546387,1.5620833333333335,1.626163265306122,1.2621216978840977
13810.SKF.SHED.D9.2020.T4,D9,4.0,1.9974919084218188,1.9452141523361206,1.9043910503387451,2.196875,2.182972789115646,1.7100898176894948
13810.SKF.SHED.D9.2020.T5,D9,5.0,2.7329100381940603,2.719719409942627,2.431293249130249,2.505833333333333,2.6009489795918372,4.178618893232678
13810.SKF.SHED.D9.2020.T6,D9,6.0,3.266434591033855,3.2131357192993164,3.1940975189208984,3.1731249999999993,3.271421768707483,3.786312302077132
13810.SKF.SHED.D9.2020.T7,D9,7.0,4.168420289013274,3.924104690551758,3.85302734375,4.073124999999999,4.242789115646258,5.768886785633081
13810.SKF.SHED.D9.2020.T8,D9,8.0,5.859334359371849,5.959250450134277,5.819862365722656,5.711458333333335,5.847545918367348,5.97170078479134
13810.SKF.SHED.D9.2020.T9,D9,9.0,6.591627182340501,6.833426475524902,6.435213088989258,5.762083333333333,6.250265306122451,8.428395048506811
13810.SKH.SHED.D10.2020.T0,D10,0.0,0.09566897706895522,0.19603826105594635,0.021378982812166214,0.0,0.0,0.3151275304912975
13810.SKH.SHED.D10.2020.T1,D10,1.0,1.3391344778300418,1.1973843574523926,1.1842498779296875,1.7727083333333333,1.1310714285714283,1.5965432015952103
13810.SKH.SHED.D10.2020.T10,D10,10.0,10.663970287529366,11.212128639221191,10.854406356811523,10.391875000000002,9.491110544217685,10.84688524927475
13810.SKH.SHED.D10.2020.T11,D10,11.0,11.555169111789898,11.869426727294922,11.846844673156738,11.248749999999998,11.48315476190476,10.60406711026524
13810.SKH.SHED.D10.2020.T12,D10,12.0,12.404714432140969,12.854561805725098,12.856096267700195,12.157916666666667,12.603753401360544,10.121754799609743
13810.SKH.SHED.D10.2020.T13,D10,13.0,12.652811085343941,12.460894584655762,13.02769947052002,13.416875000000006,12.62222675736961,10.809088287117655
13810.SKH.SHED.D10.2020.T14,D10,14.0,14.344833598465517,14.332734107971191,14.795733451843262,14.542500000000004,14.532465986394556,12.577101051541604
13810.SKH.SHED.D10.2020.T15,D10,15.0,15.355134792222163,15.217813491821289,15.335161209106445,15.6025,15.289074829931975,15.421392179093694
13810.SKH.SHED.D10.2020.T16,D10,16.0,13.614332943579019,13.348746299743652,13.026030540466309,15.010625,12.851156462585033,14.234029491515905
13810.SKH.SHED.D10.2020.T18,D10,18.0,18.561540583268545,18.729902267456055,18.497562408447266,18.792708333333334,18.37125510204083,18.03949368947121
13810.SKH.SHED.D10.2020.T19,D10,19.0,15.217139121642845,15.00729751586914,15.320093154907227,16.128749999999997,15.086792517006803,13.961577006042745
13810.SKH.SHED.D10.2020.T2,D10,2.0,3.1174728536567486,3.012364149093628,3.1561779975891113,3.675,2.6728095238095237,2.8879768095995386
13810.SKH.SHED.D10.2020.T20,D10,20.0,18.991226265072676,19.0965633392334,19.32976722717285,18.571250000000003,18.732394557823135,19.057062728359735
13810.SKH.SHED.D10.2020.T3,D10,3.0,4.7070857133791035,4.574599742889404,4.43192720413208,5.507708333333333,3.8446258503401376,5.484884452615749
13810.SKH.SHED.D10.2020.T4,D10,4.0,5.816094908583555,5.775882244110107,5.410915374755859,6.435000000000001,5.156295918367348,6.701570039064547
13810.SKH.SHED.D10.2020.T5,D10,5.0,6.3439353661059705,6.520190238952637,6.194964408874512,6.803750000000001,5.654595238095237,6.301979064872653
13810.SKH.SHED.D10.2020.T6,D10,6.0,7.269754722391487,7.2603631019592285,7.124333381652832,7.474166666666667,6.869743197278913,7.852676334653396
13810.SKH.SHED.D10.2020.T7,D10,7.0,6.961762695232529,6.868046283721924,6.691536903381348,7.6227083333333345,6.517824829931973,7.262491931141521
13810.SKH.SHED.D10.2020.T8,D10,8.0,8.23362411261251,8.160062789916992,8.179454803466797,8.743750000000004,7.91001870748299,8.05488768648263
13810.SKH.SHED.D13.2021.T0,D13,0.0,0.026492380460724236,0.07638813555240631,0.011303759180009365,0.0,0.005,0.0
13810.SKH.SHED.D13.2021.T1,D13,1.0,0.9422386112112577,0.9410282969474792,1.0325381755828857,1.1579166666666667,1.1347482993197278,0.0
13810.SKH.SHED.D13.2021.T10,D13,10.0,9.818935642337525,9.299790382385254,9.339101791381836,10.465624999999998,10.497357142857146,10.264945083479205
13810.SKH.SHED.D13.2021.T11,D13,11.0,10.83512787388156,10.771842956542969,10.719161987304688,11.11208333333333,10.995130952380956,10.52098180568688
13810.SKH.SHED.D13.2021.T12,D13,12.0,11.395563436800945,11.086779594421387,11.289159774780273,11.557083333333333,11.67702380952381,11.842693766842226
13810.SKH.SHED.D13.2021.T13,D13,13.0,12.35901430153553,12.478825569152832,12.078795433044434,12.562291666666658,12.690142857142858,11.796880106238113
13810.SKH.SHED.D13.2021.T14,D13,14.0,13.192585157682903,13.176383018493652,13.075469017028809,13.054375,13.340748299319728,13.588157529796456
13810.SKH.SHED.D13.2021.T15,D13,15.0,13.333787094707853,13.2553071975708,13.0366849899292,13.60333333333333,13.93315476190476,12.873838070019334
13810.SKH.SHED.D13.2021.T16,D13,16.0,14.439912615067229,14.140803337097168,14.430562019348145,14.530833333333339,14.921146258503406,14.45692503658864
13810.SKH.SHED.D13.2021.T17,D13,17.0,15.148891619982637,14.6480712890625,14.99425983428955,15.609583333333337,15.421794217687072,15.707194753717705
13810.SKH.SHED.D13.2021.T18,D13,18.0,17.434277546675762,17.260927200317383,17.468997955322266,17.42708333333335,17.862200680272114,17.240031290424948
13810.SKH.SHED.D13.2021.T19,D13,19.0,17.59568080370355,17.32638168334961,17.61943244934082,17.423958333333335,17.577700680272116,18.7146141765598
13810.SKH.SHED.D13.2021.T2,D13,2.0,2.129012328141577,2.1602182388305664,2.0663774013519287,2.240625,2.45644387755102,1.4776092452177174
13810.SKH.SHED.D13.2021.T20,D13,20.0,18.307796852090004,18.429508209228516,18.246469497680664,18.53208333333333,18.08584580498866,17.980334774863174
13810.SKH.SHED.D13.2021.T3,D13,3.0,2.81814736653731,2.8267054557800293,2.967573642730713,3.095208333333332,3.0515476190476187,1.5146850959681348
13810.SKH.SHED.D13.2021.T6,D13,6.0,6.3066484346843525,5.947190284729004,6.063431739807129,6.790000000000004,6.897579931972789,6.139964245179507
13810.SKH.SHED.D13.2021.T7,D13,7.0,7.1852705893631645,6.6451568603515625,6.851796627044678,8.008125000000001,7.75926700680272,7.132593234761187
13810.SKH.SHED.D13.2021.T8,D13,8.0,8.11714332862955,8.09054183959961,7.698860168457031,8.577291666666666,8.333136054421768,7.9983699313881145
13810.SKH.SHED.D13.2021.T9,D13,9.0,8.774359081557026,8.740132331848145,8.458809852600098,9.153125000000001,8.84773469387755,8.798317147709248
13810.SKH.SHED.D14.2021.T0,D14,0.0,0.08683357259210733,0.0,0.00849143322557211,0.14250000000000002,0.3747380952380953,0.0
13810.SKH.SHED.D14.2021.T1,D14,1.0,2.062892058402176,1.4382634162902832,1.0388410091400146,1.8872916666666666,1.5928741496598637,7.553133254477743
13810.SKH.SHED.D14.2021.T10,D14,10.0,10.313861124318814,10.04366397857666,9.806537628173828,10.66125,10.652392857142857,11.190185951309305
13810.SKH.SHED.D14.2021.T11,D14,11.0,11.034650326121765,10.787651062011719,10.526365280151367,11.322083333333335,11.019624149659865,12.494033983647604
13810.SKH.SHED.D14.2021.T12,D14,12.0,11.46602367099616,11.184276580810547,10.889527320861816,11.661666666666665,11.529420068027209,13.266125230001279
13810.SKH.SHED.D14.2021.T13,D14,13.0,12.89502221894634,12.78380012512207,12.582093238830566,12.723333333333326,12.896397959183679,14.3523251115786
13810.SKH.SHED.D14.2021.T14,D14,14.0,14.345618906006896,14.628342628479004,14.116299629211426,13.811249999999996,14.286085034013603,15.228784550582986
13810.SKH.SHED.D14.2021.T15,D14,15.0,14.731351596002058,14.70095157623291,14.170940399169922,14.830000000000002,14.716877551020406,16.047993906866417
13810.SKH.SHED.D14.2021.T16,D14,16.0,16.470403683179764,16.952678680419922,16.167999267578125,15.74375,16.3976768707483,17.341987315470128
13810.SKH.SHED.D14.2021.T17,D14,17.0,17.049930606734588,17.28500747680664,16.70867156982422,16.65375,16.739270356627497,18.45619917742417
13810.SKH.SHED.D14.2021.T18,D14,18.0,18.086926236879407,18.293811798095703,18.011898040771484,17.801041666666666,18.02047108843538,18.325291906591843
13810.SKH.SHED.D14.2021.T19,D14,19.0,18.32308650187597,18.40472984313965,18.314741134643555,18.284166666666668,18.25887925170068,18.273170441847533
13810.SKH.SHED.D14.2021.T2,D14,2.0,2.085172713657312,1.9975545406341553,1.8389027118682861,1.9614583333333329,2.1219965986394556,3.155895170374089
13810.SKH.SHED.D14.2021.T20,D14,20.0,19.15839238515851,19.234132766723633,18.90598487854004,19.112291666666664,18.865023809523812,20.094444307445055
13810.SKH.SHED.D14.2021.T3,D14,3.0,2.9530566778403617,2.4597690105438232,2.629800319671631,2.9958333333333336,3.101761904761905,4.932449423783549
13810.SKH.SHED.D14.2021.T4,D14,4.0,3.9980778954285707,3.8357207775115967,3.8577098846435547,4.23875,4.3205748299319735,3.8709796652440707
13810.SKH.SHED.D14.2021.T5,D14,5.0,5.342738194187012,5.158963203430176,5.06874418258667,5.472916666666666,5.5954914965986395,5.939561296881626
13810.SKH.SHED.D14.2021.T6,D14,6.0,6.249695208103261,5.91843318939209,5.947391510009766,6.674999999999998,6.938236394557825,6.1158191459951885
13810.SKH.SHED.D14.2021.T7,D14,7.0,7.213752634751922,6.898619174957275,6.730318546295166,7.745208333333335,7.985428571428577,7.147312933099934
13810.SKH.SHED.D14.2021.T8,D14,8.0,8.640414981425801,8.134732246398926,8.144079208374023,9.308333333333332,9.395056689342406,8.930503353445907
13810.SKH.SHED.D14.2021.T9,D14,9.0,9.333665581204025,9.000361442565918,8.483418464660645,10.206458333333332,9.73663095238095,10.1091622274528
13810.SKH.SHED.D19.2021.T0.1,D19,0.0,0.003847929675217566,0.0,0.0017386574763804674,0.00375,0.017755102040816328,0.0
13810.SKH.SHED.D19.2021.T1.1,D19,1.0,1.6755318772076937,1.7689765691757202,1.7911376953125,1.6387499999999997,2.1751156462585035,0.43037135688076944
13810.SKH.SHED.D19.2021.T10.2,D19,10.0,11.451454996156313,12.01435375213623,11.430341720581055,11.45729166666667,11.324459183673465,9.994362294858245
13810.SKH.SHED.D19.2021.T11.1,D19,11.0,10.854892069196952,10.755284309387207,10.709004402160645,10.787083333333333,10.81773809523809,11.709782948882483
13810.SKH.SHED.D19.2021.T13.1,D19,13.0,13.458662962940098,13.72704029083252,13.93138313293457,12.945624999999996,13.140700680272106,12.97474990415883
13810.SKH.SHED.D19.2021.T14.1,D19,14.0,13.701487815242444,13.309281349182129,13.627872467041016,13.985833333333341,14.012224489795914,14.027349535914977
13810.SKH.SHED.D19.2021.T15.1,D19,15.0,14.702951955693347,14.730185508728027,14.504622459411621,15.037083333333326,14.705602040816325,14.444837154329193
13810.SKH.SHED.D19.2021.T16.1,D19,16.0,15.383165886087344,15.141688346862793,15.686765670776367,15.379166666666674,15.442942692228398,15.266932271668177
13810.SKH.SHED.D19.2021.T17.1,D19,17.0,16.217868047505736,15.877604484558105,16.48755645751953,16.40625,16.141552154195015,16.30214764629168
13810.SKH.SHED.D19.2021.T18.1,D19,18.0,17.893127517462556,18.03155517578125,18.08026695251465,17.69,18.144540816326533,17.039131041505364
13810.SKH.SHED.D19.2021.T19.1,D19,19.0,18.18518273062946,18.141910552978516,18.182191848754883,18.164375000000003,18.113471655328798,18.471658542478643
13810.SKH.SHED.D19.2021.T2.1,D19,2.0,2.9133281439191205,2.46054744720459,2.5960183143615723,2.5589583333333334,2.9174637188208616,5.767481066775545
13810.SKH.SHED.D19.2021.T20.1,D19,20.0,18.497394794419215,18.423580169677734,18.625003814697266,18.386875,18.37005442176871,18.811866265762724
13810.SKH.SHED.D19.2021.T3.1,D19,3.0,3.4199751405684964,3.8181939125061035,3.5584468841552734,3.384583333333333,4.006877551020408,1.0695694645811873
13810.SKH.SHED.D19.2021.T4.1,D19,4.0,4.196393797665043,4.316585063934326,4.285587310791016,4.721250000000001,4.84341156462585,1.5925971609311311
13810.SKH.SHED.D19.2021.T5.1,D19,5.0,5.107618271917365,5.2660231590271,5.248899936676025,5.604791666666667,6.049093537414966,1.8726397609464982
13810.SKH.SHED.D19.2021.T6.1,D19,6.0,6.396003590671038,6.0887556076049805,6.348937034606934,7.27666666666667,6.952892857142858,4.838753878330468
13810.SKH.SHED.D19.2021.T7.1,D19,7.0,7.764680319326046,7.69624137878418,7.761996269226074,8.105833333333337,8.107969387755102,6.779467635543419
13810.SKH.SHED.D19.2021.T8.1,D19,8.0,9.111050988893453,9.261754989624023,9.365787506103516,9.271458333333332,9.207318027210885,7.5568824473206755
13810.SKH.SHED.D19.2021.T9.1,D19,9.0,9.60750920013382,9.629741668701172,9.680298805236816,9.431250000000002,9.293511904761903,10.182352124999776
13810.SKH.SHED.D30.2021.T10.1,D30,10.0,11.60394109621555,11.523249626159668,11.525030136108398,11.88,11.9425,10.983336743405493
13810.SKH.SHED.D30.2021.T11.1,D30,11.0,12.48152177342671,12.543961524963379,12.663887023925781,12.783333333333335,13.041918367346938,10.39407138187543
13810.SKH.SHED.D30.2021.T12.1,D30,12.0,13.003629005319825,12.824614524841309,12.734130859375,13.451666666666664,13.719328540507108,12.244793186142827
13810.SKH.SHED.D30.2021.T13.1,D30,13.0,14.503993176410956,14.469544410705566,14.667464256286621,14.474583333333328,14.76098809523809,13.871989081752522
13810.SKH.SHED.D30.2021.T14.1,D30,14.0,15.080114859176897,14.82540512084961,15.029655456542969,15.567083333333333,15.381875850340135,14.543814145685854
13810.SKH.SHED.D30.2021.T15.1,D30,15.0,16.59584525204012,16.751176834106445,16.755611419677734,16.30604166666667,16.68625,16.17443513555422
13810.SKH.SHED.D30.2021.T16.1,D30,16.0,17.410607417270377,17.30623435974121,17.311885833740234,17.507916666666667,17.457743197278916,17.705208379877828
13810.SKH.SHED.D30.2021.T17.1,D30,17.0,18.680068001781702,18.90378189086914,18.949832916259766,18.551666666666666,18.36214512471655,18.068201034152025
13810.SKH.SHED.D30.2021.T18.1,D30,18.0,19.411514647927866,19.487688064575195,19.46417999267578,18.960208333333327,19.171261904761913,20.314322780054127
13810.SKH.SHED.D30.2021.T19.1,D30,19.0,19.444551784606553,19.34049415588379,19.30489730834961,19.33354166666666,19.17966326530613,20.725213876247643
13810.SKH.SHED.D30.2021.T20.1,D30,20.0,19.824505596445405,19.74744987487793,19.561002731323242,19.51645833333333,19.28382142857143,22.141550701988365
13810.SKH.SHED.D30.2021.T3.1,D30,3.0,3.1563549601729988,3.053955316543579,3.1506094932556152,3.2699999999999987,3.3593129251700704,2.9461905312051107
13810.SKH.SHED.D30.2021.T6.1,D30,6.0,6.55104103806671,6.300889015197754,6.372650146484375,6.531875,6.8890816326530615,7.278745519883309
13810.SKH.SHED.D30.2021.T7.1,D30,7.0,7.593997360246929,7.4751787185668945,7.319278717041016,7.623333333333331,7.781666666666668,8.297073987499394
13810.SKH.SHED.D30.2021.T8.1,D30,8.0,8.966907017329707,9.124399185180664,9.243891716003418,8.66625,8.900896825396826,8.50229808965129
13810.SKH.SHED.D30.2021.T9.1,D30,9.0,10.459711303169424,10.613510131835938,10.694558143615723,10.12104166666667,10.479741496598637,10.058491698915827
13810.SKH.SHED.D9.2020.T0,D9,0.0,0.11967732417441548,0.20551173388957977,0.06019045412540436,0.025416666666666664,0.2526190476190476,0.0
13810.SKH.SHED.D9.2020.T1,D9,1.0,1.0106816037832054,0.9460263252258301,0.9406334161758423,0.94125,1.0265442176870743,1.4948371951843455
13810.SKH.SHED.D9.2020.T10,D9,10.0,6.84800167058626,6.939615726470947,6.894176959991455,6.7129166666666675,6.803571428571429,6.79453665028065
13810.SKH.SHED.D9.2020.T11,D9,11.0,7.579513629212759,7.215942859649658,7.447335243225098,7.342291666666666,8.286352040816327,8.414858210558053
13810.SKH.SHED.D9.2020.T12,D9,12.0,8.29729827823358,8.079490661621094,8.356612205505371,7.732499999999999,8.456098639455782,9.69383232452541
13810.SKH.SHED.D9.2020.T13,D9,13.0,8.647513462939791,8.327702522277832,8.534402847290039,8.361458333333328,9.464251700680276,9.236725726652258
13810.SKH.SHED.D9.2020.T14,D9,14.0,8.509225662403498,8.446141242980957,8.426321983337402,8.054166666666665,8.47593537414966,9.865791542190784
13810.SKH.SHED.D9.2020.T15,D9,15.0,14.451709849260727,14.35675048828125,14.278707504272461,14.958541666666667,15.311738095238102,12.865387790891859
13810.SKH.SHED.D9.2020.T16,D9,16.0,9.445390260469106,9.462246894836426,9.549049377441406,9.013749999999998,9.449835600907027,9.992285075217723
13810.SKH.SHED.D9.2020.T17,D9,17.0,10.996452766747417,11.029013633728027,10.90295124053955,10.787291666666668,10.88961224489796,11.71110696426094
13810.SKH.SHED.D9.2020.T18,D9,18.0,13.399823237076966,13.425607681274414,13.867558479309082,13.698124999999997,13.117295918367347,11.98031925112268
13810.SKH.SHED.D9.2020.T19,D9,19.0,12.743477921415987,12.7969388961792,12.395112037658691,12.978958333333333,12.665122448979593,13.100582091339492
13810.SKH.SHED.D9.2020.T2,D9,2.0,1.2426029627711623,1.0389580726623535,1.0144646167755127,1.1258333333333332,1.0664965986394555,2.9215823031599326
13810.SKH.SHED.D9.2020.T20,D9,20.0,14.039100628141556,13.97437572479248,13.568391799926758,14.02208333333334,13.90237755102041,15.64916661402393
13810.SKH.SHED.D9.2020.T3,D9,3.0,1.9704583100044446,2.111464262008667,1.7219996452331543,1.6147916666666666,1.6445680272108838,3.3687558267858995
13810.SKH.SHED.D9.2020.T4,D9,4.0,2.08150698165351,2.3100154399871826,2.011936664581299,2.1410416666666667,2.202758503401361,1.2689607466849342
13810.SKH.SHED.D9.2020.T5,D9,5.0,2.6214867018494217,2.674170970916748,2.414907455444336,2.473541666666666,2.6463163265306124,3.2385276440038826
13810.SKH.SHED.D9.2020.T6,D9,6.0,3.1714789270602854,2.9211061000823975,2.952399253845215,3.0506249999999993,3.142047619047619,4.756151407171195
13810.SKH.SHED.D9.2020.T7,D9,7.0,4.316372001465895,4.126556873321533,4.072551727294922,4.106250000000001,4.2672959183673465,5.989226198906026
13810.SKH.SHED.D9.2020.T8,D9,8.0,5.38414572270436,5.4381103515625,5.379593372344971,5.05625,5.454414965986395,5.784020292514078
13810.SKH.SHED.D9.2020.T9,D9,9.0,6.391689992144381,6.407496929168701,6.4249420166015625,5.918124999999999,6.179840136054425,7.526043888352159
13810.SOH.SHED.D10.2020.T10,D10,10.0,9.401788668016142,9.272469520568848,9.240524291992188,9.952083333333334,8.806658163265304,9.985013476909797
13810.SOH.SHED.D10.2020.T11,D10,11.0,10.207934660306405,9.978776931762695,10.075126647949219,10.620833333333335,9.86724149659864,10.912670276338298
13810.SOH.SHED.D10.2020.T12,D10,12.0,11.870542611521982,11.79068374633789,12.30374813079834,12.181875,10.655957482993196,12.226318324720504
13810.SOH.SHED.D10.2020.T13,D10,13.0,12.632856750250998,12.411985397338867,13.053622245788574,13.018958333333329,11.4082925170068,13.308200253845072
13810.SOH.SHED.D10.2020.T14,D10,14.0,12.954801160170366,12.460389137268066,13.27788257598877,13.716874999999995,11.777188775510204,13.872604586662234
13810.SOH.SHED.D10.2020.T15,D10,15.0,15.647484358460817,15.703288078308105,16.104578018188477,15.54854166666667,14.849887755102046,15.731619338226249
13810.SOH.SHED.D10.2020.T16,D10,16.0,16.315854348440162,15.477787971496582,16.680072784423828,16.45395833333333,15.301363945578224,19.165035023818334
13810.SOH.SHED.D10.2020.T17,D10,17.0,18.34858025527407,18.321731567382812,18.7427978515625,17.70604166666667,17.65594047619047,19.76761917406698
13810.SOH.SHED.D10.2020.T18,D10,18.0,18.379358395667804,18.022600173950195,18.24612045288086,18.05479166666667,17.896629251700688,21.155955091740935
13810.SOH.SHED.D10.2020.T19,D10,19.0,18.5307405104097,18.087675094604492,18.29915428161621,17.982083333333335,18.10231972789116,22.17884785773959
13810.SOH.SHED.D10.2020.T2,D10,2.0,3.260104875192188,3.442628860473633,3.727255344390869,3.8627083333333347,3.486404761904762,0.0
13810.SOH.SHED.D10.2020.T20,D10,20.0,18.55948928208186,18.44025230407715,18.391830444335938,18.015833333333337,18.068778344671205,21.159725614073814
13810.SOH.SHED.D10.2020.T3,D10,3.0,4.409714138026255,4.647474765777588,4.681179523468018,5.548333333333334,4.2799812925170055,0.9351296688175559
13810.SOH.SHED.D10.2020.T4,D10,4.0,5.596718200575765,5.8060078620910645,5.631551265716553,6.481249999999999,5.854091836734694,2.726642500091031
13810.SOH.SHED.D10.2020.T5,D10,5.0,6.002545284185613,6.441058158874512,6.1106276512146,6.9747916666666665,6.024428571428573,2.439483046719899
13810.SOH.SHED.D10.2020.T6,D10,6.0,6.913342206592816,7.072732925415039,6.836522579193115,7.576458333333332,6.801979591836733,5.468030787278491
13810.SOH.SHED.D10.2020.T7,D10,7.0,7.578005922162449,7.381522178649902,7.4593353271484375,7.8362500000000015,7.013450113378683,8.794479197735665
13810.SOH.SHED.D10.2020.T8,D10,8.0,7.804826606266584,8.018619537353516,7.943180084228516,8.669791666666669,7.882191043083898,4.971587342074821
13810.SOH.SHED.D10.2020.T9,D10,9.0,8.991012443065259,9.093477249145508,8.820029258728027,9.307708333333336,8.472116213151926,9.256028550001428
13810.SOH.SHED.D13.2021.T1,D13,1.0,1.2559356433709443,1.1702786684036255,1.3505210876464844,1.190625,1.39841156462585,1.1933503624435815
13810.SOH.SHED.D13.2021.T10,D13,10.0,10.255928623106668,9.797613143920898,9.953425407409668,11.24375,10.983561224489799,9.320041444045101
13810.SOH.SHED.D13.2021.T11,D13,11.0,11.235653567508711,10.965510368347168,11.80224609375,11.602083333333331,11.272204081632655,9.841916546554975
13810.SOH.SHED.D13.2021.T12,D13,12.0,12.217394634457394,12.144822120666504,12.525336265563965,12.206458333333337,12.082564625850342,11.889375713222325
13810.SOH.SHED.D13.2021.T13,D13,13.0,13.388321957963083,13.466819763183594,13.529285430908203,13.34270833333333,13.396954081632664,12.878698923693895
13810.SOH.SHED.D13.2021.T14,D13,14.0,14.24572287451746,14.436585426330566,14.583516120910645,14.345416666666674,14.596557823129253,12.103012095879068
13810.SOH.SHED.D13.2021.T15,D13,15.0,14.16308142389683,14.42924690246582,14.212169647216797,14.439583333333339,14.424343073593072,12.296968136472575
13810.SOH.SHED.D13.2021.T16,D13,16.0,15.488009398610348,15.596506118774414,15.771047592163086,15.599791666666661,15.698064162028453,13.916277072996511
13810.SOH.SHED.D13.2021.T17,D13,17.0,15.727117646253273,15.317493438720703,15.439517974853516,16.357708333333328,15.939670068027214,16.094979440529336
13810.SOH.SHED.D13.2021.T18,D13,18.0,19.31521966799246,19.872095108032227,19.992748260498047,18.759375000000006,18.703798340548342,17.979593193760284
13810.SOH.SHED.D13.2021.T19,D13,19.0,17.541081525362152,17.345836639404297,17.594465255737305,17.528958333333335,17.62614285714286,17.890011243684427
13810.SOH.SHED.D13.2021.T2,D13,2.0,2.3452743739026753,2.438948154449463,2.2667739391326904,2.353125000000001,2.713397959183674,1.6926174890711287
13810.SOH.SHED.D13.2021.T20,D13,20.0,18.610028280558154,18.829801559448242,18.791873931884766,18.849375000000002,18.54248979591836,17.118708603647374
13810.SOH.SHED.D13.2021.T3,D13,3.0,2.7348270120055886,2.6109609603881836,2.686028003692627,2.9612500000000006,3.119047619047619,2.19924580108834
13810.SOH.SHED.D13.2021.T4,D13,4.0,4.1720160831242845,4.074431419372559,4.235694408416748,4.860208333333332,4.82635544217687,1.9476807221513361
13810.SOH.SHED.D13.2021.T5,D13,5.0,5.394892745416116,4.8951544761657715,5.346250534057617,5.962291666666666,6.561751700680275,4.13062680616605
13810.SOH.SHED.D13.2021.T6,D13,6.0,7.034192918755247,6.6753106117248535,6.907513618469238,7.3045833333333325,7.434976190476192,7.2855823538238615
13810.SOH.SHED.D13.2021.T7,D13,7.0,8.255786057798845,7.4606122970581055,7.804094314575195,8.570833333333333,8.641748299319726,10.561498784729906
13810.SOH.SHED.D13.2021.T8,D13,8.0,8.817369021581401,8.885967254638672,8.746861457824707,8.983124999999998,8.770528911564625,8.526591439989298
13810.SOH.SHED.D13.2021.T9,D13,9.0,9.189333154208796,9.435489654541016,8.935853004455566,9.718125,9.369938775510203,7.7560719040606845
13810.SOH.SHED.D19.2021.T1.1,D19,1.0,2.1340149472224463,2.1743290424346924,1.9268357753753662,1.8770833333333332,2.3869467120181413,2.6654861717880927
13810.SOH.SHED.D19.2021.T10.1,D19,10.0,10.975290150923756,11.138692855834961,10.798995971679688,11.019375000000002,10.620913265306124,11.369213114574267
13810.SOH.SHED.D19.2021.T11.1,D19,11.0,10.789666063598293,10.371334075927734,10.471714973449707,10.924375,10.829928571428573,12.509728117432607
13810.SOH.SHED.D19.2021.T13.1,D19,13.0,13.153091489780238,12.659111022949219,13.166085243225098,12.842291666666668,13.028234693877549,15.411433346742317
13810.SOH.SHED.D19.2021.T14.1,D19,14.0,13.842268907574429,13.031515121459961,13.264561653137207,14.257083333333338,14.11733163265306,16.47657546287514
13810.SOH.SHED.D19.2021.T15.1,D19,15.0,15.323849104142806,14.598652839660645,14.847506523132324,15.878958333333342,15.343090702947842,17.551213493526866
13810.SOH.SHED.D19.2021.T16.1,D19,16.0,15.536503425247371,14.82145881652832,15.469274520874023,15.666666666666668,15.500312925170059,17.64366877961527
13810.SOH.SHED.D19.2021.T17.1,D19,17.0,16.947220990351088,16.821863174438477,16.719036102294922,16.92916666666667,16.74390476190477,18.23483964826767
13810.SOH.SHED.D19.2021.T18.1,D19,18.0,18.03676833621954,18.10144805908203,17.80124282836914,17.942500000000006,18.39199829931973,18.087234665046882
13810.SOH.SHED.D19.2021.T19.1,D19,19.0,18.10335633650221,17.767288208007812,17.49622344970703,18.293125000000003,18.41075340136054,19.788760014690244
13810.SOH.SHED.D19.2021.T2.1,D19,2.0,2.8519817135739824,2.911240339279175,2.662397623062134,2.6222916666666687,2.9133367346938774,3.51551362487281
13810.SOH.SHED.D19.2021.T20.1,D19,20.0,18.482983865300675,18.384817123413086,18.629276275634766,18.29166666666667,18.529363945578226,18.7248173419799
13810.SOH.SHED.D19.2021.T3.1,D19,3.0,4.097128148293181,4.020664215087891,3.853489875793457,3.9625,4.603431972789115,4.445416189000827
13810.SOH.SHED.D19.2021.T4.1,D19,4.0,4.516123846997979,4.3799591064453125,4.47027063369751,5.09625,5.207454081632654,2.8420034439510937
13810.SOH.SHED.D19.2021.T5.1,D19,5.0,5.5804411036371455,5.497185230255127,5.638044357299805,6.007499999999998,6.074142857142858,4.091530166642277
13810.SOH.SHED.D19.2021.T6.1,D19,6.0,7.118030726728813,6.897841930389404,6.920464992523193,7.726041666666666,7.560438208616781,6.392878348553439
13810.SOH.SHED.D19.2021.T7.1,D19,7.0,8.328155468182564,8.158244132995605,8.08725357055664,8.339166666666667,8.575646258503404,9.04688563535878
13810.SOH.SHED.D19.2021.T8.1,D19,8.0,8.944268741228658,9.385054588317871,9.130221366882324,8.986041666666669,8.989062925170069,7.006292509038721
13810.SOH.SHED.D19.2021.T9.1,D19,9.0,9.48719213218247,9.724032402038574,9.714774131774902,9.516458333333336,9.316488095238094,8.405239976747922
13810.SPS.SHED.D10.2020.T0,D10,0.0,0.41680429791157825,0.4986458420753479,0.062191322445869446,0.001875,0.05541666666666666,2.4297521467750656
13810.SPS.SHED.D13.2021.T0,D13,0.0,0.028042027431913988,0.06293078511953354,0.01626001112163067,0.000625,0.03315192743764172,0.0
13810.SPS.SHED.D19.2021.T0.1,D19,0.0,0.03994350160844624,0.12778854370117188,0.0024277539923787117,0.00125,0.005,0.0
13810.CH.SHED.D20.2021.T1.1,D20,1.0,1.9895694531748467,1.9949219226837158,1.8135817050933838,2.378125,2.493217687074829,0.8808979703516169
13810.CH.SHED.D20.2021.T10.1,D20,10.0,10.636698664661989,11.281989097595215,10.687483787536621,10.60270833333333,10.642056122448983,8.633809034652563
13810.CH.SHED.D20.2021.T11.1,D20,11.0,11.270868626079235,11.87712574005127,11.255829811096191,11.164791666666668,11.341496598639448,9.595906281605552
13810.CH.SHED.D20.2021.T13.1,D20,13.0,13.460340441718301,14.09626579284668,13.28378963470459,13.006666666666671,13.61899263038548,12.663310672969946
13810.CH.SHED.D20.2021.T14.1,D20,14.0,13.18692128598013,13.731831550598145,13.204349517822266,13.327916666666672,13.763319727891155,10.362031488281104
13810.CH.SHED.D20.2021.T15.1,D20,15.0,14.908006202050807,14.71339225769043,14.505132675170898,14.698125000000005,14.933676870748299,16.88028825338707
13810.CH.SHED.D20.2021.T16.1,D20,16.0,14.675725291451943,14.768874168395996,14.50387954711914,14.884791666666672,15.32515646258504,13.433613514322692
13810.CH.SHED.D20.2021.T17.1,D20,17.0,17.037400911003743,17.07103157043457,17.516815185546875,16.432291666666664,16.648337971552255,17.53178614420483
13810.CH.SHED.D20.2021.T18.2,D20,18.0,16.788722260675147,16.86410903930664,16.8762264251709,16.32125,16.9214268707483,17.079689119781833
13810.CH.SHED.D20.2021.T19.1,D20,19.0,17.10210711631528,17.38948631286621,17.173540115356445,17.162291666666672,17.543149659863946,15.279454113033802
13810.CH.SHED.D20.2021.T2.1,D20,2.0,2.8651975359253217,3.0918960571289062,2.7787575721740723,2.798541666666667,2.9435068027210876,2.4170497200163528
13810.CH.SHED.D20.2021.T20.1,D20,20.0,17.782619951031386,17.87590980529785,17.661096572875977,17.69020833333333,17.62350680272109,18.23005179148204
13810.CH.SHED.D20.2021.T3.1,D20,3.0,3.7513855642208442,3.8231632709503174,3.8242692947387695,3.2783333333333333,3.984130952380953,3.950829497272469
13810.CH.SHED.D20.2021.T4.1,D20,4.0,4.619496248427292,4.561500549316406,4.523956775665283,4.6797916666666675,4.921807823129253,4.458273829133276
13810.CH.SHED.D20.2021.T5.1,D20,5.0,5.862487935808521,5.710177898406982,5.718475341796875,6.321041666666669,6.1264246031746055,5.366437070276836
13810.CH.SHED.D20.2021.T6.1,D20,6.0,7.1919916716693395,7.036050319671631,6.754257678985596,7.9041666666666694,7.685914965986395,6.588915777901587
13810.CH.SHED.D20.2021.T7.1,D20,7.0,9.04465876956094,9.049032211303711,8.741771697998047,9.753958333333332,9.344431972789115,7.920497190852814
13810.CH.SHED.D20.2021.T8.2,D20,8.0,8.741225090570405,9.204947471618652,8.76077938079834,8.635000000000002,8.957554988662134,7.189127555859052
13810.CH.SHED.D20.2021.T9.1,D20,9.0,10.045725138084316,10.589147567749023,9.98498821258545,10.100208333333336,9.510301020408162,9.261469948853561
13810.CH.SHED.D22.2021.T1.1,D22,1.0,1.3093816625591344,0.9966581463813782,1.0500845909118652,1.0856249999999998,1.0999285714285714,3.6574878520246887
13810.CH.SHED.D22.2021.T11.1,D22,11.0,10.323717283461436,10.547396659851074,10.3840970993042,10.120208333333332,10.527102607709752,9.603669528569359
13810.CH.SHED.D22.2021.T12.1,D22,12.0,10.8700609398855,11.192061424255371,10.784683227539062,10.81916666666666,10.958267006802718,10.086983213703835
13810.CH.SHED.D22.2021.T13.1,D22,13.0,12.603407617754373,13.269598960876465,12.890571594238281,11.999791666666663,12.563969387755105,11.153312894352648
13810.CH.SHED.D22.2021.T14.1,D22,14.0,13.050648996711455,13.468880653381348,13.002617835998535,12.730000000000004,13.301927437641726,12.18041226051158
13810.CH.SHED.D22.2021.T15.1,D22,15.0,14.044887233104872,14.197993278503418,14.456892013549805,13.998333333333335,14.074561224489807,12.60415395826257
13810.CH.SHED.D22.2021.T16.1,D22,16.0,15.26842577006743,15.600028038024902,16.03895378112793,15.02604166666666,15.572525510204084,12.375917535140342
13810.CH.SHED.D22.2021.T17.1,D22,17.0,14.778860995244205,14.675926208496094,15.003459930419922,15.105833333333326,15.278588435374157,13.122632181176076
13810.CH.SHED.D22.2021.T18.1,D22,18.0,15.554182992384199,15.590035438537598,15.59506607055664,15.926875000000004,15.889511904761914,14.096040574694733
13810.CH.SHED.D22.2021.T19.1,D22,19.0,16.76593421084978,17.11168670654297,17.11941146850586,16.58020833333334,17.10714285714286,14.70462236522329
13810.CH.SHED.D22.2021.T2.1,D22,2.0,2.3098460607357714,2.59261417388916,2.466627359390259,2.61375,2.536401360544218,0.12194764639826339
13810.CH.SHED.D22.2021.T20.1,D22,20.0,17.623234638566558,17.844274520874023,17.690109252929688,17.69166666666667,18.49178571428572,15.353237785957392
13810.CH.SHED.D22.2021.T3.1,D22,3.0,2.8025333401247208,2.9844472408294678,2.710056781768799,2.967708333333333,3.0441190476190476,1.7952544862415678
13810.CH.SHED.D22.2021.T6.1,D22,6.0,5.429945223381152,5.122550964355469,5.083085536956787,5.810000000000001,5.804325396825397,5.897597403115043
13810.CH.SHED.D22.2021.T7.1,D22,7.0,6.492790903888311,6.150302410125732,5.987909317016602,6.497500000000002,6.481069727891157,8.790623924127681
13810.CH.SHED.D22.2021.T9.1,D22,9.0,8.871219151893154,9.095589637756348,8.76643180847168,9.642291666666663,9.235414965986394,6.371637302170373
13810.CH.SHED.D5.2020.T1,D5,1.0,1.3010724676469225,1.3103190660476685,1.1743426322937012,1.155625,1.0584642857142856,2.2449644690205375
13810.CH.SHED.D5.2020.T10,D5,10.0,12.113608298072972,12.97043514251709,12.068206787109375,11.820625,11.752093537414966,10.784870279282572
13810.CH.SHED.D5.2020.T11,D5,11.0,12.889711813227876,13.50369930267334,12.893238067626953,12.163541666666669,13.303736394557825,11.870237130021291
13810.CH.SHED.D5.2020.T12,D5,12.0,13.434372369562816,14.572932243347168,13.822244644165039,12.50041666666667,13.505409863945577,10.810367225922347
13810.CH.SHED.D5.2020.T13,D5,13.0,13.137676565178863,13.335033416748047,13.377684593200684,12.762916666666673,13.195139455782318,12.608911401535948
13810.CH.SHED.D5.2020.T15,D5,15.0,14.27716995369865,14.711398124694824,14.469854354858398,14.381874999999997,14.616901927437645,11.773766384599568
13810.CH.SHED.D5.2020.T16,D5,16.0,15.086300051503732,15.202207565307617,15.193304061889648,15.081250000000002,15.460477891156467,13.919900827655653
13810.CH.SHED.D5.2020.T17,D5,17.0,15.11073618630813,15.254934310913086,15.0740966796875,15.367916666666666,15.234867346938774,14.069182877381827
13810.CH.SHED.D5.2020.T18,D5,18.0,15.889455744430474,16.454479217529297,15.922386169433594,15.662291666666665,15.841676870748296,14.638055728677088
13810.CH.SHED.D5.2020.T20,D5,20.0,16.685239780606583,16.98077392578125,16.511165618896484,16.69729166666666,16.4575306122449,16.551282729780205
13810.CH.SHED.D5.2020.T3,D5,3.0,3.2905184991685803,3.0767405033111572,3.1419801712036133,3.750833333333334,3.6137441249226976,2.8977301996925817
13810.CH.SHED.D5.2020.T5,D5,5.0,5.88353159720199,5.54964542388916,5.59835147857666,6.324791666666669,6.181132086167801,6.26921954132572
13810.CH.SHED.D5.2020.T6,D5,6.0,6.9129997972091575,6.646197319030762,6.52574348449707,7.278958333333337,7.648034013605442,6.847079616681771
13810.CH.SHED.D5.2020.T9,D5,9.0,11.234146419310461,11.379212379455566,10.76020622253418,11.514375000000005,11.570015873015867,10.919537688878668
13810.CPS.SHED.D20.2021.T0.1,D20,0.0,0.004835714285714287,0.0,0.0,0.0,0.032238095238095246,0.0
13810.CPS.SHED.D22.2021.T0.1,D22,0.0,0.043386904761904765,0.0,0.0,0.12166666666666667,0.12702380952380954,0.0
13810.CPS.SHED.D5.2020.T0,D5,0.0,0.2977179517167343,0.12299545109272003,0.009763140231370926,0.0,0.030714285714285715,2.5377138847393272
13810.CPS.SHED.D5.2020.T14,D5,14.0,13.318249418963306,13.337239265441895,13.525070190429688,13.388124999999992,13.42313775510204,12.447144284580116
13810.CPS.SHED.D5.2020.T7,D5,7.0,8.914674856504469,8.398184776306152,8.289984703063965,9.602083333333331,8.622783446712024,11.08889064173163
13810.F.SHED.D12.2020.T0,D12,0.0,0.037179269446060065,0.10027684271335602,0.013384866528213024,0.00125,0.023333333333333338,0.0
13810.F.SHED.D20.2021.T0.1,D20,0.0,0.01346912296214334,0.0,0.0,0.0,0.015476190476190475,0.11147694390714769
13810.F.SHED.D22.2021.T0.1,D22,0.0,0.022997582546984537,0.0,0.0,0.0,0.014404761904761906,0.20836868261270247
13810.F.SHED.D25.2021.T0.1,D25,0.0,0.18500536208542984,0.11123031377792358,0.00017143876175396144,0.000625,0.015476190476190477,1.4914697969018569
13810.F.SHED.D5.2020.T0,D5,0.0,0.08398048928563125,0.0,0.0,0.005,0.005,0.8223048928563124
13810.F.SHED.D8.2020.T0,D8,0.0,0.21465246217242698,0.0,0.008943426422774792,0.0,0.0,2.1241660556673327
13810.SCS.SHED.D12.2020.T1,D12,1.0,1.179372653457769,1.5745182037353516,1.1200029850006104,1.2272916666666662,1.1618888888888887,0.07274779420344579
13810.SCS.SHED.D12.2020.T10,D12,10.0,9.519727548452598,9.707852363586426,9.746625900268555,9.419166666666667,8.658547619047617,9.88099888119056
13810.SCS.SHED.D12.2020.T11,D12,11.0,10.670149221711716,10.898004531860352,10.913890838623047,10.87375,10.239363378684802,9.616206456951296
13810.SCS.SHED.D12.2020.T13,D12,13.0,11.517091287421188,11.619609832763672,11.215304374694824,12.246250000000005,11.552248866213152,10.45294913986407
13810.SCS.SHED.D12.2020.T14,D12,14.0,11.724808635129747,11.907039642333984,11.144431114196777,12.675416666666665,11.471350252921686,11.108030926087704
13810.SCS.SHED.D12.2020.T15,D12,15.0,12.697055343816677,12.616394996643066,12.59388542175293,12.94583333333334,12.877461811997533,12.42879550919228
13810.SCS.SHED.D12.2020.T16,D12,16.0,13.10190805589643,12.925077438354492,12.564142227172852,13.948125000000005,12.723052721088433,13.852663594336036
13810.SCS.SHED.D12.2020.T17,D12,17.0,15.494976769953816,16.057016372680664,15.912544250488281,15.767708333333328,14.449982339089482,13.786967779974578
13810.SCS.SHED.D12.2020.T18,D12,18.0,16.18777510509025,17.0632381439209,16.288877487182617,15.963125000000007,15.304332199546481,15.083094601863543
13810.SCS.SHED.D12.2020.T20,D12,20.0,17.607808170469646,17.6862735748291,17.874549865722656,17.909166666666675,16.335954081632654,18.0106218601202
13810.SCS.SHED.D12.2020.T3,D12,3.0,2.825937031214981,3.1959993839263916,2.589280843734741,2.8381249999999993,3.079153421974849,1.903189918071508
13810.SCS.SHED.D12.2020.T4,D12,4.0,3.262663075902073,3.191624879837036,3.0705676078796387,3.526249999999999,3.3326031746031752,3.323932337905765
13810.SCS.SHED.D12.2020.T5,D12,5.0,3.9016047175283894,3.8734891414642334,3.381807804107666,3.8987500000000006,3.385616007008864,6.065136230108731
13810.SCS.SHED.D12.2020.T6,D12,6.0,4.804104038784953,5.281696319580078,4.544743537902832,4.582083333333332,4.216687074829932,5.3448953054406445
13810.SCS.SHED.D12.2020.T7,D12,7.0,5.296249389776714,5.356614112854004,5.078307151794434,4.570624999999999,4.602867346938775,8.151332659310883
13810.SCS.SHED.D12.2020.T9,D12,9.0,7.616654740962945,7.818113327026367,7.599130630493164,7.97375,7.403085034013606,6.662253301297019
13810.SCS.SHED.D25.2021.T1.1,D25,1.0,0.7351839350645234,0.48825424909591675,0.8897435665130615,1.0460416666666668,1.0470895691609978,0.0
13810.SCS.SHED.D25.2021.T12.1,D25,12.0,11.843193575846303,11.846114158630371,11.62012004852295,12.124375,12.618986394557819,10.66606356942782
13810.SCS.SHED.D25.2021.T13.1,D25,13.0,13.064152565036443,13.245294570922852,12.474809646606445,13.417708333333335,14.024205782312935,11.846892480943694
13810.SCS.SHED.D25.2021.T14.1,D25,14.0,14.057461875423279,14.255772590637207,13.883986473083496,14.140416666666676,14.312374149659863,13.347940241789265
13810.SCS.SHED.D25.2021.T16.1,D25,16.0,15.59000525719594,15.365015983581543,15.059394836425781,15.908958333333333,15.80025510204082,16.638218210422433
13810.SCS.SHED.D25.2021.T19.1,D25,19.0,18.127465307209388,18.2591552734375,17.730838775634766,18.15104166666667,18.042557823129254,18.804170244667226
13810.SCS.SHED.D25.2021.T3.1,D25,3.0,2.3036944848365524,2.5788815021514893,2.509531021118164,2.375833333333333,2.8498707482993204,0.0
13810.SCS.SHED.D25.2021.T4.1,D25,4.0,2.925915647261099,2.7100718021392822,2.849566698074341,3.3339583333333342,3.375714285714286,2.273536225769198
13810.SCS.SHED.D25.2021.T7.1,D25,7.0,6.167797874248731,6.112070560455322,6.177050590515137,6.833541666666667,7.09589455782313,3.5882154147654735
13810.SCS.SHED.D25.2021.T8.1,D25,8.0,7.772180334136429,7.391261100769043,7.428989410400391,7.9941666666666675,8.275697278911567,8.573667261355501
13810.SCS.SHED.D25.2021.T9.1,D25,9.0,8.545865881015484,8.796905517578125,8.499456405639648,8.741666666666664,9.109510204081637,6.671702603865569
13810.SCS.SHED.D8.2020.T0,D8,0.0,0.21069208903153427,0.2710675895214081,0.026991106569767,0.012708333333333332,0.029523809523809525,1.15653797437432
13810.SCS.SHED.D8.2020.T1,D8,1.0,1.8533223815294866,2.0423731803894043,1.4914157390594482,1.5031250000000005,1.2952698412698411,3.728410164573269
13810.SCS.SHED.D8.2020.T10,D8,10.0,9.125270462501991,8.846956253051758,9.032317161560059,8.875833333333333,9.062277777777776,10.785959628631163
13810.SCS.SHED.D8.2020.T11,D8,11.0,10.450511891322416,10.745101928710938,10.56059455871582,10.239583333333334,10.627007936507933,9.448648158873235
13810.SCS.SHED.D8.2020.T12,D8,12.0,11.338912590807059,11.025935173034668,11.084098815917969,11.147708333333338,11.422942176870743,13.171243417198873
13810.SCS.SHED.D8.2020.T13,D8,13.0,12.19704330561089,12.324407577514648,11.866793632507324,12.01229166666667,12.63119593898166,12.358849000490807
13810.SCS.SHED.D8.2020.T14,D8,14.0,12.113612307561885,12.311163902282715,11.559385299682617,12.09020833333334,11.7692970521542,13.46980587466618
13810.SCS.SHED.D8.2020.T15,D8,15.0,12.820383024493637,13.117951393127441,12.710015296936035,13.357916666666664,12.678873582766446,11.340794115730965
13810.SCS.SHED.D8.2020.T16,D8,16.0,13.938741028189689,14.437019348144531,13.952094078063965,13.09270833333334,13.830979591836739,14.264230987881621
13810.SCS.SHED.D8.2020.T17,D8,17.0,14.618651138972215,14.990711212158203,14.805633544921875,13.559374999999998,14.613565759637186,15.161195251487072
13810.SCS.SHED.D8.2020.T18,D8,18.0,15.22280227139758,15.45549488067627,15.66020393371582,13.861458333333337,14.688321789321794,16.95562888700806
13810.SCS.SHED.D8.2020.T19,D8,19.0,16.044598250891948,16.52214813232422,16.78118133544922,14.491250000000004,15.595488095238107,16.550852630466622
13810.SCS.SHED.D8.2020.T2,D8,2.0,2.5186205279212293,2.1185057163238525,2.1283185482025146,2.519166666666666,2.6479999999999997,4.499558426401121
13810.SCS.SHED.D8.2020.T20,D8,20.0,16.175977877505865,16.535608291625977,16.091175079345703,15.200625000000002,15.565607142857155,18.175355487530712
13810.SCS.SHED.D8.2020.T3,D8,3.0,3.3967888505411414,3.4109339714050293,3.111508846282959,3.5964583333333344,3.548182539682539,3.4411239992984575
13810.SCS.SHED.D8.2020.T4,D8,4.0,4.273444072440427,3.84778094291687,3.7875471115112305,4.417500000000001,4.490659863945578,6.151240320957219
13810.SCS.SHED.D8.2020.T5,D8,5.0,4.971678965264001,5.000849723815918,4.774916648864746,4.897083333333335,5.108391156462586,5.320195457669847
13810.SCS.SHED.D8.2020.T6,D8,6.0,5.572978355298469,5.472202301025391,5.479208946228027,5.673333333333335,5.866078231292517,5.469370270733008
13810.SCS.SHED.D8.2020.T7,D8,7.0,6.241407396784742,6.147155284881592,6.062790870666504,5.89375,6.167763605442178,7.7764855283731205
13810.SCS.SHED.D8.2020.T8,D8,8.0,7.94396913493485,8.024124145507812,7.886954307556152,7.334375000000001,7.742663265306119,9.367188245975507
13810.SCS.SHED.D8.2020.T9,D8,9.0,8.259877790138654,8.110628128051758,8.490996360778809,8.133124999999998,7.872003401360545,8.965147513243434
13810.SKF.SHED.D12.2020.T0,D12,0.0,0.13029420904921635,0.3978801667690277,0.03614920750260353,0.0,0.012619047619047617,0.0
13810.SKF.SHED.D12.2020.T11,D12,11.0,10.272702635728951,10.141585350036621,10.26980209350586,10.698333333333332,9.142870181405893,11.516793134639485
13810.SKF.SHED.D12.2020.T12,D12,12.0,11.65270667061933,11.705046653747559,11.466024398803711,11.554374999999993,11.576661564625851,12.27312340100258
13810.SKF.SHED.D12.2020.T13,D12,13.0,11.658948483334896,11.462180137634277,11.175740242004395,12.10875,11.968443877551017,12.093427999108599
13810.SKF.SHED.D12.2020.T14,D12,14.0,13.203882981330516,13.213483810424805,12.955222129821777,12.950624999999997,13.506323129251703,13.849588363598757
13810.SKF.SHED.D12.2020.T15,D12,15.0,13.931139176896098,13.893341064453125,13.630146980285645,13.85270833333333,14.370178571428577,14.295316601077968
13810.SKF.SHED.D12.2020.T16,D12,16.0,14.237717878159373,13.936108589172363,13.576156616210938,14.638541666666665,14.772069727891152,15.19327354837924
13810.SKF.SHED.D12.2020.T17,D12,17.0,15.456544626378482,15.693305969238281,15.32003402709961,15.599583333333328,15.951280045351478,14.059356553627094
13810.SKF.SHED.D12.2020.T18,D12,18.0,16.939115076699565,17.350597381591797,17.287235260009766,16.85625,16.881464285714284,15.086574043624413
13810.SKF.SHED.D12.2020.T19,D12,19.0,17.579766622661243,17.986740112304688,17.659624099731445,17.8225,17.676656462585036,15.528400946492185
13810.SKF.SHED.D12.2020.T20,D12,20.0,16.890700974097257,16.643945693969727,16.850093841552734,18.001874999999995,17.077670068027217,15.229682953140749
13810.SKF.SHED.D12.2020.T3,D12,3.0,2.6155555617073163,2.8875956535339355,2.224391222000122,2.546458333333334,2.334112244897959,3.337705567457445
13810.SKF.SHED.D12.2020.T4,D12,4.0,2.8120591003404036,2.6157898902893066,2.494433879852295,2.724375,2.3896292517006805,5.003942755354354
13810.SKF.SHED.D12.2020.T6,D12,6.0,4.678171010027162,4.843640327453613,4.723111152648926,4.456041666666667,3.803698979591837,5.825379433567379
13810.SKF.SHED.D12.2020.T8,D12,8.0,7.7504707530703225,8.30172348022461,8.263383865356445,6.529791666666667,6.815581632653063,8.658121644325353
13810.SKF.SHED.D12.2020.T9,D12,9.0,8.535261383363363,8.780304908752441,8.964517593383789,7.866041666666671,7.550239795918366,9.542962096705931
13810.SKF.SHED.D20.2021.T0.1,D20,0.0,0.17855458972131238,0.0,0.0,0.03416666666666667,0.005714285714285714,1.708641135308362
13810.SKF.SHED.D20.2021.T1.1,D20,1.0,1.983847086331734,1.9877110719680786,1.7914164066314697,2.3622916666666662,2.5605238095238096,0.8314275832153832
13810.SKF.SHED.D20.2021.T10.1,D20,10.0,11.471711256369684,11.877138137817383,11.533283233642578,11.355624999999996,11.477913265306116,10.32437016817909
13810.SKF.SHED.D20.2021.T11.1,D20,11.0,10.973678256696402,11.450334548950195,11.00375747680664,10.827708333333332,11.215229591836732,9.398124173675068
13810.SKF.SHED.D20.2021.T13.1,D20,13.0,13.444597037659433,14.290647506713867,13.700085639953613,12.766041666666668,13.765772108843539,11.14307225997004
13810.SKF.SHED.D20.2021.T14.1,D20,14.0,13.956057562276651,14.575848579406738,14.0009126663208,13.86166666666667,14.280600907029482,11.686513524866735
13810.SKF.SHED.D20.2021.T15.1,D20,15.0,14.375585205004157,14.474037170410156,14.648070335388184,14.225208333333331,14.517223356009069,13.487312999660395
13810.SKF.SHED.D20.2021.T16.1,D20,16.0,15.440912966621179,15.606348037719727,15.958105087280273,15.160208333333333,15.147234693877556,14.653554127368928
13810.SKF.SHED.D20.2021.T17.1,D20,17.0,15.608361484303648,15.784831047058105,15.725318908691406,15.593749999999998,15.781316326530616,14.55634994033773
13810.SKF.SHED.D20.2021.T18.1,D20,18.0,17.240153771956873,17.493377685546875,17.777603149414062,16.527291666666674,16.969950680272113,16.967887435651438
13810.SKF.SHED.D20.2021.T19.1,D20,19.0,17.367670415723914,17.557472229003906,17.589279174804688,17.084374999999994,17.321697278911575,16.87979361484835
13810.SKF.SHED.D20.2021.T2.1,D20,2.0,2.848196501969719,2.825387477874756,2.7361066341400146,2.7250000000000005,2.7961564625850346,3.521301306845337
13810.SKF.SHED.D20.2021.T20.1,D20,20.0,17.620078780152745,17.829814910888672,17.772737503051758,17.739166666666673,17.83580442176871,16.047459345245606
13810.SKF.SHED.D20.2021.T3.1,D20,3.0,3.8347124004006723,3.9509809017181396,3.902651786804199,3.5774999999999992,3.8354693877551016,3.8293477502091537
13810.SKF.SHED.D20.2021.T4.1,D20,4.0,4.278129016653423,4.293325901031494,4.334969997406006,4.5304166666666665,4.52702380952381,3.2125184223056973
13810.SKF.SHED.D20.2021.T5.1,D20,5.0,5.512225641337363,5.299459457397461,5.3582305908203125,5.753333333333333,5.762153061224488,5.678405305627064
13810.SKF.SHED.D20.2021.T6.1,D20,6.0,6.850901978668184,7.073379039764404,6.857051372528076,7.377916666666668,7.1075442176870745,4.729104576204495
13810.SKF.SHED.D20.2021.T7.1,D20,7.0,8.51960034112589,8.669346809387207,8.492247581481934,8.757291666666667,8.741030612244899,7.3312147776917715
13810.SKF.SHED.D20.2021.T8.1,D20,8.0,8.738200528320963,8.912841796875,8.489179611206055,9.094375000000001,9.230316326530616,7.386306374773573
13810.SKF.SHED.D20.2021.T9.1,D20,9.0,11.017454846041613,11.407083511352539,10.752861976623535,11.296041666666667,11.3743962585034,9.417465263711245
13810.SKF.SHED.D22.2021.T10.1,D22,10.0,9.401986064555565,9.558309555053711,9.30243968963623,9.178958333333332,9.395213151927438,9.638096361746129
13810.SKF.SHED.D22.2021.T12.1,D22,12.0,10.554824183227346,10.69526195526123,10.204949378967285,10.833749999999998,10.7462925170068,10.16314374356135
13810.SKF.SHED.D22.2021.T13.1,D22,13.0,12.908687093990599,13.608644485473633,13.022242546081543,12.496250000000002,12.959028911564625,11.274287750934288
13810.SKF.SHED.D22.2021.T14.1,D22,14.0,15.48929964176394,15.274127960205078,15.78860855102539,15.943125000000002,16.231280045351475,13.365921091433476
13810.SKF.SHED.D22.2021.T15.1,D22,15.0,14.190375171821216,14.331913948059082,13.912022590637207,14.60791666666667,15.004775510204086,12.404956798802417
13810.SKF.SHED.D22.2021.T16.1,D22,16.0,15.64818795333253,16.24131202697754,16.125463485717773,14.933125,15.368738095238095,14.524927595241106
13810.SKF.SHED.D22.2021.T17.1,D22,17.0,15.801558784141424,16.085506439208984,16.20989418029785,15.180833333333329,15.349459183673474,15.848477630865766
13810.SKF.SHED.D22.2021.T18.1,D22,18.0,16.685637244136963,16.944360733032227,17.17306900024414,15.949999999999998,16.045581632653064,17.122245292683015
13810.SKF.SHED.D22.2021.T19.1,D22,19.0,17.548397543160974,17.962493896484375,18.076669692993164,16.583125,17.250838435374153,17.36231185661245
13810.SKF.SHED.D22.2021.T20.1,D22,20.0,17.867907548314264,18.076709747314453,18.15323257446289,17.58833333333333,17.68740476190475,17.35809099551827
13810.SKF.SHED.D22.2021.T5.1,D22,5.0,4.904594748467478,5.0818190574646,4.987576007843018,4.8460416666666655,4.6778650793650804,4.6226693402924806
13810.SKF.SHED.D22.2021.T7.1,D22,7.0,5.861428084454738,5.623051643371582,5.701652526855469,6.348541666666666,6.08055782312925,5.673074529266765
13810.SKF.SHED.D22.2021.T8.1,D22,8.0,6.889944351689337,6.587852954864502,6.7859416007995605,7.633958333333335,7.180640589569164,6.132153099280547
13810.SKF.SHED.D22.2021.T9.1,D22,9.0,8.977252612906298,9.162663459777832,8.725818634033203,8.742291666666667,9.848527210884352,8.21261501498662
13810.SKF.SHED.D25.2021.T0.1,D25,0.0,0.00010714285714285714,0.0,0.0,0.0,0.0007142857142857143,0.0
13810.SKF.SHED.D25.2021.T1.1,D25,1.0,0.8166089330446152,0.7453547716140747,0.9466338157653809,1.0222916666666666,1.0125714285714285,0.0
13810.SKF.SHED.D25.2021.T10.1,D25,10.0,9.543357155841557,9.347890853881836,9.418115615844727,9.853541666666663,9.908055555555555,9.275443290491589
13810.SKF.SHED.D25.2021.T11.1,D25,11.0,10.723332578215675,10.699613571166992,10.665427207946777,10.853958333333328,10.851887755102045,10.485168749469107
13810.SKF.SHED.D25.2021.T12.1,D25,12.0,12.198646149520956,12.493931770324707,12.330835342407227,12.220833333333333,12.208207482993203,10.923599937060922
13810.SKF.SHED.D25.2021.T13.1,D25,13.0,13.229247581592361,13.509696006774902,13.155679702758789,13.259791666666663,13.482698412698415,12.130557586320979
13810.SKF.SHED.D25.2021.T14.1,D25,14.0,14.310263398148471,14.482139587402344,14.170886993408203,14.47958333333333,14.306056122448975,13.810746885417043
13810.SKF.SHED.D25.2021.T15.1,D25,15.0,15.326961592561222,15.310379028320312,15.065319061279297,15.659791666666663,15.767455782312929,14.704414180650305
13810.SKF.SHED.D25.2021.T16.1,D25,16.0,16.23800687393666,16.13143539428711,15.943450927734375,17.042916666666667,16.24108673469388,15.67967180179517
13810.SKF.SHED.D25.2021.T17.1,D25,17.0,17.58948599551799,17.4201717376709,17.838224411010742,17.73312500000001,17.522935374149668,17.288130653415834
13810.SKF.SHED.D25.2021.T18.1,D25,18.0,17.6998932787767,17.643146514892578,17.98101043701172,17.79791666666667,17.63075340136055,17.07500371518578
13810.SKF.SHED.D25.2021.T19.1,D25,19.0,18.019722367485237,17.89633560180664,18.046083450317383,18.144583333333333,18.06205102040817,18.01076504636008
13810.SKF.SHED.D25.2021.T2.1,D25,2.0,2.011057012794398,1.9512425661087036,1.9828455448150635,1.849791666666667,2.209170068027211,2.2863901322060602
13810.SKF.SHED.D25.2021.T20.1,D25,20.0,19.17081517355946,19.043081283569336,19.367414474487305,18.996875,19.17860714285714,19.39871098438264
13810.SKF.SHED.D25.2021.T3.1,D25,3.0,2.3886000294325616,2.602816343307495,2.534773826599121,2.189375,2.4543095238095236,1.6804024121910413
13810.SKF.SHED.D25.2021.T4.1,D25,4.0,3.0228960257298563,3.030580759048462,3.0041446685791016,3.241041666666667,3.119465986394558,2.465573995780254
13810.SKF.SHED.D25.2021.T5.1,D25,5.0,4.203448737935185,4.1728105545043945,4.092900276184082,4.274999999999999,4.524721088435373,3.9467233927253993
13810.SKF.SHED.D25.2021.T6.1,D25,6.0,5.866910748184078,5.782663345336914,5.757046222686768,5.961666666666666,5.969356009070295,6.0511345421743545
13810.SKF.SHED.D25.2021.T7.1,D25,7.0,6.36851331415877,6.15133810043335,6.3500847816467285,6.5950000000000015,6.684999999999999,6.138406886170827
13810.SKF.SHED.D25.2021.T8.1,D25,8.0,7.603326054276379,7.540609836578369,7.540860176086426,7.593541666666669,7.670857142857145,7.865911545193569
13810.SKF.SHED.D25.2021.T9.1,D25,9.0,8.614444608636665,8.632390975952148,8.54497241973877,8.556875,8.629690476190476,8.826556394877564
13810.SKF.SHED.D5.2020.T0,D5,0.0,0.10267298916168002,0.2740136981010437,0.0,0.003333333333333333,0.04030952380952381,0.13755784493271683
13810.SKF.SHED.D5.2020.T10,D5,10.0,10.550239127945684,10.427244186401367,10.299968719482422,10.521250000000002,10.39532482993197,11.83524967664871
13810.SKF.SHED.D5.2020.T11,D5,11.0,11.613681537359296,11.685894966125488,11.45003890991211,11.482083333333335,11.64549716553288,12.021620785470247
13810.SKF.SHED.D5.2020.T12,D5,12.0,12.758729929851532,12.908943176269531,12.552508354187012,12.66708333333334,12.644325396825405,13.178544122334406
13810.SKF.SHED.D5.2020.T13,D5,13.0,13.220671077714368,13.107373237609863,13.304759979248047,13.157291666666667,13.178631519274377,13.540160503949082
13810.SKF.SHED.D5.2020.T14,D5,14.0,13.909742831128442,14.039694786071777,14.026926040649414,13.817083333333326,13.657602040816322,13.790459123554422
13810.SKF.SHED.D5.2020.T15,D5,15.0,14.624608087052952,14.65278148651123,14.677773475646973,14.528333333333334,14.758117346938777,14.399460034803564
13810.SKF.SHED.D5.2020.T16,D5,16.0,15.070955808189508,15.160309791564941,15.259063720703125,14.92854166666667,15.33459013605443,14.222000868027465
13810.SKF.SHED.D5.2020.T17,D5,17.0,15.646195676497268,15.670124053955078,15.589412689208984,15.606250000000006,15.533234693877557,15.965700839268614
13810.SKF.SHED.D5.2020.T18,D5,18.0,16.530855227897874,17.159624099731445,16.85921287536621,15.619583333333345,16.374551020408166,15.880654594089918
13810.SKF.SHED.D5.2020.T19,D5,19.0,16.585168702596373,16.983566284179688,16.5383243560791,16.232500000000005,16.279056122448978,16.671593099553462
13810.SKF.SHED.D5.2020.T2,D5,2.0,2.4498177766150198,2.411782741546631,2.2577157020568848,2.195208333333332,2.6733163265306126,3.218149129905509
13810.SKF.SHED.D5.2020.T20,D5,20.0,16.515753604409305,16.72820472717285,16.381202697753906,16.59083333333333,16.278073129251702,16.42113875764553
13810.SKF.SHED.D5.2020.T3,D5,3.0,3.456262055138288,3.4117417335510254,3.1895103454589844,3.2906250000000004,3.463071428571428,4.5777623442252
13810.SKF.SHED.D5.2020.T4,D5,4.0,4.771329215242804,4.8155388832092285,4.513594150543213,4.447083333333336,4.900481292517006,5.737801521000135
13810.SKF.SHED.D5.2020.T5,D5,5.0,5.891344245775735,5.593710422515869,5.425489902496338,6.100416666666669,5.861284013605442,7.575827080227402
13810.SKF.SHED.D5.2020.T6,D5,6.0,7.041985712487493,6.873388767242432,6.741436004638672,7.147083333333336,7.318944444444446,7.673517478217622
13810.SKF.SHED.D5.2020.T7,D5,7.0,8.58501762269861,8.514215469360352,8.368199348449707,8.593750000000002,8.205173469387761,9.891771243699136
13810.SKF.SHED.D5.2020.T8,D5,8.0,9.59532247858892,9.42978572845459,8.847633361816406,10.267083333333337,10.249277777777772,9.636700862651095
13810.SKF.SHED.D5.2020.T9,D5,9.0,10.053182639943678,10.178131103515625,9.918746948242188,9.827708333333337,9.749759070294786,10.920510446175582
13810.SKF.SHED.D8.2020.T1,D8,1.0,1.0213675492847392,0.8379346132278442,0.9929394721984863,1.103333333333333,1.0774047619047618,1.3947491631438336
13810.SKF.SHED.D8.2020.T10,D8,10.0,8.341630592638179,8.128568649291992,8.385491371154785,8.454999999999998,8.730722222222225,8.06078821728551
13810.SKF.SHED.D8.2020.T11,D8,11.0,8.768954077463587,8.768004417419434,8.532964706420898,8.542916666666667,9.323701814058952,8.981729701903562
13810.SKF.SHED.D8.2020.T12,D8,12.0,9.815676374631508,9.793808937072754,9.190046310424805,9.854583333333332,10.56929478458049,10.2371123154974
13810.SKF.SHED.D8.2020.T13,D8,13.0,10.975852155225166,11.372210502624512,10.076264381408691,11.145208333333334,11.557639455782311,10.824353240516274
13810.SKF.SHED.D8.2020.T14,D8,14.0,11.51006953725245,11.976855278015137,10.95029067993164,11.496458333333335,11.55203741496598,11.473430049534345
13810.SKF.SHED.D8.2020.T15,D8,15.0,13.555103969165414,13.436297416687012,14.16346263885498,13.282708333333332,13.163515306122456,13.522801218605293
13810.SKF.SHED.D8.2020.T16,D8,16.0,15.2397895719764,15.56358528137207,15.503486633300781,15.081874999999995,15.100778344671198,14.133505775389068
13810.SKF.SHED.D8.2020.T17,D8,17.0,14.34465499402897,13.962533950805664,14.317811965942383,14.953333333333333,15.024414965986406,13.32112905737046
13810.SKF.SHED.D8.2020.T18,D8,18.0,16.97914837294111,17.196292877197266,17.16671371459961,17.116458333333334,17.27936394557823,15.133858226286288
13810.SKF.SHED.D8.2020.T19,D8,19.0,17.405852463780377,17.777843475341797,17.696147918701172,17.305416666666673,17.11268537414966,16.204763020467595
13810.SKF.SHED.D8.2020.T2,D8,2.0,2.6345197074954587,2.743323564529419,2.5122439861297607,2.3920833333333325,2.445065553494125,3.3828514191340737
13810.SKF.SHED.D8.2020.T20,D8,20.0,17.066834384558824,17.49791145324707,16.771324157714844,17.436666666666678,17.139365646258497,15.663917288838821
13810.SKF.SHED.D8.2020.T3,D8,3.0,3.168728470701232,3.1429829597473145,3.0561604499816895,3.1522916666666667,3.0883877551020413,3.6807697368297543
13810.SKF.SHED.D8.2020.T4,D8,4.0,4.184717710510973,4.083959102630615,3.8590445518493652,4.261666666666667,4.221789115646258,5.091671410791751
13810.SKF.SHED.D8.2020.T5,D8,5.0,4.849214978327466,4.764244079589844,4.573909759521484,4.619583333333335,4.862325396825398,6.2319883837966525
13810.SKF.SHED.D8.2020.T6,D8,6.0,5.928423771403304,6.1297383308410645,5.896226406097412,5.72125,5.998142857142857,5.714742420552028
13810.SKF.SHED.D8.2020.T7,D8,7.0,6.110601541680342,6.381014823913574,5.783630847930908,5.7275,6.114370748299321,6.8773377027864395
13810.SKF.SHED.D8.2020.T8,D8,8.0,6.7915603098486805,6.609993934631348,6.441350936889648,6.963125,7.100313492063491,7.405523714273409
13810.SKF.SHED.D8.2020.T9,D8,9.0,7.550316297139464,7.3032636642456055,7.4708147048950195,7.601666666666667,7.647923469387753,8.24111667900532
13810.SKH.SHED.D12.2020.T0,D12,0.0,0.1484400774984701,0.3505719304084778,0.026863498613238335,0.0,0.004285714285714286,0.3590976657976004
13810.SKH.SHED.D12.2020.T1,D12,1.0,0.927166464190256,1.0636000633239746,0.9311410188674927,1.0841666666666665,1.0564523809523807,0.0
13810.SKH.SHED.D12.2020.T10,D12,10.0,10.17466294319184,10.529648780822754,10.583044052124023,9.570208333333326,8.666763605442174,11.559510884310164
13810.SKH.SHED.D12.2020.T11,D12,11.0,11.15734517347483,11.570122718811035,11.646656036376953,10.9075,9.709923469387752,11.366558283291187
13810.SKH.SHED.D12.2020.T12,D12,12.0,12.696829810437908,12.975613594055176,13.249860763549805,11.869375000000007,12.150872448979593,12.95174673986963
13810.SKH.SHED.D12.2020.T13,D12,13.0,12.295773212156156,12.101841926574707,11.620036125183105,12.30291666666667,12.233628117913835,14.645840518675595
13810.SKH.SHED.D12.2020.T14,D12,14.0,13.616277068412437,14.15457820892334,14.497282981872559,13.478750000000009,13.377057823129253,10.432741867979061
13810.SKH.SHED.D12.2020.T15,D12,15.0,14.162306832967076,14.768885612487793,14.310202598571777,14.00708333333334,14.227984693877554,12.18476128829493
13810.SKH.SHED.D12.2020.T16,D12,16.0,14.608706628063922,14.728178024291992,14.054957389831543,14.851874999999996,14.840541950113382,14.800575808014315
13810.SKH.SHED.D12.2020.T17,D12,17.0,15.989747739929953,16.481189727783203,16.140907287597656,15.82416666666667,15.97635544217687,14.488773500357146
13810.SKH.SHED.D12.2020.T18,D12,18.0,17.09767899422229,17.5565128326416,17.550626754760742,16.99,16.990528911564624,14.964891190049306
13810.SKH.SHED.D12.2020.T19,D12,19.0,17.254851965790184,17.91301155090332,17.485916137695312,17.51916666666666,17.338717687074826,14.04828479700803
13810.SKH.SHED.D12.2020.T2,D12,2.0,1.1844765599170919,1.366303563117981,1.2220382690429688,1.1210416666666667,1.0714285714285714,0.8415330467333657
13810.SKH.SHED.D12.2020.T20,D12,20.0,17.607517469094667,17.78349494934082,17.930879592895508,18.124374999999997,17.496841836734703,15.40347810558339
13810.SKH.SHED.D12.2020.T3,D12,3.0,2.3946843341849418,2.601043224334717,2.1220459938049316,2.5095833333333335,2.2980850340136043,2.372304466645863
13810.SKH.SHED.D12.2020.T5,D12,5.0,3.508834230734747,3.663543939590454,3.1392416954040527,3.291666666666666,2.8088565759637194,5.452988052787067
13810.SKH.SHED.D12.2020.T6,D12,6.0,4.613845140568524,4.627697467803955,4.5107011795043945,4.04125,3.448783446712018,7.722930883444363
13810.SKH.SHED.D12.2020.T7,D12,7.0,6.145517502983793,6.175074577331543,6.224661827087402,5.303333333333334,5.172494897959182,9.00288771651935
13810.SKH.SHED.D12.2020.T9,D12,9.0,7.29048351269911,7.1099395751953125,7.088014602661133,7.54375,6.979632653061224,8.298030915160494
13810.SKH.SHED.D20.2021.T0.1,D20,0.0,0.02615348403528333,0.06473739445209503,0.00992906279861927,0.011875,0.0125,0.0
13810.SKH.SHED.D20.2021.T1.1,D20,1.0,2.0020699922726437,1.920896291732788,1.7857356071472168,2.3208333333333333,2.2417142857142864,1.7894339344219325
13810.SKH.SHED.D20.2021.T10.1,D20,10.0,10.927963679705096,11.08110523223877,10.897192001342773,10.501458333333332,11.073433673469387,11.18027392010698
13810.SKH.SHED.D20.2021.T11.1,D20,11.0,11.000628002409874,11.243741989135742,11.004303932189941,10.575416666666666,11.102275510204075,10.960047627577207
13810.SKH.SHED.D20.2021.T13.1,D20,13.0,13.444338553082353,13.86031436920166,13.387728691101074,12.768333333333333,14.071178571428572,12.749686171656345
13810.SKH.SHED.D20.2021.T14.1,D20,14.0,14.744127760343012,15.418235778808594,14.2769775390625,14.38708333333332,15.50341156462585,13.464842405742678
13810.SKH.SHED.D20.2021.T15.1,D20,15.0,14.658025962571898,15.041733741760254,14.50588321685791,14.570833333333331,14.512744897959182,14.27956634468799
13810.SKH.SHED.D20.2021.T16.1,D20,16.0,16.737664552266764,17.283283233642578,16.63846206665039,16.278125000000006,16.935557823129262,15.971053920420008
13810.SKH.SHED.D20.2021.T17.1,D20,17.0,15.43877688985599,15.749935150146484,15.740438461303711,15.647916666666667,15.484386054421773,13.264454879895213
13810.SKH.SHED.D20.2021.T18.1,D20,18.0,17.453128866712728,17.427711486816406,17.768320083618164,16.612916666666667,17.15488265306122,18.86919668470749
13810.SKH.SHED.D20.2021.T19.1,D20,19.0,17.63545004784189,17.84366798400879,17.575881958007812,17.413333333333334,17.630841836734696,17.610862209604278
13810.SKH.SHED.D20.2021.T2.1,D20,2.0,2.800976562689537,2.6950888633728027,2.6275033950805664,2.803333333333333,3.057251700680271,3.163196331388477
13810.SKH.SHED.D20.2021.T20.1,D20,20.0,18.347619763629652,18.819467544555664,18.26491928100586,17.817916666666665,17.983335034013603,18.744660915761138
13810.SKH.SHED.D20.2021.T3.1,D20,3.0,3.7671691855834437,3.7777252197265625,3.8317370414733887,3.318333333333334,3.665467120181405,4.624306246032502
13810.SKH.SHED.D20.2021.T4.1,D20,4.0,4.701443837198266,4.554688930511475,4.508471488952637,4.729375,4.940355442176872,5.2099096948013255
13810.SKH.SHED.D20.2021.T5.1,D20,5.0,6.015777698602801,5.668371200561523,5.688572883605957,6.3312500000000025,6.339933106575962,6.758831515464605
13810.SKH.SHED.D20.2021.T6.1,D20,6.0,7.245535120024009,7.180849552154541,7.040017127990723,7.662083333333335,7.479125850340136,6.769904281622782
13810.SKH.SHED.D20.2021.T8.1,D20,8.0,10.72690054513337,11.27167797088623,10.356979370117188,10.759791666666667,11.16975340136054,9.287309678007901
13810.SKH.SHED.D20.2021.T9.1,D20,9.0,10.720123778605638,11.218770980834961,10.861940383911133,10.10166666666667,10.759894557823127,10.046898713705643
13810.SKH.SHED.D22.2021.T0.1,D22,0.0,0.1589430554586507,0.41522249579429626,0.04598617926239967,0.05041666666666667,0.08530952380952381,0.0
13810.SKH.SHED.D22.2021.T1.1,D22,1.0,1.269094258323972,1.240720510482788,1.1839056015014648,1.0947916666666668,1.0439285714285715,2.253540857561501
13810.SKH.SHED.D22.2021.T12.1,D22,12.0,11.777962908754882,12.221502304077148,11.979472160339355,10.992291666666667,11.29226870748299,12.243455379911174
13810.SKH.SHED.D22.2021.T13.1,D22,13.0,12.494553959266478,12.93572998046875,12.804544448852539,12.01604166666667,12.292675170068025,11.655892440691794
13810.SKH.SHED.D22.2021.T15.1,D22,15.0,14.315532278399813,14.525017738342285,13.296089172363281,14.781666666666668,15.968977891156465,12.823246467995034
13810.SKH.SHED.D22.2021.T16.1,D22,16.0,15.422616895166243,15.521452903747559,15.742502212524414,14.868541666666651,15.67222278911565,15.060137192101937
13810.SKH.SHED.D22.2021.T17.1,D22,17.0,16.260310711972533,16.084651947021484,16.652963638305664,15.849166666666665,15.956754638218925,17.083276892234988
13810.SKH.SHED.D22.2021.T18.1,D22,18.0,15.819760107540413,15.814690589904785,15.793264389038086,15.63375,15.616693877551022,16.57782751676803
13810.SKH.SHED.D22.2021.T19.1,D22,19.0,16.96547544995256,17.169050216674805,17.424631118774414,16.482083333333332,17.18646258503402,15.842165508347481
13810.SKH.SHED.D22.2021.T2.1,D22,2.0,2.221854367587031,2.56321120262146,2.337038516998291,2.6125,2.307542517006803,0.0
13810.SKH.SHED.D22.2021.T8.1,D22,8.0,7.303873420655185,7.484811782836914,7.165230751037598,7.707708333333332,7.464534013605443,6.059004293372286
13810.SKH.SHED.D22.2021.T9.1,D22,9.0,8.61769754001367,8.598825454711914,8.197824478149414,8.912499999999996,9.179794217687073,8.291246514096837
13810.SKH.SHED.D25.2021.T0.1,D25,0.0,0.044750531157478686,0.14320029318332672,0.007161772809922695,0.0,0.0,0.0
13810.SKH.SHED.D25.2021.T1.1,D25,1.0,0.834265121167231,0.7586267590522766,0.9296925067901611,1.0179166666666668,1.0223809523809524,0.1731349056353153
13810.SKH.SHED.D25.2021.T10.1,D25,10.0,9.878742041503262,9.8317232131958,9.504152297973633,10.071250000000003,10.462183673469386,9.69609452030707
13810.SKH.SHED.D25.2021.T11.1,D25,11.0,10.846400101663905,10.711968421936035,10.592940330505371,11.010625,11.139051587301589,11.11591754361513
13810.SKH.SHED.D25.2021.T12.1,D25,12.0,12.692196888701737,12.51359748840332,12.701502799987793,12.611874999999992,13.112911564625847,12.734302074899158
13810.SKH.SHED.D25.2021.T13.1,D25,13.0,13.71006603423492,13.752467155456543,13.54454231262207,13.752499999999998,14.643384353741498,12.511826563812152
13810.SKH.SHED.D25.2021.T14.1,D25,14.0,13.692605483352654,13.374653816223145,13.477520942687988,13.895625,13.968567460317455,14.364189837660934
13810.SKH.SHED.D25.2021.T15.1,D25,15.0,15.750889023605215,15.709354400634766,15.77004623413086,15.635624999999996,15.987243764172343,15.703595802562207
13810.SKH.SHED.D25.2021.T16.1,D25,16.0,16.93399867419658,16.849864959716797,16.55624771118164,17.681041666666662,16.743804421768708,16.921982618874924
13810.SKH.SHED.D25.2021.T17.1,D25,17.0,17.37107477270297,17.57355499267578,17.36037254333496,16.88083333333334,17.97509693877551,16.864839315834992
13810.SKH.SHED.D25.2021.T18.1,D25,18.0,17.451211703517323,17.633588790893555,17.47626495361328,17.27729166666667,17.42829761904762,17.223658516554615
13810.SKH.SHED.D25.2021.T19.1,D25,19.0,18.86415825734976,18.925636291503906,18.717792510986328,18.666875,18.77926190476191,19.56754956437721
13810.SKH.SHED.D25.2021.T2.1,D25,2.0,1.9501011653860678,1.8376940488815308,1.8791553974151611,1.8243750000000003,2.230619047619048,2.295362442249611
13810.SKH.SHED.D25.2021.T20.1,D25,20.0,19.33415328958949,19.42082977294922,19.525346755981445,19.10812500000001,19.20491836734694,19.242049136073227
13810.SKH.SHED.D25.2021.T3.1,D25,3.0,2.477302139412429,2.509781837463379,2.4621307849884033,2.2049999999999996,2.4575714285714287,2.991991776406004
13810.SKH.SHED.D25.2021.T4.1,D25,4.0,3.219358160814116,3.08882212638855,3.0627942085266113,3.134791666666666,3.142591836734694,4.286658619223607
13810.SKH.SHED.D25.2021.T5.1,D25,5.0,4.259335015119448,4.162288665771484,4.215678691864014,4.422499999999998,4.739663265306121,3.612792526260815
13810.SKH.SHED.D25.2021.T6.1,D25,6.0,5.593777835201954,5.46378755569458,5.455648899078369,5.801875,5.804935374149659,5.596140376015383
13810.SKH.SHED.D25.2021.T7.1,D25,7.0,6.863574109189507,6.566091537475586,6.795277118682861,6.817916666666666,7.15107142857143,7.586833206570679
13810.SKH.SHED.D25.2021.T8.1,D25,8.0,7.74255379560477,7.591013431549072,7.385936737060547,7.867291666666667,8.064284013605443,8.356646465007623
13810.SKH.SHED.D25.2021.T9.1,D25,9.0,8.946913564797304,8.96242618560791,8.916622161865234,9.016041666666666,9.477304421768707,8.042261720499832
13810.SKH.SHED.D5.2020.T1,D5,1.0,1.0082628433646017,0.8504056334495544,1.0846641063690186,1.2618750000000005,1.1883095238095236,0.5135369816605202
13810.SKH.SHED.D5.2020.T10,D5,10.0,11.154694683955276,11.081308364868164,10.532275199890137,12.075833333333343,11.934300453514739,9.919216398284139
13810.SKH.SHED.D5.2020.T11,D5,11.0,12.55442899844617,12.403597831726074,12.2310209274292,12.98625000000001,12.805789682539686,12.574759646900919
13810.SKH.SHED.D5.2020.T12,D5,12.0,12.960553312355898,13.239230155944824,12.995061874389648,12.987500000000004,13.46423696145125,11.228832527573523
13810.SKH.SHED.D5.2020.T13,D5,13.0,12.853170239909659,12.833415985107422,13.176762580871582,12.724374999999993,12.709881519274376,12.575975712683803
13810.SKH.SHED.D5.2020.T14,D5,14.0,12.934469263366122,12.697251319885254,12.815189361572266,13.348750000000003,13.576039115646251,12.153406596605413
13810.SKH.SHED.D5.2020.T15,D5,15.0,14.684383411679008,14.882063865661621,14.779995918273926,14.809375000000003,15.076384353741494,13.01432619350817
13810.SKH.SHED.D5.2020.T16,D5,16.0,15.994669888850787,16.225006103515625,16.276626586914062,15.902499999999996,16.007115646258505,14.764440641288076
13810.SKH.SHED.D5.2020.T17,D5,17.0,14.706258150527473,14.859814643859863,14.6478910446167,15.006666666666662,15.378414965986394,12.78245417984047
13810.SKH.SHED.D5.2020.T18,D5,18.0,15.643203882584562,15.838563919067383,15.348541259765625,15.423750000000009,16.481299319727896,14.975544939637558
13810.SKH.SHED.D5.2020.T19,D5,19.0,17.110108693604786,17.805269241333008,17.506593704223633,16.391250000000007,16.795913265306122,15.942425053530547
13810.SKH.SHED.D5.2020.T2,D5,2.0,2.5346820977634645,2.5166940689086914,2.406294822692871,2.317916666666666,2.235154761904762,3.7924362379859176
13810.SKH.SHED.D5.2020.T20,D5,20.0,16.665086537326573,16.973203659057617,16.53514289855957,16.696458333333332,16.819828231292515,15.770738136088525
13810.SKH.SHED.D5.2020.T7,D5,7.0,8.16581610645055,7.246549129486084,7.413032531738281,8.843124999999999,8.092488095238096,11.560950203844397
13810.SKH.SHED.D5.2020.T8,D5,8.0,9.362252721266067,8.424603462219238,8.294486045837402,10.20104166666667,10.142277210884352,11.997002561749584
13810.SKH.SHED.D5.2020.T9,D5,9.0,10.492917599952019,10.202924728393555,10.065461158752441,11.431874999999998,11.446429138321996,9.12335520997544
13810.SKH.SHED.D8.2020.T0,D8,0.0,0.12203162384517323,0.0,0.0,0.0,0.01011904761904762,1.2051376670231608
13810.SKH.SHED.D8.2020.T1,D8,1.0,1.0449353487268351,0.9363395571708679,1.0139517784118652,1.0672916666666665,1.052857142857143,1.3915863221070364
13810.SKH.SHED.D8.2020.T10,D8,10.0,8.10521112147932,7.969849586486816,8.223658561706543,7.876458333333336,8.249809523809521,8.455785098685428
13810.SKH.SHED.D8.2020.T12,D8,12.0,11.522527024542702,11.420450210571289,11.296358108520508,11.635208333333333,11.536268140589568,12.148205464860874
13810.SKH.SHED.D8.2020.T14,D8,14.0,11.184546804041075,11.25702953338623,11.149835586547852,11.074166666666663,11.946422902494332,10.1318227868076
13810.SKH.SHED.D8.2020.T15,D8,15.0,15.47420063923878,15.530769348144531,15.777280807495117,15.01583333333333,15.004960317460315,16.167389186359273
13810.SKH.SHED.D8.2020.T16,D8,16.0,16.03047811752583,16.052684783935547,16.47631072998047,15.893333333333333,15.802566326530615,15.465433842037907
13810.SKH.SHED.D8.2020.T17,D8,17.0,15.896617352566501,15.66793441772461,15.073625564575195,16.586041666666667,16.81362641723356,15.885783401869531
13810.SKH.SHED.D8.2020.T18,D8,18.0,16.819900674264836,16.579439163208008,16.235275268554688,16.828749999999996,17.10416666666668,18.55875108163763
13810.SKH.SHED.D8.2020.T19,D8,19.0,16.315099707445263,16.18944549560547,15.966684341430664,16.582083333333333,17.323836734693888,15.516027965352071
13810.SKH.SHED.D8.2020.T20,D8,20.0,16.74379022237032,16.842626571655273,16.42310333251953,16.505000000000006,17.35858457019172,16.804387322150944
13810.SKH.SHED.D8.2020.T3,D8,3.0,3.468035976485006,3.086707353591919,3.2439088821411133,3.239375000000001,3.135051020408162,6.129138968109279
13810.SKH.SHED.D8.2020.T5,D8,5.0,4.671696688800128,4.48529577255249,4.5181193351745605,4.432916666666667,4.643568027210885,6.1345958582577484
13810.SKH.SHED.D8.2020.T7,D8,7.0,5.9390383869884635,5.885440826416016,5.878951072692871,5.589166666666666,5.872269841269842,7.049945613666317
13810.SKH.SHED.D8.2020.T8,D8,8.0,8.662654419695382,8.695173263549805,8.408220291137695,7.816041666666667,8.015814625850338,11.864668406351322
13810.SKH.SHED.D8.2020.T9,D8,9.0,7.7133056852812105,7.625233173370361,7.429080009460449,7.713958333333334,8.036891156462586,8.201403907689356
13810.SOH.SHED.D12.2020.T1,D12,1.0,1.019774080378851,1.0238057374954224,1.1011474132537842,1.1891666666666665,1.3116428571428569,0.027657439120165606
13810.SOH.SHED.D12.2020.T11,D12,11.0,9.808526663194552,10.089337348937988,10.213584899902344,10.3725,9.687923469387755,7.006407131294063
13810.SOH.SHED.D12.2020.T12,D12,12.0,11.809294916842633,12.093360900878906,12.754011154174805,11.430416666666666,11.358272108843535,10.029597083753965
13810.SOH.SHED.D12.2020.T13,D12,13.0,12.318697926730135,12.395536422729492,13.087300300598145,12.2625,11.658229024943308,11.269775710202545
13810.SOH.SHED.D12.2020.T14,D12,14.0,12.95963462225146,13.431245803833008,13.79670238494873,12.918125,12.688141156462589,9.94239111394987
13810.SOH.SHED.D12.2020.T15,D12,15.0,13.937105364995407,14.821208953857422,14.703417778015137,13.887708333333332,13.783049886621312,9.69889084674535
13810.SOH.SHED.D12.2020.T16,D12,16.0,14.43257322257812,14.674641609191895,14.37514591217041,14.96916666666667,14.714857142857134,12.353323570160432
13810.SOH.SHED.D12.2020.T17,D12,17.0,16.196585450909076,16.699941635131836,16.516067504882812,16.149583333333336,16.392636054421764,13.687740093188891
13810.SOH.SHED.D12.2020.T18,D12,18.0,17.82416676569592,18.138765335083008,19.078001022338867,16.93895833333333,16.91367346938775,16.88194222511478
13810.SOH.SHED.D12.2020.T19,D12,19.0,18.21038761758415,19.054317474365234,18.9608097076416,17.868333333333325,17.81997278911564,15.072273633301709
13810.SOH.SHED.D12.2020.T2,D12,2.0,1.2915165144389402,1.4010978937149048,1.2137506008148193,1.2620833333333332,1.1555,1.4200782945409731
13810.SOH.SHED.D12.2020.T20,D12,20.0,18.09668471168744,18.609107971191406,18.699691772460938,18.526458333333323,18.103591836734694,14.181989350379165
13810.SOH.SHED.D12.2020.T3,D12,3.0,2.5177851285520894,2.614877223968506,2.2160484790802,2.356458333333333,2.651438775510205,3.1030235859829007
13810.SOH.SHED.D12.2020.T4,D12,4.0,2.960238943172552,2.810210943222046,2.5414724349975586,3.0312500000000004,2.814676870748299,4.533560208443033
13810.SOH.SHED.D12.2020.T5,D12,5.0,3.9121800159313302,3.7488818168640137,3.403766632080078,3.761458333333333,3.2496394557823125,6.968362278180931
13810.SOH.SHED.D12.2020.T6,D12,6.0,4.613130071229993,4.132344722747803,3.9055705070495605,4.529791666666665,4.086465986394559,8.781057963507452
13810.SOH.SHED.D12.2020.T7,D12,7.0,5.30268275286163,5.202875137329102,5.419314384460449,5.443750000000002,5.2250510204081655,5.144839624865607
13810.SOH.SHED.D12.2020.T8,D12,8.0,6.479761345051211,6.511197566986084,6.6952362060546875,6.2079166666666685,6.505088435374151,6.352464248022573
13810.SOH.SHED.D12.2020.T9,D12,9.0,7.583879733017584,7.618064880371094,7.329755783081055,7.7356250000000015,7.238006802721093,8.331953027278288
13810.SOH.SHED.D25.2021.T1.1,D25,1.0,0.9307921416010174,0.8728843331336975,0.9637359380722046,1.2262499999999996,1.218285714285714,0.0
13810.SOH.SHED.D25.2021.T10.1,D25,10.0,10.286480742273987,9.723137855529785,9.962506294250488,10.606666666666662,10.637925170068023,11.618907032088948
13810.SOH.SHED.D25.2021.T11.1,D25,11.0,10.91229516177875,10.736824989318848,10.799975395202637,11.413541666666667,11.714273809523805,9.51404411420533
13810.SOH.SHED.D25.2021.T12.1,D25,12.0,12.125492277864275,12.280905723571777,12.198654174804688,12.426874999999995,12.806202380952376,9.85251659948714
13810.SOH.SHED.D25.2021.T13.1,D25,13.0,13.780629292434298,13.841751098632812,13.65326976776123,13.61875,14.336704081632657,13.405309086592483
13810.SOH.SHED.D25.2021.T14.1,D25,14.0,14.325198443204195,14.211929321289062,13.616625785827637,14.83333333333333,15.191482993197287,14.12074084714309
13810.SOH.SHED.D25.2021.T15.1,D25,15.0,14.884777598800367,14.873589515686035,14.77242374420166,14.864999999999998,15.393795918367346,14.475254202890419
13810.SOH.SHED.D25.2021.T15.2,D25,15.0,14.852858762193192,15.23067855834961,14.893820762634277,15.484791666666663,15.631420068027209,11.18528660492326
13810.SOH.SHED.D25.2021.T16.1,D25,16.0,15.857506527744576,15.736231803894043,15.21440315246582,16.311458333333338,15.851668367346939,16.929942766911978
13810.SOH.SHED.D25.2021.T16.2,D25,16.0,15.775182765694737,15.843713760375977,15.69304084777832,16.374791666666663,15.649418367346945,14.764373372019922
13810.SOH.SHED.D25.2021.T17.1,D25,17.0,17.54312177562716,17.53917694091797,17.443037033081055,17.421458333333334,17.781267006802725,17.691277173944286
13810.SOH.SHED.D25.2021.T18.1,D25,18.0,17.764021260488196,17.762563705444336,17.847789764404297,17.67041666666666,17.770999999999997,17.735713744204922
13810.SOH.SHED.D25.2021.T19.1,D25,19.0,18.601000653060805,18.737390518188477,18.34026527404785,18.540833333333335,18.601212018140593,18.96368709704544
13810.SOH.SHED.D25.2021.T19.2,D25,19.0,18.444349143559936,18.699398040771484,18.39341163635254,18.577083333333338,18.559989795918366,17.367616861859318
13810.SOH.SHED.D25.2021.T2.1,D25,2.0,2.350107436127499,2.3313446044921875,2.1708548069000244,2.1427083333333337,2.8426632653061232,2.5304919659225105
13810.SOH.SHED.D25.2021.T20.1,D25,20.0,18.85257759198608,18.802419662475586,18.602861404418945,18.92729166666667,18.921085034013604,19.37515253703291
13810.SOH.SHED.D25.2021.T3.1,D25,3.0,2.7741134012128947,2.6597862243652344,2.493699789047241,2.409583333333333,2.774897959183673,4.546012260972965
13810.SOH.SHED.D25.2021.T4.1,D25,4.0,3.4536856970391527,3.198887348175049,3.2392807006835938,3.4716666666666667,3.5140255102040823,4.6276215755179395
13810.SOH.SHED.D25.2021.T5.1,D25,5.0,4.995760537986805,4.450827121734619,4.5554094314575195,4.777916666666668,5.2457653061224505,7.792119143503388
13810.SOH.SHED.D25.2021.T6.1,D25,6.0,5.722096359559886,5.395070552825928,5.487135410308838,6.037291666666664,6.0721428571428575,6.135115792301372
13810.SOH.SHED.D25.2021.T7.1,D25,7.0,7.256717805026431,6.705867767333984,6.773332595825195,7.0158333333333305,7.42388605442177,10.348747510400058
13810.SOH.SHED.D25.2021.T8.1,D25,8.0,7.585066278905565,7.435091018676758,7.360180854797363,8.157916666666665,8.239777777777782,6.469437596031957
13810.SOH.SHED.D25.2021.T9.1,D25,9.0,9.32394051758254,8.69505786895752,8.830270767211914,9.791666666666664,9.539151360544224,11.186494276773404
13810.SOH.SHED.D8.2020.T1,D8,1.0,1.0657405503000532,1.0322335958480835,1.116910457611084,1.479375,1.2064523809523806,0.0
13810.SOH.SHED.D8.2020.T10,D8,10.0,8.303213067199021,7.915956497192383,8.118227005004883,8.142291666666669,8.532674036281179,9.905099280145762
13810.SOH.SHED.D8.2020.T11,D8,11.0,10.995580155885897,10.890106201171875,10.473454475402832,9.821458333333334,11.04700340136054,14.888424998128794
13810.SOH.SHED.D8.2020.T12,D8,12.0,11.434366148260272,11.434618949890137,10.932917594909668,10.970000000000004,11.783889455782315,13.091676461984653
13810.SOH.SHED.D8.2020.T13,D8,13.0,12.6053470043033,12.524928092956543,12.864516258239746,12.520416666666671,13.001668367346936,11.774059234210263
13810.SOH.SHED.D8.2020.T14,D8,14.0,14.25963259553863,14.110785484313965,14.206729888916016,13.459166666666672,13.9477947845805,16.907119269950293
13810.SOH.SHED.D8.2020.T15,D8,15.0,14.713459918904435,15.000955581665039,15.016204833984375,14.355624999999998,14.656056689342401,13.895885325074701
13810.SOH.SHED.D8.2020.T16,D8,16.0,15.494904953629177,15.721125602722168,15.781618118286133,15.235208333333334,16.142227324263036,13.64786977934872
13810.SOH.SHED.D8.2020.T17,D8,17.0,16.164124346573285,16.51250457763672,16.192276000976562,15.893541666666662,16.619447278911576,14.906785478680582
13810.SOH.SHED.D8.2020.T18,D8,18.0,16.613269964836118,17.070154190063477,17.017906188964844,16.13458333333333,17.190439342403646,14.322645925486524
13810.SOH.SHED.D8.2020.T19,D8,19.0,16.827130108991113,17.292219161987305,16.699655532836914,16.30854166666667,17.20762471655329,16.216984363693633
13810.SOH.SHED.D8.2020.T20,D8,20.0,17.30229631642412,17.805477142333984,17.667268753051758,16.864375,17.555701247165537,15.376057983861536
13810.SOH.SHED.D8.2020.T3,D8,3.0,3.8437060844022537,3.251941680908203,3.4891271591186523,3.902708333333334,3.7921411564625864,6.46478950214075
13810.SOH.SHED.D8.2020.T4,D8,4.0,4.354617870917711,3.8810369968414307,3.9858665466308594,4.642083333333332,4.752940476190478,5.524823971123292
13810.SOH.SHED.D8.2020.T5,D8,5.0,5.150938317373783,4.626878261566162,4.7154083251953125,4.9991666666666665,5.11557142857143,8.16853709986059
13810.SOH.SHED.D8.2020.T6,D8,6.0,5.987481095438308,5.663023471832275,5.827374458312988,5.7020833333333325,6.014726190476189,7.891048440722834
13810.SOH.SHED.D8.2020.T7,D8,7.0,6.449950736308091,6.0030341148376465,5.944858551025391,5.944791666666665,6.306979591836736,10.27820591991606
13810.SOH.SHED.D8.2020.T8,D8,8.0,7.401937553749938,6.851616382598877,6.7686638832092285,6.808958333333331,7.655557823129253,11.441613280319133
13810.SOH.SHED.D8.2020.T9,D8,9.0,7.806776964328869,7.758477687835693,7.571510314941406,7.097083333333335,7.604129251700681,10.263200248210412
13810.SPS.SHED.D12.2020.T0,D12,0.0,0.09295695014968239,0.2610816955566406,0.024568205699324608,0.0020833333333333333,0.025714285714285714,0.04216580534049541
13810.SPS.SHED.D25.2021.T0.1,D25,0.0,0.012058477207220024,0.0204936396330595,0.011070112697780132,0.0,0.02095238095238095,0.0
13810.SPS.SHED.D8.2020.T0,D8,0.0,0.0016071428571428571,0.0,0.0,0.00375,0.005714285714285714,0.0
13810.CH.SHED.D18.2021.T1,D18,1.0,1.6307737238266575,1.6752114295959473,1.0771491527557373,1.440625,1.4041190476190473,3.601801496160821
13810.CH.SHED.D18.2021.T10,D18,10.0,12.192521856924014,12.46240520477295,11.926558494567871,12.052291666666665,11.949357142857144,12.692987670882564
13810.CH.SHED.D18.2021.T11,D18,11.0,13.628555084867303,13.763447761535645,13.485956192016602,13.253958333333333,13.655731292517007,14.288803478582405
13810.CH.SHED.D18.2021.T12,D18,12.0,14.766112464165339,14.8499116897583,14.691938400268555,14.242916666666668,15.11931802721089,15.216733197557417
13810.CH.SHED.D18.2021.T13,D18,13.0,14.950106339703101,14.728751182556152,14.594018936157227,14.871875,15.532663265306129,15.787017611010308
13810.CH.SHED.D18.2021.T14,D18,14.0,15.512915880793798,15.526387214660645,15.561641693115234,15.180208333333333,15.677005102040813,15.769968611440074
13810.CH.SHED.D18.2021.T15,D18,15.0,16.151243385785776,16.27610969543457,16.010164260864258,15.961041666666667,16.16987414965986,16.4817995615703
13810.CH.SHED.D18.2021.T16,D18,16.0,16.964829797030525,17.075538635253906,16.832551956176758,16.467708333333334,17.220523809523804,17.57409979314928
13810.CH.SHED.D18.2021.T17,D18,17.0,17.096331631178362,16.997224807739258,16.792673110961914,17.142083333333336,17.610119047619044,17.290613873065837
13810.CH.SHED.D18.2021.T18,D18,18.0,17.699306597402195,17.61792755126953,17.48431968688965,17.76083333333333,17.809564625850335,18.19247049754705
13810.CH.SHED.D18.2021.T19,D18,19.0,18.351606378617163,18.35395622253418,18.02239418029785,18.399375000000003,18.171187074829923,19.34267905557959
13810.CH.SHED.D18.2021.T2,D18,2.0,2.8031222183585056,2.618027687072754,2.660348653793335,2.9360416666666667,2.9320583900226755,3.2560965695161155
13810.CH.SHED.D18.2021.T20,D18,20.0,18.437671754282523,18.367677688598633,18.273805618286133,18.580208333333335,17.626756802721083,19.988618560565687
13810.CH.SHED.D18.2021.T3,D18,3.0,3.9403836141940367,3.863788366317749,3.9610018730163574,3.804375,4.2759841269841266,3.887240169970042
13810.CH.SHED.D18.2021.T4,D18,4.0,5.510839121996686,5.583174705505371,4.762287139892578,5.9562500000000025,5.701429138321998,5.9885055462363015
13810.CH.SHED.D18.2021.T5,D18,5.0,6.501030007612067,6.5574846267700195,6.561028003692627,6.6975,7.056751700680274,4.955148635558633
13810.CH.SHED.D18.2021.T6,D18,6.0,7.216593691749938,7.286019802093506,7.095605850219727,7.391666666666667,7.335434240362812,6.78237819179199
13810.CH.SHED.D18.2021.T7,D18,7.0,8.19291628864526,8.15577220916748,8.004140853881836,8.387083333333337,8.37308163265306,8.117705008599293
13810.CH.SHED.D18.2021.T8,D18,8.0,9.112706914774394,9.037580490112305,9.0263090133667,9.243124999999996,8.901244897959184,9.610437797051508
13810.CH.SHED.D18.2021.T9,D18,9.0,10.36090370723729,10.46962833404541,9.637833595275879,10.742291666666667,10.249035714285716,11.247431177285062
13810.CH.SHED.D28.2021.T1.1,D28,1.0,0.9886658254065104,0.8828496336936951,1.1241683959960938,1.0854166666666667,1.1209761904761903,0.5753907439461656
13810.CH.SHED.D28.2021.T10.1,D28,10.0,11.806350175695368,11.507686614990234,11.789383888244629,12.5725,12.907052721088444,9.561403109738729
13810.CH.SHED.D28.2021.T11.1,D28,11.0,12.394384652772793,12.066288948059082,12.095841407775879,12.774583333333334,12.57461054421769,13.094293681117767
13810.CH.SHED.D28.2021.T12.1,D28,12.0,12.15630503673192,12.220104217529297,11.679661750793457,13.29833333333334,12.878681972789119,9.788893711897295
13810.CH.SHED.D28.2021.T13.1,D28,13.0,13.871741550847425,13.88672161102295,13.343572616577148,14.092916666666666,13.998239795918368,14.51512610675164
13810.CH.SHED.D28.2021.T14.1,D28,14.0,15.095328446457795,15.100066184997559,15.039772033691406,15.329166666666673,15.428772108843539,14.252164328758104
13810.CH.SHED.D28.2021.T15.1,D28,15.0,16.15063470078357,16.184764862060547,16.12651252746582,16.30520833333333,16.025124149659867,15.987668211833027
13810.CH.SHED.D28.2021.T16.1,D28,16.0,18.10758895048282,18.219703674316406,17.936004638671875,18.294375,18.731874458874458,16.890205196887607
13810.CH.SHED.D28.2021.T17.1,D28,17.0,18.259906781543567,18.11922264099121,18.116731643676758,18.526458333333327,18.65920949288806,17.907839877271392
13810.CH.SHED.D28.2021.T18.1,D28,18.0,18.559754668749544,18.446571350097656,18.808334350585938,18.516041666666673,18.56737615955474,18.353849188072175
13810.CH.SHED.D28.2021.T19.1,D28,19.0,18.476718521095478,18.72345733642578,18.306812286376953,18.592500000000005,18.788653061224487,17.461802893898355
13810.CH.SHED.D28.2021.T2.1,D28,2.0,2.3473090500683607,2.368293523788452,2.2027487754821777,2.4485416666666664,2.1402108843537415,2.753938330748862
13810.CH.SHED.D28.2021.T20.1,D28,20.0,19.544897121027503,19.514001846313477,19.13019371032715,19.33312500000001,19.42681802721088,21.275004354700414
13810.CH.SHED.D28.2021.T5.1,D28,5.0,5.843337069157055,5.744307041168213,5.899140357971191,5.776666666666666,5.79296768707483,6.209813809192366
13810.CH.SHED.D28.2021.T6.1,D28,6.0,7.19262030160357,7.4315290451049805,7.460466384887695,7.359166666666668,7.470988662131518,5.055633591970912
13810.CH.SHED.D28.2021.T7.1,D28,7.0,8.9483928616946,8.819808959960938,8.40896987915039,8.864791666666669,9.26870408163265,10.369437583404892
13810.CH.SHED.D28.2021.T8.1,D28,8.0,10.151625490710869,10.54629135131836,9.878035545349121,10.627708333333333,10.943473922902491,7.5116644387603895
13810.CH.SHED.D28.2021.T9.1,D28,9.0,10.564494366948832,10.279748916625977,10.450068473815918,11.500624999999996,11.50770068027211,8.417724714662423
13810.CPS.SHED.D18.2021.T0,D18,0.0,0.14764753182054985,0.34041234850883484,0.04421435669064522,0.07958333333333333,0.12369047619047618,0.0
13810.CPS.SHED.D28.2021.T0.1,D28,0.0,0.020779645116999746,0.059604063630104065,0.011593704111874104,0.0,0.0,0.0
13810.F.SHED.D11.2020.T0,D11,0.0,0.04015617996879986,0.12067319452762604,0.010531172156333923,0.0,0.00880952380952381,0.0
13810.F.SHED.D18.2021.T0,D18,0.0,0.16647783205108274,0.4943586587905884,0.030049985274672508,0.022083333333333333,0.04160714285714286,0.0
13810.F.SHED.D28.2021.T0.1,D28,0.0,0.0009571428571428571,0.0,0.0,0.0,0.006380952380952381,0.0
13810.F.SHED.D29.2021.T0.1,D29,0.0,0.0003214285714285714,0.0,0.0,0.0,0.002142857142857143,0.0
13810.F.SHED.D6.2020.T0,D6,0.0,0.1660323488918663,0.19780701398849487,0.03560901805758476,0.0,0.005476190476190476,0.9696656160949306
13810.SCS.SHED.D11.2020.T0,D11,0.0,0.11228597821627506,0.09540852904319763,0.02673915959894657,0.0,0.02011904761904762,0.7396077246072199
13810.SCS.SHED.D11.2020.T1,D11,1.0,1.3099694123266488,2.035886287689209,1.1096546649932861,1.0266666666666666,1.034482993197279,0.6128407745863935
13810.SCS.SHED.D11.2020.T10,D11,10.0,8.252796060844641,8.383854866027832,8.408843994140625,7.896249999999998,8.223819727891156,8.226056433174634
13810.SCS.SHED.D11.2020.T11,D11,11.0,9.152570774636558,9.111651420593262,9.029708862304688,8.794791666666663,8.678976190476192,11.008433709776478
13810.SCS.SHED.D11.2020.T12,D11,12.0,9.918681934760341,9.881058692932129,9.305036544799805,9.545416666666664,10.4719126984127,11.482349525855126
13810.SCS.SHED.D11.2020.T14,D11,14.0,11.917408134694156,12.332956314086914,11.871573448181152,10.992500000000001,12.3546154916512,11.979355546751137
13810.SCS.SHED.D11.2020.T15,D11,15.0,12.68700370292717,13.1126127243042,12.2970609664917,11.805416666666671,12.68907410843124,14.145101944149664
13810.SCS.SHED.D11.2020.T17,D11,17.0,13.675919635744236,13.844923973083496,13.378890991210938,12.848958333333337,13.04215283446712,16.51605104179719
13810.SCS.SHED.D11.2020.T18,D11,18.0,13.649050465521196,13.949687004089355,13.76204776763916,12.290624999999999,13.214781591424446,15.832901836709315
13810.SCS.SHED.D11.2020.T19,D11,19.0,15.30473758122754,15.529886245727539,15.786083221435547,13.428541666666662,14.381700113378686,18.562875518102555
13810.SCS.SHED.D11.2020.T2,D11,2.0,1.616179336706173,1.473321557044983,1.1457223892211914,1.0266666666666666,1.0348673469387755,5.271888369132307
13810.SCS.SHED.D11.2020.T3,D11,3.0,2.284510695451788,2.395643472671509,2.1407995223999023,1.4991666666666665,2.584279066171923,3.4314257979123806
13810.SCS.SHED.D11.2020.T4,D11,4.0,3.205261900807223,3.444584608078003,2.9598042964935303,2.575000000000001,2.5909183673469385,5.282976891583991
13810.SCS.SHED.D11.2020.T5,D11,5.0,3.804492847596872,3.8460357189178467,3.1676735877990723,2.945625,3.26395918367347,7.800448574207296
13810.SCS.SHED.D11.2020.T6,D11,6.0,4.338068399102001,4.831578731536865,4.07584810256958,3.496874999999999,4.257221088435376,5.3167459073324075
13810.SCS.SHED.D11.2020.T7,D11,7.0,5.2251648511598265,4.993108749389648,4.668977737426758,4.387916666666668,4.8040385487528345,9.617986763399829
13810.SCS.SHED.D11.2020.T8,D11,8.0,6.091843115682803,6.200189590454102,6.143902778625488,5.890624999999999,6.268396825396824,5.774260200806778
13810.SCS.SHED.D11.2020.T9,D11,9.0,7.170857496328601,7.218133926391602,6.88356351852417,6.616666666666665,7.165531179138323,8.863634285759957
13810.SCS.SHED.D29.2021.T18.1,D29,18.0,19.347057977400105,18.628602981567383,19.029186248779297,19.018124999999998,19.06650850340137,23.375792452248596
13810.SCS.SHED.D29.2021.T2.1,D29,2.0,3.1063771955146904,2.7621123790740967,3.0984840393066406,2.83,3.3556292517006816,4.337780842106993
13810.SCS.SHED.D29.2021.T5.1,D29,5.0,5.441341802038995,5.348953723907471,5.374632835388184,5.418750000000001,5.631452380952381,5.6452961887685085
13810.SCS.SHED.D29.2021.T8.1,D29,8.0,9.153379428109004,9.269099235534668,9.034798622131348,9.166666666666666,9.39523469387755,8.713314645007994
13810.SCS.SHED.D29.2021.T9.1,D29,9.0,11.502694730604869,11.347196578979492,11.714095115661621,10.976041666666669,11.520319727891158,12.467556854786089
13810.SCS.SHED.D6.2020.T1,D6,1.0,1.1921871099819088,1.5296143293380737,1.1319725513458252,1.0629166666666665,1.0771887755102039,0.7614802368416651
13810.SCS.SHED.D6.2020.T10,D6,10.0,10.227428907815302,10.388484954833984,10.02340316772461,9.795416666666664,9.195153061224488,12.666763369169484
13810.SCS.SHED.D6.2020.T11,D6,11.0,10.37048011275786,10.333497047424316,10.182385444641113,10.560625,9.739158163265309,11.51835912880492
13810.SCS.SHED.D6.2020.T12,D6,12.0,11.144464026410247,11.20622730255127,11.215752601623535,11.495000000000005,10.825301020408162,10.558625321777583
13810.SCS.SHED.D6.2020.T13,D6,13.0,12.391442974534709,12.479374885559082,12.773743629455566,12.087708333333335,12.067147392290247,12.265808259928876
13810.SCS.SHED.D6.2020.T14,D6,14.0,13.254277576596373,13.147281646728516,13.513677597045898,13.037291666666668,12.610414244485678,14.326532133101596
13810.SCS.SHED.D6.2020.T16,D6,16.0,14.841784449889559,14.424129486083984,15.052814483642578,15.405416666666678,14.147678004535143,15.481069491401112
13810.SCS.SHED.D6.2020.T18,D6,18.0,15.81269040607909,15.726358413696289,15.949501037597656,16.385624999999994,14.765908730158733,16.153963130469812
13810.SCS.SHED.D6.2020.T19,D6,19.0,17.203217162982074,17.823955535888672,17.73051643371582,17.512500000000003,16.098215986394564,15.061689958273337
13810.SCS.SHED.D6.2020.T2,D6,2.0,1.8817714579818812,2.4989407062530518,1.4514858722686768,1.383541666666667,1.0820221088435373,3.3020612837893264
13810.SCS.SHED.D6.2020.T20,D6,20.0,16.095458814371895,15.893882751464844,15.615026473999023,17.330625,15.297814625850341,16.627401765551358
13810.SCS.SHED.D6.2020.T3,D6,3.0,2.683614722411568,2.898057460784912,2.483552932739258,2.8943750000000006,2.5540544217687073,2.3132608772597383
13810.SCS.SHED.D6.2020.T4,D6,4.0,3.5820924788763944,3.648993730545044,3.102139949798584,3.0447916666666663,2.6708520408163254,7.022732328074526
13810.SCS.SHED.D6.2020.T5,D6,5.0,4.2075902962547405,4.736505508422852,3.7439932823181152,3.7839583333333335,3.3433401360544233,5.923476360735268
13810.SCS.SHED.D6.2020.T6,D6,6.0,5.005312055753403,4.794991493225098,4.64450740814209,4.725000000000001,4.110962585034015,8.440433679952482
13810.SCS.SHED.D6.2020.T7,D6,7.0,5.70340723333843,5.8915605545043945,5.2289581298828125,5.258958333333336,4.603561224489796,8.863736841762718
13810.SCS.SHED.D6.2020.T8,D6,8.0,7.288149632062252,7.474449634552002,7.173395156860352,6.908750000000002,6.337392857142858,9.201070239101345
13810.SCS.SHED.D6.2020.T9,D6,9.0,9.081931037625765,9.470010757446289,9.181021690368652,8.480416666666667,7.9167919501133825,10.620702619493741
13810.SKF.SHED.D11.2020.T0,D11,0.0,0.09445925345644354,0.2950759530067444,0.02374587021768093,0.0,0.0,0.0
13810.SKF.SHED.D11.2020.T1,D11,1.0,0.8035954098805774,0.6456082463264465,0.8864569664001465,1.0,0.9592857142857143,0.4440583723974978
13810.SKF.SHED.D11.2020.T10,D11,10.0,9.018190698773909,8.979989051818848,9.287491798400879,8.193750000000001,8.703826530612245,10.579970540361975
13810.SKF.SHED.D11.2020.T12,D11,12.0,11.62332036527239,11.857329368591309,11.69322681427002,10.378541666666667,11.303319727891157,13.716085586104848
13810.SKF.SHED.D11.2020.T13,D11,13.0,10.595653477358676,10.552070617675781,10.34123420715332,10.331666666666667,11.148688775510204,11.06087090607748
13810.SKF.SHED.D11.2020.T14,D11,14.0,13.968761001460065,14.802281379699707,14.50959587097168,12.373124999999993,13.772826530612246,13.601286402153985
13810.SKF.SHED.D11.2020.T15,D11,15.0,13.184455351578162,14.045557022094727,13.033723831176758,11.75083333333333,13.433269274376414,13.47200229332426
13810.SKF.SHED.D11.2020.T16,D11,16.0,14.302499095021016,15.084909439086914,13.742217063903809,13.456875,14.640760204081637,14.53982966706745
13810.SKF.SHED.D11.2020.T17,D11,17.0,15.348239424910432,15.66537094116211,15.701604843139648,14.74333333333333,15.642925736961454,14.281214045660036
13810.SKF.SHED.D11.2020.T18,D11,18.0,16.72633921564344,17.217866897583008,17.652320861816406,15.510833333333329,16.62796995464852,15.515367710504918
13810.SKF.SHED.D11.2020.T19,D11,19.0,17.420242559065578,17.840410232543945,18.158334732055664,16.460625000000004,17.091541383219955,16.726795988054857
13810.SKF.SHED.D11.2020.T2,D11,2.0,1.0455642645845589,1.0190223455429077,1.0108819007873535,1.0152083333333333,1.0046666666666666,1.3339541905818173
13810.SKF.SHED.D11.2020.T20,D11,20.0,17.553829062669692,17.89308738708496,18.035274505615234,16.93729166666667,17.50663095238095,16.636312439499182
13810.SKF.SHED.D11.2020.T3,D11,3.0,1.6215797665074523,1.7127971649169922,1.606858491897583,1.1345833333333333,1.8513809523809521,2.0140218453414906
13810.SKF.SHED.D11.2020.T4,D11,4.0,2.2271972387958767,2.1640498638153076,2.0943851470947266,2.116041666666667,2.03452380952381,3.2599908811569787
13810.SKF.SHED.D11.2020.T6,D11,6.0,3.4508905585566323,3.405794620513916,3.548624038696289,3.084166666666667,3.381401360544218,4.179526253134193
13810.SKF.SHED.D11.2020.T7,D11,7.0,4.46797927099744,4.357622146606445,4.627191543579102,4.070833333333333,4.661749999999999,4.90465574454065
13810.SKF.SHED.D11.2020.T9,D11,9.0,6.5876999034736246,6.465269088745117,6.823337554931641,5.995625,6.8976938775510215,7.08505706484526
13810.SKF.SHED.D18.2021.T0,D18,0.0,0.1933724410015912,0.5900389552116394,0.039669208228588104,0.003958333333333334,0.037678571428571436,0.0
13810.SKF.SHED.D18.2021.T10,D18,10.0,11.671993995989567,11.575413703918457,11.079950332641602,11.996458333333335,11.791843537414968,12.613141043747168
13810.SKF.SHED.D18.2021.T11,D18,11.0,12.326256537873526,12.246211051940918,11.775633811950684,12.937708333333333,13.152824829931978,11.480193781471165
13810.SKF.SHED.D18.2021.T12,D18,12.0,14.363150391888379,14.719684600830078,14.316047668457031,14.125,14.762018707482994,13.289302884026482
13810.SKF.SHED.D18.2021.T13,D18,13.0,14.634169950124464,14.639568328857422,14.30860424041748,14.827083333333334,15.251972789115657,14.119358063288544
13810.SKF.SHED.D18.2021.T14,D18,14.0,15.789949196566099,15.867203712463379,15.750415802001953,15.565208333333326,15.814852040816326,16.06914659537481
13810.SKF.SHED.D18.2021.T15,D18,15.0,16.208105804728806,16.389293670654297,16.15898895263672,16.127916666666668,16.270335034013613,15.854368769379626
13810.SKF.SHED.D18.2021.T16,D18,16.0,16.22368739283542,16.303037643432617,16.011219024658203,16.257499999999997,17.012296794475358,15.266268244697802
13810.SKF.SHED.D18.2021.T17,D18,17.0,17.79296754279234,17.952896118164062,17.88385009765625,17.57354166666667,18.01678117913832,17.18910672724973
13810.SKF.SHED.D18.2021.T18,D18,18.0,18.045353016136772,18.244104385375977,18.041879653930664,18.003958333333326,18.172750876108022,17.34947488958445
13810.SKF.SHED.D18.2021.T19,D18,19.0,18.031973423976524,17.949813842773438,17.65608787536621,18.411875000000002,18.310352040816333,18.040794961804906
13810.SKF.SHED.D18.2021.T20,D18,20.0,18.537711723580035,18.708698272705078,18.40838050842285,18.602083333333336,17.948080241187377,19.10378411818025
13810.SKF.SHED.D18.2021.T3,D18,3.0,4.119133075554993,3.728731870651245,3.878805160522461,4.361250000000001,4.268119047619048,5.183443670861468
13810.SKF.SHED.D18.2021.T4,D18,4.0,4.780609128394081,4.5054802894592285,4.198963165283203,5.285625000000003,5.187171768707484,5.440234849293886
13810.SKF.SHED.D18.2021.T5,D18,5.0,6.4607202681776394,6.335071563720703,6.515080451965332,6.213541666666666,6.826489795918371,6.6474688334900645
13810.SKF.SHED.D18.2021.T6,D18,6.0,7.943702183928764,8.109872817993164,7.900280952453613,7.657500000000002,7.991329931972786,8.054706106214928
13810.SKF.SHED.D18.2021.T7,D18,7.0,8.623241139812928,8.521428108215332,8.352800369262695,8.82708333333333,9.00694671201814,8.621539415632675
13810.SKF.SHED.D18.2021.T8,D18,8.0,9.59792400801029,9.792229652404785,9.40597152709961,9.595208333333332,9.590212585034015,9.511886760921827
13810.SKF.SHED.D18.2021.T9,D18,9.0,10.23450698827055,10.299911499023438,9.58965015411377,10.787708333333335,10.400452380952382,10.2951147622555
13810.SKF.SHED.D28.2021.T0.1,D28,0.0,0.058459241917729374,0.15431910753250122,0.016754038631916046,0.029375,0.014,0.0
13810.SKF.SHED.D28.2021.T10.1,D28,10.0,11.746741858485642,11.494758605957031,12.173211097717285,12.078750000000003,12.402467687074832,9.788913492079837
13810.SKF.SHED.D28.2021.T11.1,D28,11.0,12.007576701943032,11.859188079833984,11.786648750305176,12.580833333333334,12.654462585034011,10.888220359947745
13810.SKF.SHED.D28.2021.T12.1,D28,12.0,13.072737573415829,13.16506290435791,12.9623441696167,13.569374999999996,13.67639795918368,11.1729796582673
13810.SKF.SHED.D28.2021.T13.1,D28,13.0,14.797120490553993,14.920851707458496,14.927054405212402,14.703749999999998,14.805448979591842,14.275340300745684
13810.SKF.SHED.D28.2021.T14.1,D28,14.0,14.906646675391663,15.086604118347168,15.134284973144531,14.785416666666672,14.903751700680273,14.044481081660027
13810.SKF.SHED.D28.2021.T15.1,D28,15.0,15.232077131799764,15.07335376739502,15.235576629638672,15.831874999999998,15.479397959183677,14.128921502940392
13810.SKF.SHED.D28.2021.T16.1,D28,16.0,16.817208268298575,16.771623611450195,16.883630752563477,17.296458333333334,17.444671768707487,14.888210647498584
13810.SKF.SHED.D28.2021.T17.1,D28,17.0,17.32802890018517,17.00255012512207,17.555511474609375,17.64666666666667,17.483798752834467,16.864828477377024
13810.SKF.SHED.D28.2021.T18.1,D28,18.0,18.467674134011673,18.32451820373535,18.66507339477539,18.392500000000005,18.521729024943316,18.472909704557196
13810.SKF.SHED.D28.2021.T19.1,D28,19.0,18.6655427758387,18.838159561157227,18.542924880981445,18.45166666666669,18.56181632653061,19.037579049332408
13810.SKF.SHED.D28.2021.T2.1,D28,2.0,2.121162542316606,1.9215298891067505,2.0715293884277344,2.328333333333333,2.109994331065759,2.446554121511162
13810.SKF.SHED.D28.2021.T20.1,D28,20.0,18.955777544899206,18.87726593017578,18.732851028442383,19.16270833333333,18.880173469387756,19.44817321661048
13810.SKF.SHED.D28.2021.T4.1,D28,4.0,4.313029319508214,4.374186992645264,4.411685466766357,4.248125000000001,4.194142857142857,4.191054264516167
13810.SKF.SHED.D28.2021.T5.1,D28,5.0,6.031063615026005,5.968688011169434,5.96943998336792,5.896041666666665,5.928335034013606,6.796386273978209
13810.SKF.SHED.D28.2021.T6.1,D28,6.0,7.440114066999821,7.505034923553467,7.338495254516602,7.061666666666663,8.228517006802722,7.0736889195089
13810.SKF.SHED.D28.2021.T7.1,D28,7.0,8.851741069753851,8.886008262634277,8.530282974243164,8.540833333333332,9.750803854875288,8.825806025048173
13810.SKF.SHED.D28.2021.T8.1,D28,8.0,9.574058848845228,9.562592506408691,9.64792251586914,9.889791666666667,10.316005102040815,7.679413693158801
13810.SKF.SHED.D28.2021.T9.1,D28,9.0,11.292452764634136,11.56976318359375,10.986132621765137,11.21020833333333,11.7919574829932,10.641553649990817
13810.SKF.SHED.D29.2021.T0.1,D29,0.0,0.006237187007176024,0.003023906145244837,0.012962917797267437,0.0,0.013928571428571429,0.0
13810.SKF.SHED.D29.2021.T1.1,D29,1.0,1.1904285538210084,0.8822975158691406,1.0953705310821533,1.1706250000000002,1.5332619047619047,1.8778238057544225
13810.SKF.SHED.D29.2021.T10.1,D29,10.0,11.15973764423427,11.139841079711914,10.907257080078125,11.029791666666664,11.255462585034014,11.966933292127274
13810.SKF.SHED.D29.2021.T11.1,D29,11.0,12.462382273890364,12.4139986038208,12.607767105102539,12.035208333333335,12.218887755102044,13.463660865365163
13810.SKF.SHED.D29.2021.T12.1,D29,12.0,12.822309434273429,12.779799461364746,12.481410026550293,13.00895833333333,13.020645124716552,13.131286538522826
13810.SKF.SHED.D29.2021.T13.1,D29,13.0,14.700355257624544,14.83485221862793,14.859065055847168,14.161041666666668,14.543015873015873,15.214726137886588
13810.SKF.SHED.D29.2021.T14.1,D29,14.0,15.097911764215668,14.657559394836426,15.066717147827148,15.219583333333341,15.088493197278915,16.26774012549448
13810.SKF.SHED.D29.2021.T15.1,D29,15.0,16.791007098497182,16.952442169189453,16.700504302978516,16.566874999999996,16.972679705215416,16.70871416213407
13810.SKF.SHED.D29.2021.T16.1,D29,16.0,17.871445665935617,17.955299377441406,17.730859756469727,17.816041666666667,17.76483786848073,18.242068999803234
13810.SKF.SHED.D29.2021.T17.1,D29,17.0,18.620731754510995,18.768795013427734,18.51414680480957,18.612083333333338,18.121620748299314,19.208967703687186
13810.SKF.SHED.D29.2021.T18.1,D29,18.0,19.2225373276557,19.313552856445312,19.084962844848633,18.855208333333334,18.761414965986386,20.719768479453247
13810.SKF.SHED.D29.2021.T19.1,D29,19.0,19.440125387769246,19.561159133911133,19.32777976989746,19.173958333333342,18.96820748299319,20.598099160058936
13810.SKF.SHED.D29.2021.T2.1,D29,2.0,2.6978657211278976,2.8920676708221436,2.730731248855591,2.3527083333333327,2.957612244897959,2.333791042659966
13810.SKF.SHED.D29.2021.T20.1,D29,20.0,19.714325194308614,19.74860382080078,19.211563110351562,19.306250000000013,19.15304421768707,22.526466378274254
13810.SKF.SHED.D29.2021.T3.1,D29,3.0,3.2548058170428646,3.0700671672821045,3.1382555961608887,3.2439583333333335,3.227181972789116,4.163528052329771
13810.SKF.SHED.D29.2021.T4.1,D29,4.0,3.8675725599562396,3.8156790733337402,3.87844181060791,4.253333333333333,4.17840476190476,2.758310043517594
13810.SKF.SHED.D29.2021.T5.1,D29,5.0,5.113864586374959,5.273952007293701,5.303450107574463,5.163541666666664,5.442809523809523,3.5668669538847215
13810.SKF.SHED.D29.2021.T6.1,D29,6.0,6.221142929915437,6.379458904266357,6.418272972106934,6.499166666666667,6.807485260770972,3.8178089315981634
13810.SKF.SHED.D29.2021.T7.1,D29,7.0,7.668387130039427,7.735195636749268,7.629219055175781,7.639166666666667,7.71554761904762,7.553581990302245
13810.SKF.SHED.D29.2021.T8.1,D29,8.0,8.668829939054538,8.873324394226074,8.71965503692627,8.536041666666666,8.719833333333332,8.117355282218156
13810.SKF.SHED.D29.2021.T9.1,D29,9.0,10.334337286977663,10.369370460510254,10.382349014282227,10.110416666666671,10.244350340136055,10.692030109002864
13810.SKF.SHED.D6.2020.T1,D6,1.0,1.0321358406881607,0.8999303579330444,1.0109355449676514,1.2302083333333322,1.0837602040816325,1.0081714978742315
13810.SKF.SHED.D6.2020.T10,D6,10.0,9.524726023656934,9.318790435791016,9.53082275390625,9.496875000000003,8.509781179138324,11.705410275723171
13810.SKF.SHED.D6.2020.T11,D6,11.0,10.589320915451113,10.67130184173584,10.8687105178833,10.366458333333334,9.427967120181403,11.832659987656598
13810.SKF.SHED.D6.2020.T12,D6,12.0,12.202724862218503,12.152264595031738,13.081618309020996,11.362499999999997,11.304984693877552,13.183932023720994
13810.SKF.SHED.D6.2020.T13,D6,13.0,13.3467466978885,13.292466163635254,14.341623306274414,12.080416666666668,12.43186224489796,14.92738352161293
13810.SKF.SHED.D6.2020.T14,D6,14.0,13.346782507766733,13.50039291381836,14.129586219787598,12.906458333333335,12.67124489795918,12.822896773137812
13810.SKF.SHED.D6.2020.T15,D6,15.0,15.473168749789533,15.898445129394531,16.939334869384766,14.30958333333334,14.457888888888887,14.382014936249835
13810.SKF.SHED.D6.2020.T16,D6,16.0,15.641081356770727,15.580266952514648,16.741846084594727,15.498125000000005,14.552812925170068,14.989928110921408
13810.SKF.SHED.D6.2020.T17,D6,17.0,17.670821057025446,18.12857437133789,19.17820167541504,16.61125,16.528913832199546,16.361112519403882
13810.SKF.SHED.D6.2020.T18,D6,18.0,18.98901123593133,19.5582332611084,21.09391212463379,17.388749999999998,17.438715419501133,17.54505913515192
13810.SKF.SHED.D6.2020.T19,D6,19.0,18.33770823190737,18.71045684814453,18.729877471923828,18.35791666666666,17.698391723356,17.157597176463213
13810.SKF.SHED.D6.2020.T2,D6,2.0,1.2279120646903288,1.2756845951080322,1.154148817062378,1.393541666666667,1.0960935374149658,1.135471179467464
13810.SKF.SHED.D6.2020.T20,D6,20.0,18.23660099739829,18.549814224243164,18.69308853149414,18.099791666666665,17.185034013605435,18.00671161877658
13810.SKF.SHED.D6.2020.T3,D6,3.0,2.0383947702425607,1.9146806001663208,1.8532469272613525,2.4999999999999996,1.7351507936507937,2.404062393297072
13810.SKF.SHED.D6.2020.T4,D6,4.0,2.5021241759517987,2.3675661087036133,2.584561824798584,2.814583333333333,2.2372018140589573,2.472169483655586
13810.SKF.SHED.D6.2020.T6,D6,6.0,4.726694463537472,4.927327632904053,4.6505208015441895,4.281249999999998,3.528942176870748,7.0027464674959585
13810.SKF.SHED.D6.2020.T7,D6,7.0,5.46563603669455,5.631412029266357,5.561319351196289,4.72,4.419931405895691,7.788928792312168
13810.SKF.SHED.D6.2020.T8,D6,8.0,7.398915491795457,7.703584671020508,7.307158470153809,7.012291666666665,6.272397959183675,9.177324457399687
13810.SKF.SHED.D6.2020.T9,D6,9.0,8.779441705983599,8.91933822631836,8.588869094848633,8.289791666666668,7.629505102040816,11.540388657364781
13810.SKH.SHED.D11.2020.T0,D11,0.0,0.13221067418937907,0.0787162110209465,0.0,0.0,0.0,1.0859581088309511
13810.SKH.SHED.D11.2020.T1,D11,1.0,0.987663802368038,0.7853792905807495,0.863235354423523,1.0056250000000002,0.9963809523809525,1.8565903373078942
13810.SKH.SHED.D11.2020.T10,D11,10.0,7.959661067243729,7.840122699737549,8.152494430541992,7.438749999999996,8.550660997732427,7.991515000271032
13810.SKH.SHED.D11.2020.T11,D11,11.0,9.231384056249707,8.716029167175293,9.36919116973877,9.572291666666665,8.79478004535147,10.406021735263742
13810.SKH.SHED.D11.2020.T12,D11,12.0,10.733583316518988,10.771588325500488,10.72435188293457,10.275208333333335,11.288376417233561,10.727207188834996
13810.SKH.SHED.D11.2020.T13,D11,13.0,11.952502362812544,12.154430389404297,11.72138786315918,11.935416666666663,12.350205782312928,11.362120795211883
13810.SKH.SHED.D11.2020.T14,D11,14.0,13.359435373020208,13.96031665802002,13.787201881408691,12.590624999999994,13.634757369614519,11.61201299819854
13810.SKH.SHED.D11.2020.T15,D11,15.0,13.204638473984655,13.94675350189209,12.814395904541016,12.340208333333335,13.855316893424037,12.706742466015012
13810.SKH.SHED.D11.2020.T16,D11,16.0,13.263320346254982,13.793646812438965,12.491026878356934,12.755416666666667,14.157294217687078,13.277921169476667
13810.SKH.SHED.D11.2020.T17,D11,17.0,14.81733564547762,15.215361595153809,14.412626266479492,14.43875,15.47380442176871,14.40749937046299
13810.SKH.SHED.D11.2020.T18,D11,18.0,15.913144246089168,16.49599266052246,15.732019424438477,15.303541666666666,16.266376984126985,15.306767108704301
13810.SKH.SHED.D11.2020.T19,D11,19.0,16.630871298481317,17.040103912353516,16.418386459350586,16.323125,16.97885657596372,16.02790023543057
13810.SKH.SHED.D11.2020.T2,D11,2.0,1.1584275744176733,1.0151746273040771,0.9624413251876831,1.0164583333333335,1.0353231292517007,2.546747188751077
13810.SKH.SHED.D11.2020.T20,D11,20.0,17.223621587992266,17.468589782714844,17.20412254333496,17.014166666666664,17.41883333333333,16.663556840107404
13810.SKH.SHED.D11.2020.T3,D11,3.0,1.666936350852373,1.807006597518921,1.511056900024414,1.1160416666666666,1.8113571428571429,2.521582418286883
13810.SKH.SHED.D11.2020.T4,D11,4.0,2.2337407442567,2.1185503005981445,2.081345319747925,2.114791666666667,2.032142857142857,3.500595622355135
13810.SKH.SHED.D11.2020.T5,D11,5.0,2.9169963279524804,2.877962589263916,2.8078505992889404,2.4512499999999995,2.8077380952380957,4.4023418706535615
13810.SKH.SHED.D11.2020.T6,D11,6.0,3.516143514853995,3.5076887607574463,3.6165261268615723,3.0906250000000006,3.3562585034013606,4.381415794011638
13810.SKH.SHED.D11.2020.T7,D11,7.0,4.75869893931689,4.74087381362915,4.705667495727539,4.1102083333333335,4.673845238095237,6.3690146891530715
13810.SKH.SHED.D11.2020.T8,D11,8.0,6.099733836421027,6.111987590789795,5.966761112213135,6.128124999999998,6.037479591836736,6.4320034235529455
13810.SKH.SHED.D11.2020.T9,D11,9.0,6.810715766473107,6.778166770935059,6.975779056549072,6.024166666666669,6.949753401360547,7.860246275179063
13810.SKH.SHED.D18.2021.T0,D18,0.0,0.2839103196242026,0.8443116545677185,0.044610150158405304,0.058125,0.05226190476190475,0.0
13810.SKH.SHED.D18.2021.T1,D18,1.0,1.2681041441163485,1.2767962217330933,1.0058743953704834,1.2754166666666666,1.2147380952380953,1.9630263113475195
13810.SKH.SHED.D18.2021.T10,D18,10.0,11.662711925034175,11.517083168029785,11.602320671081543,12.11041666666667,12.015996598639454,10.825239837256028
13810.SKH.SHED.D18.2021.T11,D18,11.0,13.166924828118608,13.214203834533691,13.082819938659668,13.055416666666662,13.431758503401364,13.061115842500474
13810.SKH.SHED.D18.2021.T12,D18,12.0,14.627229834797028,14.621356964111328,14.62173080444336,14.106041666666668,14.855032312925172,15.359268641806807
13810.SKH.SHED.D18.2021.T13,D18,13.0,15.020542617468816,14.812397956848145,14.726880073547363,14.849166666666665,15.60979081632653,15.838012562452196
13810.SKH.SHED.D18.2021.T14,D18,14.0,15.674890937859008,15.731557846069336,15.823802947998047,15.198333333333332,15.734316326530617,15.996587313924364
13810.SKH.SHED.D18.2021.T15,D18,15.0,15.736565782423977,15.816413879394531,15.551624298095703,15.674583333333334,15.602804421768708,16.28398214149719
13810.SKH.SHED.D18.2021.T16,D18,16.0,16.90593957272148,17.035179138183594,16.81328582763672,16.55291666666667,17.392662131519266,16.72581721295999
13810.SKH.SHED.D18.2021.T17,D18,17.0,17.125416870302125,17.116680145263672,16.883358001708984,16.93895833333334,17.419644557823126,17.68834975955638
13810.SKH.SHED.D18.2021.T18,D18,18.0,17.767275138641896,17.77817726135254,17.738292694091797,17.626875000000005,17.71082653061224,18.172498071213475
13810.SKH.SHED.D18.2021.T19,D18,19.0,18.317646637763705,18.295438766479492,18.03677749633789,18.262083333333333,17.88980952380952,19.839325384972902
13810.SKH.SHED.D18.2021.T2,D18,2.0,2.9684471979090787,2.8519792556762695,2.7641141414642334,3.1172916666666675,3.0646087404658835,3.386752414369231
13810.SKH.SHED.D18.2021.T20,D18,20.0,18.66028746168193,18.87143898010254,18.589948654174805,18.534583333333334,17.823487528344675,19.70928808189101
13810.SKH.SHED.D18.2021.T4,D18,4.0,4.94682017030346,4.626778602600098,4.6259765625,5.206875,5.254180272108843,5.727904080821037
13810.SKH.SHED.D18.2021.T5,D18,5.0,6.5122813598863045,6.381144046783447,6.641374111175537,6.167499999999999,6.84390589569161,6.77508733703646
13810.SKH.SHED.D18.2021.T6,D18,6.0,7.659353847038994,7.5682525634765625,7.51591682434082,7.695833333333334,7.914700113378684,7.835271882373503
13810.SKH.SHED.D18.2021.T7,D18,7.0,8.89943491144307,8.767205238342285,8.541537284851074,9.054374999999999,9.523930272108842,8.944244779112903
13810.SKH.SHED.D18.2021.T8,D18,8.0,9.513104447512463,9.364571571350098,9.322876930236816,9.907499999999994,9.51184013605442,9.647377231400684
13810.SKH.SHED.D18.2021.T9,D18,9.0,10.615287196137206,10.442424774169922,9.662285804748535,11.200833333333335,10.670071428571426,12.26310931746716
13810.SKH.SHED.D28.2021.T0.1,D28,0.0,0.12542963917611527,0.02931469865143299,0.005446408409625292,0.0,0.014285714285714285,1.131307703354219
13810.SKH.SHED.D28.2021.T1.1,D28,1.0,1.1914639568872178,1.1216944456100464,1.0394320487976074,1.0725,1.0252380952380953,2.268118967190878
13810.SKH.SHED.D28.2021.T10.1,D28,10.0,12.604834635061481,12.632295608520508,12.54721736907959,13.176874999999997,13.552594671201815,10.100774095551607
13810.SKH.SHED.D28.2021.T11.1,D28,11.0,11.973217798051516,11.905856132507324,12.002097129821777,12.759583333333337,12.955863945578232,9.056404173404733
13810.SKH.SHED.D28.2021.T12.1,D28,12.0,13.320614601419129,13.376032829284668,12.627903938293457,14.022708333333329,14.01248299319728,12.444146524141079
13810.SKH.SHED.D28.2021.T13.1,D28,13.0,15.037556615292221,15.119123458862305,14.991735458374023,15.499583333333337,15.653715986394568,13.059116484141715
13810.SKH.SHED.D28.2021.T14.1,D28,14.0,15.808314424082077,15.687250137329102,15.714578628540039,16.238750000000003,16.174671768707483,14.995439604422158
13810.SKH.SHED.D28.2021.T15.1,D28,15.0,16.95117429228589,17.060176849365234,16.789962768554688,17.33166666666666,16.422045918367346,17.059903242492133
13810.SKH.SHED.D28.2021.T16.1,D28,16.0,18.35970050562638,18.6514835357666,18.306772232055664,18.28770833333333,18.65154421768707,17.322890875627564
13810.SKH.SHED.D28.2021.T17.1,D28,17.0,18.259500210433806,18.26056671142578,18.26378059387207,18.57104166666666,18.449732426303857,17.337168512591457
13810.SKH.SHED.D28.2021.T18.1,D28,18.0,18.428524052633968,18.304235458374023,18.589426040649414,18.491875000000007,18.462419501133784,18.221589797893408
13810.SKH.SHED.D28.2021.T19.1,D28,19.0,18.764815504259094,18.71786117553711,18.576650619506836,18.648125000000014,18.96996485260772,19.301747688300928
13810.SKH.SHED.D28.2021.T2.1,D28,2.0,2.3383071021966217,2.057539939880371,2.003850221633911,2.322708333333333,2.0544523809523807,4.473730410145089
13810.SKH.SHED.D28.2021.T20.1,D28,20.0,19.10242939157004,18.95128059387207,18.982118606567383,18.92020833333335,18.7299268707483,20.779848644876623
13810.SKH.SHED.D28.2021.T3.1,D28,3.0,3.589318750573668,3.6247105598449707,3.4749202728271484,3.292291666666667,3.3112687074829936,4.780268749576072
13810.SKH.SHED.D28.2021.T6.1,D28,6.0,7.824110525349248,7.623283863067627,7.935939788818359,7.743333333333334,7.51904761904762,8.766166097005607
13810.SKH.SHED.D28.2021.T7.1,D28,7.0,10.532406840114092,10.912775039672852,9.832586288452148,10.814791666666668,11.15125793650794,9.647807322896748
13810.SKH.SHED.D28.2021.T8.1,D28,8.0,10.098427747174258,10.373946189880371,10.091869354248047,10.464166666666666,10.651112244897954,7.7277638158010875
13810.SKH.SHED.D28.2021.T9.1,D28,9.0,11.704279239097,12.056082725524902,11.645682334899902,12.26395833333333,11.860698979591842,9.441373241091123
13810.SKH.SHED.D29.2021.T0.1,D29,0.0,0.056159215591847896,0.15015190839767456,0.030454572290182114,0.00125,0.021666666666666667,0.0
13810.SKH.SHED.D29.2021.T1.1,D29,1.0,1.015432577574923,0.7456468939781189,0.9368273019790649,1.1102083333333332,1.3513333333333333,1.3279001722005432
13810.SKH.SHED.D29.2021.T10.1,D29,10.0,11.75049066955616,11.795973777770996,11.854950904846191,11.887499999999998,12.033122448979594,10.654924426663754
13810.SKH.SHED.D29.2021.T11.1,D29,11.0,12.307217047288672,12.179418563842773,11.868677139282227,12.895833333333336,12.682392857142858,12.046965980771885
13810.SKH.SHED.D29.2021.T12.1,D29,12.0,13.47046393396629,13.318238258361816,13.358641624450684,13.49479166666667,13.607238095238097,13.95288002726027
13810.SKH.SHED.D29.2021.T13.1,D29,13.0,15.312920080661346,15.45997428894043,15.237083435058594,14.976249999999995,15.340353741496598,15.69353873990082
13810.SKH.SHED.D29.2021.T14.1,D29,14.0,15.675664149908922,15.608838081359863,15.581258773803711,15.980000000000002,15.62763605442177,15.575526238867715
13810.SKH.SHED.D29.2021.T15.1,D29,15.0,16.633286934095615,16.78854751586914,16.473831176757812,16.766666666666666,17.255365079365077,15.366267899073272
13810.SKH.SHED.D29.2021.T16.1,D29,16.0,18.565364110723433,18.615684509277344,18.370939254760742,18.338541666666664,18.57636904761905,19.337602537738555
13810.SKH.SHED.D29.2021.T17.1,D29,17.0,18.576440695653332,18.693883895874023,18.624601364135742,18.958125,18.530167800453516,17.40975015789165
13810.SKH.SHED.D29.2021.T18.1,D29,18.0,19.37090433745107,19.657081604003906,19.45976448059082,19.136874999999996,19.11182653061224,19.146897565103544
13810.SKH.SHED.D29.2021.T19.1,D29,19.0,19.43378976408147,19.387182235717773,19.007579803466797,19.302499999999988,19.09002040816326,21.417370812749546
13810.SKH.SHED.D29.2021.T2.1,D29,2.0,2.6581818187592674,2.745605707168579,2.562408685684204,2.1691666666666674,2.64928231292517,3.626722549155332
13810.SKH.SHED.D29.2021.T20.1,D29,20.0,19.810408330161515,19.5865478515625,19.597267150878906,19.473541666666666,19.130234693877547,22.708836495580734
13810.SKH.SHED.D29.2021.T3.1,D29,3.0,3.1362039159223984,2.9747138023376465,3.1230006217956543,3.0725,3.221687074829932,3.652865585477014
13810.SKH.SHED.D29.2021.T4.1,D29,4.0,4.098060160892511,4.201897621154785,4.160100936889648,4.28125,4.210936507936508,3.0957516413318693
13810.SKH.SHED.D29.2021.T5.1,D29,5.0,5.232565003677627,5.708685874938965,5.190645217895508,5.427083333333331,5.524867346938773,3.081511680145785
13810.SKH.SHED.D29.2021.T6.1,D29,6.0,6.22740059877221,6.164668083190918,6.426292896270752,6.791041666666667,6.756637188208618,3.997230381826201
13810.SKH.SHED.D29.2021.T7.1,D29,7.0,7.716410129512007,7.537345886230469,7.508884429931641,8.034791666666669,8.127638321995466,7.518811745273029
13810.SKH.SHED.D29.2021.T8.1,D29,8.0,9.079392910188488,9.130698204040527,8.96071720123291,8.682708333333332,8.970429705215421,10.17898026219123
13810.SKH.SHED.D29.2021.T9.1,D29,9.0,10.957542349008039,11.135418891906738,11.158798217773438,10.400833333333335,10.700731292517005,11.419407664484396
13810.SKH.SHED.D6.2020.T0,D6,0.0,0.09837727979899402,0.04380863904953003,0.010236791335046291,0.0,0.012857142857142857,0.80746918821802
13810.SKH.SHED.D6.2020.T1,D6,1.0,1.1887305592848358,0.7766697406768799,0.9776846170425415,1.0966666666666667,1.0546887755102041,3.3377183316127264
13810.SKH.SHED.D6.2020.T10,D6,10.0,9.398120223504161,9.539724349975586,9.950244903564453,9.537500000000005,8.603913265306119,8.505547028244528
13810.SKH.SHED.D6.2020.T12,D6,12.0,11.892201845151096,11.78515625,12.429443359375,11.675833333333333,11.681054421768707,11.61969300375372
13810.SKH.SHED.D6.2020.T13,D6,13.0,12.24569252946016,12.321677207946777,12.902737617492676,11.981458333333334,12.199384353741495,10.973056429750681
13810.SKH.SHED.D6.2020.T14,D6,14.0,13.077015934186882,12.888547897338867,13.22219467163086,13.100625000000004,12.830722789115644,13.601694787101579
13810.SKH.SHED.D6.2020.T15,D6,15.0,14.969668699740366,15.098052978515625,15.066911697387695,14.663333333333338,14.500360544217697,15.658041335394325
13810.SKH.SHED.D6.2020.T16,D6,16.0,15.357567551060928,15.160831451416016,15.40825080871582,15.413333333333332,15.012137188208621,16.22768168559209
13810.SKH.SHED.D6.2020.T17,D6,17.0,17.150144333483777,17.334028244018555,18.002059936523438,16.61020833333333,16.338002834467122,16.76678784310618
13810.SKH.SHED.D6.2020.T18,D6,18.0,16.8916320592734,16.90918731689453,17.453227996826172,16.803958333333323,16.582392857142867,16.07418269760407
13810.SKH.SHED.D6.2020.T19,D6,19.0,18.2621989303395,18.871477127075195,19.43964385986328,17.756666666666664,16.989380385487532,16.411044360946597
13810.SKH.SHED.D6.2020.T2,D6,2.0,1.308299747446069,1.223065733909607,1.1238856315612793,1.5739583333333338,1.1326173469387752,1.7572435067538414
13810.SKH.SHED.D6.2020.T20,D6,20.0,18.23369479394043,18.68564224243164,18.821765899658203,18.274166666666666,17.159857142857142,16.93748741534482
13810.SKH.SHED.D6.2020.T3,D6,3.0,2.1046469936433247,2.1307895183563232,2.009147882461548,2.628125,1.7229098639455778,1.7906168792920436
13810.SKH.SHED.D6.2020.T5,D6,5.0,3.642597160079614,3.7691118717193604,3.356268882751465,3.9170833333333333,3.4024557823129267,3.790113438623335
13810.SKH.SHED.D6.2020.T6,D6,6.0,4.265636829292227,3.986265182495117,4.057375431060791,4.4125,3.618860544217685,6.300843351458414
13810.SKH.SHED.D6.2020.T7,D6,7.0,5.642346996033886,5.741587162017822,5.641610145568848,5.248333333333334,4.7415181405895686,7.485739232812256
13810.SKH.SHED.D6.2020.T8,D6,8.0,7.7335490462002,7.8258891105651855,7.722733497619629,7.196458333333334,6.470044217687077,10.45300639306009
13810.SKH.SHED.D6.2020.T9,D6,9.0,8.164582037030481,8.249897956848145,8.385991096496582,8.263750000000003,7.602816326530613,7.999424268722996
13810.SOH.SHED.D11.2020.T1,D11,1.0,1.313975925210262,1.0303380489349365,1.0634093284606934,1.1091666666666669,1.0820238095238097,3.5488527365270297
13810.SOH.SHED.D11.2020.T11,D11,11.0,9.989010050396427,9.967504501342773,9.738619804382324,9.726250000000007,9.371078231292515,12.131920142041368
13810.SOH.SHED.D11.2020.T12,D11,12.0,11.096488874088479,10.979366302490234,10.626570701599121,10.67145833333333,11.495658163265306,12.873959167851673
13810.SOH.SHED.D11.2020.T13,D11,13.0,11.706272920074898,11.928678512573242,11.07991886138916,11.498541666666663,12.301899659863947,12.126963686427123
13810.SOH.SHED.D11.2020.T14,D11,14.0,12.965902925456776,13.795533180236816,12.918010711669922,11.783124999999995,13.20397448979592,12.605191199988628
13810.SOH.SHED.D11.2020.T15,D11,15.0,13.379172648022701,13.91400146484375,12.795358657836914,12.82354166666666,13.936328231292524,13.50974976083138
13810.SOH.SHED.D11.2020.T16,D11,16.0,13.886198778376928,14.33321762084961,12.777185440063477,13.39749999999999,14.26136734693878,15.732320300653601
13810.SOH.SHED.D11.2020.T17,D11,17.0,14.83828412430849,15.101587295532227,14.60057544708252,14.566666666666665,15.140558956916099,14.732468970074446
13810.SOH.SHED.D11.2020.T18,D11,18.0,16.184113686007983,16.345787048339844,15.957822799682617,15.397916666666669,16.126569160997736,17.923531641023835
13810.SOH.SHED.D11.2020.T19,D11,19.0,16.609603502037366,17.15488624572754,16.814992904663086,16.026458333333338,16.33563095238095,16.03753092629521
13810.SOH.SHED.D11.2020.T2,D11,2.0,1.1250554304322677,1.230536937713623,1.0201025009155273,1.04125,1.0348333333333333,1.3739372388929905
13810.SOH.SHED.D11.2020.T20,D11,20.0,17.279392070675296,17.260440826416016,17.609752655029297,16.93125,16.646223922902486,18.156380705577966
13810.SOH.SHED.D11.2020.T3,D11,3.0,1.7674117813340917,1.8479233980178833,1.6721978187561035,1.1941666666666668,1.9417857142857142,2.648841167635104
13810.SOH.SHED.D11.2020.T4,D11,4.0,2.2488319091721127,2.45491623878479,2.172368288040161,2.1495833333333336,2.12461224489796,2.2065646212527508
13810.SOH.SHED.D11.2020.T5,D11,5.0,3.280070892520293,3.3739001750946045,2.894226312637329,2.6999999999999993,3.0762789115646267,5.42902425097886
13810.SOH.SHED.D11.2020.T6,D11,6.0,3.8906163542245986,3.718392848968506,3.7320032119750977,3.2087500000000007,3.6296955782312925,6.558933598055784
13810.SOH.SHED.D11.2020.T7,D11,7.0,5.598674586007248,5.2696213722229,4.990478992462158,4.809166666666668,5.201013605442174,10.28183052075178
13810.SOH.SHED.D11.2020.T8,D11,8.0,6.418834723064625,6.528405666351318,6.26564884185791,6.095833333333332,6.51025680272109,6.9819562561992345
13810.SOH.SHED.D11.2020.T9,D11,9.0,7.469803124201337,7.58165168762207,7.501578330993652,7.169375,7.451775510204082,7.682717086356897
13810.SOH.SHED.D29.2021.T1.1,D29,1.0,1.0092499624426263,0.8428031206130981,0.9545177221298218,1.1799999999999997,1.492642857142857,0.5788316715481283
13810.SOH.SHED.D29.2021.T10.1,D29,10.0,11.064626712191288,10.856670379638672,10.66997241973877,11.701874999999998,11.788663265306122,10.314580035690758
13810.SOH.SHED.D29.2021.T11.1,D29,11.0,13.273888742767092,13.435641288757324,13.464255332946777,13.489166666666668,13.483490362811793,11.567756351481
13810.SOH.SHED.D29.2021.T13.1,D29,13.0,15.023849306175796,15.18001937866211,14.953201293945312,15.398333333333326,15.92557029478458,12.630409582064855
13810.SOH.SHED.D29.2021.T15.1,D29,15.0,17.632523645033714,17.43829345703125,17.13799285888672,17.38541666666667,17.94987811791383,19.469723421822486
13810.SOH.SHED.D29.2021.T16.1,D29,16.0,17.495890008422457,17.574167251586914,17.45783042907715,17.788125000000008,18.140693877551023,15.804531440444414
13810.SOH.SHED.D29.2021.T17.1,D29,17.0,18.385251989771287,18.3319091796875,17.78377914428711,19.160624999999992,18.730380952380955,17.980523069361166
13810.SOH.SHED.D29.2021.T18.1,D29,18.0,18.94357842535534,19.164464950561523,18.608264923095703,18.979166666666664,19.126988095238104,18.772911617939137
13810.SOH.SHED.D29.2021.T19.1,D29,19.0,19.072563601111494,18.525922775268555,18.33741569519043,19.124166666666664,18.94461451247166,22.63907334529241
13810.SOH.SHED.D29.2021.T2.1,D29,2.0,2.6993844307193755,2.8610641956329346,2.7108542919158936,2.5227083333333336,2.988363945578231,2.1055534054712
13810.SOH.SHED.D29.2021.T20.1,D29,20.0,19.67504338599258,19.553199768066406,19.238204956054688,19.563333333333336,19.3877196969697,21.78707595346865
13810.SOH.SHED.D29.2021.T3.1,D29,3.0,3.1337267747205706,3.1267762184143066,3.2044053077697754,3.1733333333333325,3.2948469387755104,2.6569887477084198
13810.SOH.SHED.D29.2021.T4.1,D29,4.0,3.7933353193322,4.0510663986206055,4.173028945922852,4.309999999999999,4.485054421768707,0.0
13810.SOH.SHED.D29.2021.T5.1,D29,5.0,4.941197435448473,5.1939592361450195,5.210024356842041,5.522291666666665,5.86313605442177,0.9657483389785799
13810.SOH.SHED.D29.2021.T6.1,D29,6.0,7.0140812204532565,7.116154193878174,6.840344429016113,7.382916666666672,7.566240929705213,5.576293822466593
13810.SOH.SHED.D29.2021.T7.1,D29,7.0,7.828932406524861,8.063702583312988,7.934393882751465,8.683958333333333,8.871319727891157,3.5873353499275726
13810.SOH.SHED.D29.2021.T8.1,D29,8.0,8.960249830121311,8.896187782287598,8.941367149353027,9.36020833333333,9.572174603174602,7.481838509539204
13810.SOH.SHED.D29.2021.T9.1,D29,9.0,10.500790231627873,10.596814155578613,10.748152732849121,11.081041666666668,11.243998299319726,7.318997235107142
13810.SOH.SHED.D6.2020.T1,D6,1.0,1.3039125838732872,1.5791383981704712,1.041106939315796,1.3958333333333326,1.1767125850340134,1.1422077517142828
13810.SOH.SHED.D6.2020.T10,D6,10.0,10.176423657302758,10.76089859008789,10.443081855773926,9.940208333333338,9.430328231292517,9.347927149723635
13810.SOH.SHED.D6.2020.T11,D6,11.0,11.091421328453043,11.479837417602539,11.176265716552734,10.788125000000003,10.082976190476192,11.833322454626677
13810.SOH.SHED.D6.2020.T12,D6,12.0,11.73613798060706,12.02053451538086,12.385796546936035,11.788124999999997,11.52945181405896,9.464857171499505
13810.SOH.SHED.D6.2020.T13,D6,13.0,11.900565099726954,12.13659954071045,12.219171524047852,12.259375000000002,12.154818027210887,9.296946524202221
13810.SOH.SHED.D6.2020.T14,D6,14.0,12.676019068688376,12.586637496948242,12.320754051208496,13.402916666666663,13.052197278911564,11.814263816317133
13810.SOH.SHED.D6.2020.T15,D6,15.0,14.806046365082516,14.97258186340332,15.065258026123047,14.514999999999993,14.518215986394571,14.67224901571573
13810.SOH.SHED.D6.2020.T16,D6,16.0,15.042559983618384,15.308603286743164,15.432464599609375,15.55354166666667,15.134256802721092,12.110159939515924
13810.SOH.SHED.D6.2020.T17,D6,17.0,16.585551909620243,16.918996810913086,16.852323532104492,16.527499999999982,16.09497732426303,15.770253846807412
13810.SOH.SHED.D6.2020.T18,D6,18.0,15.884293969414973,15.742515563964844,15.791048049926758,16.568541666666658,16.17760657596372,14.73427968015941
13810.SOH.SHED.D6.2020.T19,D6,19.0,17.78065923211614,17.996915817260742,18.203214645385742,17.48,16.915904195011336,17.973951963397802
13810.SOH.SHED.D6.2020.T2,D6,2.0,1.2574129961935032,1.537734866142273,1.2183806896209717,1.5591666666666677,1.1977602040816322,0.0
13810.SOH.SHED.D6.2020.T20,D6,20.0,18.393671788005054,18.93498420715332,18.36231803894043,18.20437500000001,17.444975623582764,18.649756725865366
13810.SOH.SHED.D6.2020.T3,D6,3.0,2.0556332961827946,2.4650866985321045,2.0099613666534424,2.6308333333333356,1.9163351886209028,0.0
13810.SOH.SHED.D6.2020.T4,D6,4.0,2.706945459059532,2.6421749591827393,2.8083434104919434,2.853958333333334,2.4870347351061644,2.683602417491329
13810.SOH.SHED.D6.2020.T5,D6,5.0,3.4020526916063787,3.6057119369506836,3.404330253601074,3.9249999999999994,3.364479591836736,1.7958460834539522
13810.SOH.SHED.D6.2020.T6,D6,6.0,4.267861299101698,4.241734027862549,4.169698238372803,4.828333333333332,3.9615986394557816,3.930100685646991
13810.SOH.SHED.D6.2020.T7,D6,7.0,5.307775071167156,5.588080406188965,5.199334144592285,5.2091666666666665,4.859955782312924,5.606907124821239
13810.SOH.SHED.D6.2020.T8,D6,8.0,6.3776279980819375,6.6503167152404785,6.491904258728027,6.939375000000002,6.473005668934244,4.007310684876508
13810.SOH.SHED.D6.2020.T9,D6,9.0,8.829730949319508,9.21893310546875,9.267132759094238,8.654583333333335,8.16373469387755,7.91790957157024
13810.SPS.SHED.D11.2020.T0,D11,0.0,0.11735908375361136,0.34900614619255066,0.044843245297670364,0.001875,0.007142857142857143,0.0
13810.SPS.SHED.D29.2021.T0.1,D29,0.0,0.00075,0.0,0.0,0.0,0.005,0.0
13810.SPS.SHED.D6.2020.T0,D6,0.0,0.1023605499810406,0.3132783770561218,0.02586529031395912,0.001875,0.010238095238095237,0.0
