sample_id,subject_id,actual_pmi,predicted_pmi,absolute_error_days
13810.CH.SHED.D14.2021.T1,D14,1.0,9.533874517938212,8.533874517938212
13810.CH.SHED.D14.2021.T10,D14,10.0,11.527785949682888,1.5277859496828885
13810.CH.SHED.D14.2021.T11,D14,11.0,12.714572478403088,1.7145724784030882
13810.CH.SHED.D14.2021.T12,D14,12.0,12.885644900692816,0.8856449006928155
13810.CH.SHED.D14.2021.T13,D14,13.0,13.56545518919801,0.5654551891980102
13810.CH.SHED.D14.2021.T14,D14,14.0,14.439099412930092,0.43909941293009247
13810.CH.SHED.D14.2021.T15,D14,15.0,16.71150763514044,1.711507635140439
13810.CH.SHED.D14.2021.T16,D14,16.0,16.672556392667612,0.6725563926676124
13810.CH.SHED.D14.2021.T17,D14,17.0,16.219722770888,0.7802772291119986
13810.CH.SHED.D14.2021.T18,D14,18.0,16.608383895725304,1.3916161042746964
13810.CH.SHED.D14.2021.T19,D14,19.0,17.32389768614357,1.676102313856429
13810.CH.SHED.D14.2021.T2,D14,2.0,10.068877100321181,8.068877100321181
13810.CH.SHED.D14.2021.T20,D14,20.0,17.427296041786768,2.572703958213232
13810.CH.SHED.D14.2021.T3,D14,3.0,6.79595137155129,3.79595137155129
13810.CH.SHED.D14.2021.T4,D14,4.0,9.39506619559793,5.395066195597931
13810.CH.SHED.D14.2021.T5,D14,5.0,11.395571774116034,6.395571774116034
13810.CH.SHED.D14.2021.T6,D14,6.0,11.8043240459521,5.8043240459521
13810.CH.SHED.D14.2021.T7,D14,7.0,10.883687343899176,3.883687343899176
13810.CH.SHED.D14.2021.T8,D14,8.0,11.060553948453254,3.0605539484532542
13810.CH.SHED.D16.2021.T1,D16,1.0,3.862590681759335,2.862590681759335
13810.CH.SHED.D16.2021.T10,D16,10.0,10.873571930767543,0.8735719307675431
13810.CH.SHED.D16.2021.T11,D16,11.0,10.709976533459368,0.2900234665406316
13810.CH.SHED.D16.2021.T12,D16,12.0,10.54307163355142,1.4569283664485795
13810.CH.SHED.D16.2021.T13,D16,13.0,11.745979611692633,1.2540203883073673
13810.CH.SHED.D16.2021.T14,D16,14.0,10.696790387236312,3.3032096127636876
13810.CH.SHED.D16.2021.T15,D16,15.0,11.367536436050347,3.6324635639496528
13810.CH.SHED.D16.2021.T16,D16,16.0,10.241026187176939,5.758973812823061
13810.CH.SHED.D16.2021.T17,D16,17.0,10.159728135950953,6.840271864049047
13810.CH.SHED.D16.2021.T18,D16,18.0,9.765365702694451,8.234634297305549
13810.CH.SHED.D16.2021.T19,D16,19.0,10.602845651716843,8.397154348283157
13810.CH.SHED.D16.2021.T20,D16,20.0,11.157961639609637,8.842038360390363
13810.CH.SHED.D16.2021.T3,D16,3.0,7.568084135225822,4.568084135225822
13810.CH.SHED.D16.2021.T4,D16,4.0,7.174666493905351,3.1746664939053506
13810.CH.SHED.D16.2021.T5,D16,5.0,6.900391556999042,1.9003915569990424
13810.CH.SHED.D16.2021.T6,D16,6.0,8.488726333327064,2.4887263333270635
13810.CH.SHED.D16.2021.T7,D16,7.0,9.68930511081799,2.6893051108179904
13810.CH.SHED.D16.2021.T8,D16,8.0,10.548641574129729,2.5486415741297286
13810.CH.SHED.D16.2021.T9,D16,9.0,9.639852718449363,0.6398527184493634
13810.CH.SHED.D18.2021.T1,D18,1.0,7.193378138373335,6.193378138373335
13810.CH.SHED.D18.2021.T10,D18,10.0,13.5380324847972,3.538032484797199
13810.CH.SHED.D18.2021.T11,D18,11.0,13.883089683308208,2.8830896833082083
13810.CH.SHED.D18.2021.T12,D18,12.0,13.2174884164019,1.2174884164019009
13810.CH.SHED.D18.2021.T13,D18,13.0,13.642297628070123,0.6422976280701231
13810.CH.SHED.D18.2021.T14,D18,14.0,14.065260212287349,0.0652602122873489
13810.CH.SHED.D18.2021.T15,D18,15.0,14.689893515945109,0.3101064840548915
13810.CH.SHED.D18.2021.T16,D18,16.0,14.92399439048767,1.0760056095123307
13810.CH.SHED.D18.2021.T17,D18,17.0,14.565536087833383,2.434463912166617
13810.CH.SHED.D18.2021.T18,D18,18.0,14.496008748554047,3.503991251445953
13810.CH.SHED.D18.2021.T19,D18,19.0,14.664476174914645,4.335523825085355
13810.CH.SHED.D18.2021.T2,D18,2.0,7.953405114285497,5.953405114285497
13810.CH.SHED.D18.2021.T20,D18,20.0,14.092233764410892,5.907766235589108
13810.CH.SHED.D18.2021.T3,D18,3.0,5.948159462979048,2.9481594629790484
13810.CH.SHED.D18.2021.T4,D18,4.0,10.746409139834523,6.7464091398345225
13810.CH.SHED.D18.2021.T5,D18,5.0,4.9224009816148016,0.07759901838519845
13810.CH.SHED.D18.2021.T6,D18,6.0,9.654379007257191,3.654379007257191
13810.CH.SHED.D18.2021.T7,D18,7.0,11.444346818120888,4.444346818120888
13810.CH.SHED.D18.2021.T8,D18,8.0,12.28181205656237,4.281812056562369
13810.CH.SHED.D18.2021.T9,D18,9.0,13.295581031839866,4.295581031839866
13810.CH.SHED.D20.2021.T1.1,D20,1.0,3.8553910966730993,2.8553910966730993
13810.CH.SHED.D20.2021.T10.1,D20,10.0,5.203074955435001,4.796925044564999
13810.CH.SHED.D20.2021.T11.1,D20,11.0,6.3779811362261825,4.6220188637738175
13810.CH.SHED.D20.2021.T13.1,D20,13.0,5.8485772961322535,7.1514227038677465
13810.CH.SHED.D20.2021.T14.1,D20,14.0,6.118776105044911,7.881223894955089
13810.CH.SHED.D20.2021.T15.1,D20,15.0,5.524511726824862,9.475488273175138
13810.CH.SHED.D20.2021.T16.1,D20,16.0,4.895259283700516,11.104740716299485
13810.CH.SHED.D20.2021.T17.1,D20,17.0,8.863537764975668,8.136462235024332
13810.CH.SHED.D20.2021.T18.2,D20,18.0,8.08892232369446,9.91107767630554
13810.CH.SHED.D20.2021.T19.1,D20,19.0,8.749581329090159,10.250418670909841
13810.CH.SHED.D20.2021.T2.1,D20,2.0,3.2272156379257417,1.2272156379257417
13810.CH.SHED.D20.2021.T20.1,D20,20.0,8.770671471765217,11.229328528234783
13810.CH.SHED.D20.2021.T3.1,D20,3.0,3.688720621101795,0.6887206211017949
13810.CH.SHED.D20.2021.T4.1,D20,4.0,4.955775673114225,0.9557756731142248
13810.CH.SHED.D20.2021.T5.1,D20,5.0,3.347424518644104,1.6525754813558962
13810.CH.SHED.D20.2021.T6.1,D20,6.0,4.0635447799610835,1.9364552200389165
13810.CH.SHED.D20.2021.T7.1,D20,7.0,5.160690527609555,1.839309472390445
13810.CH.SHED.D20.2021.T8.2,D20,8.0,6.372914750737753,1.6270852492622474
13810.CH.SHED.D20.2021.T9.1,D20,9.0,7.013637359918169,1.9863626400818308
13810.CH.SHED.D22.2021.T1.1,D22,1.0,5.9890122412295606,4.9890122412295606
13810.CH.SHED.D22.2021.T11.1,D22,11.0,3.912251054149409,7.087748945850591
13810.CH.SHED.D22.2021.T12.1,D22,12.0,6.251499780209014,5.748500219790986
13810.CH.SHED.D22.2021.T13.1,D22,13.0,7.304990999981485,5.695009000018515
13810.CH.SHED.D22.2021.T14.1,D22,14.0,5.24205614011921,8.75794385988079
13810.CH.SHED.D22.2021.T15.1,D22,15.0,9.340939888110523,5.659060111889477
13810.CH.SHED.D22.2021.T16.1,D22,16.0,11.875097223297093,4.124902776702907
13810.CH.SHED.D22.2021.T17.1,D22,17.0,13.048835684772037,3.951164315227963
13810.CH.SHED.D22.2021.T18.1,D22,18.0,12.997632724217784,5.002367275782216
13810.CH.SHED.D22.2021.T19.1,D22,19.0,12.56177011872585,6.43822988127415
13810.CH.SHED.D22.2021.T2.1,D22,2.0,7.824389121554431,5.824389121554431
13810.CH.SHED.D22.2021.T20.1,D22,20.0,12.697699189995365,7.302300810004635
13810.CH.SHED.D22.2021.T3.1,D22,3.0,6.442320231752729,3.4423202317527286
13810.CH.SHED.D22.2021.T6.1,D22,6.0,6.957635797272494,0.957635797272494
13810.CH.SHED.D22.2021.T7.1,D22,7.0,7.2729999305216495,0.2729999305216495
13810.CH.SHED.D22.2021.T9.1,D22,9.0,8.26900285543963,0.7309971445603693
13810.CH.SHED.D24.2021.T1.1,D24,1.0,2.2554621759540985,1.2554621759540985
13810.CH.SHED.D24.2021.T10.1,D24,10.0,7.797948531002101,2.202051468997899
13810.CH.SHED.D24.2021.T11.1,D24,11.0,7.538429487035293,3.461570512964707
13810.CH.SHED.D24.2021.T12.1,D24,12.0,7.003665281614053,4.996334718385947
13810.CH.SHED.D24.2021.T13.1,D24,13.0,10.392402217271098,2.6075977827289023
13810.CH.SHED.D24.2021.T14.1,D24,14.0,9.32388548609627,4.67611451390373
13810.CH.SHED.D24.2021.T15.1,D24,15.0,10.466829474484271,4.533170525515729
13810.CH.SHED.D24.2021.T16.1,D24,16.0,12.242225721958755,3.7577742780412446
13810.CH.SHED.D24.2021.T17.1,D24,17.0,11.821622874629679,5.1783771253703215
13810.CH.SHED.D24.2021.T18.1,D24,18.0,11.030838535148966,6.969161464851034
13810.CH.SHED.D24.2021.T19.1,D24,19.0,11.533126630139538,7.466873369860462
13810.CH.SHED.D24.2021.T2.1,D24,2.0,5.970440952519052,3.970440952519052
13810.CH.SHED.D24.2021.T20.1,D24,20.0,12.955857366935286,7.044142633064714
13810.CH.SHED.D24.2021.T3.1,D24,3.0,3.17088309017881,0.1708830901788101
13810.CH.SHED.D24.2021.T4.1,D24,4.0,4.128881948037494,0.12888194803749364
13810.CH.SHED.D24.2021.T5.1,D24,5.0,4.570603981243336,0.42939601875666433
13810.CH.SHED.D24.2021.T7.1,D24,7.0,8.980099149961655,1.9800991499616547
13810.CH.SHED.D24.2021.T8.1,D24,8.0,6.07250669868248,1.9274933013175204
13810.CH.SHED.D24.2021.T9.1,D24,9.0,8.743395809632169,0.2566041903678311
13810.CH.SHED.D26.2021.T10.1,D26,10.0,10.247105937642349,0.247105937642349
13810.CH.SHED.D26.2021.T11.1,D26,11.0,8.344635938382025,2.6553640616179752
13810.CH.SHED.D26.2021.T12.1,D26,12.0,9.257791113335198,2.742208886664802
13810.CH.SHED.D26.2021.T13.1,D26,13.0,7.691745554932227,5.308254445067773
13810.CH.SHED.D26.2021.T14.1,D26,14.0,6.885351050675398,7.114648949324602
13810.CH.SHED.D26.2021.T15.1,D26,15.0,14.181180724206149,0.8188192757938513
13810.CH.SHED.D26.2021.T16.1,D26,16.0,12.447031485615174,3.552968514384826
13810.CH.SHED.D26.2021.T17.1,D26,17.0,15.944352579591134,1.0556474204088655
13810.CH.SHED.D26.2021.T18.1,D26,18.0,5.361851006331202,12.638148993668798
13810.CH.SHED.D26.2021.T19.1,D26,19.0,13.375693156817464,5.624306843182536
13810.CH.SHED.D26.2021.T2.1,D26,2.0,4.706887255541545,2.7068872555415453
13810.CH.SHED.D26.2021.T3.1,D26,3.0,3.6739825802381363,0.6739825802381363
13810.CH.SHED.D26.2021.T4.1,D26,4.0,7.170712921925399,3.170712921925399
13810.CH.SHED.D26.2021.T5.1,D26,5.0,4.311467436787291,0.6885325632127088
13810.CH.SHED.D26.2021.T6.1,D26,6.0,8.126399645129183,2.126399645129183
13810.CH.SHED.D26.2021.T7.1,D26,7.0,8.904892893423229,1.904892893423229
13810.CH.SHED.D26.2021.T8.1,D26,8.0,6.01599439524672,1.9840056047532801
13810.CH.SHED.D26.2021.T9.1,D26,9.0,8.425495580474738,0.5745044195252618
13810.CH.SHED.D28.2021.T1.1,D28,1.0,2.9876592959592365,1.9876592959592365
13810.CH.SHED.D28.2021.T10.1,D28,10.0,9.567000386596586,0.432999613403414
13810.CH.SHED.D28.2021.T11.1,D28,11.0,12.462970500098336,1.4629705000983364
13810.CH.SHED.D28.2021.T12.1,D28,12.0,9.764425659290696,2.235574340709304
13810.CH.SHED.D28.2021.T13.1,D28,13.0,10.247878862558968,2.7521211374410317
13810.CH.SHED.D28.2021.T14.1,D28,14.0,10.745824056985919,3.254175943014081
13810.CH.SHED.D28.2021.T15.1,D28,15.0,11.36344309421788,3.63655690578212
13810.CH.SHED.D28.2021.T16.1,D28,16.0,12.580937318327123,3.4190626816728766
13810.CH.SHED.D28.2021.T17.1,D28,17.0,13.675347593113939,3.3246524068860612
13810.CH.SHED.D28.2021.T18.1,D28,18.0,11.242286569111544,6.757713430888456
13810.CH.SHED.D28.2021.T19.1,D28,19.0,14.06021858122963,4.9397814187703695
13810.CH.SHED.D28.2021.T2.1,D28,2.0,5.681541375869506,3.6815413758695064
13810.CH.SHED.D28.2021.T20.1,D28,20.0,14.02033113175359,5.97966886824641
13810.CH.SHED.D28.2021.T5.1,D28,5.0,6.648888064196937,1.648888064196937
13810.CH.SHED.D28.2021.T6.1,D28,6.0,6.497700723786689,0.4977007237866893
13810.CH.SHED.D28.2021.T7.1,D28,7.0,7.682462637766893,0.6824626377668928
13810.CH.SHED.D28.2021.T8.1,D28,8.0,9.191028189016707,1.1910281890167074
13810.CH.SHED.D28.2021.T9.1,D28,9.0,8.987720324717868,0.012279675282131919
13810.CH.SHED.D30.2021.T1.1,D30,1.0,4.607480359933793,3.607480359933793
13810.CH.SHED.D30.2021.T11.1,D30,11.0,12.736334921910426,1.7363349219104265
13810.CH.SHED.D30.2021.T12.1,D30,12.0,15.26837008034665,3.2683700803466493
13810.CH.SHED.D30.2021.T13.1,D30,13.0,13.963653316797226,0.9636533167972257
13810.CH.SHED.D30.2021.T14.1,D30,14.0,14.210027030040084,0.21002703004008438
13810.CH.SHED.D30.2021.T15.1,D30,15.0,13.902635610281216,1.0973643897187841
13810.CH.SHED.D30.2021.T16.1,D30,16.0,14.945290372656007,1.0547096273439927
13810.CH.SHED.D30.2021.T17.1,D30,17.0,14.934862428984879,2.0651375710151214
13810.CH.SHED.D30.2021.T18.1,D30,18.0,14.55333742869139,3.446662571308609
13810.CH.SHED.D30.2021.T19.1,D30,19.0,15.643200634443504,3.356799365556496
13810.CH.SHED.D30.2021.T20.1,D30,20.0,15.81148421376022,4.18851578623978
13810.CH.SHED.D30.2021.T4.1,D30,4.0,4.0424420292340715,0.04244202923407148
13810.CH.SHED.D30.2021.T7.1,D30,7.0,9.085639217940011,2.0856392179400114
13810.CH.SHED.D30.2021.T8.1,D30,8.0,10.100258266781715,2.100258266781715
13810.CH.SHED.D30.2021.T9.1,D30,9.0,11.030542735343602,2.0305427353436016
13810.CH.SHED.D5.2020.T1,D5,1.0,6.215312655742516,5.215312655742516
13810.CH.SHED.D5.2020.T10,D5,10.0,11.194045937010753,1.1940459370107526
13810.CH.SHED.D5.2020.T11,D5,11.0,12.034061012836343,1.034061012836343
13810.CH.SHED.D5.2020.T12,D5,12.0,12.123852302635568,0.12385230263556757
13810.CH.SHED.D5.2020.T13,D5,13.0,14.169809644214208,1.169809644214208
13810.CH.SHED.D5.2020.T15,D5,15.0,14.121611355624957,0.8783886443750433
13810.CH.SHED.D5.2020.T16,D5,16.0,13.645481196918402,2.354518803081598
13810.CH.SHED.D5.2020.T17,D5,17.0,14.502449285669938,2.497550714330062
13810.CH.SHED.D5.2020.T18,D5,18.0,13.61315636398749,4.386843636012509
13810.CH.SHED.D5.2020.T20,D5,20.0,13.591133831066932,6.408866168933068
13810.CH.SHED.D5.2020.T3,D5,3.0,5.246468206070714,2.2464682060707144
13810.CH.SHED.D5.2020.T5,D5,5.0,4.627504953243536,0.3724950467564643
13810.CH.SHED.D5.2020.T6,D5,6.0,8.317129929634145,2.317129929634145
13810.CH.SHED.D5.2020.T9,D5,9.0,12.26233479903058,3.2623347990305795
13810.CH.SHED.D7.2020.T1,D7,1.0,5.453256473611835,4.453256473611835
13810.CH.SHED.D7.2020.T10,D7,10.0,12.281472854871947,2.2814728548719465
13810.CH.SHED.D7.2020.T11,D7,11.0,12.999624020052188,1.9996240200521882
13810.CH.SHED.D7.2020.T12,D7,12.0,12.800303026293253,0.8003030262932533
13810.CH.SHED.D7.2020.T13,D7,13.0,12.344156130549802,0.655843869450198
13810.CH.SHED.D7.2020.T15,D7,15.0,12.727869383878744,2.272130616121256
13810.CH.SHED.D7.2020.T16,D7,16.0,12.94123923156351,3.058760768436491
13810.CH.SHED.D7.2020.T18,D7,18.0,13.815537058603976,4.184462941396024
13810.CH.SHED.D7.2020.T19,D7,19.0,13.769419837338242,5.230580162661758
13810.CH.SHED.D7.2020.T2,D7,2.0,4.508669431919755,2.5086694319197553
13810.CH.SHED.D7.2020.T20,D7,20.0,14.026974141645193,5.9730258583548075
13810.CH.SHED.D7.2020.T3,D7,3.0,8.37245102879819,5.37245102879819
13810.CH.SHED.D7.2020.T4,D7,4.0,10.692800549785133,6.692800549785133
13810.CH.SHED.D7.2020.T5,D7,5.0,10.404300516357036,5.404300516357036
13810.CH.SHED.D7.2020.T6,D7,6.0,12.046610054997892,6.046610054997892
13810.CH.SHED.D7.2020.T8,D7,8.0,12.413586651892528,4.413586651892528
13810.CH.SHED.D7.2020.T9,D7,9.0,13.513610253209329,4.513610253209329
13810.CH.SHED.D9.2020.T10,D9,10.0,4.573017459555761,5.426982540444239
13810.CH.SHED.D9.2020.T12,D9,12.0,10.175194102574906,1.8248058974250938
13810.CH.SHED.D9.2020.T13,D9,13.0,13.01487738095135,0.014877380951350716
13810.CH.SHED.D9.2020.T15,D9,15.0,7.068670815275905,7.931329184724095
13810.CH.SHED.D9.2020.T16,D9,16.0,9.063818446961555,6.936181553038445
13810.CH.SHED.D9.2020.T18,D9,18.0,5.56993594679474,12.43006405320526
13810.CH.SHED.D9.2020.T19,D9,19.0,8.247749957566832,10.752250042433168
13810.CH.SHED.D9.2020.T2,D9,2.0,7.344639047998721,5.344639047998721
13810.CH.SHED.D9.2020.T20,D9,20.0,12.711623192948403,7.288376807051597
13810.CH.SHED.D9.2020.T3,D9,3.0,4.05500238912757,1.0550023891275702
13810.CH.SHED.D9.2020.T4,D9,4.0,5.626843318093748,1.6268433180937478
13810.CH.SHED.D9.2020.T5,D9,5.0,4.5355137858968995,0.46448621410310054
13810.CH.SHED.D9.2020.T6,D9,6.0,4.301354326502095,1.6986456734979054
13810.CH.SHED.D9.2020.T8,D9,8.0,3.0047408805219855,4.995259119478014
13810.CPS.SHED.D14.2021.T0,D14,0.0,9.057132020866206,9.057132020866206
13810.CPS.SHED.D16.2021.T0,D16,0.0,7.228471488697519,7.228471488697519
13810.CPS.SHED.D18.2021.T0,D18,0.0,6.35770280258641,6.35770280258641
13810.CPS.SHED.D20.2021.T0.1,D20,0.0,7.889743172828964,7.889743172828964
13810.CPS.SHED.D22.2021.T0.1,D22,0.0,6.927425030955725,6.927425030955725
13810.CPS.SHED.D24.2021.T0.2,D24,0.0,10.107915815459679,10.107915815459679
13810.CPS.SHED.D28.2021.T0.1,D28,0.0,2.6712965051025743,2.6712965051025743
13810.CPS.SHED.D5.2020.T0,D5,0.0,5.412266975146103,5.412266975146103
13810.CPS.SHED.D5.2020.T14,D5,14.0,14.30314761193666,0.3031476119366605
13810.CPS.SHED.D5.2020.T7,D5,7.0,10.099981188571451,3.0999811885714514
13810.CPS.SHED.D7.2020.T14,D7,14.0,12.881663638866641,1.118336361133359
13810.CPS.SHED.D7.2020.T7,D7,7.0,12.89721598210884,5.89721598210884
13810.CPS.SHED.D9.2020.T0,D9,0.0,7.798831093031488,7.798831093031488
13810.CPS.SHED.D9.2020.T14,D9,14.0,6.8690128915250925,7.1309871084749075
13810.CPS.SHED.D9.2020.T7,D9,7.0,3.7084222575117045,3.2915777424882955
13810.F.SHED.D10.2020.T0,D10,0.0,0.23678544243953448,0.23678544243953448
13810.F.SHED.D11.2020.T0,D11,0.0,2.254234592619645,2.254234592619645
13810.F.SHED.D12.2020.T0,D12,0.0,4.221378772562434,4.221378772562434
13810.F.SHED.D13.2021.T0,D13,0.0,5.417905800555666,5.417905800555666
13810.F.SHED.D14.2021.T0,D14,0.0,1.2657871541260952,1.2657871541260952
13810.F.SHED.D15.2021.T0,D15,0.0,1.1743278075487584,1.1743278075487584
13810.F.SHED.D17.2021.T0,D17,0.0,0.8184588036737832,0.8184588036737832
13810.F.SHED.D18.2021.T0,D18,0.0,2.765626800551215,2.765626800551215
13810.F.SHED.D19.2021.T0.1,D19,0.0,0.6319704766263199,0.6319704766263199
13810.F.SHED.D20.2021.T0.1,D20,0.0,0.4295176158561356,0.4295176158561356
13810.F.SHED.D21.2021.T0.1,D21,0.0,0.5551491902911339,0.5551491902911339
13810.F.SHED.D22.2021.T0.1,D22,0.0,0.9121775820890902,0.9121775820890902
13810.F.SHED.D23.2021.T0.1,D23,0.0,0.9162678465172518,0.9162678465172518
13810.F.SHED.D24.2021.T0.1,D24,0.0,1.9305457444314382,1.9305457444314382
13810.F.SHED.D25.2021.T0.1,D25,0.0,3.236510300831931,3.236510300831931
13810.F.SHED.D26.2021.T0.1,D26,0.0,3.88850635735352,3.88850635735352
13810.F.SHED.D27.2021.T0.1,D27,0.0,0.8951381472633135,0.8951381472633135
13810.F.SHED.D28.2021.T0.1,D28,0.0,4.278628839934696,4.278628839934696
13810.F.SHED.D29.2021.T0.1,D29,0.0,0.6822877972853554,0.6822877972853554
13810.F.SHED.D30.2021.T0.1,D30,0.0,0.4363930510738131,0.4363930510738131
13810.F.SHED.D4.2020.T0,D4,0.0,5.713828928086243,5.713828928086243
13810.F.SHED.D5.2020.T0,D5,0.0,1.0297440250040975,1.0297440250040975
13810.F.SHED.D6.2020.T0,D6,0.0,1.3864138234896706,1.3864138234896706
13810.F.SHED.D7.2020.T0,D7,0.0,4.024367874724927,4.024367874724927
13810.F.SHED.D8.2020.T0,D8,0.0,0.7256210734188719,0.7256210734188719
13810.F.SHED.D9.2020.T0,D9,0.0,4.24919610941469,4.24919610941469
13810.SCS.SHED.D10.2020.T0,D10,0.0,10.65275170714906,10.65275170714906
13810.SCS.SHED.D10.2020.T10,D10,10.0,8.578544042421193,1.4214559575788073
13810.SCS.SHED.D10.2020.T11,D10,11.0,8.819366516875267,2.1806334831247334
13810.SCS.SHED.D10.2020.T12,D10,12.0,9.241113944465587,2.758886055534413
13810.SCS.SHED.D10.2020.T14,D10,14.0,8.113989720214896,5.886010279785104
13810.SCS.SHED.D10.2020.T15,D10,15.0,10.521706302257535,4.478293697742465
13810.SCS.SHED.D10.2020.T16,D10,16.0,10.829128587246439,5.170871412753561
13810.SCS.SHED.D10.2020.T17,D10,17.0,10.08163402630457,6.91836597369543
13810.SCS.SHED.D10.2020.T18,D10,18.0,12.504262558871183,5.495737441128817
13810.SCS.SHED.D10.2020.T19,D10,19.0,11.571976709902565,7.4280232900974354
13810.SCS.SHED.D10.2020.T2,D10,2.0,4.948461478338528,2.948461478338528
13810.SCS.SHED.D10.2020.T20,D10,20.0,13.136774048837278,6.863225951162722
13810.SCS.SHED.D10.2020.T3,D10,3.0,7.381858548713043,4.381858548713043
13810.SCS.SHED.D10.2020.T4,D10,4.0,8.265011508810144,4.265011508810144
13810.SCS.SHED.D10.2020.T5,D10,5.0,6.359849862937326,1.3598498629373257
13810.SCS.SHED.D10.2020.T6,D10,6.0,6.783851890711197,0.7838518907111967
13810.SCS.SHED.D10.2020.T7,D10,7.0,8.614056466769812,1.6140564667698118
13810.SCS.SHED.D10.2020.T8,D10,8.0,7.815716753858692,0.18428324614130798
13810.SCS.SHED.D10.2020.T9,D10,9.0,9.960963687879486,0.9609636878794863
13810.SCS.SHED.D11.2020.T0,D11,0.0,8.855171846202609,8.855171846202609
13810.SCS.SHED.D11.2020.T1,D11,1.0,9.03865069287452,8.03865069287452
13810.SCS.SHED.D11.2020.T10,D11,10.0,12.123183224869877,2.1231832248698765
13810.SCS.SHED.D11.2020.T11,D11,11.0,10.26177979599544,0.7382202040045591
13810.SCS.SHED.D11.2020.T12,D11,12.0,10.841579458438716,1.1584205415612843
13810.SCS.SHED.D11.2020.T14,D11,14.0,12.465958742242574,1.5340412577574263
13810.SCS.SHED.D11.2020.T15,D11,15.0,13.845454568404332,1.1545454315956682
13810.SCS.SHED.D11.2020.T17,D11,17.0,14.132087184288613,2.867912815711387
13810.SCS.SHED.D11.2020.T18,D11,18.0,10.64058892300071,7.35941107699929
13810.SCS.SHED.D11.2020.T19,D11,19.0,13.11259828779585,5.88740171220415
13810.SCS.SHED.D11.2020.T2,D11,2.0,9.927007656942212,7.927007656942212
13810.SCS.SHED.D11.2020.T3,D11,3.0,9.976121402173248,6.9761214021732485
13810.SCS.SHED.D11.2020.T4,D11,4.0,10.929083346738512,6.929083346738512
13810.SCS.SHED.D11.2020.T5,D11,5.0,9.579295849008274,4.579295849008274
13810.SCS.SHED.D11.2020.T6,D11,6.0,10.770981773825216,4.770981773825216
13810.SCS.SHED.D11.2020.T7,D11,7.0,12.487357738858883,5.487357738858883
13810.SCS.SHED.D11.2020.T8,D11,8.0,10.602121729716053,2.6021217297160533
13810.SCS.SHED.D11.2020.T9,D11,9.0,10.37314465934486,1.3731446593448595
13810.SCS.SHED.D12.2020.T1,D12,1.0,7.66515277252794,6.66515277252794
13810.SCS.SHED.D12.2020.T10,D12,10.0,9.503488440288375,0.49651155971162453
13810.SCS.SHED.D12.2020.T11,D12,11.0,10.852504830449284,0.14749516955071584
13810.SCS.SHED.D12.2020.T13,D12,13.0,10.622446810422316,2.377553189577684
13810.SCS.SHED.D12.2020.T14,D12,14.0,12.265432232771392,1.734567767228608
13810.SCS.SHED.D12.2020.T15,D12,15.0,10.816053461457969,4.183946538542031
13810.SCS.SHED.D12.2020.T16,D12,16.0,9.60473941927603,6.395260580723971
13810.SCS.SHED.D12.2020.T17,D12,17.0,10.818977356306666,6.181022643693334
13810.SCS.SHED.D12.2020.T18,D12,18.0,11.611432050687503,6.388567949312497
13810.SCS.SHED.D12.2020.T20,D12,20.0,11.788288236684126,8.211711763315874
13810.SCS.SHED.D12.2020.T3,D12,3.0,8.230873943551344,5.2308739435513445
13810.SCS.SHED.D12.2020.T4,D12,4.0,8.935881874685048,4.935881874685048
13810.SCS.SHED.D12.2020.T5,D12,5.0,10.657567374779376,5.657567374779376
13810.SCS.SHED.D12.2020.T6,D12,6.0,10.692536334058605,4.692536334058605
13810.SCS.SHED.D12.2020.T7,D12,7.0,10.772436939921516,3.7724369399215156
13810.SCS.SHED.D12.2020.T9,D12,9.0,9.395899895830194,0.395899895830194
13810.SCS.SHED.D13.2021.T0,D13,0.0,10.087538331872445,10.087538331872445
13810.SCS.SHED.D13.2021.T1,D13,1.0,5.849112294100365,4.849112294100365
13810.SCS.SHED.D13.2021.T10,D13,10.0,8.787535721900474,1.2124642780995263
13810.SCS.SHED.D13.2021.T12,D13,12.0,7.813390916028831,4.186609083971169
13810.SCS.SHED.D13.2021.T13,D13,13.0,6.81468558287128,6.18531441712872
13810.SCS.SHED.D13.2021.T15,D13,15.0,6.488764849227367,8.511235150772633
13810.SCS.SHED.D13.2021.T16,D13,16.0,4.792981789292984,11.207018210707016
13810.SCS.SHED.D13.2021.T18,D13,18.0,6.199365559501853,11.800634440498147
13810.SCS.SHED.D13.2021.T19,D13,19.0,7.880950865014413,11.119049134985588
13810.SCS.SHED.D13.2021.T3,D13,3.0,7.820886283250168,4.820886283250168
13810.SCS.SHED.D13.2021.T4,D13,4.0,7.209775812692274,3.209775812692274
13810.SCS.SHED.D13.2021.T5,D13,5.0,6.773136480080535,1.7731364800805354
13810.SCS.SHED.D13.2021.T6,D13,6.0,11.0617846084213,5.0617846084213
13810.SCS.SHED.D13.2021.T8,D13,8.0,6.511491495515134,1.4885085044848658
13810.SCS.SHED.D13.2021.T9,D13,9.0,7.051811634205966,1.9481883657940342
13810.SCS.SHED.D15.2021.T0,D15,0.0,8.728724229665742,8.728724229665742
13810.SCS.SHED.D15.2021.T1,D15,1.0,8.822512418536704,7.822512418536704
13810.SCS.SHED.D15.2021.T10,D15,10.0,8.529690529583641,1.4703094704163586
13810.SCS.SHED.D15.2021.T11,D15,11.0,10.017358062529247,0.9826419374707527
13810.SCS.SHED.D15.2021.T12,D15,12.0,7.962345697553804,4.037654302446196
13810.SCS.SHED.D15.2021.T13,D15,13.0,10.421892223185989,2.5781077768140115
13810.SCS.SHED.D15.2021.T14,D15,14.0,8.45278809461061,5.547211905389389
13810.SCS.SHED.D15.2021.T15,D15,15.0,12.547984112357941,2.452015887642059
13810.SCS.SHED.D15.2021.T17,D15,17.0,12.655677585200113,4.344322414799887
13810.SCS.SHED.D15.2021.T18,D15,18.0,8.103448998217702,9.896551001782298
13810.SCS.SHED.D15.2021.T19,D15,19.0,12.820757339712081,6.179242660287919
13810.SCS.SHED.D15.2021.T2,D15,2.0,7.496591868321262,5.496591868321262
13810.SCS.SHED.D15.2021.T20,D15,20.0,7.521605908789801,12.478394091210198
13810.SCS.SHED.D15.2021.T3,D15,3.0,9.328186887979642,6.328186887979642
13810.SCS.SHED.D15.2021.T4,D15,4.0,7.708087699997009,3.7080876999970087
13810.SCS.SHED.D15.2021.T5,D15,5.0,7.976220081583073,2.9762200815830733
13810.SCS.SHED.D15.2021.T6,D15,6.0,8.242520005819086,2.2425200058190864
13810.SCS.SHED.D15.2021.T7,D15,7.0,8.109892766363672,1.1098927663636715
13810.SCS.SHED.D15.2021.T8,D15,8.0,8.190082124858876,0.19008212485887555
13810.SCS.SHED.D15.2021.T9,D15,9.0,9.887780626189482,0.8877806261894818
13810.SCS.SHED.D17.2021.T0,D17,0.0,10.025985009239918,10.025985009239918
13810.SCS.SHED.D17.2021.T1,D17,1.0,8.578931959205265,7.578931959205265
13810.SCS.SHED.D17.2021.T10,D17,10.0,6.269429861116572,3.7305701388834276
13810.SCS.SHED.D17.2021.T11,D17,11.0,10.893061342097166,0.10693865790283397
13810.SCS.SHED.D17.2021.T12,D17,12.0,11.11234947133783,0.8876505286621708
13810.SCS.SHED.D17.2021.T13,D17,13.0,11.696046763930173,1.3039532360698267
13810.SCS.SHED.D17.2021.T14,D17,14.0,6.106254258910081,7.893745741089919
13810.SCS.SHED.D17.2021.T15,D17,15.0,9.779583419868377,5.220416580131623
13810.SCS.SHED.D17.2021.T16,D17,16.0,6.213856146947647,9.786143853052353
13810.SCS.SHED.D17.2021.T17,D17,17.0,12.454675171517042,4.545324828482958
13810.SCS.SHED.D17.2021.T18,D17,18.0,10.377223417541556,7.622776582458444
13810.SCS.SHED.D17.2021.T19,D17,19.0,9.78034931051209,9.21965068948791
13810.SCS.SHED.D17.2021.T2,D17,2.0,7.7735986005879845,5.7735986005879845
13810.SCS.SHED.D17.2021.T20,D17,20.0,9.946115941778565,10.053884058221435
13810.SCS.SHED.D17.2021.T3,D17,3.0,8.035533467777313,5.035533467777313
13810.SCS.SHED.D17.2021.T4,D17,4.0,9.330124949662315,5.330124949662315
13810.SCS.SHED.D17.2021.T5,D17,5.0,9.087201792245791,4.087201792245791
13810.SCS.SHED.D17.2021.T6,D17,6.0,8.550676653738764,2.5506766537387637
13810.SCS.SHED.D17.2021.T7,D17,7.0,10.444144294223783,3.4441442942237828
13810.SCS.SHED.D17.2021.T8,D17,8.0,8.698097097759058,0.6980970977590584
13810.SCS.SHED.D17.2021.T9,D17,9.0,5.189495374495078,3.8105046255049224
13810.SCS.SHED.D19.2021.T10.1,D19,10.0,5.201386640276409,4.798613359723591
13810.SCS.SHED.D19.2021.T16.1,D19,16.0,16.49795316651924,0.49795316651923827
13810.SCS.SHED.D19.2021.T20.1,D19,20.0,8.391180950521345,11.608819049478655
13810.SCS.SHED.D19.2021.T5.1,D19,5.0,4.932427178696164,0.0675728213038358
13810.SCS.SHED.D21.2021.T0.1,D21,0.0,9.566155974000477,9.566155974000477
13810.SCS.SHED.D21.2021.T1.1,D21,1.0,9.582468608515523,8.582468608515523
13810.SCS.SHED.D21.2021.T10.1,D21,10.0,8.729851439543875,1.270148560456125
13810.SCS.SHED.D21.2021.T11.1,D21,11.0,11.192621071929793,0.19262107192979272
13810.SCS.SHED.D21.2021.T15.1,D21,15.0,6.5319187135426295,8.46808128645737
13810.SCS.SHED.D21.2021.T16.1,D21,16.0,10.757694622332751,5.242305377667249
13810.SCS.SHED.D21.2021.T19.1,D21,19.0,10.757251593213498,8.242748406786502
13810.SCS.SHED.D21.2021.T3.1,D21,3.0,8.36386787074709,5.3638678707470895
13810.SCS.SHED.D21.2021.T5.1,D21,5.0,9.850825391400631,4.850825391400631
13810.SCS.SHED.D21.2021.T6.1,D21,6.0,5.479905304377236,0.5200946956227641
13810.SCS.SHED.D21.2021.T7.1,D21,7.0,9.084915840325642,2.0849158403256425
13810.SCS.SHED.D21.2021.T8.1,D21,8.0,9.49693515509078,1.49693515509078
13810.SCS.SHED.D23.2021.T11.1,D23,11.0,8.03169647216595,2.968303527834051
13810.SCS.SHED.D23.2021.T12.1,D23,12.0,8.990687720104836,3.0093122798951644
13810.SCS.SHED.D23.2021.T6.1,D23,6.0,8.306238844476571,2.306238844476571
13810.SCS.SHED.D23.2021.T7.1,D23,7.0,9.933783415878287,2.9337834158782865
13810.SCS.SHED.D25.2021.T1.1,D25,1.0,6.680671506992724,5.680671506992724
13810.SCS.SHED.D25.2021.T12.1,D25,12.0,5.705707062689656,6.294292937310344
13810.SCS.SHED.D25.2021.T13.1,D25,13.0,5.642351970770392,7.357648029229608
13810.SCS.SHED.D25.2021.T14.1,D25,14.0,9.152977667019089,4.847022332980911
13810.SCS.SHED.D25.2021.T16.1,D25,16.0,6.468012424443625,9.531987575556375
13810.SCS.SHED.D25.2021.T19.1,D25,19.0,6.044537095611766,12.955462904388234
13810.SCS.SHED.D25.2021.T3.1,D25,3.0,5.766494872754498,2.766494872754498
13810.SCS.SHED.D25.2021.T4.1,D25,4.0,5.986440645713421,1.9864406457134214
13810.SCS.SHED.D25.2021.T7.1,D25,7.0,5.5012385782041795,1.4987614217958205
13810.SCS.SHED.D25.2021.T8.1,D25,8.0,6.816767359167178,1.1832326408328218
13810.SCS.SHED.D25.2021.T9.1,D25,9.0,6.005675771769033,2.994324228230967
13810.SCS.SHED.D27.2021.T1.1,D27,1.0,7.731129689692395,6.731129689692395
13810.SCS.SHED.D27.2021.T10.1,D27,10.0,8.04238610494515,1.95761389505485
13810.SCS.SHED.D27.2021.T13.1,D27,13.0,5.6128324739368365,7.3871675260631635
13810.SCS.SHED.D27.2021.T15.1,D27,15.0,7.748430268236147,7.251569731763853
13810.SCS.SHED.D27.2021.T16.1,D27,16.0,8.39705453174944,7.60294546825056
13810.SCS.SHED.D27.2021.T17.1,D27,17.0,9.849646205241523,7.150353794758477
13810.SCS.SHED.D27.2021.T4.1,D27,4.0,7.680496339852562,3.680496339852562
13810.SCS.SHED.D27.2021.T5.1,D27,5.0,8.677720850060158,3.677720850060158
13810.SCS.SHED.D29.2021.T18.1,D29,18.0,8.67401310748032,9.32598689251968
13810.SCS.SHED.D29.2021.T2.1,D29,2.0,10.306422728546526,8.306422728546526
13810.SCS.SHED.D29.2021.T5.1,D29,5.0,9.445691179142889,4.445691179142889
13810.SCS.SHED.D29.2021.T8.1,D29,8.0,8.873205258500944,0.8732052585009438
13810.SCS.SHED.D29.2021.T9.1,D29,9.0,10.299580856432325,1.2995808564323248
13810.SCS.SHED.D4.2020.T1,D4,1.0,5.32420235337924,4.32420235337924
13810.SCS.SHED.D4.2020.T11,D4,11.0,5.012148549913321,5.987851450086679
13810.SCS.SHED.D4.2020.T12,D4,12.0,8.595210378480393,3.4047896215196065
13810.SCS.SHED.D4.2020.T13,D4,13.0,4.797476363093738,8.202523636906262
13810.SCS.SHED.D4.2020.T14,D4,14.0,7.064715549657951,6.935284450342049
13810.SCS.SHED.D4.2020.T15,D4,15.0,6.848632122601436,8.151367877398563
13810.SCS.SHED.D4.2020.T16,D4,16.0,9.104911379187577,6.895088620812423
13810.SCS.SHED.D4.2020.T18,D4,18.0,9.576891179963585,8.423108820036415
13810.SCS.SHED.D4.2020.T19,D4,19.0,9.70469911195217,9.29530088804783
13810.SCS.SHED.D4.2020.T2,D4,2.0,6.059681324605506,4.059681324605506
13810.SCS.SHED.D4.2020.T20,D4,20.0,7.47623891065175,12.52376108934825
13810.SCS.SHED.D4.2020.T3,D4,3.0,5.827139646323705,2.8271396463237046
13810.SCS.SHED.D4.2020.T4,D4,4.0,6.932034015696352,2.9320340156963516
13810.SCS.SHED.D4.2020.T5,D4,5.0,5.466164165274938,0.46616416527493776
13810.SCS.SHED.D4.2020.T7,D4,7.0,5.633955439307203,1.3660445606927967
13810.SCS.SHED.D4.2020.T9,D4,9.0,5.333861864706806,3.6661381352931937
13810.SCS.SHED.D6.2020.T1,D6,1.0,9.743542748685758,8.743542748685758
13810.SCS.SHED.D6.2020.T10,D6,10.0,12.48367717237705,2.4836771723770497
13810.SCS.SHED.D6.2020.T11,D6,11.0,10.661897758975508,0.33810224102449205
13810.SCS.SHED.D6.2020.T12,D6,12.0,12.04550926434743,0.04550926434743019
13810.SCS.SHED.D6.2020.T13,D6,13.0,13.828941063020729,0.8289410630207286
13810.SCS.SHED.D6.2020.T14,D6,14.0,14.711638664604,0.7116386646039992
13810.SCS.SHED.D6.2020.T16,D6,16.0,12.912543205100217,3.087456794899783
13810.SCS.SHED.D6.2020.T18,D6,18.0,13.887446173306788,4.112553826693212
13810.SCS.SHED.D6.2020.T19,D6,19.0,13.9440150130396,5.0559849869604
13810.SCS.SHED.D6.2020.T2,D6,2.0,11.00348093966778,9.00348093966778
13810.SCS.SHED.D6.2020.T20,D6,20.0,10.240171522908248,9.759828477091752
13810.SCS.SHED.D6.2020.T3,D6,3.0,8.512410089015923,5.512410089015923
13810.SCS.SHED.D6.2020.T4,D6,4.0,12.090516270740418,8.090516270740418
13810.SCS.SHED.D6.2020.T5,D6,5.0,12.175180372632287,7.175180372632287
13810.SCS.SHED.D6.2020.T6,D6,6.0,12.111137514725826,6.111137514725826
13810.SCS.SHED.D6.2020.T7,D6,7.0,14.892474588722884,7.892474588722884
13810.SCS.SHED.D6.2020.T8,D6,8.0,10.524536355396744,2.5245363553967444
13810.SCS.SHED.D6.2020.T9,D6,9.0,15.62616533703356,6.6261653370335605
13810.SCS.SHED.D8.2020.T0,D8,0.0,9.165313124737082,9.165313124737082
13810.SCS.SHED.D8.2020.T1,D8,1.0,9.281155352895885,8.281155352895885
13810.SCS.SHED.D8.2020.T10,D8,10.0,9.480003909532657,0.5199960904673429
13810.SCS.SHED.D8.2020.T11,D8,11.0,9.844425845963366,1.1555741540366338
13810.SCS.SHED.D8.2020.T12,D8,12.0,9.330168419042336,2.6698315809576645
13810.SCS.SHED.D8.2020.T13,D8,13.0,10.071743183102589,2.9282568168974112
13810.SCS.SHED.D8.2020.T14,D8,14.0,9.56144193550545,4.438558064494551
13810.SCS.SHED.D8.2020.T15,D8,15.0,8.470242742033747,6.529757257966253
13810.SCS.SHED.D8.2020.T16,D8,16.0,10.952407177251072,5.047592822748928
13810.SCS.SHED.D8.2020.T17,D8,17.0,9.317993373661215,7.682006626338785
13810.SCS.SHED.D8.2020.T18,D8,18.0,11.563398977562375,6.436601022437625
13810.SCS.SHED.D8.2020.T19,D8,19.0,11.239440468465107,7.760559531534893
13810.SCS.SHED.D8.2020.T2,D8,2.0,7.009183999209875,5.009183999209875
13810.SCS.SHED.D8.2020.T20,D8,20.0,9.205665783112167,10.794334216887833
13810.SCS.SHED.D8.2020.T3,D8,3.0,8.773053849487315,5.773053849487315
13810.SCS.SHED.D8.2020.T4,D8,4.0,6.688296918834587,2.6882969188345873
13810.SCS.SHED.D8.2020.T5,D8,5.0,6.8689175412465,1.8689175412464998
13810.SCS.SHED.D8.2020.T6,D8,6.0,6.948860850251179,0.9488608502511786
13810.SCS.SHED.D8.2020.T7,D8,7.0,8.73231593189447,1.7323159318944708
13810.SCS.SHED.D8.2020.T8,D8,8.0,10.74310166351187,2.7431016635118706
13810.SCS.SHED.D8.2020.T9,D8,9.0,10.062563926725861,1.0625639267258613
13810.SKF.SHED.D10.2020.T0,D10,0.0,3.5002074109751615,3.5002074109751615
13810.SKF.SHED.D10.2020.T1,D10,1.0,2.3291595808479855,1.3291595808479855
13810.SKF.SHED.D10.2020.T10,D10,10.0,15.073475715193169,5.073475715193169
13810.SKF.SHED.D10.2020.T11,D10,11.0,15.225079809003118,4.225079809003118
13810.SKF.SHED.D10.2020.T12,D10,12.0,15.138858085505234,3.138858085505234
13810.SKF.SHED.D10.2020.T13,D10,13.0,16.587334093540544,3.5873340935405444
13810.SKF.SHED.D10.2020.T14,D10,14.0,16.834654855786038,2.834654855786038
13810.SKF.SHED.D10.2020.T15,D10,15.0,16.53072534692655,1.5307253469265483
13810.SKF.SHED.D10.2020.T16,D10,16.0,16.676442654888604,0.6764426548886036
13810.SKF.SHED.D10.2020.T17,D10,17.0,16.74545227727141,0.2545477227285886
13810.SKF.SHED.D10.2020.T18,D10,18.0,16.604601759980213,1.3953982400197873
13810.SKF.SHED.D10.2020.T19,D10,19.0,16.181149237241197,2.818850762758803
13810.SKF.SHED.D10.2020.T2,D10,2.0,5.635585664889321,3.6355856648893212
13810.SKF.SHED.D10.2020.T20,D10,20.0,14.88329016768788,5.11670983231212
13810.SKF.SHED.D10.2020.T3,D10,3.0,10.493076034545883,7.493076034545883
13810.SKF.SHED.D10.2020.T4,D10,4.0,12.438218902018967,8.438218902018967
13810.SKF.SHED.D10.2020.T5,D10,5.0,13.010716586730192,8.010716586730192
13810.SKF.SHED.D10.2020.T6,D10,6.0,9.90489183228378,3.9048918322837807
13810.SKF.SHED.D10.2020.T7,D10,7.0,12.74524252015414,5.7452425201541395
13810.SKF.SHED.D10.2020.T8,D10,8.0,12.93211958063924,4.93211958063924
13810.SKF.SHED.D10.2020.T9,D10,9.0,14.872500838567936,5.872500838567936
13810.SKF.SHED.D11.2020.T0,D11,0.0,8.526851894808123,8.526851894808123
13810.SKF.SHED.D11.2020.T1,D11,1.0,4.071990267645188,3.0719902676451882
13810.SKF.SHED.D11.2020.T10,D11,10.0,12.500249291779868,2.500249291779868
13810.SKF.SHED.D11.2020.T12,D11,12.0,15.73841240710632,3.7384124071063205
13810.SKF.SHED.D11.2020.T13,D11,13.0,10.900958883966451,2.0990411160335487
13810.SKF.SHED.D11.2020.T14,D11,14.0,13.968864019742613,0.031135980257387175
13810.SKF.SHED.D11.2020.T15,D11,15.0,13.739608361822718,1.260391638177282
13810.SKF.SHED.D11.2020.T16,D11,16.0,16.655181002463074,0.655181002463074
13810.SKF.SHED.D11.2020.T17,D11,17.0,12.462674717569575,4.537325282430425
13810.SKF.SHED.D11.2020.T18,D11,18.0,14.13042641207317,3.86957358792683
13810.SKF.SHED.D11.2020.T19,D11,19.0,16.268721920848254,2.731278079151746
13810.SKF.SHED.D11.2020.T2,D11,2.0,6.9327440627126125,4.9327440627126125
13810.SKF.SHED.D11.2020.T20,D11,20.0,13.692613508019324,6.307386491980676
13810.SKF.SHED.D11.2020.T3,D11,3.0,3.5755657182576854,0.5755657182576854
13810.SKF.SHED.D11.2020.T4,D11,4.0,4.820629661877899,0.8206296618778994
13810.SKF.SHED.D11.2020.T6,D11,6.0,3.3760583911779123,2.6239416088220877
13810.SKF.SHED.D11.2020.T7,D11,7.0,5.8986314386995,1.1013685613005002
13810.SKF.SHED.D11.2020.T9,D11,9.0,4.3560685242702295,4.6439314757297705
13810.SKF.SHED.D12.2020.T0,D12,0.0,2.9765686136472254,2.9765686136472254
13810.SKF.SHED.D12.2020.T11,D12,11.0,13.27212223558902,2.27212223558902
13810.SKF.SHED.D12.2020.T12,D12,12.0,14.665753572533653,2.665753572533653
13810.SKF.SHED.D12.2020.T13,D12,13.0,16.58661861804995,3.5866186180499504
13810.SKF.SHED.D12.2020.T14,D12,14.0,17.364852112086137,3.3648521120861368
13810.SKF.SHED.D12.2020.T15,D12,15.0,17.35908491687857,2.359084916878569
13810.SKF.SHED.D12.2020.T16,D12,16.0,15.923446184572093,0.07655381542790707
13810.SKF.SHED.D12.2020.T17,D12,17.0,15.121209886540809,1.878790113459191
13810.SKF.SHED.D12.2020.T18,D12,18.0,13.56539901953973,4.434600980460271
13810.SKF.SHED.D12.2020.T19,D12,19.0,14.320774951336496,4.679225048663504
13810.SKF.SHED.D12.2020.T20,D12,20.0,11.542528462929837,8.457471537070163
13810.SKF.SHED.D12.2020.T3,D12,3.0,5.645638593389649,2.6456385933896494
13810.SKF.SHED.D12.2020.T4,D12,4.0,4.662796478222166,0.662796478222166
13810.SKF.SHED.D12.2020.T6,D12,6.0,11.051256171211769,5.051256171211769
13810.SKF.SHED.D12.2020.T8,D12,8.0,9.572770348889904,1.5727703488899039
13810.SKF.SHED.D12.2020.T9,D12,9.0,10.868680523879203,1.8686805238792026
13810.SKF.SHED.D13.2021.T0,D13,0.0,1.9492638539559999,1.9492638539559999
13810.SKF.SHED.D13.2021.T1,D13,1.0,4.145091871119022,3.145091871119022
13810.SKF.SHED.D13.2021.T10,D13,10.0,12.14454198270019,2.14454198270019
13810.SKF.SHED.D13.2021.T11,D13,11.0,12.866989234444063,1.8669892344440626
13810.SKF.SHED.D13.2021.T12,D13,12.0,14.27850902605046,2.2785090260504592
13810.SKF.SHED.D13.2021.T13,D13,13.0,11.94585169610507,1.0541483038949302
13810.SKF.SHED.D13.2021.T14,D13,14.0,11.801073253771925,2.198926746228075
13810.SKF.SHED.D13.2021.T15,D13,15.0,12.448766666933262,2.5512333330667385
13810.SKF.SHED.D13.2021.T16,D13,16.0,12.748973340809348,3.251026659190652
13810.SKF.SHED.D13.2021.T17,D13,17.0,12.477309909174675,4.522690090825325
13810.SKF.SHED.D13.2021.T18,D13,18.0,11.413731470209337,6.586268529790663
13810.SKF.SHED.D13.2021.T19,D13,19.0,12.493047536916734,6.506952463083266
13810.SKF.SHED.D13.2021.T2,D13,2.0,6.7729318080305445,4.7729318080305445
13810.SKF.SHED.D13.2021.T20,D13,20.0,11.504932008359797,8.495067991640203
13810.SKF.SHED.D13.2021.T3,D13,3.0,3.3543063953944836,0.3543063953944836
13810.SKF.SHED.D13.2021.T4,D13,4.0,5.609084437461124,1.6090844374611244
13810.SKF.SHED.D13.2021.T5,D13,5.0,6.904789958895406,1.9047899588954058
13810.SKF.SHED.D13.2021.T6,D13,6.0,11.636730137691886,5.636730137691886
13810.SKF.SHED.D13.2021.T7,D13,7.0,10.626614228291267,3.626614228291267
13810.SKF.SHED.D13.2021.T8,D13,8.0,11.353743902846393,3.353743902846393
13810.SKF.SHED.D13.2021.T9,D13,9.0,12.217080864841053,3.217080864841053
13810.SKF.SHED.D14.2021.T0,D14,0.0,2.1096646133328716,2.1096646133328716
13810.SKF.SHED.D14.2021.T1,D14,1.0,2.299480001902257,1.299480001902257
13810.SKF.SHED.D14.2021.T10,D14,10.0,13.484820891495445,3.4848208914954455
13810.SKF.SHED.D14.2021.T11,D14,11.0,13.564776622855778,2.564776622855778
13810.SKF.SHED.D14.2021.T12,D14,12.0,13.664243662122697,1.664243662122697
13810.SKF.SHED.D14.2021.T13,D14,13.0,14.88756057276448,1.88756057276448
13810.SKF.SHED.D14.2021.T14,D14,14.0,14.1920454736976,0.1920454736976005
13810.SKF.SHED.D14.2021.T15,D14,15.0,15.068287267787763,0.06828726778776328
13810.SKF.SHED.D14.2021.T16,D14,16.0,15.489165913264948,0.510834086735052
13810.SKF.SHED.D14.2021.T17,D14,17.0,15.692269226922923,1.3077307730770773
13810.SKF.SHED.D14.2021.T18,D14,18.0,15.797887504022523,2.2021124959774774
13810.SKF.SHED.D14.2021.T19,D14,19.0,15.465198691574981,3.5348013084250187
13810.SKF.SHED.D14.2021.T20,D14,20.0,16.486796413070326,3.5132035869296736
13810.SKF.SHED.D14.2021.T3,D14,3.0,1.1484078774402142,1.8515921225597858
13810.SKF.SHED.D14.2021.T4,D14,4.0,2.366275220159926,1.6337247798400738
13810.SKF.SHED.D14.2021.T5,D14,5.0,4.438333579636611,0.5616664203633892
13810.SKF.SHED.D14.2021.T6,D14,6.0,3.861092727816522,2.138907272183478
13810.SKF.SHED.D14.2021.T7,D14,7.0,8.923249575865789,1.923249575865789
13810.SKF.SHED.D14.2021.T8,D14,8.0,13.746595978637414,5.746595978637414
13810.SKF.SHED.D14.2021.T9,D14,9.0,13.687972304804084,4.6879723048040844
13810.SKF.SHED.D15.2021.T0,D15,0.0,17.259988923981272,17.259988923981272
13810.SKF.SHED.D15.2021.T1,D15,1.0,7.903444614830036,6.903444614830036
13810.SKF.SHED.D15.2021.T10,D15,10.0,14.874623654921239,4.874623654921239
13810.SKF.SHED.D15.2021.T11,D15,11.0,14.981207763234039,3.981207763234039
13810.SKF.SHED.D15.2021.T12,D15,12.0,15.267570788681155,3.267570788681155
13810.SKF.SHED.D15.2021.T13,D15,13.0,15.175940418017984,2.1759404180179835
13810.SKF.SHED.D15.2021.T14,D15,14.0,13.125147430773136,0.8748525692268636
13810.SKF.SHED.D15.2021.T15,D15,15.0,15.3256498320026,0.32564983200260045
13810.SKF.SHED.D15.2021.T16,D15,16.0,14.79247272064616,1.2075272793538403
13810.SKF.SHED.D15.2021.T17,D15,17.0,15.291363489678808,1.7086365103211918
13810.SKF.SHED.D15.2021.T18,D15,18.0,15.761245319113298,2.238754680886702
13810.SKF.SHED.D15.2021.T19,D15,19.0,12.42753692358571,6.572463076414291
13810.SKF.SHED.D15.2021.T2,D15,2.0,7.896317529268091,5.896317529268091
13810.SKF.SHED.D15.2021.T20,D15,20.0,14.627068701368984,5.372931298631016
13810.SKF.SHED.D15.2021.T3,D15,3.0,7.873829850545004,4.873829850545004
13810.SKF.SHED.D15.2021.T4,D15,4.0,6.8048318478569145,2.8048318478569145
13810.SKF.SHED.D15.2021.T5,D15,5.0,6.284271928866131,1.284271928866131
13810.SKF.SHED.D15.2021.T6,D15,6.0,8.283887428273463,2.283887428273463
13810.SKF.SHED.D15.2021.T7,D15,7.0,10.974009274240695,3.9740092742406947
13810.SKF.SHED.D15.2021.T8,D15,8.0,10.967447135230618,2.9674471352306178
13810.SKF.SHED.D15.2021.T9,D15,9.0,9.613116674453495,0.6131166744534955
13810.SKF.SHED.D16.2021.T0,D16,0.0,0.40900580714220863,0.40900580714220863
13810.SKF.SHED.D16.2021.T1,D16,1.0,1.2989211985765954,0.2989211985765954
13810.SKF.SHED.D16.2021.T10,D16,10.0,12.92895347185545,2.9289534718554506
13810.SKF.SHED.D16.2021.T11,D16,11.0,12.514804124758895,1.5148041247588946
13810.SKF.SHED.D16.2021.T12,D16,12.0,12.474587314735475,0.47458731473547466
13810.SKF.SHED.D16.2021.T13,D16,13.0,14.224356616400375,1.2243566164003745
13810.SKF.SHED.D16.2021.T14,D16,14.0,14.671122145438261,0.671122145438261
13810.SKF.SHED.D16.2021.T15,D16,15.0,13.911701338183615,1.0882986618163848
13810.SKF.SHED.D16.2021.T16,D16,16.0,11.840733377904325,4.159266622095675
13810.SKF.SHED.D16.2021.T17,D16,17.0,12.042421126481717,4.957578873518283
13810.SKF.SHED.D16.2021.T18,D16,18.0,11.95127992035101,6.048720079648991
13810.SKF.SHED.D16.2021.T19,D16,19.0,12.380392519318296,6.6196074806817045
13810.SKF.SHED.D16.2021.T2,D16,2.0,5.727213015210166,3.7272130152101663
13810.SKF.SHED.D16.2021.T20,D16,20.0,12.159409088651284,7.840590911348716
13810.SKF.SHED.D16.2021.T3,D16,3.0,5.115766276070632,2.115766276070632
13810.SKF.SHED.D16.2021.T4,D16,4.0,3.8427293723984532,0.15727062760154675
13810.SKF.SHED.D16.2021.T5,D16,5.0,3.3918630228537205,1.6081369771462795
13810.SKF.SHED.D16.2021.T6,D16,6.0,8.11353180808804,2.113531808088039
13810.SKF.SHED.D16.2021.T7,D16,7.0,9.956959931615511,2.9569599316155113
13810.SKF.SHED.D16.2021.T8,D16,8.0,8.976400152112431,0.976400152112431
13810.SKF.SHED.D16.2021.T9,D16,9.0,8.83912436870337,0.16087563129662996
13810.SKF.SHED.D17.2021.T0,D17,0.0,4.602881010387396,4.602881010387396
13810.SKF.SHED.D17.2021.T1,D17,1.0,4.612240984552832,3.612240984552832
13810.SKF.SHED.D17.2021.T10,D17,10.0,12.992693432074482,2.992693432074482
13810.SKF.SHED.D17.2021.T11,D17,11.0,12.749423290287869,1.7494232902878686
13810.SKF.SHED.D17.2021.T12,D17,12.0,11.993357649423622,0.0066423505763779644
13810.SKF.SHED.D17.2021.T13,D17,13.0,14.621689942956763,1.6216899429567633
13810.SKF.SHED.D17.2021.T14,D17,14.0,14.322455265491142,0.3224552654911417
13810.SKF.SHED.D17.2021.T15,D17,15.0,15.17697110505395,0.17697110505394953
13810.SKF.SHED.D17.2021.T16,D17,16.0,14.882218867510222,1.1177811324897782
13810.SKF.SHED.D17.2021.T17,D17,17.0,14.750718478136736,2.2492815218632636
13810.SKF.SHED.D17.2021.T18,D17,18.0,15.525276245668152,2.4747237543318477
13810.SKF.SHED.D17.2021.T19,D17,19.0,13.008114025513951,5.991885974486049
13810.SKF.SHED.D17.2021.T2,D17,2.0,5.253475835007564,3.2534758350075643
13810.SKF.SHED.D17.2021.T20,D17,20.0,11.662880560970208,8.337119439029792
13810.SKF.SHED.D17.2021.T3,D17,3.0,9.672286232237854,6.6722862322378536
13810.SKF.SHED.D17.2021.T4,D17,4.0,8.912224952615578,4.912224952615578
13810.SKF.SHED.D17.2021.T5,D17,5.0,10.450959223610887,5.450959223610887
13810.SKF.SHED.D17.2021.T6,D17,6.0,11.295391349008366,5.295391349008366
13810.SKF.SHED.D17.2021.T7,D17,7.0,11.517206264742896,4.517206264742896
13810.SKF.SHED.D17.2021.T8,D17,8.0,8.997305135787977,0.9973051357879772
13810.SKF.SHED.D17.2021.T9,D17,9.0,12.306031324052501,3.306031324052501
13810.SKF.SHED.D18.2021.T0,D18,0.0,1.2125117432866697,1.2125117432866697
13810.SKF.SHED.D18.2021.T10,D18,10.0,11.460097491990979,1.4600974919909788
13810.SKF.SHED.D18.2021.T11,D18,11.0,13.290644066314936,2.290644066314936
13810.SKF.SHED.D18.2021.T12,D18,12.0,15.278918453842973,3.278918453842973
13810.SKF.SHED.D18.2021.T13,D18,13.0,14.497886299626146,1.4978862996261455
13810.SKF.SHED.D18.2021.T14,D18,14.0,16.229153018837103,2.2291530188371027
13810.SKF.SHED.D18.2021.T15,D18,15.0,15.097149197262043,0.09714919726204307
13810.SKF.SHED.D18.2021.T16,D18,16.0,14.774660115923409,1.2253398840765914
13810.SKF.SHED.D18.2021.T17,D18,17.0,16.208456688629614,0.7915433113703862
13810.SKF.SHED.D18.2021.T18,D18,18.0,15.75419543447903,2.24580456552097
13810.SKF.SHED.D18.2021.T19,D18,19.0,15.757814038146602,3.242185961853398
13810.SKF.SHED.D18.2021.T20,D18,20.0,14.74788211604661,5.252117883953391
13810.SKF.SHED.D18.2021.T3,D18,3.0,7.655177883487416,4.655177883487416
13810.SKF.SHED.D18.2021.T4,D18,4.0,5.753804101389828,1.7538041013898278
13810.SKF.SHED.D18.2021.T5,D18,5.0,8.829105701744666,3.829105701744666
13810.SKF.SHED.D18.2021.T6,D18,6.0,8.030325313042386,2.030325313042386
13810.SKF.SHED.D18.2021.T7,D18,7.0,8.707273876921201,1.7072738769212012
13810.SKF.SHED.D18.2021.T8,D18,8.0,10.697944250583665,2.6979442505836655
13810.SKF.SHED.D18.2021.T9,D18,9.0,12.674338764900217,3.6743387649002166
13810.SKF.SHED.D19.2021.T0.1,D19,0.0,2.8081189194396643,2.8081189194396643
13810.SKF.SHED.D19.2021.T1.1,D19,1.0,5.98049107563582,4.98049107563582
13810.SKF.SHED.D19.2021.T10.1,D19,10.0,6.415800870500797,3.5841991294992033
13810.SKF.SHED.D19.2021.T11.1,D19,11.0,13.460989963107636,2.460989963107636
13810.SKF.SHED.D19.2021.T13.1,D19,13.0,14.859630435659199,1.8596304356591986
13810.SKF.SHED.D19.2021.T14.1,D19,14.0,16.318018037882638,2.318018037882638
13810.SKF.SHED.D19.2021.T15.1,D19,15.0,15.029438594465049,0.029438594465048595
13810.SKF.SHED.D19.2021.T16.1,D19,16.0,16.42774279785127,0.4277427978512698
13810.SKF.SHED.D19.2021.T17.1,D19,17.0,16.33275299345894,0.6672470065410607
13810.SKF.SHED.D19.2021.T18.1,D19,18.0,15.550509472325372,2.4494905276746284
13810.SKF.SHED.D19.2021.T19.1,D19,19.0,14.245102608899355,4.754897391100645
13810.SKF.SHED.D19.2021.T2.1,D19,2.0,7.736477245149157,5.736477245149157
13810.SKF.SHED.D19.2021.T20.1,D19,20.0,15.428031376777211,4.571968623222789
13810.SKF.SHED.D19.2021.T3.1,D19,3.0,9.104115483813098,6.104115483813098
13810.SKF.SHED.D19.2021.T4.1,D19,4.0,8.692110062472143,4.692110062472143
13810.SKF.SHED.D19.2021.T5.1,D19,5.0,9.65472024388513,4.65472024388513
13810.SKF.SHED.D19.2021.T6.1,D19,6.0,9.818283282828137,3.818283282828137
13810.SKF.SHED.D19.2021.T7.1,D19,7.0,15.45506376224553,8.45506376224553
13810.SKF.SHED.D19.2021.T8.1,D19,8.0,14.175754011653767,6.175754011653767
13810.SKF.SHED.D19.2021.T9.1,D19,9.0,13.79610454266664,4.79610454266664
13810.SKF.SHED.D20.2021.T0.1,D20,0.0,3.5301642206303416,3.5301642206303416
13810.SKF.SHED.D20.2021.T1.1,D20,1.0,1.5669242110043267,0.5669242110043267
13810.SKF.SHED.D20.2021.T10.1,D20,10.0,7.949698759997981,2.0503012400020193
13810.SKF.SHED.D20.2021.T11.1,D20,11.0,6.243788276398892,4.756211723601108
13810.SKF.SHED.D20.2021.T13.1,D20,13.0,5.981434253106803,7.018565746893197
13810.SKF.SHED.D20.2021.T14.1,D20,14.0,8.469979316302647,5.530020683697353
13810.SKF.SHED.D20.2021.T15.1,D20,15.0,8.033105731955105,6.966894268044895
13810.SKF.SHED.D20.2021.T16.1,D20,16.0,9.6232358544142,6.376764145585801
13810.SKF.SHED.D20.2021.T17.1,D20,17.0,8.75595699806296,8.24404300193704
13810.SKF.SHED.D20.2021.T18.1,D20,18.0,5.831968665549518,12.168031334450482
13810.SKF.SHED.D20.2021.T19.1,D20,19.0,9.645500261850621,9.354499738149379
13810.SKF.SHED.D20.2021.T2.1,D20,2.0,2.093920782771224,0.09392078277122407
13810.SKF.SHED.D20.2021.T20.1,D20,20.0,12.140514873155732,7.859485126844268
13810.SKF.SHED.D20.2021.T3.1,D20,3.0,2.6011303733622504,0.3988696266377496
13810.SKF.SHED.D20.2021.T4.1,D20,4.0,6.920665088812171,2.9206650888121706
13810.SKF.SHED.D20.2021.T5.1,D20,5.0,6.940922131007912,1.9409221310079117
13810.SKF.SHED.D20.2021.T6.1,D20,6.0,6.87577148285316,0.8757714828531604
13810.SKF.SHED.D20.2021.T7.1,D20,7.0,7.473317752263673,0.47331775226367334
13810.SKF.SHED.D20.2021.T8.1,D20,8.0,7.09614062962528,0.90385937037472
13810.SKF.SHED.D20.2021.T9.1,D20,9.0,7.484632748233766,1.515367251766234
13810.SKF.SHED.D21.2021.T0.1,D21,0.0,5.1581594439608605,5.1581594439608605
13810.SKF.SHED.D21.2021.T1.1,D21,1.0,6.033492119035306,5.033492119035306
13810.SKF.SHED.D21.2021.T10.1,D21,10.0,11.512930764689585,1.5129307646895853
13810.SKF.SHED.D21.2021.T11.1,D21,11.0,12.151538204538069,1.1515382045380687
13810.SKF.SHED.D21.2021.T12.1,D21,12.0,12.81501390610732,0.8150139061073194
13810.SKF.SHED.D21.2021.T13.1,D21,13.0,12.418280121113828,0.5817198788861724
13810.SKF.SHED.D21.2021.T14.1,D21,14.0,13.581503538192264,0.41849646180773625
13810.SKF.SHED.D21.2021.T15.1,D21,15.0,15.207913141190977,0.2079131411909767
13810.SKF.SHED.D21.2021.T16.1,D21,16.0,16.917123819951986,0.9171238199519856
13810.SKF.SHED.D21.2021.T17.1,D21,17.0,16.88559434163489,0.1144056583651114
13810.SKF.SHED.D21.2021.T18.1,D21,18.0,17.17747048646645,0.8225295135335493
13810.SKF.SHED.D21.2021.T19.1,D21,19.0,17.290043069696004,1.7099569303039956
13810.SKF.SHED.D21.2021.T2.1,D21,2.0,8.129511054678527,6.129511054678527
13810.SKF.SHED.D21.2021.T20.1,D21,20.0,17.742289893317412,2.2577101066825875
13810.SKF.SHED.D21.2021.T3.1,D21,3.0,12.043166392484729,9.043166392484729
13810.SKF.SHED.D21.2021.T5.1,D21,5.0,8.405778842074023,3.4057788420740227
13810.SKF.SHED.D21.2021.T6.1,D21,6.0,8.899846822055563,2.8998468220555633
13810.SKF.SHED.D21.2021.T7.1,D21,7.0,10.950055748157796,3.950055748157796
13810.SKF.SHED.D21.2021.T8.1,D21,8.0,10.16588273602695,2.1658827360269495
13810.SKF.SHED.D21.2021.T9.1,D21,9.0,11.815560760669605,2.815560760669605
13810.SKF.SHED.D22.2021.T10.1,D22,10.0,7.674406598604165,2.3255934013958353
13810.SKF.SHED.D22.2021.T12.1,D22,12.0,8.669544498605278,3.330455501394722
13810.SKF.SHED.D22.2021.T13.1,D22,13.0,10.516372980714815,2.4836270192851853
13810.SKF.SHED.D22.2021.T14.1,D22,14.0,8.516817462519631,5.483182537480369
13810.SKF.SHED.D22.2021.T15.1,D22,15.0,9.332720585392813,5.6672794146071865
13810.SKF.SHED.D22.2021.T16.1,D22,16.0,13.110357255089294,2.889642744910706
13810.SKF.SHED.D22.2021.T17.1,D22,17.0,13.767745010481569,3.232254989518431
13810.SKF.SHED.D22.2021.T18.1,D22,18.0,13.603315896870681,4.396684103129319
13810.SKF.SHED.D22.2021.T19.1,D22,19.0,13.695091340918843,5.304908659081157
13810.SKF.SHED.D22.2021.T20.1,D22,20.0,12.449686215623514,7.5503137843764865
13810.SKF.SHED.D22.2021.T5.1,D22,5.0,2.1447276345864155,2.8552723654135845
13810.SKF.SHED.D22.2021.T7.1,D22,7.0,8.948145671065834,1.9481456710658343
13810.SKF.SHED.D22.2021.T8.1,D22,8.0,8.475828759285587,0.4758287592855872
13810.SKF.SHED.D22.2021.T9.1,D22,9.0,7.19281642050272,1.8071835794972797
13810.SKF.SHED.D23.2021.T1.1,D23,1.0,6.570913314065288,5.570913314065288
13810.SKF.SHED.D23.2021.T10.1,D23,10.0,10.741660920859186,0.7416609208591858
13810.SKF.SHED.D23.2021.T11.1,D23,11.0,11.935877914287428,0.9358779142874276
13810.SKF.SHED.D23.2021.T12.1,D23,12.0,11.423535398241071,0.5764646017589286
13810.SKF.SHED.D23.2021.T13.1,D23,13.0,13.317358934180445,0.3173589341804455
13810.SKF.SHED.D23.2021.T14.1,D23,14.0,13.867581547457862,0.13241845254213835
13810.SKF.SHED.D23.2021.T15.1,D23,15.0,13.592554040317685,1.407445959682315
13810.SKF.SHED.D23.2021.T16.1,D23,16.0,16.209938735695694,0.20993873569569388
13810.SKF.SHED.D23.2021.T17.1,D23,17.0,14.585377746851353,2.4146222531486465
13810.SKF.SHED.D23.2021.T18.1,D23,18.0,15.373486589322006,2.626513410677994
13810.SKF.SHED.D23.2021.T19.1,D23,19.0,16.145649201968414,2.854350798031586
13810.SKF.SHED.D23.2021.T2.1,D23,2.0,10.723850336140105,8.723850336140105
13810.SKF.SHED.D23.2021.T20.1,D23,20.0,15.489807777182051,4.510192222817949
13810.SKF.SHED.D23.2021.T3.1,D23,3.0,11.585627710514952,8.585627710514952
13810.SKF.SHED.D23.2021.T4.1,D23,4.0,10.26531547115706,6.265315471157059
13810.SKF.SHED.D23.2021.T5.1,D23,5.0,10.08429492761673,5.08429492761673
13810.SKF.SHED.D23.2021.T6.1,D23,6.0,7.568040788449638,1.568040788449638
13810.SKF.SHED.D23.2021.T7.1,D23,7.0,10.6173186620422,3.6173186620421998
13810.SKF.SHED.D23.2021.T8.1,D23,8.0,11.294008846766769,3.2940088467667685
13810.SKF.SHED.D23.2021.T9.1,D23,9.0,11.884086838969484,2.884086838969484
13810.SKF.SHED.D24.2021.T0.1,D24,0.0,0.8516579354869227,0.8516579354869227
13810.SKF.SHED.D24.2021.T1.1,D24,1.0,1.076327373806123,0.07632737380612298
13810.SKF.SHED.D24.2021.T10.1,D24,10.0,8.471141035662846,1.5288589643371537
13810.SKF.SHED.D24.2021.T11.1,D24,11.0,7.609964671058926,3.3900353289410736
13810.SKF.SHED.D24.2021.T12.1,D24,12.0,9.394783143427748,2.6052168565722518
13810.SKF.SHED.D24.2021.T13.1,D24,13.0,10.539651283295301,2.460348716704699
13810.SKF.SHED.D24.2021.T14.1,D24,14.0,9.00596620287409,4.99403379712591
13810.SKF.SHED.D24.2021.T15.1,D24,15.0,10.860477320030252,4.1395226799697475
13810.SKF.SHED.D24.2021.T16.1,D24,16.0,10.221129244294524,5.778870755705476
13810.SKF.SHED.D24.2021.T17.1,D24,17.0,11.921803397630846,5.078196602369154
13810.SKF.SHED.D24.2021.T18.1,D24,18.0,10.25779420292702,7.74220579707298
13810.SKF.SHED.D24.2021.T19.1,D24,19.0,13.369337874599148,5.6306621254008515
13810.SKF.SHED.D24.2021.T2.1,D24,2.0,1.3273805966356294,0.6726194033643706
13810.SKF.SHED.D24.2021.T20.1,D24,20.0,13.556945997728581,6.443054002271419
13810.SKF.SHED.D24.2021.T3.1,D24,3.0,0.7667685019125418,2.2332314980874584
13810.SKF.SHED.D24.2021.T4.1,D24,4.0,0.9618284477964649,3.038171552203535
13810.SKF.SHED.D24.2021.T6.1,D24,6.0,0.63230813330264,5.36769186669736
13810.SKF.SHED.D24.2021.T7.1,D24,7.0,14.168442117828931,7.168442117828931
13810.SKF.SHED.D24.2021.T9.1,D24,9.0,6.030574844578499,2.9694251554215008
13810.SKF.SHED.D25.2021.T0.1,D25,0.0,1.9043905467865987,1.9043905467865987
13810.SKF.SHED.D25.2021.T1.1,D25,1.0,3.1404767009771057,2.1404767009771057
13810.SKF.SHED.D25.2021.T10.1,D25,10.0,13.442305221497067,3.442305221497067
13810.SKF.SHED.D25.2021.T11.1,D25,11.0,15.106126067519494,4.106126067519494
13810.SKF.SHED.D25.2021.T12.1,D25,12.0,14.209998660536668,2.2099986605366677
13810.SKF.SHED.D25.2021.T13.1,D25,13.0,13.777970385628649,0.7779703856286488
13810.SKF.SHED.D25.2021.T14.1,D25,14.0,14.113558151285485,0.11355815128548485
13810.SKF.SHED.D25.2021.T15.1,D25,15.0,14.516513631957785,0.48348636804221456
13810.SKF.SHED.D25.2021.T16.1,D25,16.0,14.715084791516503,1.284915208483497
13810.SKF.SHED.D25.2021.T17.1,D25,17.0,13.429785165778487,3.570214834221513
13810.SKF.SHED.D25.2021.T18.1,D25,18.0,13.249402298247945,4.750597701752055
13810.SKF.SHED.D25.2021.T19.1,D25,19.0,13.385069499577737,5.614930500422263
13810.SKF.SHED.D25.2021.T2.1,D25,2.0,4.047673556048789,2.047673556048789
13810.SKF.SHED.D25.2021.T20.1,D25,20.0,14.595160642333074,5.404839357666926
13810.SKF.SHED.D25.2021.T3.1,D25,3.0,4.569768293750636,1.569768293750636
13810.SKF.SHED.D25.2021.T4.1,D25,4.0,4.4760569612489896,0.47605696124898955
13810.SKF.SHED.D25.2021.T5.1,D25,5.0,3.251671687804052,1.748328312195948
13810.SKF.SHED.D25.2021.T6.1,D25,6.0,6.117208728588447,0.11720872858844711
13810.SKF.SHED.D25.2021.T7.1,D25,7.0,7.9245428288373985,0.9245428288373985
13810.SKF.SHED.D25.2021.T8.1,D25,8.0,9.336841228683005,1.3368412286830047
13810.SKF.SHED.D25.2021.T9.1,D25,9.0,10.330688336165496,1.3306883361654958
13810.SKF.SHED.D26.2021.T0.1,D26,0.0,5.923489669220595,5.923489669220595
13810.SKF.SHED.D26.2021.T1.1,D26,1.0,5.841651021879397,4.841651021879397
13810.SKF.SHED.D26.2021.T10.1,D26,10.0,11.040112069256093,1.040112069256093
13810.SKF.SHED.D26.2021.T11.1,D26,11.0,11.557528803443,0.5575288034430006
13810.SKF.SHED.D26.2021.T12.1,D26,12.0,14.463008778305893,2.463008778305893
13810.SKF.SHED.D26.2021.T13.1,D26,13.0,14.1224932191737,1.1224932191737
13810.SKF.SHED.D26.2021.T14.1,D26,14.0,14.916860215859453,0.9168602158594528
13810.SKF.SHED.D26.2021.T15.1,D26,15.0,15.918227362687603,0.9182273626876025
13810.SKF.SHED.D26.2021.T16.1,D26,16.0,15.758038111310615,0.24196188868938506
13810.SKF.SHED.D26.2021.T17.1,D26,17.0,15.854349788353957,1.1456502116460427
13810.SKF.SHED.D26.2021.T18.1,D26,18.0,14.86013757215148,3.13986242784852
13810.SKF.SHED.D26.2021.T19.1,D26,19.0,15.519372510883318,3.4806274891166815
13810.SKF.SHED.D26.2021.T2.1,D26,2.0,6.352271266622445,4.352271266622445
13810.SKF.SHED.D26.2021.T20.1,D26,20.0,16.660933235049296,3.3390667649507044
13810.SKF.SHED.D26.2021.T3.1,D26,3.0,5.706746684683095,2.706746684683095
13810.SKF.SHED.D26.2021.T4.1,D26,4.0,9.134859438087794,5.134859438087794
13810.SKF.SHED.D26.2021.T5.1,D26,5.0,7.965640753247726,2.965640753247726
13810.SKF.SHED.D26.2021.T6.1,D26,6.0,7.761167365921336,1.7611673659213363
13810.SKF.SHED.D26.2021.T7.1,D26,7.0,6.735095503993827,0.2649044960061726
13810.SKF.SHED.D26.2021.T8.1,D26,8.0,7.967748841787263,0.03225115821273672
13810.SKF.SHED.D26.2021.T9.2,D26,9.0,10.671911418814254,1.671911418814254
13810.SKF.SHED.D27.2021.T0.1,D27,0.0,5.217052211088519,5.217052211088519
13810.SKF.SHED.D27.2021.T1.1,D27,1.0,5.505737290247199,4.505737290247199
13810.SKF.SHED.D27.2021.T10.1,D27,10.0,16.256058935959153,6.256058935959153
13810.SKF.SHED.D27.2021.T11.1,D27,11.0,16.47466728650319,5.474667286503191
13810.SKF.SHED.D27.2021.T12.1,D27,12.0,16.44121751371228,4.441217513712282
13810.SKF.SHED.D27.2021.T13.1,D27,13.0,16.922335003434558,3.922335003434558
13810.SKF.SHED.D27.2021.T14.1,D27,14.0,16.453818157896976,2.4538181578969755
13810.SKF.SHED.D27.2021.T15.1,D27,15.0,16.968511698773025,1.9685116987730247
13810.SKF.SHED.D27.2021.T16.1,D27,16.0,1.989199287078117,14.010800712921883
13810.SKF.SHED.D27.2021.T17.1,D27,17.0,14.681964211016062,2.318035788983938
13810.SKF.SHED.D27.2021.T18.1,D27,18.0,15.252922441711629,2.747077558288371
13810.SKF.SHED.D27.2021.T19.1,D27,19.0,15.347249768670526,3.652750231329474
13810.SKF.SHED.D27.2021.T2.1,D27,2.0,6.569329102095072,4.569329102095072
13810.SKF.SHED.D27.2021.T20.1,D27,20.0,14.46611938824628,5.53388061175372
13810.SKF.SHED.D27.2021.T3.1,D27,3.0,7.235629513765771,4.235629513765771
13810.SKF.SHED.D27.2021.T4.1,D27,4.0,8.98195477521987,4.9819547752198705
13810.SKF.SHED.D27.2021.T5.1,D27,5.0,12.568001789211586,7.568001789211586
13810.SKF.SHED.D27.2021.T6.1,D27,6.0,13.388298197250743,7.388298197250743
13810.SKF.SHED.D27.2021.T7.1,D27,7.0,14.431632333971528,7.431632333971528
13810.SKF.SHED.D27.2021.T8.1,D27,8.0,15.862201520570009,7.862201520570009
13810.SKF.SHED.D27.2021.T9.1,D27,9.0,16.92372785032656,7.923727850326561
13810.SKF.SHED.D28.2021.T0.1,D28,0.0,3.9644704775282253,3.9644704775282253
13810.SKF.SHED.D28.2021.T10.1,D28,10.0,10.395894605006283,0.3958946050062835
13810.SKF.SHED.D28.2021.T11.1,D28,11.0,9.243814400238964,1.7561855997610358
13810.SKF.SHED.D28.2021.T12.1,D28,12.0,9.088117296965665,2.911882703034335
13810.SKF.SHED.D28.2021.T13.1,D28,13.0,10.451100205289569,2.5488997947104313
13810.SKF.SHED.D28.2021.T14.1,D28,14.0,11.085949129589691,2.9140508704103087
13810.SKF.SHED.D28.2021.T15.1,D28,15.0,12.023014890435824,2.9769851095641755
13810.SKF.SHED.D28.2021.T16.1,D28,16.0,13.334459895500194,2.665540104499806
13810.SKF.SHED.D28.2021.T17.1,D28,17.0,14.20015280365283,2.7998471963471694
13810.SKF.SHED.D28.2021.T18.1,D28,18.0,12.99213623726215,5.00786376273785
13810.SKF.SHED.D28.2021.T19.1,D28,19.0,11.978540293324938,7.021459706675062
13810.SKF.SHED.D28.2021.T2.1,D28,2.0,3.5976605816138716,1.5976605816138716
13810.SKF.SHED.D28.2021.T20.1,D28,20.0,12.923128188852523,7.076871811147477
13810.SKF.SHED.D28.2021.T4.1,D28,4.0,8.299956432309333,4.299956432309333
13810.SKF.SHED.D28.2021.T5.1,D28,5.0,3.0400820111181535,1.9599179888818465
13810.SKF.SHED.D28.2021.T6.1,D28,6.0,3.8110214211297553,2.1889785788702447
13810.SKF.SHED.D28.2021.T7.1,D28,7.0,7.708336422649678,0.708336422649678
13810.SKF.SHED.D28.2021.T8.1,D28,8.0,7.989565080084811,0.010434919915189411
13810.SKF.SHED.D28.2021.T9.1,D28,9.0,8.441072700665993,0.5589272993340071
13810.SKF.SHED.D29.2021.T0.1,D29,0.0,1.4163818450270753,1.4163818450270753
13810.SKF.SHED.D29.2021.T1.1,D29,1.0,2.4079273789913183,1.4079273789913183
13810.SKF.SHED.D29.2021.T10.1,D29,10.0,11.572089787780929,1.5720897877809286
13810.SKF.SHED.D29.2021.T11.1,D29,11.0,12.507176244678963,1.5071762446789627
13810.SKF.SHED.D29.2021.T12.1,D29,12.0,13.41429786782113,1.41429786782113
13810.SKF.SHED.D29.2021.T13.1,D29,13.0,13.512404638437971,0.512404638437971
13810.SKF.SHED.D29.2021.T14.1,D29,14.0,13.202164985853141,0.7978350141468589
13810.SKF.SHED.D29.2021.T15.1,D29,15.0,13.871607677539155,1.1283923224608454
13810.SKF.SHED.D29.2021.T16.1,D29,16.0,12.879075570665522,3.120924429334478
13810.SKF.SHED.D29.2021.T17.1,D29,17.0,13.788030545366652,3.2119694546333477
13810.SKF.SHED.D29.2021.T18.1,D29,18.0,13.840750532218264,4.159249467781736
13810.SKF.SHED.D29.2021.T19.1,D29,19.0,14.335703735709572,4.664296264290428
13810.SKF.SHED.D29.2021.T2.1,D29,2.0,5.183149773695375,3.1831497736953747
13810.SKF.SHED.D29.2021.T20.1,D29,20.0,14.099815515521689,5.900184484478311
13810.SKF.SHED.D29.2021.T3.1,D29,3.0,4.597044535834778,1.5970445358347778
13810.SKF.SHED.D29.2021.T4.1,D29,4.0,4.288534179079902,0.2885341790799023
13810.SKF.SHED.D29.2021.T5.1,D29,5.0,5.488655848151479,0.48865584815147933
13810.SKF.SHED.D29.2021.T6.1,D29,6.0,5.616286911670623,0.3837130883293769
13810.SKF.SHED.D29.2021.T7.1,D29,7.0,9.88673881120417,2.88673881120417
13810.SKF.SHED.D29.2021.T8.1,D29,8.0,10.001738343168347,2.0017383431683466
13810.SKF.SHED.D29.2021.T9.1,D29,9.0,11.030476400128093,2.0304764001280926
13810.SKF.SHED.D30.2021.T0.1,D30,0.0,0.5644790426587301,0.5644790426587301
13810.SKF.SHED.D30.2021.T10.1,D30,10.0,13.733665694383644,3.733665694383644
13810.SKF.SHED.D30.2021.T11.1,D30,11.0,13.691011897681229,2.6910118976812285
13810.SKF.SHED.D30.2021.T12.1,D30,12.0,15.36704715405222,3.3670471540522193
13810.SKF.SHED.D30.2021.T13.1,D30,13.0,12.550848237812517,0.4491517621874834
13810.SKF.SHED.D30.2021.T14.1,D30,14.0,13.959855481608548,0.040144518391452166
13810.SKF.SHED.D30.2021.T15.1,D30,15.0,13.66121631470824,1.3387836852917605
13810.SKF.SHED.D30.2021.T16.1,D30,16.0,12.79528263720198,3.2047173627980197
13810.SKF.SHED.D30.2021.T17.1,D30,17.0,14.470699815704739,2.529300184295261
13810.SKF.SHED.D30.2021.T18.1,D30,18.0,13.936432176085157,4.063567823914843
13810.SKF.SHED.D30.2021.T19.1,D30,19.0,13.653678305109995,5.346321694890005
13810.SKF.SHED.D30.2021.T2.1,D30,2.0,3.3508641523197467,1.3508641523197467
13810.SKF.SHED.D30.2021.T20.1,D30,20.0,13.58362871284827,6.41637128715173
13810.SKF.SHED.D30.2021.T4.1,D30,4.0,6.886880840681507,2.886880840681507
13810.SKF.SHED.D30.2021.T5.1,D30,5.0,6.0571425862675525,1.0571425862675525
13810.SKF.SHED.D30.2021.T6.1,D30,6.0,7.327505379135524,1.3275053791355242
13810.SKF.SHED.D30.2021.T7.1,D30,7.0,10.978217856428936,3.9782178564289357
13810.SKF.SHED.D30.2021.T8.1,D30,8.0,13.040813700406087,5.040813700406087
13810.SKF.SHED.D30.2021.T9.1,D30,9.0,13.994313174849488,4.994313174849488
13810.SKF.SHED.D4.2020.T1,D4,1.0,3.021708609302336,2.021708609302336
13810.SKF.SHED.D4.2020.T10,D4,10.0,9.029814535078788,0.9701854649212116
13810.SKF.SHED.D4.2020.T11,D4,11.0,9.824702398483707,1.1752976015162933
13810.SKF.SHED.D4.2020.T13,D4,13.0,9.14143348468363,3.8585665153163706
13810.SKF.SHED.D4.2020.T14,D4,14.0,10.638276604280552,3.361723395719448
13810.SKF.SHED.D4.2020.T15,D4,15.0,12.948532650135185,2.051467349864815
13810.SKF.SHED.D4.2020.T16,D4,16.0,11.714466860511907,4.285533139488093
13810.SKF.SHED.D4.2020.T17,D4,17.0,13.517453563695934,3.482546436304066
13810.SKF.SHED.D4.2020.T18,D4,18.0,13.71717850532351,4.28282149467649
13810.SKF.SHED.D4.2020.T19,D4,19.0,13.872720599896603,5.127279400103397
13810.SKF.SHED.D4.2020.T2,D4,2.0,5.116514956680957,3.116514956680957
13810.SKF.SHED.D4.2020.T20,D4,20.0,13.877206347761032,6.122793652238968
13810.SKF.SHED.D4.2020.T3,D4,3.0,3.044302746834937,0.04430274683493707
13810.SKF.SHED.D4.2020.T4,D4,4.0,8.955795346154735,4.955795346154735
13810.SKF.SHED.D4.2020.T5,D4,5.0,10.243547315258931,5.243547315258931
13810.SKF.SHED.D4.2020.T6,D4,6.0,7.826994385640598,1.8269943856405977
13810.SKF.SHED.D4.2020.T7,D4,7.0,8.563477218274855,1.5634772182748549
13810.SKF.SHED.D4.2020.T8,D4,8.0,8.710477124511877,0.7104771245118773
13810.SKF.SHED.D4.2020.T9,D4,9.0,8.37181752270335,0.6281824772966509
13810.SKF.SHED.D5.2020.T0,D5,0.0,7.2070401188112605,7.2070401188112605
13810.SKF.SHED.D5.2020.T10,D5,10.0,13.916248966387306,3.9162489663873057
13810.SKF.SHED.D5.2020.T11,D5,11.0,13.609301958957019,2.609301958957019
13810.SKF.SHED.D5.2020.T12,D5,12.0,14.387311650928943,2.387311650928943
13810.SKF.SHED.D5.2020.T13,D5,13.0,14.538363185288807,1.538363185288807
13810.SKF.SHED.D5.2020.T14,D5,14.0,14.697613282263637,0.697613282263637
13810.SKF.SHED.D5.2020.T15,D5,15.0,14.620005695536145,0.37999430446385496
13810.SKF.SHED.D5.2020.T16,D5,16.0,14.502791514411856,1.4972084855881445
13810.SKF.SHED.D5.2020.T17,D5,17.0,14.306405611182573,2.693594388817427
13810.SKF.SHED.D5.2020.T18,D5,18.0,15.109606608478849,2.890393391521151
13810.SKF.SHED.D5.2020.T19,D5,19.0,14.455042711622893,4.544957288377107
13810.SKF.SHED.D5.2020.T2,D5,2.0,8.774412281923194,6.774412281923194
13810.SKF.SHED.D5.2020.T20,D5,20.0,14.370654216909793,5.629345783090207
13810.SKF.SHED.D5.2020.T3,D5,3.0,8.286599111963152,5.286599111963152
13810.SKF.SHED.D5.2020.T4,D5,4.0,7.988766520385314,3.9887665203853144
13810.SKF.SHED.D5.2020.T5,D5,5.0,9.450625343712826,4.450625343712826
13810.SKF.SHED.D5.2020.T6,D5,6.0,10.704874307635729,4.704874307635729
13810.SKF.SHED.D5.2020.T7,D5,7.0,11.973770492004675,4.973770492004675
13810.SKF.SHED.D5.2020.T8,D5,8.0,11.855350186127586,3.855350186127586
13810.SKF.SHED.D5.2020.T9,D5,9.0,14.741213923128619,5.741213923128619
13810.SKF.SHED.D6.2020.T1,D6,1.0,2.430791114062784,1.4307911140627838
13810.SKF.SHED.D6.2020.T10,D6,10.0,9.093625387531318,0.9063746124686816
13810.SKF.SHED.D6.2020.T11,D6,11.0,13.11163563371011,2.11163563371011
13810.SKF.SHED.D6.2020.T12,D6,12.0,14.33379568673501,2.3337956867350105
13810.SKF.SHED.D6.2020.T13,D6,13.0,15.319228502460014,2.319228502460014
13810.SKF.SHED.D6.2020.T14,D6,14.0,13.748107016078347,0.25189298392165327
13810.SKF.SHED.D6.2020.T15,D6,15.0,15.190947632661313,0.1909476326613131
13810.SKF.SHED.D6.2020.T16,D6,16.0,11.96491397937537,4.035086020624631
13810.SKF.SHED.D6.2020.T17,D6,17.0,15.824502873313598,1.1754971266864018
13810.SKF.SHED.D6.2020.T18,D6,18.0,16.375358430840247,1.6246415691597527
13810.SKF.SHED.D6.2020.T19,D6,19.0,16.45507126017005,2.544928739829949
13810.SKF.SHED.D6.2020.T2,D6,2.0,2.773738367568609,0.7737383675686091
13810.SKF.SHED.D6.2020.T20,D6,20.0,16.19735453644227,3.802645463557731
13810.SKF.SHED.D6.2020.T3,D6,3.0,2.624770572535697,0.3752294274643031
13810.SKF.SHED.D6.2020.T4,D6,4.0,4.479242522392382,0.47924252239238196
13810.SKF.SHED.D6.2020.T6,D6,6.0,4.975145307450722,1.0248546925492779
13810.SKF.SHED.D6.2020.T7,D6,7.0,6.148557769823125,0.8514422301768754
13810.SKF.SHED.D6.2020.T8,D6,8.0,9.13990093293647,1.1399009329364702
13810.SKF.SHED.D6.2020.T9,D6,9.0,14.321803355313591,5.321803355313591
13810.SKF.SHED.D7.2020.T0,D7,0.0,5.326330734029756,5.326330734029756
13810.SKF.SHED.D7.2020.T1,D7,1.0,6.275772320751267,5.275772320751267
13810.SKF.SHED.D7.2020.T10,D7,10.0,7.173358496668417,2.826641503331583
13810.SKF.SHED.D7.2020.T11,D7,11.0,8.786815559814482,2.2131844401855183
13810.SKF.SHED.D7.2020.T12,D7,12.0,7.215893211592727,4.784106788407273
13810.SKF.SHED.D7.2020.T13,D7,13.0,8.099409891181766,4.900590108818234
13810.SKF.SHED.D7.2020.T14,D7,14.0,8.50573129600544,5.49426870399456
13810.SKF.SHED.D7.2020.T15,D7,15.0,10.413301001350396,4.586698998649604
13810.SKF.SHED.D7.2020.T16,D7,16.0,11.641760690750104,4.358239309249896
13810.SKF.SHED.D7.2020.T18,D7,18.0,12.221266788952109,5.778733211047891
13810.SKF.SHED.D7.2020.T19,D7,19.0,12.472461461381734,6.527538538618266
13810.SKF.SHED.D7.2020.T2,D7,2.0,5.6358477732946355,3.6358477732946355
13810.SKF.SHED.D7.2020.T20,D7,20.0,11.991905653112186,8.008094346887814
13810.SKF.SHED.D7.2020.T3,D7,3.0,6.324569913093676,3.3245699130936757
13810.SKF.SHED.D7.2020.T4,D7,4.0,7.3172267687691885,3.3172267687691885
13810.SKF.SHED.D7.2020.T5,D7,5.0,6.999986848969384,1.9999868489693844
13810.SKF.SHED.D7.2020.T6,D7,6.0,6.165495043151241,0.16549504315124075
13810.SKF.SHED.D7.2020.T7,D7,7.0,7.040875331997277,0.04087533199727744
13810.SKF.SHED.D7.2020.T8,D7,8.0,7.457642512304405,0.542357487695595
13810.SKF.SHED.D7.2020.T9,D7,9.0,9.467856518976683,0.46785651897668323
13810.SKF.SHED.D8.2020.T1,D8,1.0,1.5586517396422346,0.5586517396422346
13810.SKF.SHED.D8.2020.T10,D8,10.0,6.83636240926341,3.16363759073659
13810.SKF.SHED.D8.2020.T11,D8,11.0,8.393233895292086,2.606766104707914
13810.SKF.SHED.D8.2020.T12,D8,12.0,8.270012514271,3.7299874857289996
13810.SKF.SHED.D8.2020.T13,D8,13.0,7.430976655517598,5.569023344482402
13810.SKF.SHED.D8.2020.T14,D8,14.0,9.1495872108466,4.850412789153401
13810.SKF.SHED.D8.2020.T15,D8,15.0,12.565989504815688,2.434010495184312
13810.SKF.SHED.D8.2020.T16,D8,16.0,13.698567632141451,2.301432367858549
13810.SKF.SHED.D8.2020.T17,D8,17.0,12.46320796752699,4.536792032473009
13810.SKF.SHED.D8.2020.T18,D8,18.0,13.706191949534343,4.293808050465657
13810.SKF.SHED.D8.2020.T19,D8,19.0,13.673603198371463,5.326396801628537
13810.SKF.SHED.D8.2020.T2,D8,2.0,9.000928435154936,7.000928435154936
13810.SKF.SHED.D8.2020.T20,D8,20.0,11.50994824795343,8.49005175204657
13810.SKF.SHED.D8.2020.T3,D8,3.0,8.833775313451286,5.8337753134512855
13810.SKF.SHED.D8.2020.T4,D8,4.0,9.113289627099444,5.113289627099444
13810.SKF.SHED.D8.2020.T5,D8,5.0,7.721055134006483,2.721055134006483
13810.SKF.SHED.D8.2020.T6,D8,6.0,6.969634779486169,0.969634779486169
13810.SKF.SHED.D8.2020.T7,D8,7.0,8.327623636017687,1.3276236360176874
13810.SKF.SHED.D8.2020.T8,D8,8.0,8.23974467030372,0.23974467030372004
13810.SKF.SHED.D8.2020.T9,D8,9.0,6.0610261201631905,2.9389738798368095
13810.SKF.SHED.D9.2020.T0,D9,0.0,2.3902298378730054,2.3902298378730054
13810.SKF.SHED.D9.2020.T1,D9,1.0,0.8581390601733422,0.14186093982665782
13810.SKF.SHED.D9.2020.T10,D9,10.0,2.144281631015379,7.855718368984621
13810.SKF.SHED.D9.2020.T12,D9,12.0,4.662971859039523,7.337028140960477
13810.SKF.SHED.D9.2020.T13,D9,13.0,4.955758517014576,8.044241482985424
13810.SKF.SHED.D9.2020.T14,D9,14.0,2.3642306752450306,11.63576932475497
13810.SKF.SHED.D9.2020.T15,D9,15.0,3.46514282926897,11.53485717073103
13810.SKF.SHED.D9.2020.T17,D9,17.0,8.686072383078905,8.313927616921095
13810.SKF.SHED.D9.2020.T18,D9,18.0,8.805815626712528,9.194184373287472
13810.SKF.SHED.D9.2020.T19,D9,19.0,6.982725796416534,12.017274203583465
13810.SKF.SHED.D9.2020.T2,D9,2.0,10.449486371652734,8.449486371652734
13810.SKF.SHED.D9.2020.T20,D9,20.0,9.723542567097772,10.276457432902228
13810.SKF.SHED.D9.2020.T3,D9,3.0,2.0242730902272794,0.9757269097727206
13810.SKF.SHED.D9.2020.T4,D9,4.0,2.069366257197292,1.930633742802708
13810.SKF.SHED.D9.2020.T5,D9,5.0,0.9800438498075674,4.019956150192432
13810.SKF.SHED.D9.2020.T6,D9,6.0,1.4231020174640965,4.576897982535904
13810.SKF.SHED.D9.2020.T7,D9,7.0,2.567443364591957,4.432556635408043
13810.SKF.SHED.D9.2020.T8,D9,8.0,5.131569643266451,2.8684303567335494
13810.SKF.SHED.D9.2020.T9,D9,9.0,2.7396026645740346,6.260397335425965
13810.SKH.SHED.D10.2020.T0,D10,0.0,2.011174030109577,2.011174030109577
13810.SKH.SHED.D10.2020.T1,D10,1.0,1.8961580768577695,0.8961580768577695
13810.SKH.SHED.D10.2020.T10,D10,10.0,10.936920422752273,0.9369204227522729
13810.SKH.SHED.D10.2020.T11,D10,11.0,10.218090139251183,0.7819098607488169
13810.SKH.SHED.D10.2020.T12,D10,12.0,12.365969329682606,0.3659693296826063
13810.SKH.SHED.D10.2020.T13,D10,13.0,10.7788424949111,2.2211575050889003
13810.SKH.SHED.D10.2020.T14,D10,14.0,11.894083278722983,2.1059167212770173
13810.SKH.SHED.D10.2020.T15,D10,15.0,12.64803673561497,2.351963264385031
13810.SKH.SHED.D10.2020.T16,D10,16.0,8.890872819152264,7.109127180847736
13810.SKH.SHED.D10.2020.T18,D10,18.0,13.418444412092763,4.581555587907237
13810.SKH.SHED.D10.2020.T19,D10,19.0,7.863392799767514,11.136607200232486
13810.SKH.SHED.D10.2020.T2,D10,2.0,2.1824858923511345,0.18248589235113455
13810.SKH.SHED.D10.2020.T20,D10,20.0,16.128257974066635,3.871742025933365
13810.SKH.SHED.D10.2020.T3,D10,3.0,5.3365578123141635,2.3365578123141635
13810.SKH.SHED.D10.2020.T4,D10,4.0,4.405627670065718,0.4056276700657184
13810.SKH.SHED.D10.2020.T5,D10,5.0,6.219820390120278,1.2198203901202778
13810.SKH.SHED.D10.2020.T6,D10,6.0,10.28573045258689,4.28573045258689
13810.SKH.SHED.D10.2020.T7,D10,7.0,5.528538901380905,1.4714610986190948
13810.SKH.SHED.D10.2020.T8,D10,8.0,5.813526543682891,2.186473456317109
13810.SKH.SHED.D11.2020.T0,D11,0.0,1.877381777159448,1.877381777159448
13810.SKH.SHED.D11.2020.T1,D11,1.0,3.547235964794012,2.547235964794012
13810.SKH.SHED.D11.2020.T10,D11,10.0,4.814614422127126,5.185385577872874
13810.SKH.SHED.D11.2020.T11,D11,11.0,5.218812182716146,5.781187817283854
13810.SKH.SHED.D11.2020.T12,D11,12.0,9.966568082158615,2.0334319178413853
13810.SKH.SHED.D11.2020.T13,D11,13.0,9.80575343736119,3.19424656263881
13810.SKH.SHED.D11.2020.T14,D11,14.0,11.154066265043971,2.845933734956029
13810.SKH.SHED.D11.2020.T15,D11,15.0,13.582366385387907,1.4176336146120931
13810.SKH.SHED.D11.2020.T16,D11,16.0,13.740155055820892,2.2598449441791075
13810.SKH.SHED.D11.2020.T17,D11,17.0,13.485145696466589,3.5148543035334114
13810.SKH.SHED.D11.2020.T18,D11,18.0,12.929816352661678,5.070183647338322
13810.SKH.SHED.D11.2020.T19,D11,19.0,12.594270122196722,6.405729877803278
13810.SKH.SHED.D11.2020.T2,D11,2.0,2.027872138896142,0.02787213889614204
13810.SKH.SHED.D11.2020.T20,D11,20.0,13.207410986523424,6.792589013476576
13810.SKH.SHED.D11.2020.T3,D11,3.0,2.492569390577718,0.5074306094222818
13810.SKH.SHED.D11.2020.T4,D11,4.0,6.273889057996186,2.273889057996186
13810.SKH.SHED.D11.2020.T5,D11,5.0,5.836884139309262,0.8368841393092623
13810.SKH.SHED.D11.2020.T6,D11,6.0,3.6743075003364765,2.3256924996635235
13810.SKH.SHED.D11.2020.T7,D11,7.0,7.336222776772724,0.3362227767727237
13810.SKH.SHED.D11.2020.T8,D11,8.0,4.720819803039337,3.279180196960663
13810.SKH.SHED.D11.2020.T9,D11,9.0,5.39152806152693,3.6084719384730697
13810.SKH.SHED.D12.2020.T0,D12,0.0,3.476695831485511,3.476695831485511
13810.SKH.SHED.D12.2020.T1,D12,1.0,3.2052045018906323,2.2052045018906323
13810.SKH.SHED.D12.2020.T10,D12,10.0,13.365051110676355,3.3650511106763545
13810.SKH.SHED.D12.2020.T11,D12,11.0,13.42080955014635,2.42080955014635
13810.SKH.SHED.D12.2020.T12,D12,12.0,13.516385539318136,1.5163855393181365
13810.SKH.SHED.D12.2020.T13,D12,13.0,16.11100436928576,3.1110043692857587
13810.SKH.SHED.D12.2020.T14,D12,14.0,13.656011849903733,0.3439881500962674
13810.SKH.SHED.D12.2020.T15,D12,15.0,13.867345142392024,1.1326548576079762
13810.SKH.SHED.D12.2020.T16,D12,16.0,15.795660753725556,0.20433924627444355
13810.SKH.SHED.D12.2020.T17,D12,17.0,12.393018235504314,4.606981764495686
13810.SKH.SHED.D12.2020.T18,D12,18.0,14.607517599394154,3.3924824006058465
13810.SKH.SHED.D12.2020.T19,D12,19.0,11.561462677406297,7.438537322593703
13810.SKH.SHED.D12.2020.T2,D12,2.0,3.3593719449740105,1.3593719449740105
13810.SKH.SHED.D12.2020.T20,D12,20.0,11.251403352260388,8.748596647739612
13810.SKH.SHED.D12.2020.T3,D12,3.0,3.4909742223540396,0.49097422235403965
13810.SKH.SHED.D12.2020.T5,D12,5.0,14.87856326398996,9.87856326398996
13810.SKH.SHED.D12.2020.T6,D12,6.0,4.897336976281062,1.1026630237189377
13810.SKH.SHED.D12.2020.T7,D12,7.0,9.531495805012359,2.5314958050123586
13810.SKH.SHED.D12.2020.T9,D12,9.0,7.754478545386501,1.245521454613499
13810.SKH.SHED.D13.2021.T0,D13,0.0,2.0044971437503336,2.0044971437503336
13810.SKH.SHED.D13.2021.T1,D13,1.0,6.327011698109619,5.327011698109619
13810.SKH.SHED.D13.2021.T10,D13,10.0,10.108544560854682,0.108544560854682
13810.SKH.SHED.D13.2021.T11,D13,11.0,11.448917309796368,0.4489173097963679
13810.SKH.SHED.D13.2021.T12,D13,12.0,11.518118962625238,0.4818810373747624
13810.SKH.SHED.D13.2021.T13,D13,13.0,11.306890911818812,1.6931090881811883
13810.SKH.SHED.D13.2021.T14,D13,14.0,12.340299382329663,1.659700617670337
13810.SKH.SHED.D13.2021.T15,D13,15.0,11.912819522283861,3.0871804777161387
13810.SKH.SHED.D13.2021.T16,D13,16.0,11.621776729552689,4.378223270447311
13810.SKH.SHED.D13.2021.T17,D13,17.0,12.326359423115264,4.673640576884736
13810.SKH.SHED.D13.2021.T18,D13,18.0,13.396819083010712,4.603180916989288
13810.SKH.SHED.D13.2021.T19,D13,19.0,12.711504419320077,6.288495580679923
13810.SKH.SHED.D13.2021.T2,D13,2.0,5.984329004307904,3.984329004307904
13810.SKH.SHED.D13.2021.T20,D13,20.0,11.619655157079142,8.380344842920858
13810.SKH.SHED.D13.2021.T3,D13,3.0,2.922070661602373,0.07792933839762695
13810.SKH.SHED.D13.2021.T6,D13,6.0,7.731884462589235,1.7318844625892353
13810.SKH.SHED.D13.2021.T7,D13,7.0,8.163958396868514,1.163958396868514
13810.SKH.SHED.D13.2021.T8,D13,8.0,10.943506568887683,2.943506568887683
13810.SKH.SHED.D13.2021.T9,D13,9.0,11.357169429689622,2.3571694296896215
13810.SKH.SHED.D14.2021.T0,D14,0.0,5.993487025210466,5.993487025210466
13810.SKH.SHED.D14.2021.T1,D14,1.0,6.05309824182369,5.05309824182369
13810.SKH.SHED.D14.2021.T10,D14,10.0,13.77029338587785,3.7702933858778493
13810.SKH.SHED.D14.2021.T11,D14,11.0,11.923237992924351,0.923237992924351
13810.SKH.SHED.D14.2021.T12,D14,12.0,11.726104195441694,0.27389580455830576
13810.SKH.SHED.D14.2021.T13,D14,13.0,13.190670697198073,0.1906706971980725
13810.SKH.SHED.D14.2021.T14,D14,14.0,14.46436636550998,0.4643663655099797
13810.SKH.SHED.D14.2021.T15,D14,15.0,14.436790065863686,0.5632099341363137
13810.SKH.SHED.D14.2021.T16,D14,16.0,14.862544101887075,1.1374558981129255
13810.SKH.SHED.D14.2021.T17,D14,17.0,14.8463105577506,2.1536894422493997
13810.SKH.SHED.D14.2021.T18,D14,18.0,15.95811796720383,2.0418820327961704
13810.SKH.SHED.D14.2021.T19,D14,19.0,15.438585795518579,3.561414204481421
13810.SKH.SHED.D14.2021.T2,D14,2.0,0.9568958825946579,1.0431041174053421
13810.SKH.SHED.D14.2021.T20,D14,20.0,16.35962053482556,3.6403794651744406
13810.SKH.SHED.D14.2021.T3,D14,3.0,3.8508450323087375,0.8508450323087375
13810.SKH.SHED.D14.2021.T4,D14,4.0,4.985514668267681,0.9855146682676814
13810.SKH.SHED.D14.2021.T5,D14,5.0,6.960546945106746,1.9605469451067457
13810.SKH.SHED.D14.2021.T6,D14,6.0,9.862037352976177,3.862037352976177
13810.SKH.SHED.D14.2021.T7,D14,7.0,9.877249646257471,2.8772496462574715
13810.SKH.SHED.D14.2021.T8,D14,8.0,12.593423774125966,4.5934237741259665
13810.SKH.SHED.D14.2021.T9,D14,9.0,13.211992131130739,4.211992131130739
13810.SKH.SHED.D15.2021.T0,D15,0.0,7.236755487219083,7.236755487219083
13810.SKH.SHED.D15.2021.T1,D15,1.0,7.741750711526361,6.741750711526361
13810.SKH.SHED.D15.2021.T10,D15,10.0,13.803456907132706,3.8034569071327056
13810.SKH.SHED.D15.2021.T11,D15,11.0,13.497912723636178,2.497912723636178
13810.SKH.SHED.D15.2021.T12,D15,12.0,15.738727272457544,3.7387272724575435
13810.SKH.SHED.D15.2021.T13,D15,13.0,12.781199783676641,0.2188002163233591
13810.SKH.SHED.D15.2021.T14,D15,14.0,16.353995839524604,2.353995839524604
13810.SKH.SHED.D15.2021.T15,D15,15.0,15.814533135263963,0.8145331352639626
13810.SKH.SHED.D15.2021.T16,D15,16.0,14.595491093107677,1.4045089068923229
13810.SKH.SHED.D15.2021.T17,D15,17.0,12.86361048115021,4.136389518849789
13810.SKH.SHED.D15.2021.T18,D15,18.0,13.058864656996994,4.9411353430030065
13810.SKH.SHED.D15.2021.T2,D15,2.0,6.509875660623771,4.509875660623771
13810.SKH.SHED.D15.2021.T20,D15,20.0,14.362760690459325,5.637239309540675
13810.SKH.SHED.D15.2021.T3,D15,3.0,7.075290001056812,4.075290001056812
13810.SKH.SHED.D15.2021.T4,D15,4.0,7.097906849532703,3.097906849532703
13810.SKH.SHED.D15.2021.T5,D15,5.0,7.158307182500597,2.1583071825005966
13810.SKH.SHED.D15.2021.T6,D15,6.0,11.260659964551898,5.260659964551898
13810.SKH.SHED.D15.2021.T7,D15,7.0,8.747256056192048,1.7472560561920485
13810.SKH.SHED.D15.2021.T8,D15,8.0,8.986275958660357,0.9862759586603573
13810.SKH.SHED.D15.2021.T9,D15,9.0,9.077225488412772,0.07722548841277188
13810.SKH.SHED.D16.2021.T0,D16,0.0,2.8747071865937768,2.8747071865937768
13810.SKH.SHED.D16.2021.T1,D16,1.0,5.727556771284544,4.727556771284544
13810.SKH.SHED.D16.2021.T10,D16,10.0,9.708406903005537,0.2915930969944629
13810.SKH.SHED.D16.2021.T11,D16,11.0,10.239718851724264,0.7602811482757357
13810.SKH.SHED.D16.2021.T12,D16,12.0,10.51699638964756,1.4830036103524407
13810.SKH.SHED.D16.2021.T13,D16,13.0,10.170113907120026,2.829886092879974
13810.SKH.SHED.D16.2021.T14,D16,14.0,13.205486650236365,0.7945133497636352
13810.SKH.SHED.D16.2021.T15,D16,15.0,11.270964680681303,3.7290353193186974
13810.SKH.SHED.D16.2021.T16,D16,16.0,12.136948812633175,3.8630511873668247
13810.SKH.SHED.D16.2021.T17,D16,17.0,9.87087756848784,7.12912243151216
13810.SKH.SHED.D16.2021.T18,D16,18.0,13.57795643411086,4.42204356588914
13810.SKH.SHED.D16.2021.T19,D16,19.0,11.938201528423901,7.061798471576099
13810.SKH.SHED.D16.2021.T20,D16,20.0,12.461539963489821,7.538460036510179
13810.SKH.SHED.D16.2021.T3,D16,3.0,5.75215005977273,2.75215005977273
13810.SKH.SHED.D16.2021.T4,D16,4.0,3.626247740091818,0.37375225990818217
13810.SKH.SHED.D16.2021.T5,D16,5.0,2.5812172845010863,2.4187827154989137
13810.SKH.SHED.D16.2021.T6,D16,6.0,9.804194169418501,3.8041941694185013
13810.SKH.SHED.D16.2021.T7,D16,7.0,6.580825867827156,0.41917413217284416
13810.SKH.SHED.D16.2021.T8,D16,8.0,7.70084273405946,0.29915726594053993
13810.SKH.SHED.D16.2021.T9,D16,9.0,10.799119039805982,1.7991190398059818
13810.SKH.SHED.D17.2021.T0,D17,0.0,0.46116773572383785,0.46116773572383785
13810.SKH.SHED.D17.2021.T1,D17,1.0,3.2415304655282045,2.2415304655282045
13810.SKH.SHED.D17.2021.T10,D17,10.0,15.487696819366102,5.487696819366102
13810.SKH.SHED.D17.2021.T11,D17,11.0,15.932735764135847,4.932735764135847
13810.SKH.SHED.D17.2021.T12,D17,12.0,16.156515827953108,4.156515827953108
13810.SKH.SHED.D17.2021.T13,D17,13.0,15.594676323299465,2.594676323299465
13810.SKH.SHED.D17.2021.T14,D17,14.0,14.584052004457014,0.5840520044570141
13810.SKH.SHED.D17.2021.T15,D17,15.0,13.406963220392031,1.593036779607969
13810.SKH.SHED.D17.2021.T16,D17,16.0,14.252533059834128,1.7474669401658716
13810.SKH.SHED.D17.2021.T17,D17,17.0,12.516602316896547,4.483397683103453
13810.SKH.SHED.D17.2021.T18,D17,18.0,14.248955703073042,3.751044296926958
13810.SKH.SHED.D17.2021.T19,D17,19.0,16.197293901515287,2.8027060984847125
13810.SKH.SHED.D17.2021.T2,D17,2.0,5.536490585702105,3.536490585702105
13810.SKH.SHED.D17.2021.T20,D17,20.0,13.020377202020283,6.979622797979717
13810.SKH.SHED.D17.2021.T3,D17,3.0,5.864064362347621,2.864064362347621
13810.SKH.SHED.D17.2021.T4,D17,4.0,8.872157804686136,4.872157804686136
13810.SKH.SHED.D17.2021.T5,D17,5.0,10.493768070422085,5.493768070422085
13810.SKH.SHED.D17.2021.T6,D17,6.0,10.021103552972434,4.021103552972434
13810.SKH.SHED.D17.2021.T7,D17,7.0,11.215699986089968,4.215699986089968
13810.SKH.SHED.D17.2021.T8,D17,8.0,10.283480364369755,2.2834803643697548
13810.SKH.SHED.D17.2021.T9,D17,9.0,12.406112424130564,3.406112424130564
13810.SKH.SHED.D18.2021.T0,D18,0.0,3.4824915426329204,3.4824915426329204
13810.SKH.SHED.D18.2021.T1,D18,1.0,1.9121215920899783,0.9121215920899783
13810.SKH.SHED.D18.2021.T10,D18,10.0,10.968761260491837,0.9687612604918368
13810.SKH.SHED.D18.2021.T11,D18,11.0,15.080442512025803,4.080442512025803
13810.SKH.SHED.D18.2021.T12,D18,12.0,13.778951718634309,1.7789517186343087
13810.SKH.SHED.D18.2021.T13,D18,13.0,14.827278992789742,1.8272789927897417
13810.SKH.SHED.D18.2021.T14,D18,14.0,14.102853011103418,0.10285301110341827
13810.SKH.SHED.D18.2021.T15,D18,15.0,14.657454223700821,0.34254577629917904
13810.SKH.SHED.D18.2021.T16,D18,16.0,14.392769366421305,1.6072306335786948
13810.SKH.SHED.D18.2021.T17,D18,17.0,14.38823024256601,2.61176975743399
13810.SKH.SHED.D18.2021.T18,D18,18.0,14.294732209453276,3.705267790546724
13810.SKH.SHED.D18.2021.T19,D18,19.0,14.799252818683312,4.200747181316688
13810.SKH.SHED.D18.2021.T2,D18,2.0,4.272901844412167,2.272901844412167
13810.SKH.SHED.D18.2021.T20,D18,20.0,14.098952374841728,5.901047625158272
13810.SKH.SHED.D18.2021.T4,D18,4.0,7.532805539399812,3.5328055393998117
13810.SKH.SHED.D18.2021.T5,D18,5.0,7.174135155924148,2.174135155924148
13810.SKH.SHED.D18.2021.T6,D18,6.0,8.18702589538729,2.18702589538729
13810.SKH.SHED.D18.2021.T7,D18,7.0,8.083355545318323,1.083355545318323
13810.SKH.SHED.D18.2021.T8,D18,8.0,10.00317330556513,2.003173305565131
13810.SKH.SHED.D18.2021.T9,D18,9.0,12.1273560633208,3.1273560633208
13810.SKH.SHED.D19.2021.T0.1,D19,0.0,2.5323200214466897,2.5323200214466897
13810.SKH.SHED.D19.2021.T1.1,D19,1.0,6.385140799192791,5.385140799192791
13810.SKH.SHED.D19.2021.T10.2,D19,10.0,5.051253108861019,4.948746891138981
13810.SKH.SHED.D19.2021.T11.1,D19,11.0,11.55356118490627,0.55356118490627
13810.SKH.SHED.D19.2021.T13.1,D19,13.0,10.959619887592496,2.0403801124075045
13810.SKH.SHED.D19.2021.T14.1,D19,14.0,10.61795145041792,3.3820485495820805
13810.SKH.SHED.D19.2021.T15.1,D19,15.0,10.694693050445146,4.305306949554854
13810.SKH.SHED.D19.2021.T16.1,D19,16.0,12.409546053219128,3.5904539467808725
13810.SKH.SHED.D19.2021.T17.1,D19,17.0,14.781286683575644,2.218713316424356
13810.SKH.SHED.D19.2021.T18.1,D19,18.0,16.598804147148638,1.4011958528513624
13810.SKH.SHED.D19.2021.T19.1,D19,19.0,17.74194845727178,1.2580515427282215
13810.SKH.SHED.D19.2021.T2.1,D19,2.0,4.815388032646893,2.8153880326468927
13810.SKH.SHED.D19.2021.T20.1,D19,20.0,17.855018922772807,2.144981077227193
13810.SKH.SHED.D19.2021.T3.1,D19,3.0,6.553981812831217,3.553981812831217
13810.SKH.SHED.D19.2021.T4.1,D19,4.0,9.672389271068909,5.672389271068909
13810.SKH.SHED.D19.2021.T5.1,D19,5.0,8.771648436255328,3.7716484362553278
13810.SKH.SHED.D19.2021.T6.1,D19,6.0,9.22153908496386,3.22153908496386
13810.SKH.SHED.D19.2021.T7.1,D19,7.0,11.369765736990598,4.369765736990598
13810.SKH.SHED.D19.2021.T8.1,D19,8.0,9.731402887362709,1.7314028873627088
13810.SKH.SHED.D19.2021.T9.1,D19,9.0,11.677792916950441,2.677792916950441
13810.SKH.SHED.D20.2021.T0.1,D20,0.0,2.5227940161780174,2.5227940161780174
13810.SKH.SHED.D20.2021.T1.1,D20,1.0,2.0944532915812197,1.0944532915812197
13810.SKH.SHED.D20.2021.T10.1,D20,10.0,5.0003291640512915,4.9996708359487085
13810.SKH.SHED.D20.2021.T11.1,D20,11.0,4.5595970407047695,6.4404029592952305
13810.SKH.SHED.D20.2021.T13.1,D20,13.0,2.7199070202302726,10.280092979769726
13810.SKH.SHED.D20.2021.T14.1,D20,14.0,2.5312199519989296,11.46878004800107
13810.SKH.SHED.D20.2021.T15.1,D20,15.0,3.4968090758836365,11.503190924116364
13810.SKH.SHED.D20.2021.T16.1,D20,16.0,12.027850750810865,3.972149249189135
13810.SKH.SHED.D20.2021.T17.1,D20,17.0,5.646028138939766,11.353971861060234
13810.SKH.SHED.D20.2021.T18.1,D20,18.0,4.797958121132011,13.20204187886799
13810.SKH.SHED.D20.2021.T19.1,D20,19.0,6.27417976629048,12.72582023370952
13810.SKH.SHED.D20.2021.T2.1,D20,2.0,4.423927050873126,2.423927050873126
13810.SKH.SHED.D20.2021.T20.1,D20,20.0,4.510092675320954,15.489907324679045
13810.SKH.SHED.D20.2021.T3.1,D20,3.0,2.857863618393694,0.14213638160630593
13810.SKH.SHED.D20.2021.T4.1,D20,4.0,3.4876719996366883,0.5123280003633117
13810.SKH.SHED.D20.2021.T5.1,D20,5.0,3.8214487983161467,1.1785512016838533
13810.SKH.SHED.D20.2021.T6.1,D20,6.0,4.924851789794044,1.0751482102059562
13810.SKH.SHED.D20.2021.T8.1,D20,8.0,7.972072628926766,0.027927371073234397
13810.SKH.SHED.D20.2021.T9.1,D20,9.0,3.9824377732452723,5.017562226754728
13810.SKH.SHED.D21.2021.T0.1,D21,0.0,3.080737461482345,3.080737461482345
13810.SKH.SHED.D21.2021.T1.1,D21,1.0,7.5899156401203705,6.5899156401203705
13810.SKH.SHED.D21.2021.T10.1,D21,10.0,9.139472313797096,0.8605276862029037
13810.SKH.SHED.D21.2021.T11.1,D21,11.0,11.263758308917463,0.2637583089174633
13810.SKH.SHED.D21.2021.T12.1,D21,12.0,10.381726664873154,1.6182733351268457
13810.SKH.SHED.D21.2021.T13.1,D21,13.0,10.686288508437068,2.313711491562932
13810.SKH.SHED.D21.2021.T14.1,D21,14.0,9.604600456628699,4.395399543371301
13810.SKH.SHED.D21.2021.T15.1,D21,15.0,11.428517882232224,3.5714821177677756
13810.SKH.SHED.D21.2021.T16.1,D21,16.0,13.54119357587145,2.45880642412855
13810.SKH.SHED.D21.2021.T17.1,D21,17.0,15.453204436461345,1.5467955635386552
13810.SKH.SHED.D21.2021.T18.1,D21,18.0,15.658356310047614,2.3416436899523863
13810.SKH.SHED.D21.2021.T19.1,D21,19.0,14.292234796637793,4.707765203362207
13810.SKH.SHED.D21.2021.T20.1,D21,20.0,16.938877847148216,3.061122152851784
13810.SKH.SHED.D21.2021.T3.1,D21,3.0,9.704684021384077,6.704684021384077
13810.SKH.SHED.D21.2021.T5.1,D21,5.0,7.654767484126291,2.6547674841262907
13810.SKH.SHED.D21.2021.T6.1,D21,6.0,9.168092350510209,3.168092350510209
13810.SKH.SHED.D21.2021.T7.1,D21,7.0,8.491657266811607,1.4916572668116075
13810.SKH.SHED.D21.2021.T8.1,D21,8.0,8.624893009305342,0.6248930093053424
13810.SKH.SHED.D21.2021.T9.1,D21,9.0,8.425473945869554,0.5745260541304464
13810.SKH.SHED.D22.2021.T0.1,D22,0.0,7.297851348475076,7.297851348475076
13810.SKH.SHED.D22.2021.T1.1,D22,1.0,2.930771644149805,1.930771644149805
13810.SKH.SHED.D22.2021.T12.1,D22,12.0,4.218953736118071,7.781046263881929
13810.SKH.SHED.D22.2021.T13.1,D22,13.0,3.4012936743745836,9.598706325625416
13810.SKH.SHED.D22.2021.T15.1,D22,15.0,5.639319425919714,9.360680574080286
13810.SKH.SHED.D22.2021.T16.1,D22,16.0,11.335231318172774,4.664768681827226
13810.SKH.SHED.D22.2021.T17.1,D22,17.0,11.398295719135065,5.601704280864935
13810.SKH.SHED.D22.2021.T18.1,D22,18.0,10.331023129758876,7.668976870241124
13810.SKH.SHED.D22.2021.T19.1,D22,19.0,11.197026201091097,7.802973798908903
13810.SKH.SHED.D22.2021.T2.1,D22,2.0,8.489301932443908,6.489301932443908
13810.SKH.SHED.D22.2021.T8.1,D22,8.0,3.8183134417076148,4.181686558292386
13810.SKH.SHED.D22.2021.T9.1,D22,9.0,6.5275692137839645,2.4724307862160355
13810.SKH.SHED.D23.2021.T0.1,D23,0.0,3.0067154721101743,3.0067154721101743
13810.SKH.SHED.D23.2021.T1.1,D23,1.0,5.113959221073095,4.113959221073095
13810.SKH.SHED.D23.2021.T10.1,D23,10.0,10.452455225056047,0.4524552250560472
13810.SKH.SHED.D23.2021.T11.1,D23,11.0,10.642009717966117,0.3579902820338834
13810.SKH.SHED.D23.2021.T12.1,D23,12.0,11.770075470995092,0.2299245290049079
13810.SKH.SHED.D23.2021.T13.1,D23,13.0,11.114791501691553,1.8852084983084474
13810.SKH.SHED.D23.2021.T14.1,D23,14.0,11.825773836896818,2.1742261631031816
13810.SKH.SHED.D23.2021.T15.1,D23,15.0,11.18485337730874,3.8151466226912607
13810.SKH.SHED.D23.2021.T16.1,D23,16.0,12.984362247396966,3.015637752603034
13810.SKH.SHED.D23.2021.T17.1,D23,17.0,13.728659264075059,3.271340735924941
13810.SKH.SHED.D23.2021.T18.1,D23,18.0,13.739149838866378,4.260850161133622
13810.SKH.SHED.D23.2021.T19.1,D23,19.0,12.922060420255356,6.077939579744644
13810.SKH.SHED.D23.2021.T2.1,D23,2.0,7.942592583278885,5.942592583278885
13810.SKH.SHED.D23.2021.T20.1,D23,20.0,12.9563656680838,7.0436343319162
13810.SKH.SHED.D23.2021.T3.1,D23,3.0,7.719987730526564,4.719987730526564
13810.SKH.SHED.D23.2021.T5.1,D23,5.0,7.570257960642449,2.570257960642449
13810.SKH.SHED.D23.2021.T6.1,D23,6.0,6.2755195915320545,0.2755195915320545
13810.SKH.SHED.D23.2021.T7.1,D23,7.0,8.490084136223915,1.4900841362239152
13810.SKH.SHED.D23.2021.T8.1,D23,8.0,7.419390161288053,0.5806098387119469
13810.SKH.SHED.D23.2021.T9.1,D23,9.0,9.96541907862701,0.9654190786270096
13810.SKH.SHED.D24.2021.T0.1,D24,0.0,3.5008205260462826,3.5008205260462826
13810.SKH.SHED.D24.2021.T1.1,D24,1.0,2.762543074300006,1.7625430743000061
13810.SKH.SHED.D24.2021.T10.1,D24,10.0,7.855582094634611,2.1444179053653887
13810.SKH.SHED.D24.2021.T11.1,D24,11.0,3.553152013237833,7.446847986762167
13810.SKH.SHED.D24.2021.T12.1,D24,12.0,6.826192923510493,5.173807076489507
13810.SKH.SHED.D24.2021.T13.1,D24,13.0,9.258604639688532,3.7413953603114685
13810.SKH.SHED.D24.2021.T14.1,D24,14.0,9.978561575906713,4.021438424093287
13810.SKH.SHED.D24.2021.T15.1,D24,15.0,9.73063509266511,5.269364907334889
13810.SKH.SHED.D24.2021.T16.1,D24,16.0,13.379581643520396,2.620418356479604
13810.SKH.SHED.D24.2021.T17.1,D24,17.0,12.553322995949598,4.446677004050402
13810.SKH.SHED.D24.2021.T18.1,D24,18.0,10.61560247423569,7.38439752576431
13810.SKH.SHED.D24.2021.T19.1,D24,19.0,11.03510285532463,7.964897144675369
13810.SKH.SHED.D24.2021.T20.1,D24,20.0,13.748131480783645,6.251868519216355
13810.SKH.SHED.D24.2021.T3.1,D24,3.0,6.26285383796989,3.2628538379698897
13810.SKH.SHED.D24.2021.T4.1,D24,4.0,2.2059370725564107,1.7940629274435893
13810.SKH.SHED.D24.2021.T6.1,D24,6.0,1.6541935718460694,4.345806428153931
13810.SKH.SHED.D24.2021.T7.1,D24,7.0,15.739722244214658,8.739722244214658
13810.SKH.SHED.D24.2021.T9.1,D24,9.0,4.792301693044792,4.207698306955208
13810.SKH.SHED.D25.2021.T0.1,D25,0.0,2.3310685840297634,2.3310685840297634
13810.SKH.SHED.D25.2021.T1.1,D25,1.0,3.9062189430216874,2.9062189430216874
13810.SKH.SHED.D25.2021.T10.1,D25,10.0,5.87951528586534,4.12048471413466
13810.SKH.SHED.D25.2021.T11.1,D25,11.0,10.344285930535321,0.655714069464679
13810.SKH.SHED.D25.2021.T12.1,D25,12.0,10.166950875244307,1.8330491247556928
13810.SKH.SHED.D25.2021.T13.1,D25,13.0,9.321744975083796,3.6782550249162043
13810.SKH.SHED.D25.2021.T14.1,D25,14.0,10.803571570481015,3.196428429518985
13810.SKH.SHED.D25.2021.T15.1,D25,15.0,8.640214695521928,6.359785304478072
13810.SKH.SHED.D25.2021.T16.1,D25,16.0,10.227022580877255,5.7729774191227445
13810.SKH.SHED.D25.2021.T17.1,D25,17.0,11.535324282106268,5.464675717893732
13810.SKH.SHED.D25.2021.T18.1,D25,18.0,7.103911761440298,10.896088238559702
13810.SKH.SHED.D25.2021.T19.1,D25,19.0,17.00821856030162,1.9917814396983786
13810.SKH.SHED.D25.2021.T2.1,D25,2.0,2.0770277342463546,0.07702773424635456
13810.SKH.SHED.D25.2021.T20.1,D25,20.0,17.181012102500468,2.8189878974995324
13810.SKH.SHED.D25.2021.T3.1,D25,3.0,3.2134429065558003,0.21344290655580034
13810.SKH.SHED.D25.2021.T4.1,D25,4.0,3.946661104513408,0.0533388954865921
13810.SKH.SHED.D25.2021.T5.1,D25,5.0,4.703449023565559,0.2965509764344407
13810.SKH.SHED.D25.2021.T6.1,D25,6.0,3.8622791726488046,2.1377208273511954
13810.SKH.SHED.D25.2021.T7.1,D25,7.0,4.602279460508861,2.3977205394911394
13810.SKH.SHED.D25.2021.T8.1,D25,8.0,8.879015599740754,0.8790155997407538
13810.SKH.SHED.D25.2021.T9.1,D25,9.0,7.405854884509761,1.5941451154902389
13810.SKH.SHED.D26.2021.T0.2,D26,0.0,4.201604892237393,4.201604892237393
13810.SKH.SHED.D26.2021.T1.1,D26,1.0,6.936491026829415,5.936491026829415
13810.SKH.SHED.D26.2021.T10.1,D26,10.0,7.887933187860314,2.1120668121396857
13810.SKH.SHED.D26.2021.T11.1,D26,11.0,9.282302687354711,1.7176973126452886
13810.SKH.SHED.D26.2021.T12.1,D26,12.0,8.132106500443236,3.8678934995567644
13810.SKH.SHED.D26.2021.T13.1,D26,13.0,13.108017468889429,0.10801746888942887
13810.SKH.SHED.D26.2021.T14.1,D26,14.0,14.714373574662352,0.7143735746623516
13810.SKH.SHED.D26.2021.T15.1,D26,15.0,16.4200735038798,1.4200735038797987
13810.SKH.SHED.D26.2021.T16.1,D26,16.0,16.231530696073552,0.23153069607355192
13810.SKH.SHED.D26.2021.T17.1,D26,17.0,13.942236116302812,3.057763883697188
13810.SKH.SHED.D26.2021.T18.1,D26,18.0,15.489982550474405,2.510017449525595
13810.SKH.SHED.D26.2021.T19.1,D26,19.0,16.64075634490197,2.3592436550980302
13810.SKH.SHED.D26.2021.T2.1,D26,2.0,3.4594266532521245,1.4594266532521245
13810.SKH.SHED.D26.2021.T20.1,D26,20.0,16.64522678792891,3.354773212071091
13810.SKH.SHED.D26.2021.T3.1,D26,3.0,2.902695134708232,0.09730486529176785
13810.SKH.SHED.D26.2021.T4.1,D26,4.0,5.501973846833078,1.5019738468330779
13810.SKH.SHED.D26.2021.T5.1,D26,5.0,4.243180224050241,0.7568197759497588
13810.SKH.SHED.D26.2021.T6.1,D26,6.0,6.936780275216599,0.9367802752165986
13810.SKH.SHED.D26.2021.T7.1,D26,7.0,4.849620477904109,2.150379522095891
13810.SKH.SHED.D26.2021.T8.1,D26,8.0,6.23524865360256,1.76475134639744
13810.SKH.SHED.D26.2021.T9.1,D26,9.0,8.37946639971692,0.6205336002830801
13810.SKH.SHED.D27.2021.T0.1,D27,0.0,3.3715134725721843,3.3715134725721843
13810.SKH.SHED.D27.2021.T1.1,D27,1.0,2.9235765391420143,1.9235765391420143
13810.SKH.SHED.D27.2021.T10.1,D27,10.0,15.274304207836547,5.274304207836547
13810.SKH.SHED.D27.2021.T11.1,D27,11.0,16.513701314950165,5.513701314950165
13810.SKH.SHED.D27.2021.T12.1,D27,12.0,13.088255679859303,1.0882556798593033
13810.SKH.SHED.D27.2021.T13.1,D27,13.0,15.856622986362382,2.8566229863623818
13810.SKH.SHED.D27.2021.T14.1,D27,14.0,12.322390481361694,1.677609518638306
13810.SKH.SHED.D27.2021.T15.1,D27,15.0,16.294939833581587,1.2949398335815872
13810.SKH.SHED.D27.2021.T16.1,D27,16.0,14.506396911046991,1.4936030889530088
13810.SKH.SHED.D27.2021.T17.1,D27,17.0,14.154178158568213,2.8458218414317873
13810.SKH.SHED.D27.2021.T18.1,D27,18.0,15.2386043275706,2.7613956724293995
13810.SKH.SHED.D27.2021.T19.1,D27,19.0,13.22216835526117,5.77783164473883
13810.SKH.SHED.D27.2021.T2.1,D27,2.0,5.65585752890346,3.65585752890346
13810.SKH.SHED.D27.2021.T20.1,D27,20.0,14.18319858804077,5.816801411959229
13810.SKH.SHED.D27.2021.T3.1,D27,3.0,6.4390613079727,3.4390613079727004
13810.SKH.SHED.D27.2021.T4.1,D27,4.0,6.471981646171617,2.471981646171617
13810.SKH.SHED.D27.2021.T5.1,D27,5.0,5.921462166359113,0.9214621663591132
13810.SKH.SHED.D27.2021.T6.1,D27,6.0,6.517611846399055,0.5176118463990553
13810.SKH.SHED.D27.2021.T7.1,D27,7.0,10.51638112301037,3.5163811230103708
13810.SKH.SHED.D27.2021.T8.1,D27,8.0,12.099563954237674,4.099563954237674
13810.SKH.SHED.D27.2021.T9.1,D27,9.0,13.822283244545917,4.8222832445459165
13810.SKH.SHED.D28.2021.T0.1,D28,0.0,1.891816801094402,1.891816801094402
13810.SKH.SHED.D28.2021.T1.1,D28,1.0,4.22044451562506,3.2204445156250596
13810.SKH.SHED.D28.2021.T10.1,D28,10.0,8.22641316206837,1.7735868379316297
13810.SKH.SHED.D28.2021.T11.1,D28,11.0,10.104022919566317,0.8959770804336831
13810.SKH.SHED.D28.2021.T12.1,D28,12.0,9.454476574739902,2.5455234252600984
13810.SKH.SHED.D28.2021.T13.1,D28,13.0,9.426581524167577,3.5734184758324226
13810.SKH.SHED.D28.2021.T14.1,D28,14.0,12.29700465639601,1.7029953436039893
13810.SKH.SHED.D28.2021.T15.1,D28,15.0,12.072572219702652,2.9274277802973483
13810.SKH.SHED.D28.2021.T16.1,D28,16.0,11.980012293182746,4.019987706817254
13810.SKH.SHED.D28.2021.T17.1,D28,17.0,12.500312719867246,4.499687280132754
13810.SKH.SHED.D28.2021.T18.1,D28,18.0,12.554056088255045,5.445943911744955
13810.SKH.SHED.D28.2021.T19.1,D28,19.0,14.244724489632421,4.755275510367579
13810.SKH.SHED.D28.2021.T2.1,D28,2.0,2.461346072798267,0.4613460727982668
13810.SKH.SHED.D28.2021.T20.1,D28,20.0,14.093223225842147,5.906776774157853
13810.SKH.SHED.D28.2021.T3.1,D28,3.0,3.1698360669307863,0.16983606693078634
13810.SKH.SHED.D28.2021.T6.1,D28,6.0,4.8796985141036195,1.1203014858963805
13810.SKH.SHED.D28.2021.T7.1,D28,7.0,4.383631103970197,2.616368896029803
13810.SKH.SHED.D28.2021.T8.1,D28,8.0,9.382741020650094,1.3827410206500943
13810.SKH.SHED.D28.2021.T9.1,D28,9.0,11.205728985541235,2.205728985541235
13810.SKH.SHED.D29.2021.T0.1,D29,0.0,2.489616568635652,2.489616568635652
13810.SKH.SHED.D29.2021.T1.1,D29,1.0,2.1346153371906356,1.1346153371906356
13810.SKH.SHED.D29.2021.T10.1,D29,10.0,11.124970115425203,1.124970115425203
13810.SKH.SHED.D29.2021.T11.1,D29,11.0,12.08691471972725,1.0869147197272504
13810.SKH.SHED.D29.2021.T12.1,D29,12.0,13.481103109153318,1.4811031091533184
13810.SKH.SHED.D29.2021.T13.1,D29,13.0,12.832918107181408,0.16708189281859198
13810.SKH.SHED.D29.2021.T14.1,D29,14.0,13.482608404966916,0.5173915950330841
13810.SKH.SHED.D29.2021.T15.1,D29,15.0,15.545517227354505,0.5455172273545053
13810.SKH.SHED.D29.2021.T16.1,D29,16.0,12.622004006002681,3.3779959939973185
13810.SKH.SHED.D29.2021.T17.1,D29,17.0,16.195963209235824,0.8040367907641759
13810.SKH.SHED.D29.2021.T18.1,D29,18.0,16.22415720171651,1.7758427982834917
13810.SKH.SHED.D29.2021.T19.1,D29,19.0,15.815229848782554,3.184770151217446
13810.SKH.SHED.D29.2021.T2.1,D29,2.0,2.98712716250897,0.9871271625089699
13810.SKH.SHED.D29.2021.T20.1,D29,20.0,17.615438538840543,2.384561461159457
13810.SKH.SHED.D29.2021.T3.1,D29,3.0,6.0574753490377375,3.0574753490377375
13810.SKH.SHED.D29.2021.T4.1,D29,4.0,5.980603595700746,1.980603595700746
13810.SKH.SHED.D29.2021.T5.1,D29,5.0,7.003719456097409,2.003719456097409
13810.SKH.SHED.D29.2021.T6.1,D29,6.0,4.562344864910008,1.437655135089992
13810.SKH.SHED.D29.2021.T7.1,D29,7.0,6.017286601278425,0.9827133987215753
13810.SKH.SHED.D29.2021.T8.1,D29,8.0,10.89834424155572,2.8983442415557192
13810.SKH.SHED.D29.2021.T9.1,D29,9.0,11.747881220430894,2.7478812204308944
13810.SKH.SHED.D30.2021.T10.1,D30,10.0,8.988768209568825,1.0112317904311752
13810.SKH.SHED.D30.2021.T11.1,D30,11.0,10.871908053021848,0.1280919469781523
13810.SKH.SHED.D30.2021.T12.1,D30,12.0,15.838514372651627,3.838514372651627
13810.SKH.SHED.D30.2021.T13.1,D30,13.0,14.65666636268487,1.65666636268487
13810.SKH.SHED.D30.2021.T14.1,D30,14.0,14.754461496435065,0.7544614964350647
13810.SKH.SHED.D30.2021.T15.1,D30,15.0,14.363129934450885,0.6368700655491146
13810.SKH.SHED.D30.2021.T16.1,D30,16.0,13.894574628676121,2.1054253713238786
13810.SKH.SHED.D30.2021.T17.1,D30,17.0,13.31724478817478,3.6827552118252207
13810.SKH.SHED.D30.2021.T18.1,D30,18.0,15.028896517840428,2.971103482159572
13810.SKH.SHED.D30.2021.T19.1,D30,19.0,13.03301356552449,5.96698643447551
13810.SKH.SHED.D30.2021.T20.1,D30,20.0,12.992084410890236,7.007915589109764
13810.SKH.SHED.D30.2021.T3.1,D30,3.0,1.722440402513636,1.277559597486364
13810.SKH.SHED.D30.2021.T6.1,D30,6.0,4.171347952163297,1.8286520478367034
13810.SKH.SHED.D30.2021.T7.1,D30,7.0,6.076669622984493,0.9233303770155068
13810.SKH.SHED.D30.2021.T8.1,D30,8.0,7.417649499612865,0.5823505003871352
13810.SKH.SHED.D30.2021.T9.1,D30,9.0,10.300876050840015,1.3008760508400155
13810.SKH.SHED.D4.2020.T0,D4,0.0,0.5651863875848362,0.5651863875848362
13810.SKH.SHED.D4.2020.T1,D4,1.0,4.6284689346401775,3.6284689346401775
13810.SKH.SHED.D4.2020.T10,D4,10.0,10.473749282024713,0.47374928202471267
13810.SKH.SHED.D4.2020.T11,D4,11.0,10.175335818885873,0.8246641811141266
13810.SKH.SHED.D4.2020.T13,D4,13.0,8.325400115655082,4.674599884344918
13810.SKH.SHED.D4.2020.T15,D4,15.0,12.427102602116012,2.572897397883988
13810.SKH.SHED.D4.2020.T16,D4,16.0,11.198336416845954,4.8016635831540455
13810.SKH.SHED.D4.2020.T17,D4,17.0,11.639342213578743,5.360657786421257
13810.SKH.SHED.D4.2020.T18,D4,18.0,15.349746845016021,2.6502531549839787
13810.SKH.SHED.D4.2020.T19,D4,19.0,14.778901869524157,4.221098130475843
13810.SKH.SHED.D4.2020.T20,D4,20.0,15.167814196591225,4.832185803408775
13810.SKH.SHED.D4.2020.T4,D4,4.0,10.442977099378734,6.442977099378734
13810.SKH.SHED.D4.2020.T5,D4,5.0,8.226203175649449,3.2262031756494487
13810.SKH.SHED.D4.2020.T6,D4,6.0,8.135942373999637,2.1359423739996366
13810.SKH.SHED.D4.2020.T7,D4,7.0,10.219834627065016,3.2198346270650156
13810.SKH.SHED.D4.2020.T8,D4,8.0,11.047632172328685,3.0476321723286848
13810.SKH.SHED.D4.2020.T9,D4,9.0,10.685042663869602,1.685042663869602
13810.SKH.SHED.D5.2020.T1,D5,1.0,4.56842580076691,3.56842580076691
13810.SKH.SHED.D5.2020.T10,D5,10.0,12.237810259895559,2.237810259895559
13810.SKH.SHED.D5.2020.T11,D5,11.0,13.910755131393586,2.9107551313935858
13810.SKH.SHED.D5.2020.T12,D5,12.0,10.777713280900665,1.2222867190993352
13810.SKH.SHED.D5.2020.T13,D5,13.0,11.6374105459311,1.3625894540688996
13810.SKH.SHED.D5.2020.T14,D5,14.0,9.673235591908202,4.3267644080917975
13810.SKH.SHED.D5.2020.T15,D5,15.0,11.005356782332287,3.994643217667713
13810.SKH.SHED.D5.2020.T16,D5,16.0,14.389550605029603,1.6104493949703969
13810.SKH.SHED.D5.2020.T17,D5,17.0,10.367778843614484,6.632221156385516
13810.SKH.SHED.D5.2020.T18,D5,18.0,10.12999432853779,7.870005671462209
13810.SKH.SHED.D5.2020.T19,D5,19.0,12.884664342087246,6.115335657912754
13810.SKH.SHED.D5.2020.T2,D5,2.0,3.261367733458372,1.2613677334583722
13810.SKH.SHED.D5.2020.T20,D5,20.0,12.208363158655283,7.791636841344717
13810.SKH.SHED.D5.2020.T7,D5,7.0,9.332254190455863,2.3322541904558634
13810.SKH.SHED.D5.2020.T8,D5,8.0,11.74505245174672,3.7450524517467194
13810.SKH.SHED.D5.2020.T9,D5,9.0,9.817264551522765,0.817264551522765
13810.SKH.SHED.D6.2020.T0,D6,0.0,0.7036936128092686,0.7036936128092686
13810.SKH.SHED.D6.2020.T1,D6,1.0,1.8155019863529072,0.8155019863529072
13810.SKH.SHED.D6.2020.T10,D6,10.0,6.3149393824688085,3.6850606175311915
13810.SKH.SHED.D6.2020.T12,D6,12.0,7.646424809992643,4.353575190007357
13810.SKH.SHED.D6.2020.T13,D6,13.0,10.345509879267112,2.6544901207328877
13810.SKH.SHED.D6.2020.T14,D6,14.0,12.146937173906299,1.8530628260937014
13810.SKH.SHED.D6.2020.T15,D6,15.0,13.046798830304827,1.9532011696951734
13810.SKH.SHED.D6.2020.T16,D6,16.0,12.43273979753161,3.5672602024683897
13810.SKH.SHED.D6.2020.T17,D6,17.0,16.451841428916275,0.5481585710837251
13810.SKH.SHED.D6.2020.T18,D6,18.0,13.29806609887365,4.701933901126351
13810.SKH.SHED.D6.2020.T19,D6,19.0,13.046059328212205,5.9539406717877945
13810.SKH.SHED.D6.2020.T2,D6,2.0,4.724450980667568,2.7244509806675676
13810.SKH.SHED.D6.2020.T20,D6,20.0,13.761748181390068,6.238251818609932
13810.SKH.SHED.D6.2020.T3,D6,3.0,4.633022769316027,1.6330227693160273
13810.SKH.SHED.D6.2020.T5,D6,5.0,9.179201641107943,4.179201641107943
13810.SKH.SHED.D6.2020.T6,D6,6.0,3.6957257988324406,2.3042742011675594
13810.SKH.SHED.D6.2020.T7,D6,7.0,9.321438577724734,2.3214385777247344
13810.SKH.SHED.D6.2020.T8,D6,8.0,8.433892591971778,0.43389259197177843
13810.SKH.SHED.D6.2020.T9,D6,9.0,6.929296166526928,2.070703833473072
13810.SKH.SHED.D7.2020.T0,D7,0.0,6.078495213196924,6.078495213196924
13810.SKH.SHED.D7.2020.T1,D7,1.0,5.873849151795115,4.873849151795115
13810.SKH.SHED.D7.2020.T10,D7,10.0,5.8898209266283725,4.1101790733716275
13810.SKH.SHED.D7.2020.T12,D7,12.0,8.418888461482261,3.581111538517739
13810.SKH.SHED.D7.2020.T13,D7,13.0,8.340040107195621,4.659959892804379
13810.SKH.SHED.D7.2020.T14,D7,14.0,9.135360762188435,4.864639237811565
13810.SKH.SHED.D7.2020.T15,D7,15.0,7.24733644909455,7.75266355090545
13810.SKH.SHED.D7.2020.T16,D7,16.0,9.415911476948772,6.5840885230512285
13810.SKH.SHED.D7.2020.T18,D7,18.0,8.573633286236177,9.426366713763823
13810.SKH.SHED.D7.2020.T19,D7,19.0,8.98244469867774,10.01755530132226
13810.SKH.SHED.D7.2020.T2,D7,2.0,5.074663441943891,3.0746634419438914
13810.SKH.SHED.D7.2020.T20,D7,20.0,6.284374619560922,13.715625380439079
13810.SKH.SHED.D7.2020.T3,D7,3.0,5.912387973548083,2.912387973548083
13810.SKH.SHED.D7.2020.T4,D7,4.0,6.106872058908387,2.1068720589083867
13810.SKH.SHED.D7.2020.T5,D7,5.0,6.793209918773574,1.7932099187735737
13810.SKH.SHED.D7.2020.T6,D7,6.0,7.924571181418592,1.9245711814185924
13810.SKH.SHED.D7.2020.T7,D7,7.0,7.365628771634998,0.36562877163499774
13810.SKH.SHED.D7.2020.T8,D7,8.0,8.282162250047712,0.2821622500477119
13810.SKH.SHED.D7.2020.T9,D7,9.0,6.479470618280488,2.520529381719512
13810.SKH.SHED.D8.2020.T0,D8,0.0,1.388734252684156,1.388734252684156
13810.SKH.SHED.D8.2020.T1,D8,1.0,2.3551092434291596,1.3551092434291596
13810.SKH.SHED.D8.2020.T10,D8,10.0,8.324745966837584,1.6752540331624157
13810.SKH.SHED.D8.2020.T12,D8,12.0,10.16492727504286,1.83507272495714
13810.SKH.SHED.D8.2020.T14,D8,14.0,12.098644424820776,1.901355575179224
13810.SKH.SHED.D8.2020.T15,D8,15.0,15.096649668460099,0.09664966846009904
13810.SKH.SHED.D8.2020.T16,D8,16.0,7.53728575702236,8.46271424297764
13810.SKH.SHED.D8.2020.T17,D8,17.0,12.676303071260778,4.323696928739222
13810.SKH.SHED.D8.2020.T18,D8,18.0,12.519845794422686,5.480154205577314
13810.SKH.SHED.D8.2020.T19,D8,19.0,13.65164347986378,5.348356520136219
13810.SKH.SHED.D8.2020.T20,D8,20.0,13.386821747400377,6.6131782525996226
13810.SKH.SHED.D8.2020.T3,D8,3.0,4.2854583115357165,1.2854583115357165
13810.SKH.SHED.D8.2020.T5,D8,5.0,7.873754128346965,2.873754128346965
13810.SKH.SHED.D8.2020.T7,D8,7.0,10.459610913317746,3.4596109133177464
13810.SKH.SHED.D8.2020.T8,D8,8.0,11.373525562064357,3.3735255620643567
13810.SKH.SHED.D8.2020.T9,D8,9.0,4.579445476686864,4.420554523313136
13810.SKH.SHED.D9.2020.T0,D9,0.0,2.48609326027612,2.48609326027612
13810.SKH.SHED.D9.2020.T1,D9,1.0,2.6872153531261675,1.6872153531261675
13810.SKH.SHED.D9.2020.T10,D9,10.0,1.2059191170292518,8.794080882970748
13810.SKH.SHED.D9.2020.T11,D9,11.0,3.5471663260572455,7.452833673942754
13810.SKH.SHED.D9.2020.T12,D9,12.0,4.704084196951646,7.295915803048354
13810.SKH.SHED.D9.2020.T13,D9,13.0,4.544398173211814,8.455601826788186
13810.SKH.SHED.D9.2020.T14,D9,14.0,4.098648769663876,9.901351230336125
13810.SKH.SHED.D9.2020.T15,D9,15.0,11.75641403227325,3.24358596772675
13810.SKH.SHED.D9.2020.T16,D9,16.0,2.2578307524922967,13.742169247507704
13810.SKH.SHED.D9.2020.T17,D9,17.0,1.955049959920498,15.044950040079502
13810.SKH.SHED.D9.2020.T18,D9,18.0,4.1142660224225125,13.885733977577488
13810.SKH.SHED.D9.2020.T19,D9,19.0,10.867004895562554,8.132995104437446
13810.SKH.SHED.D9.2020.T2,D9,2.0,1.1948344890512812,0.8051655109487188
13810.SKH.SHED.D9.2020.T20,D9,20.0,7.81380606059413,12.18619393940587
13810.SKH.SHED.D9.2020.T3,D9,3.0,2.6501343554323027,0.3498656445676973
13810.SKH.SHED.D9.2020.T4,D9,4.0,6.9717145119434045,2.9717145119434045
13810.SKH.SHED.D9.2020.T5,D9,5.0,1.2825774075581575,3.7174225924418423
13810.SKH.SHED.D9.2020.T6,D9,6.0,1.5939454716585293,4.406054528341471
13810.SKH.SHED.D9.2020.T7,D9,7.0,3.1366193549246675,3.8633806450753325
13810.SKH.SHED.D9.2020.T8,D9,8.0,4.730081918338864,3.269918081661136
13810.SKH.SHED.D9.2020.T9,D9,9.0,0.9381736980617368,8.061826301938263
13810.SOH.SHED.D10.2020.T10,D10,10.0,8.951789216146267,1.0482107838537331
13810.SOH.SHED.D10.2020.T11,D10,11.0,8.458122617909186,2.5418773820908136
13810.SOH.SHED.D10.2020.T12,D10,12.0,9.810681067489794,2.189318932510206
13810.SOH.SHED.D10.2020.T13,D10,13.0,9.585809129586007,3.414190870413993
13810.SOH.SHED.D10.2020.T14,D10,14.0,10.480116233177567,3.519883766822433
13810.SOH.SHED.D10.2020.T15,D10,15.0,11.368357534812247,3.6316424651877526
13810.SOH.SHED.D10.2020.T16,D10,16.0,12.845151040249275,3.1548489597507245
13810.SOH.SHED.D10.2020.T17,D10,17.0,15.767601187771591,1.2323988122284089
13810.SOH.SHED.D10.2020.T18,D10,18.0,15.412291190190764,2.587708809809236
13810.SOH.SHED.D10.2020.T19,D10,19.0,15.52952969285265,3.47047030714735
13810.SOH.SHED.D10.2020.T2,D10,2.0,4.500775678382352,2.500775678382352
13810.SOH.SHED.D10.2020.T20,D10,20.0,15.729436086733378,4.270563913266622
13810.SOH.SHED.D10.2020.T3,D10,3.0,5.969217128107087,2.969217128107087
13810.SOH.SHED.D10.2020.T4,D10,4.0,6.582103654060659,2.582103654060659
13810.SOH.SHED.D10.2020.T5,D10,5.0,4.750089739107734,0.24991026089226587
13810.SOH.SHED.D10.2020.T6,D10,6.0,5.963285391643003,0.03671460835699669
13810.SOH.SHED.D10.2020.T7,D10,7.0,9.619677548295194,2.6196775482951935
13810.SOH.SHED.D10.2020.T8,D10,8.0,7.927607518692904,0.07239248130709619
13810.SOH.SHED.D10.2020.T9,D10,9.0,8.476949151541989,0.523050848458011
13810.SOH.SHED.D11.2020.T1,D11,1.0,4.326270605249254,3.3262706052492543
13810.SOH.SHED.D11.2020.T11,D11,11.0,10.805285375602734,0.19471462439726572
13810.SOH.SHED.D11.2020.T12,D11,12.0,11.440162904961893,0.5598370950381071
13810.SOH.SHED.D11.2020.T13,D11,13.0,11.075536211855471,1.9244637881445286
13810.SOH.SHED.D11.2020.T14,D11,14.0,12.43843877135925,1.56156122864075
13810.SOH.SHED.D11.2020.T15,D11,15.0,12.68541425375063,2.314585746249371
13810.SOH.SHED.D11.2020.T16,D11,16.0,12.697953867606248,3.3020461323937518
13810.SOH.SHED.D11.2020.T17,D11,17.0,13.54576032717903,3.45423967282097
13810.SOH.SHED.D11.2020.T18,D11,18.0,13.806499929616898,4.193500070383102
13810.SOH.SHED.D11.2020.T19,D11,19.0,15.047201547490815,3.9527984525091853
13810.SOH.SHED.D11.2020.T2,D11,2.0,6.228713714156211,4.228713714156211
13810.SOH.SHED.D11.2020.T20,D11,20.0,14.05497169640379,5.94502830359621
13810.SOH.SHED.D11.2020.T3,D11,3.0,5.197211771637974,2.197211771637974
13810.SOH.SHED.D11.2020.T4,D11,4.0,5.740058836555821,1.7400588365558214
13810.SOH.SHED.D11.2020.T5,D11,5.0,6.781619718759761,1.781619718759761
13810.SOH.SHED.D11.2020.T6,D11,6.0,6.318171999556171,0.3181719995561707
13810.SOH.SHED.D11.2020.T7,D11,7.0,9.04354305547698,2.043543055476979
13810.SOH.SHED.D11.2020.T8,D11,8.0,6.806192271851528,1.1938077281484718
13810.SOH.SHED.D11.2020.T9,D11,9.0,9.286591926916994,0.2865919269169943
13810.SOH.SHED.D12.2020.T1,D12,1.0,3.8057380003184447,2.8057380003184447
13810.SOH.SHED.D12.2020.T11,D12,11.0,6.442977674247512,4.557022325752488
13810.SOH.SHED.D12.2020.T12,D12,12.0,10.939050745997537,1.0609492540024625
13810.SOH.SHED.D12.2020.T13,D12,13.0,9.045369486583205,3.954630513416795
13810.SOH.SHED.D12.2020.T14,D12,14.0,10.762555066094318,3.2374449339056817
13810.SOH.SHED.D12.2020.T15,D12,15.0,11.729774426782715,3.270225573217285
13810.SOH.SHED.D12.2020.T16,D12,16.0,12.235826935699452,3.7641730643005484
13810.SOH.SHED.D12.2020.T17,D12,17.0,12.336198546639075,4.663801453360925
13810.SOH.SHED.D12.2020.T18,D12,18.0,12.541409752081929,5.458590247918071
13810.SOH.SHED.D12.2020.T19,D12,19.0,12.586639292836775,6.413360707163225
13810.SOH.SHED.D12.2020.T2,D12,2.0,5.585023173735012,3.585023173735012
13810.SOH.SHED.D12.2020.T20,D12,20.0,12.766382831267258,7.233617168732742
13810.SOH.SHED.D12.2020.T3,D12,3.0,4.762158953311451,1.7621589533114506
13810.SOH.SHED.D12.2020.T4,D12,4.0,5.507299390580447,1.5072993905804468
13810.SOH.SHED.D12.2020.T5,D12,5.0,4.875569780199104,0.12443021980089597
13810.SOH.SHED.D12.2020.T6,D12,6.0,3.5515927763167463,2.4484072236832537
13810.SOH.SHED.D12.2020.T7,D12,7.0,4.203322097696436,2.796677902303564
13810.SOH.SHED.D12.2020.T8,D12,8.0,4.3417206583822825,3.6582793416177175
13810.SOH.SHED.D12.2020.T9,D12,9.0,4.3527102222307565,4.6472897777692435
13810.SOH.SHED.D13.2021.T1,D13,1.0,2.7192042016888776,1.7192042016888776
13810.SOH.SHED.D13.2021.T10,D13,10.0,13.582703788409436,3.582703788409436
13810.SOH.SHED.D13.2021.T11,D13,11.0,11.780811618362645,0.7808116183626446
13810.SOH.SHED.D13.2021.T12,D13,12.0,11.223034626354613,0.7769653736453872
13810.SOH.SHED.D13.2021.T13,D13,13.0,12.161566022293233,0.8384339777067673
13810.SOH.SHED.D13.2021.T14,D13,14.0,14.732694774976437,0.7326947749764372
13810.SOH.SHED.D13.2021.T15,D13,15.0,13.85783392590316,1.1421660740968402
13810.SOH.SHED.D13.2021.T16,D13,16.0,13.08466306007888,2.9153369399211204
13810.SOH.SHED.D13.2021.T17,D13,17.0,12.057968287498122,4.942031712501878
13810.SOH.SHED.D13.2021.T18,D13,18.0,6.011431686118463,11.988568313881537
13810.SOH.SHED.D13.2021.T19,D13,19.0,10.963311855441265,8.036688144558735
13810.SOH.SHED.D13.2021.T2,D13,2.0,8.214643991032643,6.214643991032643
13810.SOH.SHED.D13.2021.T20,D13,20.0,9.930538889352437,10.069461110647563
13810.SOH.SHED.D13.2021.T3,D13,3.0,6.104326038160158,3.104326038160158
13810.SOH.SHED.D13.2021.T4,D13,4.0,10.608552956388051,6.608552956388051
13810.SOH.SHED.D13.2021.T5,D13,5.0,8.255473389232145,3.2554733892321455
13810.SOH.SHED.D13.2021.T6,D13,6.0,9.943779179619803,3.9437791796198027
13810.SOH.SHED.D13.2021.T7,D13,7.0,8.953805001030613,1.953805001030613
13810.SOH.SHED.D13.2021.T8,D13,8.0,15.037538409163862,7.0375384091638615
13810.SOH.SHED.D13.2021.T9,D13,9.0,10.735904685628972,1.735904685628972
13810.SOH.SHED.D15.2021.T1,D15,1.0,2.8491893870848086,1.8491893870848086
13810.SOH.SHED.D15.2021.T10,D15,10.0,12.31089553280664,2.31089553280664
13810.SOH.SHED.D15.2021.T11,D15,11.0,16.271366130556316,5.271366130556316
13810.SOH.SHED.D15.2021.T12,D15,12.0,16.076318014407423,4.076318014407423
13810.SOH.SHED.D15.2021.T13,D15,13.0,16.375644180741347,3.3756441807413466
13810.SOH.SHED.D15.2021.T14,D15,14.0,15.086281196389532,1.0862811963895318
13810.SOH.SHED.D15.2021.T15,D15,15.0,17.125134417939393,2.1251344179393925
13810.SOH.SHED.D15.2021.T16,D15,16.0,16.41082814531621,0.41082814531620926
13810.SOH.SHED.D15.2021.T18,D15,18.0,17.521231504070883,0.47876849592911697
13810.SOH.SHED.D15.2021.T19,D15,19.0,16.725755507935396,2.2742444920646037
13810.SOH.SHED.D15.2021.T2,D15,2.0,8.699729780967505,6.699729780967505
13810.SOH.SHED.D15.2021.T20,D15,20.0,17.83965740052317,2.160342599476831
13810.SOH.SHED.D15.2021.T3,D15,3.0,6.403778237337912,3.403778237337912
13810.SOH.SHED.D15.2021.T4,D15,4.0,6.909423456608653,2.9094234566086534
13810.SOH.SHED.D15.2021.T5,D15,5.0,9.607484635774627,4.607484635774627
13810.SOH.SHED.D15.2021.T6,D15,6.0,10.398174130249336,4.398174130249336
13810.SOH.SHED.D15.2021.T7,D15,7.0,13.097629409253246,6.097629409253246
13810.SOH.SHED.D15.2021.T8,D15,8.0,13.676851383128252,5.676851383128252
13810.SOH.SHED.D15.2021.T9,D15,9.0,15.854154462284416,6.854154462284416
13810.SOH.SHED.D17.2021.T1,D17,1.0,4.7826380303150415,3.7826380303150415
13810.SOH.SHED.D17.2021.T10,D17,10.0,12.078425400319722,2.0784254003197216
13810.SOH.SHED.D17.2021.T11,D17,11.0,11.533257930800035,0.5332579308000351
13810.SOH.SHED.D17.2021.T12,D17,12.0,11.495297045677578,0.504702954322422
13810.SOH.SHED.D17.2021.T13,D17,13.0,9.731933188183765,3.268066811816235
13810.SOH.SHED.D17.2021.T14,D17,14.0,11.096416931906642,2.903583068093358
13810.SOH.SHED.D17.2021.T15,D17,15.0,10.715398665062562,4.284601334937438
13810.SOH.SHED.D17.2021.T16,D17,16.0,12.612776688381429,3.3872233116185715
13810.SOH.SHED.D17.2021.T17,D17,17.0,13.488873253054747,3.511126746945253
13810.SOH.SHED.D17.2021.T18,D17,18.0,12.450065505430965,5.549934494569035
13810.SOH.SHED.D17.2021.T19,D17,19.0,11.375864988397671,7.624135011602329
13810.SOH.SHED.D17.2021.T2,D17,2.0,4.636502465017987,2.636502465017987
13810.SOH.SHED.D17.2021.T20,D17,20.0,8.4372176019857,11.5627823980143
13810.SOH.SHED.D17.2021.T3,D17,3.0,7.8894222675151635,4.8894222675151635
13810.SOH.SHED.D17.2021.T4,D17,4.0,9.908442612488836,5.908442612488836
13810.SOH.SHED.D17.2021.T5,D17,5.0,12.28085149167849,7.28085149167849
13810.SOH.SHED.D17.2021.T6,D17,6.0,10.413609280052095,4.4136092800520945
13810.SOH.SHED.D17.2021.T7,D17,7.0,9.777178157760122,2.7771781577601224
13810.SOH.SHED.D17.2021.T8,D17,8.0,11.639209927344933,3.6392099273449325
13810.SOH.SHED.D17.2021.T9,D17,9.0,11.187068061129162,2.187068061129162
13810.SOH.SHED.D19.2021.T1.1,D19,1.0,2.9655158092721225,1.9655158092721225
13810.SOH.SHED.D19.2021.T10.1,D19,10.0,3.6278587475865467,6.372141252413453
13810.SOH.SHED.D19.2021.T11.1,D19,11.0,8.581114706455942,2.418885293544058
13810.SOH.SHED.D19.2021.T13.1,D19,13.0,8.131143363991203,4.868856636008797
13810.SOH.SHED.D19.2021.T14.1,D19,14.0,5.852905695506037,8.147094304493963
13810.SOH.SHED.D19.2021.T15.1,D19,15.0,7.532995273223808,7.467004726776192
13810.SOH.SHED.D19.2021.T16.1,D19,16.0,12.026811350958619,3.973188649041381
13810.SOH.SHED.D19.2021.T17.1,D19,17.0,13.84318575910882,3.1568142408911797
13810.SOH.SHED.D19.2021.T18.1,D19,18.0,14.627644741756727,3.3723552582432728
13810.SOH.SHED.D19.2021.T19.1,D19,19.0,6.118705578807602,12.881294421192397
13810.SOH.SHED.D19.2021.T2.1,D19,2.0,5.698572976947629,3.698572976947629
13810.SOH.SHED.D19.2021.T20.1,D19,20.0,15.76557324016759,4.2344267598324095
13810.SOH.SHED.D19.2021.T3.1,D19,3.0,2.373561710296426,0.6264382897035738
13810.SOH.SHED.D19.2021.T4.1,D19,4.0,1.9352688297726952,2.064731170227305
13810.SOH.SHED.D19.2021.T5.1,D19,5.0,4.548464688531302,0.45153531146869774
13810.SOH.SHED.D19.2021.T6.1,D19,6.0,6.12531177318477,0.12531177318477038
13810.SOH.SHED.D19.2021.T7.1,D19,7.0,8.01040622135445,1.0104062213544491
13810.SOH.SHED.D19.2021.T8.1,D19,8.0,7.92749699782926,0.07250300217074024
13810.SOH.SHED.D19.2021.T9.1,D19,9.0,9.129469481378187,0.12946948137818737
13810.SOH.SHED.D21.2021.T1.1,D21,1.0,4.041610012196917,3.0416100121969167
13810.SOH.SHED.D21.2021.T10.1,D21,10.0,12.668096748833097,2.668096748833097
13810.SOH.SHED.D21.2021.T11.1,D21,11.0,13.733047754976226,2.7330477549762264
13810.SOH.SHED.D21.2021.T12.1,D21,12.0,5.946560408821465,6.053439591178535
13810.SOH.SHED.D21.2021.T13.1,D21,13.0,10.926285980033462,2.0737140199665376
13810.SOH.SHED.D21.2021.T14.1,D21,14.0,8.993451073648755,5.006548926351245
13810.SOH.SHED.D21.2021.T15.1,D21,15.0,4.616884771970265,10.383115228029734
13810.SOH.SHED.D21.2021.T16.1,D21,16.0,8.3554140076947,7.6445859923053
13810.SOH.SHED.D21.2021.T17.1,D21,17.0,13.233436988809217,3.766563011190783
13810.SOH.SHED.D21.2021.T18.1,D21,18.0,11.373333876288472,6.626666123711528
13810.SOH.SHED.D21.2021.T19.1,D21,19.0,11.710147055253012,7.289852944746988
13810.SOH.SHED.D21.2021.T2.1,D21,2.0,6.335070699419723,4.335070699419723
13810.SOH.SHED.D21.2021.T20.1,D21,20.0,4.817236298229667,15.182763701770334
13810.SOH.SHED.D21.2021.T3.1,D21,3.0,10.959231783257879,7.959231783257879
13810.SOH.SHED.D21.2021.T5.1,D21,5.0,7.325034833791956,2.325034833791956
13810.SOH.SHED.D21.2021.T6.1,D21,6.0,7.208928780643136,1.2089287806431361
13810.SOH.SHED.D21.2021.T7.1,D21,7.0,6.579837769305546,0.42016223069445413
13810.SOH.SHED.D21.2021.T8.1,D21,8.0,9.517651539109865,1.517651539109865
13810.SOH.SHED.D21.2021.T9.1,D21,9.0,9.455052444803002,0.4550524448030018
13810.SOH.SHED.D23.2021.T1.1,D23,1.0,3.486350003116379,2.486350003116379
13810.SOH.SHED.D23.2021.T10.1,D23,10.0,8.186626451206216,1.813373548793784
13810.SOH.SHED.D23.2021.T11.1,D23,11.0,7.881682645382878,3.1183173546171217
13810.SOH.SHED.D23.2021.T12.1,D23,12.0,11.861479684583864,0.13852031541613563
13810.SOH.SHED.D23.2021.T13.1,D23,13.0,10.909749305573182,2.0902506944268175
13810.SOH.SHED.D23.2021.T14.1,D23,14.0,13.379787041960284,0.6202129580397155
13810.SOH.SHED.D23.2021.T15.1,D23,15.0,12.452421354569289,2.547578645430711
13810.SOH.SHED.D23.2021.T16.1,D23,16.0,13.066274968550287,2.933725031449713
13810.SOH.SHED.D23.2021.T17.1,D23,17.0,11.909776181133447,5.090223818866553
13810.SOH.SHED.D23.2021.T18.1,D23,18.0,13.910063404572629,4.089936595427371
13810.SOH.SHED.D23.2021.T19.1,D23,19.0,15.37171935813609,3.6282806418639098
13810.SOH.SHED.D23.2021.T2.1,D23,2.0,5.787423337740742,3.7874233377407416
13810.SOH.SHED.D23.2021.T20.1,D23,20.0,13.787517717163757,6.212482282836243
13810.SOH.SHED.D23.2021.T3.1,D23,3.0,5.017406041431481,2.0174060414314807
13810.SOH.SHED.D23.2021.T4.1,D23,4.0,5.4588974747924,1.4588974747924004
13810.SOH.SHED.D23.2021.T5.1,D23,5.0,5.379919320124429,0.3799193201244293
13810.SOH.SHED.D23.2021.T6.1,D23,6.0,7.8664129660569495,1.8664129660569495
13810.SOH.SHED.D23.2021.T7.1,D23,7.0,8.4028789743609,1.4028789743609007
13810.SOH.SHED.D23.2021.T8.1,D23,8.0,8.694250230309354,0.6942502303093541
13810.SOH.SHED.D23.2021.T9.1,D23,9.0,9.69462827451069,0.6946282745106895
13810.SOH.SHED.D25.2021.T1.1,D25,1.0,3.9834299895237217,2.9834299895237217
13810.SOH.SHED.D25.2021.T10.1,D25,10.0,7.9836833092217745,2.0163166907782255
13810.SOH.SHED.D25.2021.T11.1,D25,11.0,8.06375441242181,2.93624558757819
13810.SOH.SHED.D25.2021.T12.1,D25,12.0,8.229034970034133,3.7709650299658666
13810.SOH.SHED.D25.2021.T13.1,D25,13.0,8.177777715764636,4.822222284235364
13810.SOH.SHED.D25.2021.T14.1,D25,14.0,7.7935140995620245,6.2064859004379755
13810.SOH.SHED.D25.2021.T15.1,D25,15.0,8.527552950765816,6.472447049234184
13810.SOH.SHED.D25.2021.T15.2,D25,15.0,7.129853533841344,7.870146466158656
13810.SOH.SHED.D25.2021.T16.1,D25,16.0,6.031275390783671,9.968724609216329
13810.SOH.SHED.D25.2021.T16.2,D25,16.0,6.836025714319964,9.163974285680036
13810.SOH.SHED.D25.2021.T17.1,D25,17.0,8.53232611969373,8.46767388030627
13810.SOH.SHED.D25.2021.T18.1,D25,18.0,5.30054450896051,12.69945549103949
13810.SOH.SHED.D25.2021.T19.1,D25,19.0,16.943879901681072,2.056120098318928
13810.SOH.SHED.D25.2021.T19.2,D25,19.0,15.634391181421027,3.3656088185789734
13810.SOH.SHED.D25.2021.T2.1,D25,2.0,4.629057115949806,2.6290571159498057
13810.SOH.SHED.D25.2021.T20.1,D25,20.0,6.089531567821344,13.910468432178657
13810.SOH.SHED.D25.2021.T3.1,D25,3.0,4.826705094510183,1.8267050945101833
13810.SOH.SHED.D25.2021.T4.1,D25,4.0,5.508382593050072,1.5083825930500723
13810.SOH.SHED.D25.2021.T5.1,D25,5.0,5.190749975802328,0.1907499758023281
13810.SOH.SHED.D25.2021.T6.1,D25,6.0,4.100045660317498,1.8999543396825018
13810.SOH.SHED.D25.2021.T7.1,D25,7.0,6.535048808786309,0.4649511912136912
13810.SOH.SHED.D25.2021.T8.1,D25,8.0,7.5596792922921345,0.44032070770786547
13810.SOH.SHED.D25.2021.T9.1,D25,9.0,9.63856241241426,0.6385624124142595
13810.SOH.SHED.D27.2021.T1.1,D27,1.0,3.971853257153971,2.971853257153971
13810.SOH.SHED.D27.2021.T10.1,D27,10.0,13.202387640782543,3.2023876407825433
13810.SOH.SHED.D27.2021.T11.1,D27,11.0,9.276021323619123,1.7239786763808773
13810.SOH.SHED.D27.2021.T12.2,D27,12.0,13.365637462796244,1.3656374627962435
13810.SOH.SHED.D27.2021.T13.1,D27,13.0,13.844304875257343,0.8443048752573432
13810.SOH.SHED.D27.2021.T14.1,D27,14.0,12.94937176627709,1.0506282337229091
13810.SOH.SHED.D27.2021.T15.1,D27,15.0,10.849801926134322,4.150198073865678
13810.SOH.SHED.D27.2021.T16.1,D27,16.0,12.230367346045982,3.7696326539540177
13810.SOH.SHED.D27.2021.T17.1,D27,17.0,11.617748543983652,5.382251456016348
13810.SOH.SHED.D27.2021.T18.1,D27,18.0,12.63873884527517,5.361261154724829
13810.SOH.SHED.D27.2021.T19.1,D27,19.0,12.202444859844942,6.797555140155058
13810.SOH.SHED.D27.2021.T2.1,D27,2.0,5.065013317422717,3.065013317422717
13810.SOH.SHED.D27.2021.T20.1,D27,20.0,9.234252669321624,10.765747330678376
13810.SOH.SHED.D27.2021.T3.1,D27,3.0,4.362759980244469,1.3627599802444692
13810.SOH.SHED.D27.2021.T4.1,D27,4.0,4.9735764850708835,0.9735764850708835
13810.SOH.SHED.D27.2021.T5.1,D27,5.0,6.43396792161661,1.4339679216166097
13810.SOH.SHED.D27.2021.T6.1,D27,6.0,7.8884040476071835,1.8884040476071835
13810.SOH.SHED.D27.2021.T7.1,D27,7.0,9.105119184971816,2.105119184971816
13810.SOH.SHED.D27.2021.T8.1,D27,8.0,11.918422036033153,3.918422036033153
13810.SOH.SHED.D27.2021.T9.1,D27,9.0,12.895008645767392,3.8950086457673923
13810.SOH.SHED.D29.2021.T1.1,D29,1.0,3.912782042978563,2.912782042978563
13810.SOH.SHED.D29.2021.T10.1,D29,10.0,8.235890583977735,1.764109416022265
13810.SOH.SHED.D29.2021.T11.1,D29,11.0,12.473697200607273,1.4736972006072726
13810.SOH.SHED.D29.2021.T13.1,D29,13.0,12.824635897809944,0.1753641021900556
13810.SOH.SHED.D29.2021.T15.1,D29,15.0,14.720966859901807,0.2790331400981927
13810.SOH.SHED.D29.2021.T16.1,D29,16.0,15.291330547319918,0.7086694526800823
13810.SOH.SHED.D29.2021.T17.1,D29,17.0,9.669338160614306,7.330661839385694
13810.SOH.SHED.D29.2021.T18.1,D29,18.0,12.216459553135405,5.7835404468645955
13810.SOH.SHED.D29.2021.T19.1,D29,19.0,11.938184759085471,7.0618152409145285
13810.SOH.SHED.D29.2021.T2.1,D29,2.0,4.459829946068871,2.4598299460688713
13810.SOH.SHED.D29.2021.T20.1,D29,20.0,7.41008987110779,12.58991012889221
13810.SOH.SHED.D29.2021.T3.1,D29,3.0,6.022507629461103,3.022507629461103
13810.SOH.SHED.D29.2021.T4.1,D29,4.0,3.8326919014487166,0.16730809855128337
13810.SOH.SHED.D29.2021.T5.1,D29,5.0,4.953528121316787,0.046471878683212786
13810.SOH.SHED.D29.2021.T6.1,D29,6.0,7.583940178822687,1.5839401788226866
13810.SOH.SHED.D29.2021.T7.1,D29,7.0,7.207619909104849,0.2076199091048494
13810.SOH.SHED.D29.2021.T8.1,D29,8.0,6.809344779933733,1.190655220066267
13810.SOH.SHED.D29.2021.T9.1,D29,9.0,12.28269400598902,3.28269400598902
13810.SOH.SHED.D4.2020.T1,D4,1.0,2.3283100919123094,1.3283100919123094
13810.SOH.SHED.D4.2020.T10,D4,10.0,11.552081531864705,1.5520815318647045
13810.SOH.SHED.D4.2020.T11,D4,11.0,11.276298056730404,0.2762980567304041
13810.SOH.SHED.D4.2020.T12,D4,12.0,11.014689472803278,0.985310527196722
13810.SOH.SHED.D4.2020.T13,D4,13.0,12.776678980026437,0.22332101997356268
13810.SOH.SHED.D4.2020.T14,D4,14.0,12.837115723033651,1.1628842769663486
13810.SOH.SHED.D4.2020.T16,D4,16.0,14.263788596614734,1.7362114033852656
13810.SOH.SHED.D4.2020.T17,D4,17.0,13.598775999593482,3.4012240004065184
13810.SOH.SHED.D4.2020.T18,D4,18.0,12.218858851909001,5.781141148090999
13810.SOH.SHED.D4.2020.T19,D4,19.0,14.963402293782966,4.036597706217034
13810.SOH.SHED.D4.2020.T2,D4,2.0,4.818017711424452,2.818017711424452
13810.SOH.SHED.D4.2020.T20,D4,20.0,15.927789051808253,4.0722109481917474
13810.SOH.SHED.D4.2020.T3,D4,3.0,1.8593087986556267,1.1406912013443733
13810.SOH.SHED.D4.2020.T4,D4,4.0,5.143361725067171,1.1433617250671713
13810.SOH.SHED.D4.2020.T5,D4,5.0,5.7444458824415054,0.7444458824415054
13810.SOH.SHED.D4.2020.T6,D4,6.0,6.805448847443595,0.8054488474435946
13810.SOH.SHED.D4.2020.T7,D4,7.0,8.239404822759404,1.2394048227594041
13810.SOH.SHED.D4.2020.T8,D4,8.0,6.661689199765981,1.3383108002340194
13810.SOH.SHED.D4.2020.T9,D4,9.0,10.151160918677483,1.1511609186774834
13810.SOH.SHED.D6.2020.T1,D6,1.0,4.761626281969933,3.7616262819699333
13810.SOH.SHED.D6.2020.T10,D6,10.0,11.666435693324209,1.6664356933242086
13810.SOH.SHED.D6.2020.T11,D6,11.0,12.00385613096391,1.0038561309639107
13810.SOH.SHED.D6.2020.T12,D6,12.0,10.731193540865782,1.2688064591342183
13810.SOH.SHED.D6.2020.T13,D6,13.0,12.426718293882494,0.5732817061175055
13810.SOH.SHED.D6.2020.T14,D6,14.0,13.038037184281261,0.9619628157187385
13810.SOH.SHED.D6.2020.T15,D6,15.0,13.648645260321054,1.3513547396789463
13810.SOH.SHED.D6.2020.T16,D6,16.0,12.545542858420372,3.4544571415796277
13810.SOH.SHED.D6.2020.T17,D6,17.0,15.664550868650103,1.3354491313498968
13810.SOH.SHED.D6.2020.T18,D6,18.0,12.44045298450208,5.55954701549792
13810.SOH.SHED.D6.2020.T19,D6,19.0,15.42638692204823,3.5736130779517694
13810.SOH.SHED.D6.2020.T2,D6,2.0,4.572043315054412,2.5720433150544117
13810.SOH.SHED.D6.2020.T20,D6,20.0,14.255860267630679,5.744139732369321
13810.SOH.SHED.D6.2020.T3,D6,3.0,4.263215274427027,1.2632152744270266
13810.SOH.SHED.D6.2020.T4,D6,4.0,4.605475115684368,0.6054751156843681
13810.SOH.SHED.D6.2020.T5,D6,5.0,5.015040956579118,0.015040956579118081
13810.SOH.SHED.D6.2020.T6,D6,6.0,4.607905783172906,1.3920942168270942
13810.SOH.SHED.D6.2020.T7,D6,7.0,4.503897635446192,2.496102364553808
13810.SOH.SHED.D6.2020.T8,D6,8.0,4.450280552432515,3.549719447567485
13810.SOH.SHED.D6.2020.T9,D6,9.0,10.933654446119679,1.9336544461196787
13810.SOH.SHED.D8.2020.T1,D8,1.0,10.365180721316582,9.365180721316582
13810.SOH.SHED.D8.2020.T10,D8,10.0,6.958227385861392,3.0417726141386083
13810.SOH.SHED.D8.2020.T11,D8,11.0,8.166951449815052,2.833048550184948
13810.SOH.SHED.D8.2020.T12,D8,12.0,8.128927802323489,3.8710721976765115
13810.SOH.SHED.D8.2020.T13,D8,13.0,10.936952982431503,2.063047017568497
13810.SOH.SHED.D8.2020.T14,D8,14.0,10.949561285193846,3.0504387148061536
13810.SOH.SHED.D8.2020.T15,D8,15.0,12.539336508231187,2.4606634917688126
13810.SOH.SHED.D8.2020.T16,D8,16.0,12.31059787316297,3.689402126837029
13810.SOH.SHED.D8.2020.T17,D8,17.0,13.008272522747557,3.991727477252443
13810.SOH.SHED.D8.2020.T18,D8,18.0,13.390152919397671,4.609847080602329
13810.SOH.SHED.D8.2020.T19,D8,19.0,13.436054569880168,5.563945430119832
13810.SOH.SHED.D8.2020.T20,D8,20.0,14.352885221249213,5.647114778750787
13810.SOH.SHED.D8.2020.T3,D8,3.0,2.75719117294586,0.24280882705413998
13810.SOH.SHED.D8.2020.T4,D8,4.0,6.270666971931368,2.2706669719313677
13810.SOH.SHED.D8.2020.T5,D8,5.0,6.323098430359279,1.3230984303592788
13810.SOH.SHED.D8.2020.T6,D8,6.0,4.430420683615134,1.569579316384866
13810.SOH.SHED.D8.2020.T7,D8,7.0,5.874414094433519,1.1255859055664814
13810.SOH.SHED.D8.2020.T8,D8,8.0,7.0797490520719375,0.9202509479280625
13810.SOH.SHED.D8.2020.T9,D8,9.0,5.861525459958672,3.1384745400413276
13810.SPS.SHED.D10.2020.T0,D10,0.0,5.52620398186483,5.52620398186483
13810.SPS.SHED.D11.2020.T0,D11,0.0,2.3704277041391313,2.3704277041391313
13810.SPS.SHED.D12.2020.T0,D12,0.0,5.048909736704937,5.048909736704937
13810.SPS.SHED.D13.2021.T0,D13,0.0,4.986153538689643,4.986153538689643
13810.SPS.SHED.D15.2021.T0,D15,0.0,5.2166157224654,5.2166157224654
13810.SPS.SHED.D17.2021.T0,D17,0.0,4.403001363189469,4.403001363189469
13810.SPS.SHED.D19.2021.T0.1,D19,0.0,2.779126817010404,2.779126817010404
13810.SPS.SHED.D21.2021.T0.1,D21,0.0,5.370115308126106,5.370115308126106
13810.SPS.SHED.D23.2021.T0.1,D23,0.0,3.507180910745311,3.507180910745311
13810.SPS.SHED.D25.2021.T0.1,D25,0.0,7.0346655298193514,7.0346655298193514
13810.SPS.SHED.D27.2021.T0.1,D27,0.0,5.261399391636767,5.261399391636767
13810.SPS.SHED.D29.2021.T0.1,D29,0.0,4.947653249264008,4.947653249264008
13810.SPS.SHED.D4.2020.T0,D4,0.0,3.00152864359836,3.00152864359836
13810.SPS.SHED.D6.2020.T0,D6,0.0,3.2902824662500256,3.2902824662500256
13810.SPS.SHED.D8.2020.T0,D8,0.0,3.8692275650879195,3.8692275650879195
