sample_id,subject_id,pmi,indoor_add,outdoor_add,indoor_outdoor,body_site,predicted_pmi_days,baseline_pmi_days,absolute_error_days
13810.CH.SHED.D14.2021.T1,D14,1.0,22.53,18.05555556,indoor,,5.674167633056641,10.1115760111576,4.674167633056641
13810.CH.SHED.D14.2021.T10,D14,10.0,207.86,190.6666667,indoor,,10.930129051208496,10.1115760111576,0.9301290512084961
13810.CH.SHED.D14.2021.T11,D14,11.0,223.78,205.1111111,indoor,,11.898269653320312,10.1115760111576,0.8982696533203125
13810.CH.SHED.D14.2021.T12,D14,12.0,238.56,219.1666667,indoor,,13.345381736755371,10.1115760111576,1.345381736755371
13810.CH.SHED.D14.2021.T13,D14,13.0,257.72,233.1666667,indoor,,12.006509780883789,10.1115760111576,0.9934902191162109
13810.CH.SHED.D14.2021.T14,D14,14.0,279.19,249.0,indoor,,15.456851959228516,10.1115760111576,1.4568519592285156
13810.CH.SHED.D14.2021.T15,D14,15.0,302.28,266.9444444,indoor,,17.127241134643555,10.1115760111576,2.1272411346435547
13810.CH.SHED.D14.2021.T16,D14,16.0,324.72,288.9444444,indoor,,16.943578720092773,10.1115760111576,0.9435787200927734
13810.CH.SHED.D14.2021.T17,D14,17.0,348.19,311.3333333,indoor,,16.283559799194336,10.1115760111576,0.7164402008056641
13810.CH.SHED.D14.2021.T18,D14,18.0,373.28,332.2777778,indoor,,16.771814346313477,10.1115760111576,1.2281856536865234
13810.CH.SHED.D14.2021.T19,D14,19.0,398.27,356.6666667,indoor,,17.646215438842773,10.1115760111576,1.3537845611572266
13810.CH.SHED.D14.2021.T2,D14,2.0,40.0,36.22222222,indoor,,7.462189674377441,10.1115760111576,5.462189674377441
13810.CH.SHED.D14.2021.T20,D14,20.0,420.22,377.6666667,indoor,,18.4024715423584,10.1115760111576,1.5975284576416016
13810.CH.SHED.D14.2021.T3,D14,3.0,62.94,53.66666667,indoor,,4.0312347412109375,10.1115760111576,1.0312347412109375
13810.CH.SHED.D14.2021.T4,D14,4.0,84.6,71.77777778,indoor,,6.7677321434021,10.1115760111576,2.7677321434020996
13810.CH.SHED.D14.2021.T5,D14,5.0,108.56,91.22222222,indoor,,5.331271171569824,10.1115760111576,0.3312711715698242
13810.CH.SHED.D14.2021.T6,D14,6.0,127.1,114.3333333,indoor,,11.070683479309082,10.1115760111576,5.070683479309082
13810.CH.SHED.D14.2021.T7,D14,7.0,146.24,133.0,indoor,,9.939850807189941,10.1115760111576,2.9398508071899414
13810.CH.SHED.D14.2021.T8,D14,8.0,169.68,149.3333333,indoor,,8.157243728637695,10.1115760111576,0.1572437286376953
13810.CH.SHED.D16.2021.T1,D16,1.0,21.16,16.33333333,indoor,,3.636198043823242,10.118323191345503,2.636198043823242
13810.CH.SHED.D16.2021.T10,D16,10.0,182.96,178.3333333,indoor,,10.734119415283203,10.118323191345503,0.7341194152832031
13810.CH.SHED.D16.2021.T11,D16,11.0,206.04,199.2777778,indoor,,10.277607917785645,10.118323191345503,0.7223920822143555
13810.CH.SHED.D16.2021.T12,D16,12.0,227.39,223.6666667,indoor,,9.764416694641113,10.118323191345503,2.2355833053588867
13810.CH.SHED.D16.2021.T13,D16,13.0,245.88,244.6666667,indoor,,11.753894805908203,10.118323191345503,1.2461051940917969
13810.CH.SHED.D16.2021.T14,D16,14.0,266.65,265.6666667,indoor,,9.23794937133789,10.118323191345503,4.762050628662109
13810.CH.SHED.D16.2021.T15,D16,15.0,290.5,286.1111111,indoor,,11.243399620056152,10.118323191345503,3.7566003799438477
13810.CH.SHED.D16.2021.T16,D16,16.0,312.23,310.8333333,indoor,,9.550721168518066,10.118323191345503,6.449278831481934
13810.CH.SHED.D16.2021.T17,D16,17.0,331.5,333.2222222,indoor,,9.379572868347168,10.118323191345503,7.620427131652832
13810.CH.SHED.D16.2021.T18,D16,18.0,350.22,351.2777778,indoor,,9.132465362548828,10.118323191345503,8.867534637451172
13810.CH.SHED.D16.2021.T19,D16,19.0,366.96,369.1111111,indoor,,9.564726829528809,10.118323191345503,9.435273170471191
13810.CH.SHED.D16.2021.T20,D16,20.0,382.48,383.3333333,indoor,,10.873310089111328,10.118323191345503,9.126689910888672
13810.CH.SHED.D16.2021.T3,D16,3.0,55.48,57.66666667,indoor,,6.050258636474609,10.118323191345503,3.0502586364746094
13810.CH.SHED.D16.2021.T4,D16,4.0,69.47,72.11111111,indoor,,6.770506858825684,10.118323191345503,2.7705068588256836
13810.CH.SHED.D16.2021.T5,D16,5.0,83.79,86.16666667,indoor,,6.984011650085449,10.118323191345503,1.9840116500854492
13810.CH.SHED.D16.2021.T6,D16,6.0,101.16,100.1666667,indoor,,8.083367347717285,10.118323191345503,2.083367347717285
13810.CH.SHED.D16.2021.T7,D16,7.0,120.52,116.0,indoor,,6.729393005371094,10.118323191345503,0.27060699462890625
13810.CH.SHED.D16.2021.T8,D16,8.0,141.59,133.9444444,indoor,,8.867081642150879,10.118323191345503,0.8670816421508789
13810.CH.SHED.D16.2021.T9,D16,9.0,162.67,155.9444444,indoor,,7.526117324829102,10.118323191345503,1.4738826751708984
13810.CH.SHED.D18.2021.T1,D18,1.0,23.03,17.94444444,indoor,,4.2595319747924805,10.101938262742284,3.2595319747924805
13810.CH.SHED.D18.2021.T10,D18,10.0,233.41,217.2222222,indoor,,14.405091285705566,10.101938262742284,4.405091285705566
13810.CH.SHED.D18.2021.T11,D18,11.0,252.11,235.2777778,indoor,,15.708467483520508,10.101938262742284,4.708467483520508
13810.CH.SHED.D18.2021.T12,D18,12.0,269.36,253.1111111,indoor,,15.288288116455078,10.101938262742284,3.288288116455078
13810.CH.SHED.D18.2021.T13,D18,13.0,286.12,267.3333333,indoor,,15.596019744873047,10.101938262742284,2.596019744873047
13810.CH.SHED.D18.2021.T14,D18,14.0,304.67,281.5555556,indoor,,15.645393371582031,10.101938262742284,1.6453933715820312
13810.CH.SHED.D18.2021.T15,D18,15.0,327.96,298.1111111,indoor,,15.582883834838867,10.101938262742284,0.5828838348388672
13810.CH.SHED.D18.2021.T16,D18,16.0,345.03,316.3888889,indoor,,16.10420799255371,10.101938262742284,0.10420799255371094
13810.CH.SHED.D18.2021.T17,D18,17.0,363.53,329.0555556,indoor,,16.00408172607422,10.101938262742284,0.9959182739257812
13810.CH.SHED.D18.2021.T18,D18,18.0,382.91,345.8333333,indoor,,15.667449951171875,10.101938262742284,2.332550048828125
13810.CH.SHED.D18.2021.T19,D18,19.0,407.77,366.1111111,indoor,,16.239397048950195,10.101938262742284,2.7606029510498047
13810.CH.SHED.D18.2021.T2,D18,2.0,45.35,39.94444444,indoor,,3.4821934700012207,10.101938262742284,1.4821934700012207
13810.CH.SHED.D18.2021.T20,D18,20.0,432.13,387.0555556,indoor,,15.02743911743164,10.101938262742284,4.972560882568359
13810.CH.SHED.D18.2021.T3,D18,3.0,68.92,62.33333333,indoor,,6.200711727142334,10.101938262742284,3.200711727142334
13810.CH.SHED.D18.2021.T4,D18,4.0,93.96,83.27777778,indoor,,9.616856575012207,10.101938262742284,5.616856575012207
13810.CH.SHED.D18.2021.T5,D18,5.0,118.82,107.6666667,indoor,,3.440141201019287,10.101938262742284,1.559858798980713
13810.CH.SHED.D18.2021.T6,D18,6.0,140.56,128.6666667,indoor,,10.595331192016602,10.101938262742284,4.595331192016602
13810.CH.SHED.D18.2021.T7,D18,7.0,164.5,149.6666667,indoor,,11.643065452575684,10.101938262742284,4.643065452575684
13810.CH.SHED.D18.2021.T8,D18,8.0,191.2,170.1111111,indoor,,12.259644508361816,10.101938262742284,4.259644508361816
13810.CH.SHED.D18.2021.T9,D18,9.0,213.82,194.8333333,indoor,,13.323700904846191,10.101938262742284,4.323700904846191
13810.CH.SHED.D20.2021.T1.1,D20,1.0,,25.44444444,indoor,,3.431251049041748,10.118323191345503,2.431251049041748
13810.CH.SHED.D20.2021.T10.1,D20,10.0,,182.3888889,indoor,,2.3023579120635986,10.118323191345503,7.697642087936401
13810.CH.SHED.D20.2021.T11.1,D20,11.0,,194.3333333,indoor,,6.584752559661865,10.118323191345503,4.415247440338135
13810.CH.SHED.D20.2021.T13.1,D20,13.0,,222.5,indoor,,3.5773229598999023,10.118323191345503,9.422677040100098
13810.CH.SHED.D20.2021.T14.1,D20,14.0,,239.7777778,indoor,,3.8116207122802734,10.118323191345503,10.188379287719727
13810.CH.SHED.D20.2021.T15.1,D20,15.0,,258.5,indoor,,5.736315727233887,10.118323191345503,9.263684272766113
13810.CH.SHED.D20.2021.T16.1,D20,16.0,,280.0555556,indoor,,3.448810577392578,10.118323191345503,12.551189422607422
13810.CH.SHED.D20.2021.T17.1,D20,17.0,,299.1111111,indoor,,11.704950332641602,10.118323191345503,5.295049667358398
13810.CH.SHED.D20.2021.T18.2,D20,18.0,,314.7777778,indoor,,6.186564922332764,10.118323191345503,11.813435077667236
13810.CH.SHED.D20.2021.T19.1,D20,19.0,,327.5555556,indoor,,9.68327808380127,10.118323191345503,9.31672191619873
13810.CH.SHED.D20.2021.T2.1,D20,2.0,,46.22222222,indoor,,3.782989025115967,10.118323191345503,1.7829890251159668
13810.CH.SHED.D20.2021.T20.1,D20,20.0,,344.2222222,indoor,,8.46824836730957,10.118323191345503,11.53175163269043
13810.CH.SHED.D20.2021.T3.1,D20,3.0,,64.83333333,indoor,,3.4468770027160645,10.118323191345503,0.44687700271606445
13810.CH.SHED.D20.2021.T4.1,D20,4.0,,82.27777778,indoor,,4.037479400634766,10.118323191345503,0.037479400634765625
13810.CH.SHED.D20.2021.T5.1,D20,5.0,,98.55555556,indoor,,3.4208688735961914,10.118323191345503,1.5791311264038086
13810.CH.SHED.D20.2021.T6.1,D20,6.0,,117.5555556,indoor,,3.596815586090088,10.118323191345503,2.403184413909912
13810.CH.SHED.D20.2021.T7.1,D20,7.0,,137.0,indoor,,4.51447057723999,10.118323191345503,2.4855294227600098
13810.CH.SHED.D20.2021.T8.2,D20,8.0,,156.2222222,indoor,,6.705716133117676,10.118323191345503,1.2942838668823242
13810.CH.SHED.D20.2021.T9.1,D20,9.0,,171.1111111,indoor,,7.360213279724121,10.118323191345503,1.639786720275879
13810.CH.SHED.D22.2021.T1.1,D22,1.0,,19.22222222,indoor,,2.4619979858398438,10.1115760111576,1.4619979858398438
13810.CH.SHED.D22.2021.T11.1,D22,11.0,,177.7777778,indoor,,2.99861741065979,10.1115760111576,8.00138258934021
13810.CH.SHED.D22.2021.T12.1,D22,12.0,,190.5555556,indoor,,8.780200958251953,10.1115760111576,3.219799041748047
13810.CH.SHED.D22.2021.T13.1,D22,13.0,,207.2222222,indoor,,6.8597211837768555,10.1115760111576,6.1402788162231445
13810.CH.SHED.D22.2021.T14.1,D22,14.0,,226.1666667,indoor,,3.5921969413757324,10.1115760111576,10.407803058624268
13810.CH.SHED.D22.2021.T15.1,D22,15.0,,245.8333333,indoor,,5.077043056488037,10.1115760111576,9.922956943511963
13810.CH.SHED.D22.2021.T16.1,D22,16.0,,268.2777778,indoor,,10.575054168701172,10.1115760111576,5.424945831298828
13810.CH.SHED.D22.2021.T17.1,D22,17.0,,284.3888889,indoor,,11.475226402282715,10.1115760111576,5.524773597717285
13810.CH.SHED.D22.2021.T18.1,D22,18.0,,296.9444444,indoor,,11.007584571838379,10.1115760111576,6.992415428161621
13810.CH.SHED.D22.2021.T19.1,D22,19.0,,313.4444444,indoor,,12.05542278289795,10.1115760111576,6.944577217102051
13810.CH.SHED.D22.2021.T2.1,D22,2.0,,34.11111111,indoor,,7.612740516662598,10.1115760111576,5.612740516662598
13810.CH.SHED.D22.2021.T20.1,D22,20.0,,333.8888889,indoor,,12.025612831115723,10.1115760111576,7.974387168884277
13810.CH.SHED.D22.2021.T3.1,D22,3.0,,45.38888889,indoor,,3.877572536468506,10.1115760111576,0.8775725364685059
13810.CH.SHED.D22.2021.T6.1,D22,6.0,,85.5,indoor,,1.3525805473327637,10.1115760111576,4.647419452667236
13810.CH.SHED.D22.2021.T7.1,D22,7.0,,102.7777778,indoor,,1.927522897720337,10.1115760111576,5.072477102279663
13810.CH.SHED.D22.2021.T9.1,D22,9.0,,143.0555556,indoor,,7.779789924621582,10.1115760111576,1.220210075378418
13810.CH.SHED.D24.2021.T1.1,D24,1.0,,18.72222222,indoor,,1.233506679534912,10.118323191345503,0.2335066795349121
13810.CH.SHED.D24.2021.T10.1,D24,10.0,,181.6111111,indoor,,4.477657794952393,10.118323191345503,5.522342205047607
13810.CH.SHED.D24.2021.T11.1,D24,11.0,,194.1666667,indoor,,3.737682342529297,10.118323191345503,7.262317657470703
13810.CH.SHED.D24.2021.T12.1,D24,12.0,,210.6666667,indoor,,6.691934585571289,10.118323191345503,5.308065414428711
13810.CH.SHED.D24.2021.T13.1,D24,13.0,,231.1111111,indoor,,8.546631813049316,10.118323191345503,4.453368186950684
13810.CH.SHED.D24.2021.T14.1,D24,14.0,,245.2222222,indoor,,7.6927690505981445,10.118323191345503,6.3072309494018555
13810.CH.SHED.D24.2021.T15.1,D24,15.0,,258.3888889,indoor,,8.827003479003906,10.118323191345503,6.172996520996094
13810.CH.SHED.D24.2021.T16.1,D24,16.0,,278.4444444,indoor,,12.830778121948242,10.118323191345503,3.169221878051758
13810.CH.SHED.D24.2021.T17.1,D24,17.0,,295.0555556,indoor,,12.378052711486816,10.118323191345503,4.621947288513184
13810.CH.SHED.D24.2021.T18.1,D24,18.0,,304.5555556,indoor,,11.39422607421875,10.118323191345503,6.60577392578125
13810.CH.SHED.D24.2021.T19.1,D24,19.0,,314.1666667,indoor,,11.411386489868164,10.118323191345503,7.588613510131836
13810.CH.SHED.D24.2021.T2.1,D24,2.0,,40.27777778,indoor,,2.2400851249694824,10.118323191345503,0.24008512496948242
13810.CH.SHED.D24.2021.T20.1,D24,20.0,,327.2222222,indoor,,11.553077697753906,10.118323191345503,8.446922302246094
13810.CH.SHED.D24.2021.T3.1,D24,3.0,,59.33333333,indoor,,1.4119136333465576,10.118323191345503,1.5880863666534424
13810.CH.SHED.D24.2021.T4.1,D24,4.0,,75.0,indoor,,1.7706258296966553,10.118323191345503,2.2293741703033447
13810.CH.SHED.D24.2021.T5.1,D24,5.0,,87.77777778,indoor,,2.9323441982269287,10.118323191345503,2.0676558017730713
13810.CH.SHED.D24.2021.T7.1,D24,7.0,,123.3888889,indoor,,10.325572967529297,10.118323191345503,3.325572967529297
13810.CH.SHED.D24.2021.T8.1,D24,8.0,,143.0555556,indoor,,5.839026927947998,10.118323191345503,2.160973072052002
13810.CH.SHED.D24.2021.T9.1,D24,9.0,,165.5,indoor,,4.021279335021973,10.118323191345503,4.978720664978027
13810.CH.SHED.D26.2021.T10.1,D26,10.0,,184.4444444,indoor,,6.327485084533691,10.1115760111576,3.6725149154663086
13810.CH.SHED.D26.2021.T11.1,D26,11.0,,203.5555556,indoor,,5.88599157333374,10.1115760111576,5.11400842666626
13810.CH.SHED.D26.2021.T12.1,D26,12.0,,224.3888889,indoor,,6.860618591308594,10.1115760111576,5.139381408691406
13810.CH.SHED.D26.2021.T13.1,D26,13.0,,243.7222222,indoor,,6.241611957550049,10.1115760111576,6.758388042449951
13810.CH.SHED.D26.2021.T14.1,D26,14.0,,265.7222222,indoor,,5.629928112030029,10.1115760111576,8.37007188796997
13810.CH.SHED.D26.2021.T15.1,D26,15.0,,290.5555556,indoor,,11.395783424377441,10.1115760111576,3.6042165756225586
13810.CH.SHED.D26.2021.T16.1,D26,16.0,,312.3333333,indoor,,8.362960815429688,10.1115760111576,7.6370391845703125
13810.CH.SHED.D26.2021.T17.1,D26,17.0,,329.0,indoor,,11.5841703414917,10.1115760111576,5.415829658508301
13810.CH.SHED.D26.2021.T18.1,D26,18.0,,345.2222222,indoor,,3.0385265350341797,10.1115760111576,14.96147346496582
13810.CH.SHED.D26.2021.T19.1,D26,19.0,,364.2222222,indoor,,12.717869758605957,10.1115760111576,6.282130241394043
13810.CH.SHED.D26.2021.T2.1,D26,2.0,,29.72222222,indoor,,3.7359189987182617,10.1115760111576,1.7359189987182617
13810.CH.SHED.D26.2021.T3.1,D26,3.0,,43.72222222,indoor,,5.423105716705322,10.1115760111576,2.4231057167053223
13810.CH.SHED.D26.2021.T4.1,D26,4.0,,62.11111111,indoor,,4.715972900390625,10.1115760111576,0.715972900390625
13810.CH.SHED.D26.2021.T5.1,D26,5.0,,83.05555556,indoor,,4.234403610229492,10.1115760111576,0.7655963897705078
13810.CH.SHED.D26.2021.T6.1,D26,6.0,,103.6666667,indoor,,5.268653869628906,10.1115760111576,0.7313461303710938
13810.CH.SHED.D26.2021.T7.1,D26,7.0,,124.9444444,indoor,,5.119742393493652,10.1115760111576,1.8802576065063477
13810.CH.SHED.D26.2021.T8.1,D26,8.0,,148.2777778,indoor,,4.136345386505127,10.1115760111576,3.863654613494873
13810.CH.SHED.D26.2021.T9.1,D26,9.0,,168.5555556,indoor,,6.086535930633545,10.1115760111576,2.913464069366455
13810.CH.SHED.D28.2021.T1.1,D28,1.0,,23.33333333,indoor,,2.1898133754730225,10.02488231338265,1.1898133754730225
13810.CH.SHED.D28.2021.T10.1,D28,10.0,,204.0555556,indoor,,7.055737495422363,10.02488231338265,2.9442625045776367
13810.CH.SHED.D28.2021.T11.1,D28,11.0,,220.2777778,indoor,,11.075922012329102,10.02488231338265,0.07592201232910156
13810.CH.SHED.D28.2021.T12.1,D28,12.0,,239.2777778,indoor,,7.338482856750488,10.02488231338265,4.661517143249512
13810.CH.SHED.D28.2021.T13.1,D28,13.0,,261.3888889,indoor,,6.509678840637207,10.02488231338265,6.490321159362793
13810.CH.SHED.D28.2021.T14.1,D28,14.0,,285.9444444,indoor,,10.849715232849121,10.02488231338265,3.150284767150879
13810.CH.SHED.D28.2021.T15.1,D28,15.0,,311.3333333,indoor,,9.763657569885254,10.02488231338265,5.236342430114746
13810.CH.SHED.D28.2021.T16.1,D28,16.0,,337.0,indoor,,11.351190567016602,10.02488231338265,4.648809432983398
13810.CH.SHED.D28.2021.T17.1,D28,17.0,,357.5555556,indoor,,13.460776329040527,10.02488231338265,3.5392236709594727
13810.CH.SHED.D28.2021.T18.1,D28,18.0,,379.3333333,indoor,,9.557890892028809,10.02488231338265,8.442109107971191
13810.CH.SHED.D28.2021.T19.1,D28,19.0,,404.3333333,indoor,,12.196866989135742,10.02488231338265,6.803133010864258
13810.CH.SHED.D28.2021.T2.1,D28,2.0,,43.61111111,indoor,,3.7269234657287598,10.02488231338265,1.7269234657287598
13810.CH.SHED.D28.2021.T20.1,D28,20.0,,428.5555556,indoor,,13.648858070373535,10.02488231338265,6.351141929626465
13810.CH.SHED.D28.2021.T5.1,D28,5.0,,99.44444444,indoor,,4.065734386444092,10.02488231338265,0.9342656135559082
13810.CH.SHED.D28.2021.T6.1,D28,6.0,,118.7777778,indoor,,2.2960140705108643,10.02488231338265,3.7039859294891357
13810.CH.SHED.D28.2021.T7.1,D28,7.0,,140.7777778,indoor,,2.651728391647339,10.02488231338265,4.348271608352661
13810.CH.SHED.D28.2021.T8.1,D28,8.0,,165.6111111,indoor,,7.753213882446289,10.02488231338265,0.24678611755371094
13810.CH.SHED.D28.2021.T9.1,D28,9.0,,187.3888889,indoor,,7.062648773193359,10.02488231338265,1.9373512268066406
13810.CH.SHED.D30.2021.T1.1,D30,1.0,,24.83333333,indoor,,2.8080174922943115,10.02488231338265,1.8080174922943115
13810.CH.SHED.D30.2021.T11.1,D30,11.0,,238.5555556,indoor,,11.473822593688965,10.02488231338265,0.47382259368896484
13810.CH.SHED.D30.2021.T12.1,D30,12.0,,263.5555556,indoor,,13.535608291625977,10.02488231338265,1.5356082916259766
13810.CH.SHED.D30.2021.T13.1,D30,13.0,,287.7777778,indoor,,14.454349517822266,10.02488231338265,1.4543495178222656
13810.CH.SHED.D30.2021.T14.1,D30,14.0,,307.5555556,indoor,,12.59704875946045,10.02488231338265,1.4029512405395508
13810.CH.SHED.D30.2021.T15.1,D30,15.0,,326.8888889,indoor,,12.369562149047852,10.02488231338265,2.6304378509521484
13810.CH.SHED.D30.2021.T16.1,D30,16.0,,351.5555556,indoor,,13.304961204528809,10.02488231338265,2.6950387954711914
13810.CH.SHED.D30.2021.T17.1,D30,17.0,,376.5,indoor,,12.700065612792969,10.02488231338265,4.299934387207031
13810.CH.SHED.D30.2021.T18.1,D30,18.0,,401.0555556,indoor,,12.72206974029541,10.02488231338265,5.27793025970459
13810.CH.SHED.D30.2021.T19.1,D30,19.0,,424.9444444,indoor,,13.329070091247559,10.02488231338265,5.670929908752441
13810.CH.SHED.D30.2021.T20.1,D30,20.0,,450.0,indoor,,14.62755298614502,10.02488231338265,5.3724470138549805
13810.CH.SHED.D30.2021.T4.1,D30,4.0,,79.5,indoor,,2.095148801803589,10.02488231338265,1.9048511981964111
13810.CH.SHED.D30.2021.T7.1,D30,7.0,,145.1666667,indoor,,6.749095916748047,10.02488231338265,0.2509040832519531
13810.CH.SHED.D30.2021.T8.1,D30,8.0,,170.5555556,indoor,,6.815065860748291,10.02488231338265,1.184934139251709
13810.CH.SHED.D30.2021.T9.1,D30,9.0,,196.2222222,indoor,,11.065340042114258,10.02488231338265,2.065340042114258
13810.CH.SHED.D5.2020.T1,D5,1.0,,16.77777778,indoor,,7.845600128173828,10.087076710435383,6.845600128173828
13810.CH.SHED.D5.2020.T10,D5,10.0,,187.8333333,indoor,,8.550424575805664,10.087076710435383,1.449575424194336
13810.CH.SHED.D5.2020.T11,D5,11.0,,202.8333333,indoor,,10.7882719039917,10.087076710435383,0.21172809600830078
13810.CH.SHED.D5.2020.T12,D5,12.0,,213.7777778,indoor,,11.317647933959961,10.087076710435383,0.6823520660400391
13810.CH.SHED.D5.2020.T13,D5,13.0,,220.5,indoor,,15.363956451416016,10.087076710435383,2.3639564514160156
13810.CH.SHED.D5.2020.T15,D5,15.0,,242.1111111,indoor,,15.859378814697266,10.087076710435383,0.8593788146972656
13810.CH.SHED.D5.2020.T16,D5,16.0,,250.0555556,indoor,,13.693354606628418,10.087076710435383,2.306645393371582
13810.CH.SHED.D5.2020.T17,D5,17.0,,258.8888889,indoor,,13.690052032470703,10.087076710435383,3.309947967529297
13810.CH.SHED.D5.2020.T18,D5,18.0,,267.3888889,indoor,,15.505077362060547,10.087076710435383,2.494922637939453
13810.CH.SHED.D5.2020.T20,D5,20.0,,287.2222222,indoor,,16.51780891418457,10.087076710435383,3.4821910858154297
13810.CH.SHED.D5.2020.T3,D5,3.0,,56.61111111,indoor,,2.6877596378326416,10.087076710435383,0.3122403621673584
13810.CH.SHED.D5.2020.T5,D5,5.0,,96.66666667,indoor,,4.135840892791748,10.087076710435383,0.864159107208252
13810.CH.SHED.D5.2020.T6,D5,6.0,,111.2222222,indoor,,6.908758163452148,10.087076710435383,0.9087581634521484
13810.CH.SHED.D5.2020.T9,D5,9.0,,167.5555556,indoor,,11.365554809570312,10.087076710435383,2.3655548095703125
13810.CH.SHED.D7.2020.T1,D7,1.0,,16.61111111,indoor,,5.015416622161865,10.1115760111576,4.015416622161865
13810.CH.SHED.D7.2020.T10,D7,10.0,,126.6666667,indoor,,9.631674766540527,10.1115760111576,0.36832523345947266
13810.CH.SHED.D7.2020.T11,D7,11.0,,135.1666667,indoor,,10.23121166229248,10.1115760111576,0.7687883377075195
13810.CH.SHED.D7.2020.T12,D7,12.0,,143.6666667,indoor,,10.078348159790039,10.1115760111576,1.921651840209961
13810.CH.SHED.D7.2020.T13,D7,13.0,,155.0,indoor,,10.25087833404541,10.1115760111576,2.74912166595459
13810.CH.SHED.D7.2020.T15,D7,15.0,,181.6111111,indoor,,10.244012832641602,10.1115760111576,4.755987167358398
13810.CH.SHED.D7.2020.T16,D7,16.0,,197.8888889,indoor,,10.578021049499512,10.1115760111576,5.421978950500488
13810.CH.SHED.D7.2020.T18,D7,18.0,,230.3333333,indoor,,12.227771759033203,10.1115760111576,5.772228240966797
13810.CH.SHED.D7.2020.T19,D7,19.0,,241.6666667,indoor,,12.119704246520996,10.1115760111576,6.880295753479004
13810.CH.SHED.D7.2020.T2,D7,2.0,,35.33333333,indoor,,4.3306097984313965,10.1115760111576,2.3306097984313965
13810.CH.SHED.D7.2020.T20,D7,20.0,,247.8888889,indoor,,12.477948188781738,10.1115760111576,7.522051811218262
13810.CH.SHED.D7.2020.T3,D7,3.0,,55.61111111,indoor,,6.261697292327881,10.1115760111576,3.261697292327881
13810.CH.SHED.D7.2020.T4,D7,4.0,,70.61111111,indoor,,9.745147705078125,10.1115760111576,5.745147705078125
13810.CH.SHED.D7.2020.T5,D7,5.0,,81.55555556,indoor,,9.295687675476074,10.1115760111576,4.295687675476074
13810.CH.SHED.D7.2020.T6,D7,6.0,,88.27777778,indoor,,10.561675071716309,10.1115760111576,4.561675071716309
13810.CH.SHED.D7.2020.T8,D7,8.0,,109.8888889,indoor,,10.36037826538086,10.1115760111576,2.3603782653808594
13810.CH.SHED.D7.2020.T9,D7,9.0,,117.8333333,indoor,,9.58443546295166,10.1115760111576,0.5844354629516602
13810.CH.SHED.D9.2020.T10,D9,10.0,126.11,120.4444444,indoor,,3.484421730041504,10.02488231338265,6.515578269958496
13810.CH.SHED.D9.2020.T12,D9,12.0,143.94,138.0,indoor,,4.6751532554626465,10.02488231338265,7.3248467445373535
13810.CH.SHED.D9.2020.T13,D9,13.0,151.42,145.7777778,indoor,,13.147980690002441,10.02488231338265,0.1479806900024414
13810.CH.SHED.D9.2020.T15,D9,15.0,164.22,157.5,indoor,,4.014835834503174,10.02488231338265,10.985164165496826
13810.CH.SHED.D9.2020.T16,D9,16.0,176.02,170.1111111,indoor,,4.552868843078613,10.02488231338265,11.447131156921387
13810.CH.SHED.D9.2020.T18,D9,18.0,203.04,195.0,indoor,,4.311556339263916,10.02488231338265,13.688443660736084
13810.CH.SHED.D9.2020.T19,D9,19.0,215.44,207.8333333,indoor,,4.4414849281311035,10.02488231338265,14.558515071868896
13810.CH.SHED.D9.2020.T2,D9,2.0,20.37,16.77777778,indoor,,8.739239692687988,10.02488231338265,6.739239692687988
13810.CH.SHED.D9.2020.T20,D9,20.0,230.22,222.0555556,indoor,,7.0284013748168945,10.02488231338265,12.971598625183105
13810.CH.SHED.D9.2020.T3,D9,3.0,29.71,25.27777778,indoor,,1.608854055404663,10.02488231338265,1.391145944595337
13810.CH.SHED.D9.2020.T4,D9,4.0,42.28,33.77777778,indoor,,2.3615028858184814,10.02488231338265,1.6384971141815186
13810.CH.SHED.D9.2020.T5,D9,5.0,52.33,45.11111111,indoor,,1.491384506225586,10.02488231338265,3.508615493774414
13810.CH.SHED.D9.2020.T6,D9,6.0,64.11,57.5,indoor,,2.0171916484832764,10.02488231338265,3.9828083515167236
13810.CH.SHED.D9.2020.T8,D9,8.0,93.56,88.0,indoor,,0.8189057111740112,10.02488231338265,7.181094288825989
13810.CPS.SHED.D14.2021.T0,D14,0.0,0.0,0.0,indoor,,3.3009467124938965,10.1115760111576,3.3009467124938965
13810.CPS.SHED.D16.2021.T0,D16,0.0,0.0,0.0,indoor,,2.412623882293701,10.118323191345503,2.412623882293701
13810.CPS.SHED.D18.2021.T0,D18,0.0,0.0,0.0,indoor,,4.1819868087768555,10.101938262742284,4.1819868087768555
13810.CPS.SHED.D20.2021.T0.1,D20,0.0,,0.0,indoor,,4.7563605308532715,10.118323191345503,4.7563605308532715
13810.CPS.SHED.D22.2021.T0.1,D22,0.0,,0.0,indoor,,8.169373512268066,10.1115760111576,8.169373512268066
13810.CPS.SHED.D24.2021.T0.2,D24,0.0,,0.0,indoor,,9.77591609954834,10.118323191345503,9.77591609954834
13810.CPS.SHED.D28.2021.T0.1,D28,0.0,,0.0,indoor,,1.8554837703704834,10.02488231338265,1.8554837703704834
13810.CPS.SHED.D5.2020.T0,D5,0.0,,0.0,indoor,,1.9620599746704102,10.087076710435383,1.9620599746704102
13810.CPS.SHED.D5.2020.T14,D5,14.0,,228.8888889,indoor,,13.963798522949219,10.087076710435383,0.03620147705078125
13810.CPS.SHED.D5.2020.T7,D5,7.0,,132.2222222,indoor,,8.762446403503418,10.087076710435383,1.762446403503418
13810.CPS.SHED.D7.2020.T14,D7,14.0,,167.3888889,indoor,,10.466626167297363,10.1115760111576,3.5333738327026367
13810.CPS.SHED.D7.2020.T7,D7,7.0,,96.66666667,indoor,,10.928801536560059,10.1115760111576,3.9288015365600586
13810.CPS.SHED.D9.2020.T0,D9,0.0,0.0,0.0,indoor,,7.007940292358398,10.02488231338265,7.007940292358398
13810.CPS.SHED.D9.2020.T14,D9,14.0,157.45,151.3333333,indoor,,3.7087974548339844,10.02488231338265,10.291202545166016
13810.CPS.SHED.D9.2020.T7,D9,7.0,77.45,71.72222222,indoor,,1.8000812530517578,10.02488231338265,5.199918746948242
13810.F.SHED.D10.2020.T0,D10,0.0,,0.0,outdoor_uncaged,fecal,0.0,10.101938262742284,0.0
13810.F.SHED.D11.2020.T0,D11,0.0,,0.0,outdoor_caged,fecal,0.31169718503952026,10.1115760111576,0.31169718503952026
13810.F.SHED.D12.2020.T0,D12,0.0,,0.0,outdoor_uncaged,fecal,1.4921908378601074,10.087076710435383,1.4921908378601074
13810.F.SHED.D13.2021.T0,D13,0.0,,0.0,outdoor_caged,fecal,2.7384986877441406,10.087076710435383,2.7384986877441406
13810.F.SHED.D14.2021.T0,D14,0.0,0.0,0.0,indoor,fecal,0.235591322183609,10.1115760111576,0.235591322183609
13810.F.SHED.D15.2021.T0,D15,0.0,,0.0,outdoor_caged,fecal,0.4451676607131958,10.087076710435383,0.4451676607131958
13810.F.SHED.D17.2021.T0,D17,0.0,,0.0,outdoor_caged,fecal,0.14666926860809326,10.118323191345503,0.14666926860809326
13810.F.SHED.D18.2021.T0,D18,0.0,0.0,0.0,indoor,fecal,1.087921380996704,10.101938262742284,1.087921380996704
13810.F.SHED.D19.2021.T0.1,D19,0.0,,0.0,outdoor_caged,fecal,0.10687702894210815,10.101938262742284,0.10687702894210815
13810.F.SHED.D20.2021.T0.1,D20,0.0,,0.0,indoor,fecal,0.0,10.118323191345503,0.0
13810.F.SHED.D21.2021.T0.1,D21,0.0,,0.0,outdoor_caged,fecal,0.0,10.101938262742284,0.0
13810.F.SHED.D22.2021.T0.1,D22,0.0,,0.0,indoor,fecal,0.03634397312998772,10.1115760111576,0.03634397312998772
13810.F.SHED.D23.2021.T0.1,D23,0.0,,0.0,outdoor_caged,fecal,0.1768220216035843,10.101938262742284,0.1768220216035843
13810.F.SHED.D24.2021.T0.1,D24,0.0,,0.0,indoor,fecal,0.3227786719799042,10.118323191345503,0.3227786719799042
13810.F.SHED.D25.2021.T0.1,D25,0.0,,0.0,outdoor_caged,fecal,0.026895100250840187,10.087076710435383,0.026895100250840187
13810.F.SHED.D26.2021.T0.1,D26,0.0,,0.0,indoor,fecal,0.7692279815673828,10.1115760111576,0.7692279815673828
13810.F.SHED.D27.2021.T0.1,D27,0.0,,0.0,outdoor_caged,fecal,0.0,10.1115760111576,0.0
13810.F.SHED.D28.2021.T0.1,D28,0.0,,0.0,indoor,fecal,1.977529764175415,10.02488231338265,1.977529764175415
13810.F.SHED.D29.2021.T0.1,D29,0.0,,0.0,outdoor_caged,fecal,0.0,10.118323191345503,0.0
13810.F.SHED.D30.2021.T0.1,D30,0.0,,0.0,indoor,fecal,0.6578248739242554,10.02488231338265,0.6578248739242554
13810.F.SHED.D4.2020.T0,D4,0.0,,0.0,outdoor_caged,fecal,2.171132802963257,10.101938262742284,2.171132802963257
13810.F.SHED.D5.2020.T0,D5,0.0,,0.0,indoor,fecal,0.09757109731435776,10.087076710435383,0.09757109731435776
13810.F.SHED.D6.2020.T0,D6,0.0,,0.0,outdoor_uncaged,fecal,0.0,10.02488231338265,0.0
13810.F.SHED.D7.2020.T0,D7,0.0,,0.0,indoor,fecal,0.491481751203537,10.1115760111576,0.491481751203537
13810.F.SHED.D8.2020.T0,D8,0.0,,0.0,outdoor_caged,fecal,0.0,10.02488231338265,0.0
13810.F.SHED.D9.2020.T0,D9,0.0,0.0,0.0,indoor,fecal,2.6068291664123535,10.02488231338265,2.6068291664123535
13810.SCS.SHED.D10.2020.T0,D10,0.0,,0.0,outdoor_uncaged,,6.969510078430176,10.101938262742284,6.969510078430176
13810.SCS.SHED.D10.2020.T10,D10,10.0,,126.6666667,outdoor_uncaged,,6.363628387451172,10.101938262742284,3.636371612548828
13810.SCS.SHED.D10.2020.T11,D10,11.0,,135.1666667,outdoor_uncaged,,6.405897617340088,10.101938262742284,4.594102382659912
13810.SCS.SHED.D10.2020.T12,D10,12.0,,143.6666667,outdoor_uncaged,,6.612325668334961,10.101938262742284,5.387674331665039
13810.SCS.SHED.D10.2020.T14,D10,14.0,,167.3888889,outdoor_uncaged,,7.904143333435059,10.101938262742284,6.095856666564941
13810.SCS.SHED.D10.2020.T15,D10,15.0,,181.6111111,outdoor_uncaged,,5.850463390350342,10.101938262742284,9.149536609649658
13810.SCS.SHED.D10.2020.T16,D10,16.0,,197.8888889,outdoor_uncaged,,9.582661628723145,10.101938262742284,6.4173383712768555
13810.SCS.SHED.D10.2020.T17,D10,17.0,,216.0,outdoor_uncaged,,9.335099220275879,10.101938262742284,7.664900779724121
13810.SCS.SHED.D10.2020.T18,D10,18.0,,230.3333333,outdoor_uncaged,,9.808036804199219,10.101938262742284,8.191963195800781
13810.SCS.SHED.D10.2020.T19,D10,19.0,,241.6666667,outdoor_uncaged,,8.976493835449219,10.101938262742284,10.023506164550781
13810.SCS.SHED.D10.2020.T2,D10,2.0,,35.33333333,outdoor_uncaged,,4.804360389709473,10.101938262742284,2.8043603897094727
13810.SCS.SHED.D10.2020.T20,D10,20.0,,247.8888889,outdoor_uncaged,,10.209734916687012,10.101938262742284,9.790265083312988
13810.SCS.SHED.D10.2020.T3,D10,3.0,,55.61111111,outdoor_uncaged,,5.2834014892578125,10.101938262742284,2.2834014892578125
13810.SCS.SHED.D10.2020.T4,D10,4.0,,70.61111111,outdoor_uncaged,,5.129831314086914,10.101938262742284,1.129831314086914
13810.SCS.SHED.D10.2020.T5,D10,5.0,,81.55555556,outdoor_uncaged,,6.628610134124756,10.101938262742284,1.6286101341247559
13810.SCS.SHED.D10.2020.T6,D10,6.0,,88.27777778,outdoor_uncaged,,4.76551628112793,10.101938262742284,1.2344837188720703
13810.SCS.SHED.D10.2020.T7,D10,7.0,,96.66666667,outdoor_uncaged,,4.648261547088623,10.101938262742284,2.351738452911377
13810.SCS.SHED.D10.2020.T8,D10,8.0,,109.8888889,outdoor_uncaged,,5.038907527923584,10.101938262742284,2.961092472076416
13810.SCS.SHED.D10.2020.T9,D10,9.0,,117.8333333,outdoor_uncaged,,7.496547698974609,10.101938262742284,1.5034523010253906
13810.SCS.SHED.D11.2020.T0,D11,0.0,,0.0,outdoor_caged,,8.50747013092041,10.1115760111576,8.50747013092041
13810.SCS.SHED.D11.2020.T1,D11,1.0,,7.944444444,outdoor_caged,,6.472575664520264,10.1115760111576,5.472575664520264
13810.SCS.SHED.D11.2020.T10,D11,10.0,,120.4444444,outdoor_caged,,9.853660583496094,10.1115760111576,0.14633941650390625
13810.SCS.SHED.D11.2020.T11,D11,11.0,,131.7777778,outdoor_caged,,9.259204864501953,10.1115760111576,1.7407951354980469
13810.SCS.SHED.D11.2020.T12,D11,12.0,,138.0,outdoor_caged,,12.94487190246582,10.1115760111576,0.9448719024658203
13810.SCS.SHED.D11.2020.T14,D11,14.0,,151.3333333,outdoor_caged,,14.572314262390137,10.1115760111576,0.5723142623901367
13810.SCS.SHED.D11.2020.T15,D11,15.0,,157.5,outdoor_caged,,10.183782577514648,10.1115760111576,4.816217422485352
13810.SCS.SHED.D11.2020.T17,D11,17.0,,185.0555556,outdoor_caged,,14.815479278564453,10.1115760111576,2.184520721435547
13810.SCS.SHED.D11.2020.T18,D11,18.0,,195.0,outdoor_caged,,9.0501127243042,10.1115760111576,8.9498872756958
13810.SCS.SHED.D11.2020.T19,D11,19.0,,207.8333333,outdoor_caged,,13.429518699645996,10.1115760111576,5.570481300354004
13810.SCS.SHED.D11.2020.T2,D11,2.0,,16.77777778,outdoor_caged,,3.934420585632324,10.1115760111576,1.9344205856323242
13810.SCS.SHED.D11.2020.T3,D11,3.0,,25.27777778,outdoor_caged,,7.702048301696777,10.1115760111576,4.702048301696777
13810.SCS.SHED.D11.2020.T4,D11,4.0,,33.77777778,outdoor_caged,,8.232502937316895,10.1115760111576,4.2325029373168945
13810.SCS.SHED.D11.2020.T5,D11,5.0,,45.11111111,outdoor_caged,,6.8940205574035645,10.1115760111576,1.8940205574035645
13810.SCS.SHED.D11.2020.T6,D11,6.0,,57.5,outdoor_caged,,7.954614639282227,10.1115760111576,1.9546146392822266
13810.SCS.SHED.D11.2020.T7,D11,7.0,,71.72222222,outdoor_caged,,10.508308410644531,10.1115760111576,3.5083084106445312
13810.SCS.SHED.D11.2020.T8,D11,8.0,,88.0,outdoor_caged,,8.58055305480957,10.1115760111576,0.5805530548095703
13810.SCS.SHED.D11.2020.T9,D11,9.0,,106.1111111,outdoor_caged,,9.825078010559082,10.1115760111576,0.825078010559082
13810.SCS.SHED.D12.2020.T1,D12,1.0,,7.944444444,outdoor_uncaged,,7.544452667236328,10.087076710435383,6.544452667236328
13810.SCS.SHED.D12.2020.T10,D12,10.0,,120.4444444,outdoor_uncaged,,10.152944564819336,10.087076710435383,0.15294456481933594
13810.SCS.SHED.D12.2020.T11,D12,11.0,,131.7777778,outdoor_uncaged,,9.380401611328125,10.087076710435383,1.619598388671875
13810.SCS.SHED.D12.2020.T13,D12,13.0,,145.7777778,outdoor_uncaged,,6.205042839050293,10.087076710435383,6.794957160949707
13810.SCS.SHED.D12.2020.T14,D12,14.0,,151.3333333,outdoor_uncaged,,9.409812927246094,10.087076710435383,4.590187072753906
13810.SCS.SHED.D12.2020.T15,D12,15.0,,157.5,outdoor_uncaged,,9.643424987792969,10.087076710435383,5.356575012207031
13810.SCS.SHED.D12.2020.T16,D12,16.0,,170.1111111,outdoor_uncaged,,10.060742378234863,10.087076710435383,5.939257621765137
13810.SCS.SHED.D12.2020.T17,D12,17.0,,185.0555556,outdoor_uncaged,,16.096908569335938,10.087076710435383,0.9030914306640625
13810.SCS.SHED.D12.2020.T18,D12,18.0,,195.0,outdoor_uncaged,,11.806718826293945,10.087076710435383,6.193281173706055
13810.SCS.SHED.D12.2020.T20,D12,20.0,,222.0555556,outdoor_uncaged,,12.292160034179688,10.087076710435383,7.7078399658203125
13810.SCS.SHED.D12.2020.T3,D12,3.0,,25.27777778,outdoor_uncaged,,10.549417495727539,10.087076710435383,7.549417495727539
13810.SCS.SHED.D12.2020.T4,D12,4.0,,33.77777778,outdoor_uncaged,,6.008107662200928,10.087076710435383,2.0081076622009277
13810.SCS.SHED.D12.2020.T5,D12,5.0,,45.11111111,outdoor_uncaged,,14.023805618286133,10.087076710435383,9.023805618286133
13810.SCS.SHED.D12.2020.T6,D12,6.0,,57.5,outdoor_uncaged,,7.666237831115723,10.087076710435383,1.6662378311157227
13810.SCS.SHED.D12.2020.T7,D12,7.0,,71.72222222,outdoor_uncaged,,7.691125869750977,10.087076710435383,0.6911258697509766
13810.SCS.SHED.D12.2020.T9,D12,9.0,,106.1111111,outdoor_uncaged,,9.255903244018555,10.087076710435383,0.2559032440185547
13810.SCS.SHED.D13.2021.T0,D13,0.0,,0.0,outdoor_caged,,6.258969783782959,10.087076710435383,6.258969783782959
13810.SCS.SHED.D13.2021.T1,D13,1.0,,18.05555556,outdoor_caged,,3.3983640670776367,10.087076710435383,2.3983640670776367
13810.SCS.SHED.D13.2021.T10,D13,10.0,,190.6666667,outdoor_caged,,6.070331573486328,10.087076710435383,3.929668426513672
13810.SCS.SHED.D13.2021.T12,D13,12.0,,219.1666667,outdoor_caged,,6.099292755126953,10.087076710435383,5.900707244873047
13810.SCS.SHED.D13.2021.T13,D13,13.0,,233.1666667,outdoor_caged,,4.627673149108887,10.087076710435383,8.372326850891113
13810.SCS.SHED.D13.2021.T15,D13,15.0,,266.9444444,outdoor_caged,,6.051877498626709,10.087076710435383,8.948122501373291
13810.SCS.SHED.D13.2021.T16,D13,16.0,,288.9444444,outdoor_caged,,5.892825603485107,10.087076710435383,10.107174396514893
13810.SCS.SHED.D13.2021.T18,D13,18.0,,332.2777778,outdoor_caged,,4.08280086517334,10.087076710435383,13.91719913482666
13810.SCS.SHED.D13.2021.T19,D13,19.0,,356.6666667,outdoor_caged,,3.5484447479248047,10.087076710435383,15.451555252075195
13810.SCS.SHED.D13.2021.T3,D13,3.0,,53.66666667,outdoor_caged,,7.281919479370117,10.087076710435383,4.281919479370117
13810.SCS.SHED.D13.2021.T4,D13,4.0,,71.77777778,outdoor_caged,,6.619452476501465,10.087076710435383,2.619452476501465
13810.SCS.SHED.D13.2021.T5,D13,5.0,,91.22222222,outdoor_caged,,4.710615158081055,10.087076710435383,0.2893848419189453
13810.SCS.SHED.D13.2021.T6,D13,6.0,,114.3333333,outdoor_caged,,8.258681297302246,10.087076710435383,2.258681297302246
13810.SCS.SHED.D13.2021.T8,D13,8.0,,149.3333333,outdoor_caged,,4.743011474609375,10.087076710435383,3.256988525390625
13810.SCS.SHED.D13.2021.T9,D13,9.0,,171.0555556,outdoor_caged,,7.265776634216309,10.087076710435383,1.7342233657836914
13810.SCS.SHED.D15.2021.T0,D15,0.0,,0.0,outdoor_caged,,6.958776473999023,10.087076710435383,6.958776473999023
13810.SCS.SHED.D15.2021.T1,D15,1.0,,16.33333333,outdoor_caged,,3.5814709663391113,10.087076710435383,2.5814709663391113
13810.SCS.SHED.D15.2021.T10,D15,10.0,,178.3333333,outdoor_caged,,3.7419285774230957,10.087076710435383,6.258071422576904
13810.SCS.SHED.D15.2021.T11,D15,11.0,,199.2777778,outdoor_caged,,5.509432315826416,10.087076710435383,5.490567684173584
13810.SCS.SHED.D15.2021.T12,D15,12.0,,223.6666667,outdoor_caged,,4.8678717613220215,10.087076710435383,7.1321282386779785
13810.SCS.SHED.D15.2021.T13,D15,13.0,,244.6666667,outdoor_caged,,5.433709621429443,10.087076710435383,7.566290378570557
13810.SCS.SHED.D15.2021.T14,D15,14.0,,265.6666667,outdoor_caged,,7.196826934814453,10.087076710435383,6.803173065185547
13810.SCS.SHED.D15.2021.T15,D15,15.0,,286.1111111,outdoor_caged,,10.88187026977539,10.087076710435383,4.118129730224609
13810.SCS.SHED.D15.2021.T17,D15,17.0,,333.2222222,outdoor_caged,,13.400301933288574,10.087076710435383,3.599698066711426
13810.SCS.SHED.D15.2021.T18,D15,18.0,,351.2777778,outdoor_caged,,8.672645568847656,10.087076710435383,9.327354431152344
13810.SCS.SHED.D15.2021.T19,D15,19.0,,369.1111111,outdoor_caged,,9.026483535766602,10.087076710435383,9.973516464233398
13810.SCS.SHED.D15.2021.T2,D15,2.0,,38.05555556,outdoor_caged,,6.5189104080200195,10.087076710435383,4.5189104080200195
13810.SCS.SHED.D15.2021.T20,D15,20.0,,383.3333333,outdoor_caged,,5.23731803894043,10.087076710435383,14.76268196105957
13810.SCS.SHED.D15.2021.T3,D15,3.0,,57.66666667,outdoor_caged,,4.9468793869018555,10.087076710435383,1.9468793869018555
13810.SCS.SHED.D15.2021.T4,D15,4.0,,72.11111111,outdoor_caged,,4.506786346435547,10.087076710435383,0.5067863464355469
13810.SCS.SHED.D15.2021.T5,D15,5.0,,86.16666667,outdoor_caged,,4.404653549194336,10.087076710435383,0.5953464508056641
13810.SCS.SHED.D15.2021.T6,D15,6.0,,100.1666667,outdoor_caged,,5.373671054840088,10.087076710435383,0.6263289451599121
13810.SCS.SHED.D15.2021.T7,D15,7.0,,116.0,outdoor_caged,,5.1970720291137695,10.087076710435383,1.8029279708862305
13810.SCS.SHED.D15.2021.T8,D15,8.0,,133.9444444,outdoor_caged,,3.203843593597412,10.087076710435383,4.796156406402588
13810.SCS.SHED.D15.2021.T9,D15,9.0,,155.9444444,outdoor_caged,,7.02236270904541,10.087076710435383,1.9776372909545898
13810.SCS.SHED.D17.2021.T0,D17,0.0,,0.0,outdoor_caged,,4.774018287658691,10.118323191345503,4.774018287658691
13810.SCS.SHED.D17.2021.T1,D17,1.0,,17.94444444,outdoor_caged,,8.357498168945312,10.118323191345503,7.3574981689453125
13810.SCS.SHED.D17.2021.T10,D17,10.0,,217.2222222,outdoor_caged,,5.113167762756348,10.118323191345503,4.886832237243652
13810.SCS.SHED.D17.2021.T11,D17,11.0,,235.2777778,outdoor_caged,,12.326992988586426,10.118323191345503,1.3269929885864258
13810.SCS.SHED.D17.2021.T12,D17,12.0,,253.1111111,outdoor_caged,,11.044163703918457,10.118323191345503,0.955836296081543
13810.SCS.SHED.D17.2021.T13,D17,13.0,,267.3333333,outdoor_caged,,7.759247779846191,10.118323191345503,5.240752220153809
13810.SCS.SHED.D17.2021.T14,D17,14.0,,281.5555556,outdoor_caged,,6.204796314239502,10.118323191345503,7.795203685760498
13810.SCS.SHED.D17.2021.T15,D17,15.0,,298.1111111,outdoor_caged,,6.859464645385742,10.118323191345503,8.140535354614258
13810.SCS.SHED.D17.2021.T16,D17,16.0,,316.3888889,outdoor_caged,,4.61924409866333,10.118323191345503,11.38075590133667
13810.SCS.SHED.D17.2021.T17,D17,17.0,,329.0555556,outdoor_caged,,12.826613426208496,10.118323191345503,4.173386573791504
13810.SCS.SHED.D17.2021.T18,D17,18.0,,345.8333333,outdoor_caged,,7.299657821655273,10.118323191345503,10.700342178344727
13810.SCS.SHED.D17.2021.T19,D17,19.0,,366.1111111,outdoor_caged,,7.367016792297363,10.118323191345503,11.632983207702637
13810.SCS.SHED.D17.2021.T2,D17,2.0,,39.94444444,outdoor_caged,,4.307219505310059,10.118323191345503,2.3072195053100586
13810.SCS.SHED.D17.2021.T20,D17,20.0,,387.0555556,outdoor_caged,,11.920340538024902,10.118323191345503,8.079659461975098
13810.SCS.SHED.D17.2021.T3,D17,3.0,,62.33333333,outdoor_caged,,7.414976119995117,10.118323191345503,4.414976119995117
13810.SCS.SHED.D17.2021.T4,D17,4.0,,83.27777778,outdoor_caged,,9.735724449157715,10.118323191345503,5.735724449157715
13810.SCS.SHED.D17.2021.T5,D17,5.0,,107.6666667,outdoor_caged,,8.351888656616211,10.118323191345503,3.351888656616211
13810.SCS.SHED.D17.2021.T6,D17,6.0,,128.6666667,outdoor_caged,,10.60197925567627,10.118323191345503,4.6019792556762695
13810.SCS.SHED.D17.2021.T7,D17,7.0,,149.6666667,outdoor_caged,,8.555346488952637,10.118323191345503,1.5553464889526367
13810.SCS.SHED.D17.2021.T8,D17,8.0,,170.1111111,outdoor_caged,,10.227117538452148,10.118323191345503,2.2271175384521484
13810.SCS.SHED.D17.2021.T9,D17,9.0,,194.8333333,outdoor_caged,,2.737849712371826,10.118323191345503,6.262150287628174
13810.SCS.SHED.D19.2021.T10.1,D19,10.0,,182.3888889,outdoor_caged,,7.172492980957031,10.101938262742284,2.8275070190429688
13810.SCS.SHED.D19.2021.T16.1,D19,16.0,,280.0555556,outdoor_caged,,10.818946838378906,10.101938262742284,5.181053161621094
13810.SCS.SHED.D19.2021.T20.1,D19,20.0,,344.2222222,outdoor_caged,,7.244595527648926,10.101938262742284,12.755404472351074
13810.SCS.SHED.D19.2021.T5.1,D19,5.0,,98.55555556,outdoor_caged,,6.334012031555176,10.101938262742284,1.3340120315551758
13810.SCS.SHED.D21.2021.T0.1,D21,0.0,,0.0,outdoor_caged,,10.979835510253906,10.101938262742284,10.979835510253906
13810.SCS.SHED.D21.2021.T1.1,D21,1.0,,19.22222222,outdoor_caged,,9.499655723571777,10.101938262742284,8.499655723571777
13810.SCS.SHED.D21.2021.T10.1,D21,10.0,,162.1111111,outdoor_caged,,9.337677001953125,10.101938262742284,0.662322998046875
13810.SCS.SHED.D21.2021.T11.1,D21,11.0,,177.7777778,outdoor_caged,,9.171906471252441,10.101938262742284,1.8280935287475586
13810.SCS.SHED.D21.2021.T15.1,D21,15.0,,245.8333333,outdoor_caged,,9.65738582611084,10.101938262742284,5.34261417388916
13810.SCS.SHED.D21.2021.T16.1,D21,16.0,,268.2777778,outdoor_caged,,8.5758056640625,10.101938262742284,7.4241943359375
13810.SCS.SHED.D21.2021.T19.1,D21,19.0,,313.4444444,outdoor_caged,,9.189093589782715,10.101938262742284,9.810906410217285
13810.SCS.SHED.D21.2021.T3.1,D21,3.0,,45.38888889,outdoor_caged,,6.351702690124512,10.101938262742284,3.3517026901245117
13810.SCS.SHED.D21.2021.T5.1,D21,5.0,,70.66666667,outdoor_caged,,5.9082746505737305,10.101938262742284,0.9082746505737305
13810.SCS.SHED.D21.2021.T6.1,D21,6.0,,85.5,outdoor_caged,,3.5109992027282715,10.101938262742284,2.4890007972717285
13810.SCS.SHED.D21.2021.T7.1,D21,7.0,,102.7777778,outdoor_caged,,11.414029121398926,10.101938262742284,4.414029121398926
13810.SCS.SHED.D21.2021.T8.1,D21,8.0,,121.5,outdoor_caged,,6.21411657333374,10.101938262742284,1.7858834266662598
13810.SCS.SHED.D23.2021.T11.1,D23,11.0,,194.1666667,outdoor_caged,,7.066680908203125,10.101938262742284,3.933319091796875
13810.SCS.SHED.D23.2021.T12.1,D23,12.0,,210.6666667,outdoor_caged,,8.04351806640625,10.101938262742284,3.95648193359375
13810.SCS.SHED.D23.2021.T6.1,D23,6.0,,104.4444444,outdoor_caged,,9.180487632751465,10.101938262742284,3.180487632751465
13810.SCS.SHED.D23.2021.T7.1,D23,7.0,,123.3888889,outdoor_caged,,8.131019592285156,10.101938262742284,1.1310195922851562
13810.SCS.SHED.D25.2021.T1.1,D25,1.0,,16.38888889,outdoor_caged,,4.583885669708252,10.087076710435383,3.583885669708252
13810.SCS.SHED.D25.2021.T12.1,D25,12.0,,224.3888889,outdoor_caged,,4.146072864532471,10.087076710435383,7.853927135467529
13810.SCS.SHED.D25.2021.T13.1,D25,13.0,,243.7222222,outdoor_caged,,3.3429856300354004,10.087076710435383,9.6570143699646
13810.SCS.SHED.D25.2021.T14.1,D25,14.0,,265.7222222,outdoor_caged,,7.940503120422363,10.087076710435383,6.059496879577637
13810.SCS.SHED.D25.2021.T16.1,D25,16.0,,312.3333333,outdoor_caged,,5.287100791931152,10.087076710435383,10.712899208068848
13810.SCS.SHED.D25.2021.T19.1,D25,19.0,,364.2222222,outdoor_caged,,4.62794303894043,10.087076710435383,14.37205696105957
13810.SCS.SHED.D25.2021.T3.1,D25,3.0,,43.72222222,outdoor_caged,,5.292383193969727,10.087076710435383,2.2923831939697266
13810.SCS.SHED.D25.2021.T4.1,D25,4.0,,62.11111111,outdoor_caged,,4.343183517456055,10.087076710435383,0.3431835174560547
13810.SCS.SHED.D25.2021.T7.1,D25,7.0,,124.9444444,outdoor_caged,,4.476558685302734,10.087076710435383,2.5234413146972656
13810.SCS.SHED.D25.2021.T8.1,D25,8.0,,148.2777778,outdoor_caged,,2.8425660133361816,10.087076710435383,5.157433986663818
13810.SCS.SHED.D25.2021.T9.1,D25,9.0,,168.5555556,outdoor_caged,,5.215825080871582,10.087076710435383,3.784174919128418
13810.SCS.SHED.D27.2021.T1.1,D27,1.0,,23.33333333,outdoor_caged,,5.79360294342041,10.1115760111576,4.79360294342041
13810.SCS.SHED.D27.2021.T10.1,D27,10.0,,204.0555556,outdoor_caged,,5.622297763824463,10.1115760111576,4.377702236175537
13810.SCS.SHED.D27.2021.T13.1,D27,13.0,,261.3888889,outdoor_caged,,4.958725929260254,10.1115760111576,8.041274070739746
13810.SCS.SHED.D27.2021.T15.1,D27,15.0,,311.3333333,outdoor_caged,,6.828041076660156,10.1115760111576,8.171958923339844
13810.SCS.SHED.D27.2021.T16.1,D27,16.0,,337.0,outdoor_caged,,8.13656997680664,10.1115760111576,7.863430023193359
13810.SCS.SHED.D27.2021.T17.1,D27,17.0,,357.5555556,outdoor_caged,,9.771035194396973,10.1115760111576,7.228964805603027
13810.SCS.SHED.D27.2021.T4.1,D27,4.0,,78.61111111,outdoor_caged,,7.470505714416504,10.1115760111576,3.470505714416504
13810.SCS.SHED.D27.2021.T5.1,D27,5.0,,99.44444444,outdoor_caged,,6.557900905609131,10.1115760111576,1.5579009056091309
13810.SCS.SHED.D29.2021.T18.1,D29,18.0,,401.0555556,outdoor_caged,,5.417837619781494,10.118323191345503,12.582162380218506
13810.SCS.SHED.D29.2021.T2.1,D29,2.0,,46.61111111,outdoor_caged,,10.94932746887207,10.118323191345503,8.94932746887207
13810.SCS.SHED.D29.2021.T5.1,D29,5.0,,98.5,outdoor_caged,,8.935267448425293,10.118323191345503,3.935267448425293
13810.SCS.SHED.D29.2021.T8.1,D29,8.0,,170.5555556,outdoor_caged,,7.9570417404174805,10.118323191345503,0.04295825958251953
13810.SCS.SHED.D29.2021.T9.1,D29,9.0,,196.2222222,outdoor_caged,,9.347115516662598,10.118323191345503,0.34711551666259766
13810.SCS.SHED.D4.2020.T1,D4,1.0,,16.77777778,outdoor_caged,,4.811398983001709,10.101938262742284,3.811398983001709
13810.SCS.SHED.D4.2020.T11,D4,11.0,,202.8333333,outdoor_caged,,3.520583152770996,10.101938262742284,7.479416847229004
13810.SCS.SHED.D4.2020.T12,D4,12.0,,213.7777778,outdoor_caged,,5.461373805999756,10.101938262742284,6.538626194000244
13810.SCS.SHED.D4.2020.T13,D4,13.0,,220.5,outdoor_caged,,4.644141674041748,10.101938262742284,8.355858325958252
13810.SCS.SHED.D4.2020.T14,D4,14.0,,228.8888889,outdoor_caged,,5.150940895080566,10.101938262742284,8.849059104919434
13810.SCS.SHED.D4.2020.T15,D4,15.0,,242.1111111,outdoor_caged,,4.9029316902160645,10.101938262742284,10.097068309783936
13810.SCS.SHED.D4.2020.T16,D4,16.0,,250.0555556,outdoor_caged,,6.645448684692383,10.101938262742284,9.354551315307617
13810.SCS.SHED.D4.2020.T18,D4,18.0,,267.3888889,outdoor_caged,,8.196958541870117,10.101938262742284,9.803041458129883
13810.SCS.SHED.D4.2020.T19,D4,19.0,,275.8888889,outdoor_caged,,7.239782333374023,10.101938262742284,11.760217666625977
13810.SCS.SHED.D4.2020.T2,D4,2.0,,35.77777778,outdoor_caged,,7.574585914611816,10.101938262742284,5.574585914611816
13810.SCS.SHED.D4.2020.T20,D4,20.0,,287.2222222,outdoor_caged,,6.33151388168335,10.101938262742284,13.66848611831665
13810.SCS.SHED.D4.2020.T3,D4,3.0,,56.61111111,outdoor_caged,,5.9046101570129395,10.101938262742284,2.9046101570129395
13810.SCS.SHED.D4.2020.T4,D4,4.0,,76.94444444,outdoor_caged,,5.3425726890563965,10.101938262742284,1.3425726890563965
13810.SCS.SHED.D4.2020.T5,D4,5.0,,96.66666667,outdoor_caged,,5.791538238525391,10.101938262742284,0.7915382385253906
13810.SCS.SHED.D4.2020.T7,D4,7.0,,132.2222222,outdoor_caged,,3.8429512977600098,10.101938262742284,3.1570487022399902
13810.SCS.SHED.D4.2020.T9,D4,9.0,,167.5555556,outdoor_caged,,2.13070011138916,10.101938262742284,6.86929988861084
13810.SCS.SHED.D6.2020.T1,D6,1.0,,8.833333333,outdoor_uncaged,,7.76496696472168,10.02488231338265,6.76496696472168
13810.SCS.SHED.D6.2020.T10,D6,10.0,,123.8333333,outdoor_uncaged,,9.34709644317627,10.02488231338265,0.6529035568237305
13810.SCS.SHED.D6.2020.T11,D6,11.0,,130.0555556,outdoor_uncaged,,7.128506660461426,10.02488231338265,3.871493339538574
13810.SCS.SHED.D6.2020.T12,D6,12.0,,137.8333333,outdoor_uncaged,,11.75756549835205,10.02488231338265,0.24243450164794922
13810.SCS.SHED.D6.2020.T13,D6,13.0,,143.3888889,outdoor_uncaged,,15.016592025756836,10.02488231338265,2.016592025756836
13810.SCS.SHED.D6.2020.T14,D6,14.0,,149.5555556,outdoor_uncaged,,8.713796615600586,10.02488231338265,5.286203384399414
13810.SCS.SHED.D6.2020.T16,D6,16.0,,177.1111111,outdoor_uncaged,,14.658833503723145,10.02488231338265,1.3411664962768555
13810.SCS.SHED.D6.2020.T18,D6,18.0,,199.8888889,outdoor_uncaged,,14.354609489440918,10.02488231338265,3.645390510559082
13810.SCS.SHED.D6.2020.T19,D6,19.0,,214.1111111,outdoor_uncaged,,13.392603874206543,10.02488231338265,5.607396125793457
13810.SCS.SHED.D6.2020.T2,D6,2.0,,17.33333333,outdoor_uncaged,,9.475558280944824,10.02488231338265,7.475558280944824
13810.SCS.SHED.D6.2020.T20,D6,20.0,,231.8888889,outdoor_uncaged,,6.39411735534668,10.02488231338265,13.60588264465332
13810.SCS.SHED.D6.2020.T3,D6,3.0,,25.83333333,outdoor_uncaged,,7.768267631530762,10.02488231338265,4.768267631530762
13810.SCS.SHED.D6.2020.T4,D6,4.0,,37.16666667,outdoor_uncaged,,11.942535400390625,10.02488231338265,7.942535400390625
13810.SCS.SHED.D6.2020.T5,D6,5.0,,49.55555556,outdoor_uncaged,,7.436676025390625,10.02488231338265,2.436676025390625
13810.SCS.SHED.D6.2020.T6,D6,6.0,,63.77777778,outdoor_uncaged,,6.882152080535889,10.02488231338265,0.8821520805358887
13810.SCS.SHED.D6.2020.T7,D6,7.0,,80.05555556,outdoor_uncaged,,12.8467435836792,10.02488231338265,5.846743583679199
13810.SCS.SHED.D6.2020.T8,D6,8.0,,98.16666667,outdoor_uncaged,,10.95953369140625,10.02488231338265,2.95953369140625
13810.SCS.SHED.D6.2020.T9,D6,9.0,,112.5,outdoor_uncaged,,10.867815971374512,10.02488231338265,1.8678159713745117
13810.SCS.SHED.D8.2020.T0,D8,0.0,,0.0,outdoor_caged,,6.387518405914307,10.02488231338265,6.387518405914307
13810.SCS.SHED.D8.2020.T1,D8,1.0,,16.61111111,outdoor_caged,,7.204998016357422,10.02488231338265,6.204998016357422
13810.SCS.SHED.D8.2020.T10,D8,10.0,,126.6666667,outdoor_caged,,9.857832908630371,10.02488231338265,0.1421670913696289
13810.SCS.SHED.D8.2020.T11,D8,11.0,,135.1666667,outdoor_caged,,6.565956115722656,10.02488231338265,4.434043884277344
13810.SCS.SHED.D8.2020.T12,D8,12.0,,143.6666667,outdoor_caged,,12.554537773132324,10.02488231338265,0.5545377731323242
13810.SCS.SHED.D8.2020.T13,D8,13.0,,155.0,outdoor_caged,,6.423365116119385,10.02488231338265,6.576634883880615
13810.SCS.SHED.D8.2020.T14,D8,14.0,,167.3888889,outdoor_caged,,8.005172729492188,10.02488231338265,5.9948272705078125
13810.SCS.SHED.D8.2020.T15,D8,15.0,,181.6111111,outdoor_caged,,8.344792366027832,10.02488231338265,6.655207633972168
13810.SCS.SHED.D8.2020.T16,D8,16.0,,197.8888889,outdoor_caged,,7.924238204956055,10.02488231338265,8.075761795043945
13810.SCS.SHED.D8.2020.T17,D8,17.0,,216.0,outdoor_caged,,9.95311164855957,10.02488231338265,7.04688835144043
13810.SCS.SHED.D8.2020.T18,D8,18.0,,230.3333333,outdoor_caged,,12.258430480957031,10.02488231338265,5.741569519042969
13810.SCS.SHED.D8.2020.T19,D8,19.0,,241.6666667,outdoor_caged,,13.419290542602539,10.02488231338265,5.580709457397461
13810.SCS.SHED.D8.2020.T2,D8,2.0,,35.33333333,outdoor_caged,,3.469250202178955,10.02488231338265,1.469250202178955
13810.SCS.SHED.D8.2020.T20,D8,20.0,,247.8888889,outdoor_caged,,15.366785049438477,10.02488231338265,4.633214950561523
13810.SCS.SHED.D8.2020.T3,D8,3.0,,55.61111111,outdoor_caged,,7.638978004455566,10.02488231338265,4.638978004455566
13810.SCS.SHED.D8.2020.T4,D8,4.0,,70.61111111,outdoor_caged,,6.414522647857666,10.02488231338265,2.414522647857666
13810.SCS.SHED.D8.2020.T5,D8,5.0,,81.55555556,outdoor_caged,,4.243513107299805,10.02488231338265,0.7564868927001953
13810.SCS.SHED.D8.2020.T6,D8,6.0,,88.27777778,outdoor_caged,,5.1771745681762695,10.02488231338265,0.8228254318237305
13810.SCS.SHED.D8.2020.T7,D8,7.0,,96.66666667,outdoor_caged,,8.656905174255371,10.02488231338265,1.656905174255371
13810.SCS.SHED.D8.2020.T8,D8,8.0,,109.8888889,outdoor_caged,,8.252599716186523,10.02488231338265,0.25259971618652344
13810.SCS.SHED.D8.2020.T9,D8,9.0,,117.8333333,outdoor_caged,,7.442889213562012,10.02488231338265,1.5571107864379883
13810.SKF.SHED.D10.2020.T0,D10,0.0,,0.0,outdoor_uncaged,R.skin.face,4.305424690246582,10.101938262742284,4.305424690246582
13810.SKF.SHED.D10.2020.T1,D10,1.0,,16.61111111,outdoor_uncaged,R.skin.face,2.558485984802246,10.101938262742284,1.558485984802246
13810.SKF.SHED.D10.2020.T10,D10,10.0,,126.6666667,outdoor_uncaged,R.skin.face,12.477315902709961,10.101938262742284,2.477315902709961
13810.SKF.SHED.D10.2020.T11,D10,11.0,,135.1666667,outdoor_uncaged,R.skin.face,13.508052825927734,10.101938262742284,2.5080528259277344
13810.SKF.SHED.D10.2020.T12,D10,12.0,,143.6666667,outdoor_uncaged,R.skin.face,13.975090980529785,10.101938262742284,1.9750909805297852
13810.SKF.SHED.D10.2020.T13,D10,13.0,,155.0,outdoor_uncaged,R.skin.face,15.474065780639648,10.101938262742284,2.4740657806396484
13810.SKF.SHED.D10.2020.T14,D10,14.0,,167.3888889,outdoor_uncaged,R.skin.face,15.449045181274414,10.101938262742284,1.449045181274414
13810.SKF.SHED.D10.2020.T15,D10,15.0,,181.6111111,outdoor_uncaged,R.skin.face,14.780224800109863,10.101938262742284,0.21977519989013672
13810.SKF.SHED.D10.2020.T16,D10,16.0,,197.8888889,outdoor_uncaged,R.skin.face,15.400440216064453,10.101938262742284,0.5995597839355469
13810.SKF.SHED.D10.2020.T17,D10,17.0,,216.0,outdoor_uncaged,R.skin.face,14.718242645263672,10.101938262742284,2.281757354736328
13810.SKF.SHED.D10.2020.T18,D10,18.0,,230.3333333,outdoor_uncaged,R.skin.face,15.298837661743164,10.101938262742284,2.701162338256836
13810.SKF.SHED.D10.2020.T19,D10,19.0,,241.6666667,outdoor_uncaged,R.skin.face,15.685163497924805,10.101938262742284,3.3148365020751953
13810.SKF.SHED.D10.2020.T2,D10,2.0,,35.33333333,outdoor_uncaged,R.skin.face,6.03535795211792,10.101938262742284,4.03535795211792
13810.SKF.SHED.D10.2020.T20,D10,20.0,,247.8888889,outdoor_uncaged,R.skin.face,13.764891624450684,10.101938262742284,6.235108375549316
13810.SKF.SHED.D10.2020.T3,D10,3.0,,55.61111111,outdoor_uncaged,R.skin.face,10.845682144165039,10.101938262742284,7.845682144165039
13810.SKF.SHED.D10.2020.T4,D10,4.0,,70.61111111,outdoor_uncaged,R.skin.face,11.946492195129395,10.101938262742284,7.9464921951293945
13810.SKF.SHED.D10.2020.T5,D10,5.0,,81.55555556,outdoor_uncaged,R.skin.face,11.404582023620605,10.101938262742284,6.4045820236206055
13810.SKF.SHED.D10.2020.T6,D10,6.0,,88.27777778,outdoor_uncaged,R.skin.face,9.215412139892578,10.101938262742284,3.215412139892578
13810.SKF.SHED.D10.2020.T7,D10,7.0,,96.66666667,outdoor_uncaged,R.skin.face,12.002063751220703,10.101938262742284,5.002063751220703
13810.SKF.SHED.D10.2020.T8,D10,8.0,,109.8888889,outdoor_uncaged,R.skin.face,11.129817962646484,10.101938262742284,3.1298179626464844
13810.SKF.SHED.D10.2020.T9,D10,9.0,,117.8333333,outdoor_uncaged,R.skin.face,12.559225082397461,10.101938262742284,3.559225082397461
13810.SKF.SHED.D11.2020.T0,D11,0.0,,0.0,outdoor_caged,R.skin.face,6.570990562438965,10.1115760111576,6.570990562438965
13810.SKF.SHED.D11.2020.T1,D11,1.0,,7.944444444,outdoor_caged,R.skin.face,4.968918800354004,10.1115760111576,3.968918800354004
13810.SKF.SHED.D11.2020.T10,D11,10.0,,120.4444444,outdoor_caged,R.skin.face,10.238789558410645,10.1115760111576,0.23878955841064453
13810.SKF.SHED.D11.2020.T12,D11,12.0,,138.0,outdoor_caged,R.skin.face,15.021339416503906,10.1115760111576,3.0213394165039062
13810.SKF.SHED.D11.2020.T13,D11,13.0,,145.7777778,outdoor_caged,R.skin.face,11.932945251464844,10.1115760111576,1.0670547485351562
13810.SKF.SHED.D11.2020.T14,D11,14.0,,151.3333333,outdoor_caged,R.skin.face,13.941924095153809,10.1115760111576,0.058075904846191406
13810.SKF.SHED.D11.2020.T15,D11,15.0,,157.5,outdoor_caged,R.skin.face,13.462665557861328,10.1115760111576,1.5373344421386719
13810.SKF.SHED.D11.2020.T16,D11,16.0,,170.1111111,outdoor_caged,R.skin.face,15.388738632202148,10.1115760111576,0.6112613677978516
13810.SKF.SHED.D11.2020.T17,D11,17.0,,185.0555556,outdoor_caged,R.skin.face,12.167377471923828,10.1115760111576,4.832622528076172
13810.SKF.SHED.D11.2020.T18,D11,18.0,,195.0,outdoor_caged,R.skin.face,10.35669994354248,10.1115760111576,7.6433000564575195
13810.SKF.SHED.D11.2020.T19,D11,19.0,,207.8333333,outdoor_caged,R.skin.face,14.306395530700684,10.1115760111576,4.693604469299316
13810.SKF.SHED.D11.2020.T2,D11,2.0,,16.77777778,outdoor_caged,R.skin.face,4.597343921661377,10.1115760111576,2.597343921661377
13810.SKF.SHED.D11.2020.T20,D11,20.0,,222.0555556,outdoor_caged,R.skin.face,14.546235084533691,10.1115760111576,5.453764915466309
13810.SKF.SHED.D11.2020.T3,D11,3.0,,25.27777778,outdoor_caged,R.skin.face,4.881247520446777,10.1115760111576,1.8812475204467773
13810.SKF.SHED.D11.2020.T4,D11,4.0,,33.77777778,outdoor_caged,R.skin.face,4.10986328125,10.1115760111576,0.10986328125
13810.SKF.SHED.D11.2020.T6,D11,6.0,,57.5,outdoor_caged,R.skin.face,4.881247520446777,10.1115760111576,1.1187524795532227
13810.SKF.SHED.D11.2020.T7,D11,7.0,,71.72222222,outdoor_caged,R.skin.face,6.621194839477539,10.1115760111576,0.37880516052246094
13810.SKF.SHED.D11.2020.T9,D11,9.0,,106.1111111,outdoor_caged,R.skin.face,5.203570365905762,10.1115760111576,3.7964296340942383
13810.SKF.SHED.D12.2020.T0,D12,0.0,,0.0,outdoor_uncaged,R.skin.face,2.9761059284210205,10.087076710435383,2.9761059284210205
13810.SKF.SHED.D12.2020.T11,D12,11.0,,131.7777778,outdoor_uncaged,R.skin.face,9.650925636291504,10.087076710435383,1.349074363708496
13810.SKF.SHED.D12.2020.T12,D12,12.0,,138.0,outdoor_uncaged,R.skin.face,13.939772605895996,10.087076710435383,1.939772605895996
13810.SKF.SHED.D12.2020.T13,D12,13.0,,145.7777778,outdoor_uncaged,R.skin.face,16.202945709228516,10.087076710435383,3.2029457092285156
13810.SKF.SHED.D12.2020.T14,D12,14.0,,151.3333333,outdoor_uncaged,R.skin.face,16.866146087646484,10.087076710435383,2.8661460876464844
13810.SKF.SHED.D12.2020.T15,D12,15.0,,157.5,outdoor_uncaged,R.skin.face,16.92401695251465,10.087076710435383,1.9240169525146484
13810.SKF.SHED.D12.2020.T16,D12,16.0,,170.1111111,outdoor_uncaged,R.skin.face,15.273490905761719,10.087076710435383,0.7265090942382812
13810.SKF.SHED.D12.2020.T17,D12,17.0,,185.0555556,outdoor_uncaged,R.skin.face,14.813405990600586,10.087076710435383,2.186594009399414
13810.SKF.SHED.D12.2020.T18,D12,18.0,,195.0,outdoor_uncaged,R.skin.face,14.063078880310059,10.087076710435383,3.9369211196899414
13810.SKF.SHED.D12.2020.T19,D12,19.0,,207.8333333,outdoor_uncaged,R.skin.face,10.94210433959961,10.087076710435383,8.05789566040039
13810.SKF.SHED.D12.2020.T20,D12,20.0,,222.0555556,outdoor_uncaged,R.skin.face,10.90225887298584,10.087076710435383,9.09774112701416
13810.SKF.SHED.D12.2020.T3,D12,3.0,,25.27777778,outdoor_uncaged,R.skin.face,2.884431838989258,10.087076710435383,0.11556816101074219
13810.SKF.SHED.D12.2020.T4,D12,4.0,,33.77777778,outdoor_uncaged,R.skin.face,2.768921136856079,10.087076710435383,1.231078863143921
13810.SKF.SHED.D12.2020.T6,D12,6.0,,57.5,outdoor_uncaged,R.skin.face,8.944451332092285,10.087076710435383,2.944451332092285
13810.SKF.SHED.D12.2020.T8,D12,8.0,,88.0,outdoor_uncaged,R.skin.face,7.272600173950195,10.087076710435383,0.7273998260498047
13810.SKF.SHED.D12.2020.T9,D12,9.0,,106.1111111,outdoor_uncaged,R.skin.face,8.096086502075195,10.087076710435383,0.9039134979248047
13810.SKF.SHED.D13.2021.T0,D13,0.0,,0.0,outdoor_caged,R.skin.face,1.3904075622558594,10.087076710435383,1.3904075622558594
13810.SKF.SHED.D13.2021.T1,D13,1.0,,18.05555556,outdoor_caged,R.skin.face,2.9089279174804688,10.087076710435383,1.9089279174804688
13810.SKF.SHED.D13.2021.T10,D13,10.0,,190.6666667,outdoor_caged,R.skin.face,12.548996925354004,10.087076710435383,2.548996925354004
13810.SKF.SHED.D13.2021.T11,D13,11.0,,205.1111111,outdoor_caged,R.skin.face,13.000672340393066,10.087076710435383,2.0006723403930664
13810.SKF.SHED.D13.2021.T12,D13,12.0,,219.1666667,outdoor_caged,R.skin.face,16.165224075317383,10.087076710435383,4.165224075317383
13810.SKF.SHED.D13.2021.T13,D13,13.0,,233.1666667,outdoor_caged,R.skin.face,12.189518928527832,10.087076710435383,0.810481071472168
13810.SKF.SHED.D13.2021.T14,D13,14.0,,249.0,outdoor_caged,R.skin.face,12.906427383422852,10.087076710435383,1.0935726165771484
13810.SKF.SHED.D13.2021.T15,D13,15.0,,266.9444444,outdoor_caged,R.skin.face,12.547433853149414,10.087076710435383,2.452566146850586
13810.SKF.SHED.D13.2021.T16,D13,16.0,,288.9444444,outdoor_caged,R.skin.face,13.215184211730957,10.087076710435383,2.784815788269043
13810.SKF.SHED.D13.2021.T17,D13,17.0,,311.3333333,outdoor_caged,R.skin.face,12.166460037231445,10.087076710435383,4.833539962768555
13810.SKF.SHED.D13.2021.T18,D13,18.0,,332.2777778,outdoor_caged,R.skin.face,13.288780212402344,10.087076710435383,4.711219787597656
13810.SKF.SHED.D13.2021.T19,D13,19.0,,356.6666667,outdoor_caged,R.skin.face,12.896200180053711,10.087076710435383,6.103799819946289
13810.SKF.SHED.D13.2021.T2,D13,2.0,,36.22222222,outdoor_caged,R.skin.face,4.547728061676025,10.087076710435383,2.5477280616760254
13810.SKF.SHED.D13.2021.T20,D13,20.0,,377.6666667,outdoor_caged,R.skin.face,12.028125762939453,10.087076710435383,7.971874237060547
13810.SKF.SHED.D13.2021.T3,D13,3.0,,53.66666667,outdoor_caged,R.skin.face,2.95245099067688,10.087076710435383,0.04754900932312012
13810.SKF.SHED.D13.2021.T4,D13,4.0,,71.77777778,outdoor_caged,R.skin.face,5.220304489135742,10.087076710435383,1.2203044891357422
13810.SKF.SHED.D13.2021.T5,D13,5.0,,91.22222222,outdoor_caged,R.skin.face,6.062479496002197,10.087076710435383,1.0624794960021973
13810.SKF.SHED.D13.2021.T6,D13,6.0,,114.3333333,outdoor_caged,R.skin.face,11.156039237976074,10.087076710435383,5.156039237976074
13810.SKF.SHED.D13.2021.T7,D13,7.0,,133.0,outdoor_caged,R.skin.face,9.453800201416016,10.087076710435383,2.4538002014160156
13810.SKF.SHED.D13.2021.T8,D13,8.0,,149.3333333,outdoor_caged,R.skin.face,10.625292778015137,10.087076710435383,2.6252927780151367
13810.SKF.SHED.D13.2021.T9,D13,9.0,,171.0555556,outdoor_caged,R.skin.face,13.553019523620605,10.087076710435383,4.5530195236206055
13810.SKF.SHED.D14.2021.T0,D14,0.0,0.0,0.0,indoor,R.skin.face,0.9203026294708252,10.1115760111576,0.9203026294708252
13810.SKF.SHED.D14.2021.T1,D14,1.0,22.53,18.05555556,indoor,R.skin.face,0.8499226570129395,10.1115760111576,0.15007734298706055
13810.SKF.SHED.D14.2021.T10,D14,10.0,207.86,190.6666667,indoor,R.skin.face,12.229472160339355,10.1115760111576,2.2294721603393555
13810.SKF.SHED.D14.2021.T11,D14,11.0,223.78,205.1111111,indoor,R.skin.face,12.46750545501709,10.1115760111576,1.4675054550170898
13810.SKF.SHED.D14.2021.T12,D14,12.0,238.56,219.1666667,indoor,R.skin.face,12.547452926635742,10.1115760111576,0.5474529266357422
13810.SKF.SHED.D14.2021.T13,D14,13.0,257.72,233.1666667,indoor,R.skin.face,14.62411117553711,10.1115760111576,1.6241111755371094
13810.SKF.SHED.D14.2021.T14,D14,14.0,279.19,249.0,indoor,R.skin.face,13.849027633666992,10.1115760111576,0.1509723663330078
13810.SKF.SHED.D14.2021.T15,D14,15.0,302.28,266.9444444,indoor,R.skin.face,15.40798568725586,10.1115760111576,0.4079856872558594
13810.SKF.SHED.D14.2021.T16,D14,16.0,324.72,288.9444444,indoor,R.skin.face,15.715658187866211,10.1115760111576,0.28434181213378906
13810.SKF.SHED.D14.2021.T17,D14,17.0,348.19,311.3333333,indoor,R.skin.face,16.221025466918945,10.1115760111576,0.7789745330810547
13810.SKF.SHED.D14.2021.T18,D14,18.0,373.28,332.2777778,indoor,R.skin.face,16.18868637084961,10.1115760111576,1.8113136291503906
13810.SKF.SHED.D14.2021.T19,D14,19.0,398.27,356.6666667,indoor,R.skin.face,16.12164878845215,10.1115760111576,2.8783512115478516
13810.SKF.SHED.D14.2021.T20,D14,20.0,420.22,377.6666667,indoor,R.skin.face,16.232986450195312,10.1115760111576,3.7670135498046875
13810.SKF.SHED.D14.2021.T3,D14,3.0,62.94,53.66666667,indoor,R.skin.face,0.9112510681152344,10.1115760111576,2.0887489318847656
13810.SKF.SHED.D14.2021.T4,D14,4.0,84.6,71.77777778,indoor,R.skin.face,1.6605422496795654,10.1115760111576,2.3394577503204346
13810.SKF.SHED.D14.2021.T5,D14,5.0,108.56,91.22222222,indoor,R.skin.face,4.313595771789551,10.1115760111576,0.6864042282104492
13810.SKF.SHED.D14.2021.T6,D14,6.0,127.1,114.3333333,indoor,R.skin.face,3.4298458099365234,10.1115760111576,2.5701541900634766
13810.SKF.SHED.D14.2021.T7,D14,7.0,146.24,133.0,indoor,R.skin.face,5.515283107757568,10.1115760111576,1.4847168922424316
13810.SKF.SHED.D14.2021.T8,D14,8.0,169.68,149.3333333,indoor,R.skin.face,10.112385749816895,10.1115760111576,2.1123857498168945
13810.SKF.SHED.D14.2021.T9,D14,9.0,191.19,171.0555556,indoor,R.skin.face,11.275311470031738,10.1115760111576,2.2753114700317383
13810.SKF.SHED.D15.2021.T0,D15,0.0,,0.0,outdoor_caged,R.skin.face,12.648056983947754,10.087076710435383,12.648056983947754
13810.SKF.SHED.D15.2021.T1,D15,1.0,,16.33333333,outdoor_caged,R.skin.face,2.825493335723877,10.087076710435383,1.825493335723877
13810.SKF.SHED.D15.2021.T10,D15,10.0,,178.3333333,outdoor_caged,R.skin.face,13.439064979553223,10.087076710435383,3.4390649795532227
13810.SKF.SHED.D15.2021.T11,D15,11.0,,199.2777778,outdoor_caged,R.skin.face,13.557860374450684,10.087076710435383,2.5578603744506836
13810.SKF.SHED.D15.2021.T12,D15,12.0,,223.6666667,outdoor_caged,R.skin.face,13.67273235321045,10.087076710435383,1.6727323532104492
13810.SKF.SHED.D15.2021.T13,D15,13.0,,244.6666667,outdoor_caged,R.skin.face,13.351716995239258,10.087076710435383,0.3517169952392578
13810.SKF.SHED.D15.2021.T14,D15,14.0,,265.6666667,outdoor_caged,R.skin.face,9.850056648254395,10.087076710435383,4.1499433517456055
13810.SKF.SHED.D15.2021.T15,D15,15.0,,286.1111111,outdoor_caged,R.skin.face,14.534331321716309,10.087076710435383,0.4656686782836914
13810.SKF.SHED.D15.2021.T16,D15,16.0,,310.8333333,outdoor_caged,R.skin.face,13.189652442932129,10.087076710435383,2.810347557067871
13810.SKF.SHED.D15.2021.T17,D15,17.0,,333.2222222,outdoor_caged,R.skin.face,15.03431510925293,10.087076710435383,1.9656848907470703
13810.SKF.SHED.D15.2021.T18,D15,18.0,,351.2777778,outdoor_caged,R.skin.face,15.113229751586914,10.087076710435383,2.886770248413086
13810.SKF.SHED.D15.2021.T19,D15,19.0,,369.1111111,outdoor_caged,R.skin.face,9.198655128479004,10.087076710435383,9.801344871520996
13810.SKF.SHED.D15.2021.T2,D15,2.0,,38.05555556,outdoor_caged,R.skin.face,5.691892147064209,10.087076710435383,3.691892147064209
13810.SKF.SHED.D15.2021.T20,D15,20.0,,383.3333333,outdoor_caged,R.skin.face,10.772285461425781,10.087076710435383,9.227714538574219
13810.SKF.SHED.D15.2021.T3,D15,3.0,,57.66666667,outdoor_caged,R.skin.face,6.986377716064453,10.087076710435383,3.986377716064453
13810.SKF.SHED.D15.2021.T4,D15,4.0,,72.11111111,outdoor_caged,R.skin.face,5.934945106506348,10.087076710435383,1.9349451065063477
13810.SKF.SHED.D15.2021.T5,D15,5.0,,86.16666667,outdoor_caged,R.skin.face,4.615935802459717,10.087076710435383,0.3840641975402832
13810.SKF.SHED.D15.2021.T6,D15,6.0,,100.1666667,outdoor_caged,R.skin.face,7.220691680908203,10.087076710435383,1.2206916809082031
13810.SKF.SHED.D15.2021.T7,D15,7.0,,116.0,outdoor_caged,R.skin.face,10.302140235900879,10.087076710435383,3.302140235900879
13810.SKF.SHED.D15.2021.T8,D15,8.0,,133.9444444,outdoor_caged,R.skin.face,9.123586654663086,10.087076710435383,1.123586654663086
13810.SKF.SHED.D15.2021.T9,D15,9.0,,155.9444444,outdoor_caged,R.skin.face,8.265298843383789,10.087076710435383,0.7347011566162109
13810.SKF.SHED.D16.2021.T0,D16,0.0,0.0,0.0,indoor,R.skin.face,1.300919532775879,10.118323191345503,1.300919532775879
13810.SKF.SHED.D16.2021.T1,D16,1.0,21.16,16.33333333,indoor,R.skin.face,1.2717795372009277,10.118323191345503,0.27177953720092773
13810.SKF.SHED.D16.2021.T10,D16,10.0,182.96,178.3333333,indoor,R.skin.face,10.91267204284668,10.118323191345503,0.9126720428466797
13810.SKF.SHED.D16.2021.T11,D16,11.0,206.04,199.2777778,indoor,R.skin.face,11.78708553314209,10.118323191345503,0.7870855331420898
13810.SKF.SHED.D16.2021.T12,D16,12.0,227.39,223.6666667,indoor,R.skin.face,11.485033988952637,10.118323191345503,0.5149660110473633
13810.SKF.SHED.D16.2021.T13,D16,13.0,245.88,244.6666667,indoor,R.skin.face,13.92937183380127,10.118323191345503,0.9293718338012695
13810.SKF.SHED.D16.2021.T14,D16,14.0,266.65,265.6666667,indoor,R.skin.face,13.892629623413086,10.118323191345503,0.10737037658691406
13810.SKF.SHED.D16.2021.T15,D16,15.0,290.5,286.1111111,indoor,R.skin.face,13.651680946350098,10.118323191345503,1.3483190536499023
13810.SKF.SHED.D16.2021.T16,D16,16.0,312.23,310.8333333,indoor,R.skin.face,9.554586410522461,10.118323191345503,6.445413589477539
13810.SKF.SHED.D16.2021.T17,D16,17.0,331.5,333.2222222,indoor,R.skin.face,11.61766242980957,10.118323191345503,5.38233757019043
13810.SKF.SHED.D16.2021.T18,D16,18.0,350.22,351.2777778,indoor,R.skin.face,11.65355110168457,10.118323191345503,6.34644889831543
13810.SKF.SHED.D16.2021.T19,D16,19.0,366.96,369.1111111,indoor,R.skin.face,12.217686653137207,10.118323191345503,6.782313346862793
13810.SKF.SHED.D16.2021.T2,D16,2.0,41.11,38.05555556,indoor,R.skin.face,2.1978111267089844,10.118323191345503,0.19781112670898438
13810.SKF.SHED.D16.2021.T20,D16,20.0,382.48,383.3333333,indoor,R.skin.face,12.048486709594727,10.118323191345503,7.951513290405273
13810.SKF.SHED.D16.2021.T3,D16,3.0,55.48,57.66666667,indoor,R.skin.face,2.7023754119873047,10.118323191345503,0.2976245880126953
13810.SKF.SHED.D16.2021.T4,D16,4.0,69.47,72.11111111,indoor,R.skin.face,2.462071418762207,10.118323191345503,1.537928581237793
13810.SKF.SHED.D16.2021.T5,D16,5.0,83.79,86.16666667,indoor,R.skin.face,2.401789665222168,10.118323191345503,2.598210334777832
13810.SKF.SHED.D16.2021.T6,D16,6.0,101.16,100.1666667,indoor,R.skin.face,6.536978721618652,10.118323191345503,0.5369787216186523
13810.SKF.SHED.D16.2021.T7,D16,7.0,120.52,116.0,indoor,R.skin.face,8.902559280395508,10.118323191345503,1.9025592803955078
13810.SKF.SHED.D16.2021.T8,D16,8.0,141.59,133.9444444,indoor,R.skin.face,7.836724281311035,10.118323191345503,0.16327571868896484
13810.SKF.SHED.D16.2021.T9,D16,9.0,162.67,155.9444444,indoor,R.skin.face,6.8329362869262695,10.118323191345503,2.1670637130737305
13810.SKF.SHED.D17.2021.T0,D17,0.0,,0.0,outdoor_caged,R.skin.face,0.7036464214324951,10.118323191345503,0.7036464214324951
13810.SKF.SHED.D17.2021.T1,D17,1.0,,17.94444444,outdoor_caged,R.skin.face,4.700223922729492,10.118323191345503,3.700223922729492
13810.SKF.SHED.D17.2021.T10,D17,10.0,,217.2222222,outdoor_caged,R.skin.face,14.142003059387207,10.118323191345503,4.142003059387207
13810.SKF.SHED.D17.2021.T11,D17,11.0,,235.2777778,outdoor_caged,R.skin.face,11.68117904663086,10.118323191345503,0.6811790466308594
13810.SKF.SHED.D17.2021.T12,D17,12.0,,253.1111111,outdoor_caged,R.skin.face,11.115898132324219,10.118323191345503,0.8841018676757812
13810.SKF.SHED.D17.2021.T13,D17,13.0,,267.3333333,outdoor_caged,R.skin.face,14.429039001464844,10.118323191345503,1.4290390014648438
13810.SKF.SHED.D17.2021.T14,D17,14.0,,281.5555556,outdoor_caged,R.skin.face,12.038535118103027,10.118323191345503,1.9614648818969727
13810.SKF.SHED.D17.2021.T15,D17,15.0,,298.1111111,outdoor_caged,R.skin.face,14.355323791503906,10.118323191345503,0.6446762084960938
13810.SKF.SHED.D17.2021.T16,D17,16.0,,316.3888889,outdoor_caged,R.skin.face,14.187798500061035,10.118323191345503,1.8122014999389648
13810.SKF.SHED.D17.2021.T17,D17,17.0,,329.0555556,outdoor_caged,R.skin.face,13.597719192504883,10.118323191345503,3.402280807495117
13810.SKF.SHED.D17.2021.T18,D17,18.0,,345.8333333,outdoor_caged,R.skin.face,14.78989315032959,10.118323191345503,3.21010684967041
13810.SKF.SHED.D17.2021.T19,D17,19.0,,366.1111111,outdoor_caged,R.skin.face,12.323129653930664,10.118323191345503,6.676870346069336
13810.SKF.SHED.D17.2021.T2,D17,2.0,,39.94444444,outdoor_caged,R.skin.face,3.2991156578063965,10.118323191345503,1.2991156578063965
13810.SKF.SHED.D17.2021.T20,D17,20.0,,387.0555556,outdoor_caged,R.skin.face,9.45938491821289,10.118323191345503,10.54061508178711
13810.SKF.SHED.D17.2021.T3,D17,3.0,,62.33333333,outdoor_caged,R.skin.face,8.869604110717773,10.118323191345503,5.869604110717773
13810.SKF.SHED.D17.2021.T4,D17,4.0,,83.27777778,outdoor_caged,R.skin.face,8.721875190734863,10.118323191345503,4.721875190734863
13810.SKF.SHED.D17.2021.T5,D17,5.0,,107.6666667,outdoor_caged,R.skin.face,9.716031074523926,10.118323191345503,4.716031074523926
13810.SKF.SHED.D17.2021.T6,D17,6.0,,128.6666667,outdoor_caged,R.skin.face,11.787923812866211,10.118323191345503,5.787923812866211
13810.SKF.SHED.D17.2021.T7,D17,7.0,,149.6666667,outdoor_caged,R.skin.face,12.201848030090332,10.118323191345503,5.201848030090332
13810.SKF.SHED.D17.2021.T8,D17,8.0,,170.1111111,outdoor_caged,R.skin.face,8.242609977722168,10.118323191345503,0.24260997772216797
13810.SKF.SHED.D17.2021.T9,D17,9.0,,194.8333333,outdoor_caged,R.skin.face,11.780413627624512,10.118323191345503,2.7804136276245117
13810.SKF.SHED.D18.2021.T0,D18,0.0,0.0,0.0,indoor,R.skin.face,1.6963779926300049,10.101938262742284,1.6963779926300049
13810.SKF.SHED.D18.2021.T10,D18,10.0,233.41,217.2222222,indoor,R.skin.face,10.282045364379883,10.101938262742284,0.2820453643798828
13810.SKF.SHED.D18.2021.T11,D18,11.0,252.11,235.2777778,indoor,R.skin.face,14.511333465576172,10.101938262742284,3.511333465576172
13810.SKF.SHED.D18.2021.T12,D18,12.0,269.36,253.1111111,indoor,R.skin.face,16.68259048461914,10.101938262742284,4.682590484619141
13810.SKF.SHED.D18.2021.T13,D18,13.0,286.12,267.3333333,indoor,R.skin.face,16.051706314086914,10.101938262742284,3.051706314086914
13810.SKF.SHED.D18.2021.T14,D18,14.0,304.67,281.5555556,indoor,R.skin.face,16.1308650970459,10.101938262742284,2.1308650970458984
13810.SKF.SHED.D18.2021.T15,D18,15.0,327.96,298.1111111,indoor,R.skin.face,16.1182861328125,10.101938262742284,1.1182861328125
13810.SKF.SHED.D18.2021.T16,D18,16.0,345.03,316.3888889,indoor,R.skin.face,15.768335342407227,10.101938262742284,0.23166465759277344
13810.SKF.SHED.D18.2021.T17,D18,17.0,363.53,329.0555556,indoor,R.skin.face,15.996011734008789,10.101938262742284,1.003988265991211
13810.SKF.SHED.D18.2021.T18,D18,18.0,382.91,345.8333333,indoor,R.skin.face,16.65524673461914,10.101938262742284,1.3447532653808594
13810.SKF.SHED.D18.2021.T19,D18,19.0,407.77,366.1111111,indoor,R.skin.face,16.876001358032227,10.101938262742284,2.1239986419677734
13810.SKF.SHED.D18.2021.T20,D18,20.0,432.13,387.0555556,indoor,R.skin.face,15.638692855834961,10.101938262742284,4.361307144165039
13810.SKF.SHED.D18.2021.T3,D18,3.0,68.92,62.33333333,indoor,R.skin.face,6.767980575561523,10.101938262742284,3.7679805755615234
13810.SKF.SHED.D18.2021.T4,D18,4.0,93.96,83.27777778,indoor,R.skin.face,4.344709396362305,10.101938262742284,0.3447093963623047
13810.SKF.SHED.D18.2021.T5,D18,5.0,118.82,107.6666667,indoor,R.skin.face,7.953332901000977,10.101938262742284,2.9533329010009766
13810.SKF.SHED.D18.2021.T6,D18,6.0,140.56,128.6666667,indoor,R.skin.face,8.453274726867676,10.101938262742284,2.453274726867676
13810.SKF.SHED.D18.2021.T7,D18,7.0,164.5,149.6666667,indoor,R.skin.face,7.472043037414551,10.101938262742284,0.4720430374145508
13810.SKF.SHED.D18.2021.T8,D18,8.0,191.2,170.1111111,indoor,R.skin.face,11.245793342590332,10.101938262742284,3.245793342590332
13810.SKF.SHED.D18.2021.T9,D18,9.0,213.82,194.8333333,indoor,R.skin.face,10.926969528198242,10.101938262742284,1.9269695281982422
13810.SKF.SHED.D19.2021.T0.1,D19,0.0,,0.0,outdoor_caged,R.skin.face,3.239905834197998,10.101938262742284,3.239905834197998
13810.SKF.SHED.D19.2021.T1.1,D19,1.0,,25.44444444,outdoor_caged,R.skin.face,4.438925266265869,10.101938262742284,3.438925266265869
13810.SKF.SHED.D19.2021.T10.1,D19,10.0,,182.3888889,outdoor_caged,R.skin.face,7.47579288482666,10.101938262742284,2.52420711517334
13810.SKF.SHED.D19.2021.T11.1,D19,11.0,,194.3333333,outdoor_caged,R.skin.face,13.622868537902832,10.101938262742284,2.622868537902832
13810.SKF.SHED.D19.2021.T13.1,D19,13.0,,222.5,outdoor_caged,R.skin.face,13.838852882385254,10.101938262742284,0.8388528823852539
13810.SKF.SHED.D19.2021.T14.1,D19,14.0,,239.7777778,outdoor_caged,R.skin.face,14.850533485412598,10.101938262742284,0.8505334854125977
13810.SKF.SHED.D19.2021.T15.1,D19,15.0,,258.5,outdoor_caged,R.skin.face,14.05644416809082,10.101938262742284,0.9435558319091797
13810.SKF.SHED.D19.2021.T16.1,D19,16.0,,280.0555556,outdoor_caged,R.skin.face,15.972404479980469,10.101938262742284,0.02759552001953125
13810.SKF.SHED.D19.2021.T17.1,D19,17.0,,299.1111111,outdoor_caged,R.skin.face,16.163555145263672,10.101938262742284,0.8364448547363281
13810.SKF.SHED.D19.2021.T18.1,D19,18.0,,314.7777778,outdoor_caged,R.skin.face,15.241842269897461,10.101938262742284,2.758157730102539
13810.SKF.SHED.D19.2021.T19.1,D19,19.0,,327.5555556,outdoor_caged,R.skin.face,14.776542663574219,10.101938262742284,4.223457336425781
13810.SKF.SHED.D19.2021.T2.1,D19,2.0,,46.22222222,outdoor_caged,R.skin.face,6.191530227661133,10.101938262742284,4.191530227661133
13810.SKF.SHED.D19.2021.T20.1,D19,20.0,,344.2222222,outdoor_caged,R.skin.face,16.16118621826172,10.101938262742284,3.8388137817382812
13810.SKF.SHED.D19.2021.T3.1,D19,3.0,,64.83333333,outdoor_caged,R.skin.face,10.849594116210938,10.101938262742284,7.8495941162109375
13810.SKF.SHED.D19.2021.T4.1,D19,4.0,,82.27777778,outdoor_caged,R.skin.face,8.758678436279297,10.101938262742284,4.758678436279297
13810.SKF.SHED.D19.2021.T5.1,D19,5.0,,98.55555556,outdoor_caged,R.skin.face,10.171464920043945,10.101938262742284,5.171464920043945
13810.SKF.SHED.D19.2021.T6.1,D19,6.0,,117.5555556,outdoor_caged,R.skin.face,8.910906791687012,10.101938262742284,2.9109067916870117
13810.SKF.SHED.D19.2021.T7.1,D19,7.0,,137.0,outdoor_caged,R.skin.face,15.27627182006836,10.101938262742284,8.27627182006836
13810.SKF.SHED.D19.2021.T8.1,D19,8.0,,156.2222222,outdoor_caged,R.skin.face,14.730989456176758,10.101938262742284,6.730989456176758
13810.SKF.SHED.D19.2021.T9.1,D19,9.0,,171.1111111,outdoor_caged,R.skin.face,13.72889518737793,10.101938262742284,4.72889518737793
13810.SKF.SHED.D20.2021.T0.1,D20,0.0,,0.0,indoor,R.skin.face,1.7237889766693115,10.118323191345503,1.7237889766693115
13810.SKF.SHED.D20.2021.T1.1,D20,1.0,,25.44444444,indoor,R.skin.face,1.9726204872131348,10.118323191345503,0.9726204872131348
13810.SKF.SHED.D20.2021.T10.1,D20,10.0,,182.3888889,indoor,R.skin.face,6.092342853546143,10.118323191345503,3.9076571464538574
13810.SKF.SHED.D20.2021.T11.1,D20,11.0,,194.3333333,indoor,R.skin.face,3.6581063270568848,10.118323191345503,7.341893672943115
13810.SKF.SHED.D20.2021.T13.1,D20,13.0,,222.5,indoor,R.skin.face,3.6264171600341797,10.118323191345503,9.37358283996582
13810.SKF.SHED.D20.2021.T14.1,D20,14.0,,239.7777778,indoor,R.skin.face,7.371492385864258,10.118323191345503,6.628507614135742
13810.SKF.SHED.D20.2021.T15.1,D20,15.0,,258.5,indoor,R.skin.face,7.690769195556641,10.118323191345503,7.309230804443359
13810.SKF.SHED.D20.2021.T16.1,D20,16.0,,280.0555556,indoor,R.skin.face,7.138619422912598,10.118323191345503,8.861380577087402
13810.SKF.SHED.D20.2021.T17.1,D20,17.0,,299.1111111,indoor,R.skin.face,8.154698371887207,10.118323191345503,8.845301628112793
13810.SKF.SHED.D20.2021.T18.1,D20,18.0,,314.7777778,indoor,R.skin.face,4.676382064819336,10.118323191345503,13.323617935180664
13810.SKF.SHED.D20.2021.T19.1,D20,19.0,,327.5555556,indoor,R.skin.face,8.455509185791016,10.118323191345503,10.544490814208984
13810.SKF.SHED.D20.2021.T2.1,D20,2.0,,46.22222222,indoor,R.skin.face,1.950951337814331,10.118323191345503,0.049048662185668945
13810.SKF.SHED.D20.2021.T20.1,D20,20.0,,344.2222222,indoor,R.skin.face,13.116271018981934,10.118323191345503,6.883728981018066
13810.SKF.SHED.D20.2021.T3.1,D20,3.0,,64.83333333,indoor,R.skin.face,2.2766246795654297,10.118323191345503,0.7233753204345703
13810.SKF.SHED.D20.2021.T4.1,D20,4.0,,82.27777778,indoor,R.skin.face,5.457111835479736,10.118323191345503,1.4571118354797363
13810.SKF.SHED.D20.2021.T5.1,D20,5.0,,98.55555556,indoor,R.skin.face,4.982567310333252,10.118323191345503,0.017432689666748047
13810.SKF.SHED.D20.2021.T6.1,D20,6.0,,117.5555556,indoor,R.skin.face,5.252045154571533,10.118323191345503,0.7479548454284668
13810.SKF.SHED.D20.2021.T7.1,D20,7.0,,137.0,indoor,R.skin.face,4.429586410522461,10.118323191345503,2.570413589477539
13810.SKF.SHED.D20.2021.T8.1,D20,8.0,,156.2222222,indoor,R.skin.face,5.522898197174072,10.118323191345503,2.4771018028259277
13810.SKF.SHED.D20.2021.T9.1,D20,9.0,,171.1111111,indoor,R.skin.face,6.666089057922363,10.118323191345503,2.3339109420776367
13810.SKF.SHED.D21.2021.T0.1,D21,0.0,,0.0,outdoor_caged,R.skin.face,1.6062982082366943,10.101938262742284,1.6062982082366943
13810.SKF.SHED.D21.2021.T1.1,D21,1.0,,19.22222222,outdoor_caged,R.skin.face,3.874783515930176,10.101938262742284,2.874783515930176
13810.SKF.SHED.D21.2021.T10.1,D21,10.0,,162.1111111,outdoor_caged,R.skin.face,10.529693603515625,10.101938262742284,0.529693603515625
13810.SKF.SHED.D21.2021.T11.1,D21,11.0,,177.7777778,outdoor_caged,R.skin.face,11.015359878540039,10.101938262742284,0.015359878540039062
13810.SKF.SHED.D21.2021.T12.1,D21,12.0,,190.5555556,outdoor_caged,R.skin.face,11.197941780090332,10.101938262742284,0.802058219909668
13810.SKF.SHED.D21.2021.T13.1,D21,13.0,,207.2222222,outdoor_caged,R.skin.face,11.19582748413086,10.101938262742284,1.8041725158691406
13810.SKF.SHED.D21.2021.T14.1,D21,14.0,,226.1666667,outdoor_caged,R.skin.face,10.646710395812988,10.101938262742284,3.3532896041870117
13810.SKF.SHED.D21.2021.T15.1,D21,15.0,,245.8333333,outdoor_caged,R.skin.face,11.978147506713867,10.101938262742284,3.021852493286133
13810.SKF.SHED.D21.2021.T16.1,D21,16.0,,268.2777778,outdoor_caged,R.skin.face,14.107669830322266,10.101938262742284,1.8923301696777344
13810.SKF.SHED.D21.2021.T17.1,D21,17.0,,284.3888889,outdoor_caged,R.skin.face,13.416289329528809,10.101938262742284,3.5837106704711914
13810.SKF.SHED.D21.2021.T18.1,D21,18.0,,296.9444444,outdoor_caged,R.skin.face,14.862468719482422,10.101938262742284,3.137531280517578
13810.SKF.SHED.D21.2021.T19.1,D21,19.0,,313.4444444,outdoor_caged,R.skin.face,14.340734481811523,10.101938262742284,4.659265518188477
13810.SKF.SHED.D21.2021.T2.1,D21,2.0,,34.11111111,outdoor_caged,R.skin.face,5.649333477020264,10.101938262742284,3.6493334770202637
13810.SKF.SHED.D21.2021.T20.1,D21,20.0,,333.8888889,outdoor_caged,R.skin.face,15.81174087524414,10.101938262742284,4.188259124755859
13810.SKF.SHED.D21.2021.T3.1,D21,3.0,,45.38888889,outdoor_caged,R.skin.face,12.762382507324219,10.101938262742284,9.762382507324219
13810.SKF.SHED.D21.2021.T5.1,D21,5.0,,70.66666667,outdoor_caged,R.skin.face,6.421781063079834,10.101938262742284,1.421781063079834
13810.SKF.SHED.D21.2021.T6.1,D21,6.0,,85.5,outdoor_caged,R.skin.face,8.887458801269531,10.101938262742284,2.8874588012695312
13810.SKF.SHED.D21.2021.T7.1,D21,7.0,,102.7777778,outdoor_caged,R.skin.face,9.548133850097656,10.101938262742284,2.5481338500976562
13810.SKF.SHED.D21.2021.T8.1,D21,8.0,,121.5,outdoor_caged,R.skin.face,9.701849937438965,10.101938262742284,1.7018499374389648
13810.SKF.SHED.D21.2021.T9.1,D21,9.0,,143.0555556,outdoor_caged,R.skin.face,10.142988204956055,10.101938262742284,1.1429882049560547
13810.SKF.SHED.D22.2021.T10.1,D22,10.0,,162.1111111,indoor,R.skin.face,9.657357215881348,10.1115760111576,0.34264278411865234
13810.SKF.SHED.D22.2021.T12.1,D22,12.0,,190.5555556,indoor,R.skin.face,6.1388349533081055,10.1115760111576,5.8611650466918945
13810.SKF.SHED.D22.2021.T13.1,D22,13.0,,207.2222222,indoor,R.skin.face,6.4680376052856445,10.1115760111576,6.5319623947143555
13810.SKF.SHED.D22.2021.T14.1,D22,14.0,,226.1666667,indoor,R.skin.face,6.489866733551025,10.1115760111576,7.510133266448975
13810.SKF.SHED.D22.2021.T15.1,D22,15.0,,245.8333333,indoor,R.skin.face,6.534576416015625,10.1115760111576,8.465423583984375
13810.SKF.SHED.D22.2021.T16.1,D22,16.0,,268.2777778,indoor,R.skin.face,10.578736305236816,10.1115760111576,5.421263694763184
13810.SKF.SHED.D22.2021.T17.1,D22,17.0,,284.3888889,indoor,R.skin.face,10.510201454162598,10.1115760111576,6.489798545837402
13810.SKF.SHED.D22.2021.T18.1,D22,18.0,,296.9444444,indoor,R.skin.face,10.35103988647461,10.1115760111576,7.648960113525391
13810.SKF.SHED.D22.2021.T19.1,D22,19.0,,313.4444444,indoor,R.skin.face,11.534171104431152,10.1115760111576,7.465828895568848
13810.SKF.SHED.D22.2021.T20.1,D22,20.0,,333.8888889,indoor,R.skin.face,9.471770286560059,10.1115760111576,10.528229713439941
13810.SKF.SHED.D22.2021.T5.1,D22,5.0,,70.66666667,indoor,R.skin.face,0.46231573820114136,10.1115760111576,4.537684261798859
13810.SKF.SHED.D22.2021.T7.1,D22,7.0,,102.7777778,indoor,R.skin.face,6.11720085144043,10.1115760111576,0.8827991485595703
13810.SKF.SHED.D22.2021.T8.1,D22,8.0,,121.5,indoor,R.skin.face,5.939783096313477,10.1115760111576,2.0602169036865234
13810.SKF.SHED.D22.2021.T9.1,D22,9.0,,143.0555556,indoor,R.skin.face,6.065089702606201,10.1115760111576,2.934910297393799
13810.SKF.SHED.D23.2021.T1.1,D23,1.0,,18.72222222,outdoor_caged,R.skin.face,1.6768121719360352,10.101938262742284,0.6768121719360352
13810.SKF.SHED.D23.2021.T10.1,D23,10.0,,181.6111111,outdoor_caged,R.skin.face,8.787315368652344,10.101938262742284,1.2126846313476562
13810.SKF.SHED.D23.2021.T11.1,D23,11.0,,194.1666667,outdoor_caged,R.skin.face,9.706541061401367,10.101938262742284,1.2934589385986328
13810.SKF.SHED.D23.2021.T12.1,D23,12.0,,210.6666667,outdoor_caged,R.skin.face,9.128680229187012,10.101938262742284,2.8713197708129883
13810.SKF.SHED.D23.2021.T13.1,D23,13.0,,231.1111111,outdoor_caged,R.skin.face,10.043961524963379,10.101938262742284,2.956038475036621
13810.SKF.SHED.D23.2021.T14.1,D23,14.0,,245.2222222,outdoor_caged,R.skin.face,10.503630638122559,10.101938262742284,3.4963693618774414
13810.SKF.SHED.D23.2021.T15.1,D23,15.0,,258.3888889,outdoor_caged,R.skin.face,10.45981216430664,10.101938262742284,4.540187835693359
13810.SKF.SHED.D23.2021.T16.1,D23,16.0,,278.4444444,outdoor_caged,R.skin.face,12.827325820922852,10.101938262742284,3.1726741790771484
13810.SKF.SHED.D23.2021.T17.1,D23,17.0,,295.0555556,outdoor_caged,R.skin.face,12.079915046691895,10.101938262742284,4.9200849533081055
13810.SKF.SHED.D23.2021.T18.1,D23,18.0,,304.5555556,outdoor_caged,R.skin.face,12.57489013671875,10.101938262742284,5.42510986328125
13810.SKF.SHED.D23.2021.T19.1,D23,19.0,,314.1666667,outdoor_caged,R.skin.face,14.10598087310791,10.101938262742284,4.89401912689209
13810.SKF.SHED.D23.2021.T2.1,D23,2.0,,40.27777778,outdoor_caged,R.skin.face,10.374975204467773,10.101938262742284,8.374975204467773
13810.SKF.SHED.D23.2021.T20.1,D23,20.0,,327.2222222,outdoor_caged,R.skin.face,11.720823287963867,10.101938262742284,8.279176712036133
13810.SKF.SHED.D23.2021.T3.1,D23,3.0,,59.33333333,outdoor_caged,R.skin.face,12.618042945861816,10.101938262742284,9.618042945861816
13810.SKF.SHED.D23.2021.T4.1,D23,4.0,,75.0,outdoor_caged,R.skin.face,7.314452171325684,10.101938262742284,3.3144521713256836
13810.SKF.SHED.D23.2021.T5.1,D23,5.0,,87.77777778,outdoor_caged,R.skin.face,8.586445808410645,10.101938262742284,3.5864458084106445
13810.SKF.SHED.D23.2021.T6.1,D23,6.0,,104.4444444,outdoor_caged,R.skin.face,10.004746437072754,10.101938262742284,4.004746437072754
13810.SKF.SHED.D23.2021.T7.1,D23,7.0,,123.3888889,outdoor_caged,R.skin.face,9.682519912719727,10.101938262742284,2.6825199127197266
13810.SKF.SHED.D23.2021.T8.1,D23,8.0,,143.0555556,outdoor_caged,R.skin.face,8.166898727416992,10.101938262742284,0.1668987274169922
13810.SKF.SHED.D23.2021.T9.1,D23,9.0,,165.5,outdoor_caged,R.skin.face,8.508859634399414,10.101938262742284,0.49114036560058594
13810.SKF.SHED.D24.2021.T0.1,D24,0.0,,0.0,indoor,R.skin.face,0.40156760811805725,10.118323191345503,0.40156760811805725
13810.SKF.SHED.D24.2021.T1.1,D24,1.0,,18.72222222,indoor,R.skin.face,0.4262199103832245,10.118323191345503,0.5737800896167755
13810.SKF.SHED.D24.2021.T10.1,D24,10.0,,181.6111111,indoor,R.skin.face,5.61754846572876,10.118323191345503,4.38245153427124
13810.SKF.SHED.D24.2021.T11.1,D24,11.0,,194.1666667,indoor,R.skin.face,6.791774749755859,10.118323191345503,4.208225250244141
13810.SKF.SHED.D24.2021.T12.1,D24,12.0,,210.6666667,indoor,R.skin.face,7.9335222244262695,10.118323191345503,4.0664777755737305
13810.SKF.SHED.D24.2021.T13.1,D24,13.0,,231.1111111,indoor,R.skin.face,7.3497467041015625,10.118323191345503,5.6502532958984375
13810.SKF.SHED.D24.2021.T14.1,D24,14.0,,245.2222222,indoor,R.skin.face,6.719316005706787,10.118323191345503,7.280683994293213
13810.SKF.SHED.D24.2021.T15.1,D24,15.0,,258.3888889,indoor,R.skin.face,6.953013896942139,10.118323191345503,8.046986103057861
13810.SKF.SHED.D24.2021.T16.1,D24,16.0,,278.4444444,indoor,R.skin.face,9.153221130371094,10.118323191345503,6.846778869628906
13810.SKF.SHED.D24.2021.T17.1,D24,17.0,,295.0555556,indoor,R.skin.face,13.326859474182129,10.118323191345503,3.673140525817871
13810.SKF.SHED.D24.2021.T18.1,D24,18.0,,304.5555556,indoor,R.skin.face,9.5969820022583,10.118323191345503,8.4030179977417
13810.SKF.SHED.D24.2021.T19.1,D24,19.0,,314.1666667,indoor,R.skin.face,12.545673370361328,10.118323191345503,6.454326629638672
13810.SKF.SHED.D24.2021.T2.1,D24,2.0,,40.27777778,indoor,R.skin.face,0.923926591873169,10.118323191345503,1.076073408126831
13810.SKF.SHED.D24.2021.T20.1,D24,20.0,,327.2222222,indoor,R.skin.face,13.660332679748535,10.118323191345503,6.339667320251465
13810.SKF.SHED.D24.2021.T3.1,D24,3.0,,59.33333333,indoor,R.skin.face,0.6612687110900879,10.118323191345503,2.338731288909912
13810.SKF.SHED.D24.2021.T4.1,D24,4.0,,75.0,indoor,R.skin.face,0.28211355209350586,10.118323191345503,3.717886447906494
13810.SKF.SHED.D24.2021.T6.1,D24,6.0,,104.4444444,indoor,R.skin.face,0.48743748664855957,10.118323191345503,5.51256251335144
13810.SKF.SHED.D24.2021.T7.1,D24,7.0,,123.3888889,indoor,R.skin.face,15.164710998535156,10.118323191345503,8.164710998535156
13810.SKF.SHED.D24.2021.T9.1,D24,9.0,,165.5,indoor,R.skin.face,4.889567852020264,10.118323191345503,4.110432147979736
13810.SKF.SHED.D25.2021.T0.1,D25,0.0,,0.0,outdoor_caged,R.skin.face,1.7023942470550537,10.087076710435383,1.7023942470550537
13810.SKF.SHED.D25.2021.T1.1,D25,1.0,,16.38888889,outdoor_caged,R.skin.face,2.330800771713257,10.087076710435383,1.3308007717132568
13810.SKF.SHED.D25.2021.T10.1,D25,10.0,,184.4444444,outdoor_caged,R.skin.face,11.175638198852539,10.087076710435383,1.175638198852539
13810.SKF.SHED.D25.2021.T11.1,D25,11.0,,203.5555556,outdoor_caged,R.skin.face,13.154444694519043,10.087076710435383,2.154444694519043
13810.SKF.SHED.D25.2021.T12.1,D25,12.0,,224.3888889,outdoor_caged,R.skin.face,11.362274169921875,10.087076710435383,0.637725830078125
13810.SKF.SHED.D25.2021.T13.1,D25,13.0,,243.7222222,outdoor_caged,R.skin.face,11.270665168762207,10.087076710435383,1.729334831237793
13810.SKF.SHED.D25.2021.T14.1,D25,14.0,,265.7222222,outdoor_caged,R.skin.face,11.70927619934082,10.087076710435383,2.2907238006591797
13810.SKF.SHED.D25.2021.T15.1,D25,15.0,,290.5555556,outdoor_caged,R.skin.face,12.11043643951416,10.087076710435383,2.88956356048584
13810.SKF.SHED.D25.2021.T16.1,D25,16.0,,312.3333333,outdoor_caged,R.skin.face,12.030228614807129,10.087076710435383,3.969771385192871
13810.SKF.SHED.D25.2021.T17.1,D25,17.0,,329.0,outdoor_caged,R.skin.face,12.463897705078125,10.087076710435383,4.536102294921875
13810.SKF.SHED.D25.2021.T18.1,D25,18.0,,345.2222222,outdoor_caged,R.skin.face,11.934576988220215,10.087076710435383,6.065423011779785
13810.SKF.SHED.D25.2021.T19.1,D25,19.0,,364.2222222,outdoor_caged,R.skin.face,11.108624458312988,10.087076710435383,7.891375541687012
13810.SKF.SHED.D25.2021.T2.1,D25,2.0,,29.72222222,outdoor_caged,R.skin.face,3.411487102508545,10.087076710435383,1.411487102508545
13810.SKF.SHED.D25.2021.T20.1,D25,20.0,,386.3333333,outdoor_caged,R.skin.face,11.997876167297363,10.087076710435383,8.002123832702637
13810.SKF.SHED.D25.2021.T3.1,D25,3.0,,43.72222222,outdoor_caged,R.skin.face,3.3717379570007324,10.087076710435383,0.3717379570007324
13810.SKF.SHED.D25.2021.T4.1,D25,4.0,,62.11111111,outdoor_caged,R.skin.face,2.9024770259857178,10.087076710435383,1.0975229740142822
13810.SKF.SHED.D25.2021.T5.1,D25,5.0,,83.05555556,outdoor_caged,R.skin.face,2.7761788368225098,10.087076710435383,2.2238211631774902
13810.SKF.SHED.D25.2021.T6.1,D25,6.0,,103.6666667,outdoor_caged,R.skin.face,5.117561340332031,10.087076710435383,0.8824386596679688
13810.SKF.SHED.D25.2021.T7.1,D25,7.0,,124.9444444,outdoor_caged,R.skin.face,7.854160308837891,10.087076710435383,0.8541603088378906
13810.SKF.SHED.D25.2021.T8.1,D25,8.0,,148.2777778,outdoor_caged,R.skin.face,9.684355735778809,10.087076710435383,1.6843557357788086
13810.SKF.SHED.D25.2021.T9.1,D25,9.0,,168.5555556,outdoor_caged,R.skin.face,10.334183692932129,10.087076710435383,1.334183692932129
13810.SKF.SHED.D26.2021.T0.1,D26,0.0,,0.0,indoor,R.skin.face,5.627188205718994,10.1115760111576,5.627188205718994
13810.SKF.SHED.D26.2021.T1.1,D26,1.0,,16.38888889,indoor,R.skin.face,5.391664981842041,10.1115760111576,4.391664981842041
13810.SKF.SHED.D26.2021.T10.1,D26,10.0,,184.4444444,indoor,R.skin.face,7.886900901794434,10.1115760111576,2.1130990982055664
13810.SKF.SHED.D26.2021.T11.1,D26,11.0,,203.5555556,indoor,R.skin.face,8.619609832763672,10.1115760111576,2.380390167236328
13810.SKF.SHED.D26.2021.T12.1,D26,12.0,,224.3888889,indoor,R.skin.face,11.506943702697754,10.1115760111576,0.4930562973022461
13810.SKF.SHED.D26.2021.T13.1,D26,13.0,,243.7222222,indoor,R.skin.face,13.16093635559082,10.1115760111576,0.1609363555908203
13810.SKF.SHED.D26.2021.T14.1,D26,14.0,,265.7222222,indoor,R.skin.face,12.985932350158691,10.1115760111576,1.0140676498413086
13810.SKF.SHED.D26.2021.T15.1,D26,15.0,,290.5555556,indoor,R.skin.face,13.784198760986328,10.1115760111576,1.2158012390136719
13810.SKF.SHED.D26.2021.T16.1,D26,16.0,,312.3333333,indoor,R.skin.face,12.28952407836914,10.1115760111576,3.7104759216308594
13810.SKF.SHED.D26.2021.T17.1,D26,17.0,,329.0,indoor,R.skin.face,13.020834922790527,10.1115760111576,3.9791650772094727
13810.SKF.SHED.D26.2021.T18.1,D26,18.0,,345.2222222,indoor,R.skin.face,12.84212589263916,10.1115760111576,5.15787410736084
13810.SKF.SHED.D26.2021.T19.1,D26,19.0,,364.2222222,indoor,R.skin.face,12.555882453918457,10.1115760111576,6.444117546081543
13810.SKF.SHED.D26.2021.T2.1,D26,2.0,,29.72222222,indoor,R.skin.face,6.027232646942139,10.1115760111576,4.027232646942139
13810.SKF.SHED.D26.2021.T20.1,D26,20.0,,386.3333333,indoor,R.skin.face,12.28049087524414,10.1115760111576,7.719509124755859
13810.SKF.SHED.D26.2021.T3.1,D26,3.0,,43.72222222,indoor,R.skin.face,4.592370510101318,10.1115760111576,1.5923705101013184
13810.SKF.SHED.D26.2021.T4.1,D26,4.0,,62.11111111,indoor,R.skin.face,5.295703887939453,10.1115760111576,1.2957038879394531
13810.SKF.SHED.D26.2021.T5.1,D26,5.0,,83.05555556,indoor,R.skin.face,4.2362871170043945,10.1115760111576,0.7637128829956055
13810.SKF.SHED.D26.2021.T6.1,D26,6.0,,103.6666667,indoor,R.skin.face,5.45127534866333,10.1115760111576,0.5487246513366699
13810.SKF.SHED.D26.2021.T7.1,D26,7.0,,124.9444444,indoor,R.skin.face,4.777602672576904,10.1115760111576,2.2223973274230957
13810.SKF.SHED.D26.2021.T8.1,D26,8.0,,148.2777778,indoor,R.skin.face,5.418399333953857,10.1115760111576,2.5816006660461426
13810.SKF.SHED.D26.2021.T9.2,D26,9.0,,168.5555556,indoor,R.skin.face,7.557382583618164,10.1115760111576,1.442617416381836
13810.SKF.SHED.D27.2021.T0.1,D27,0.0,,0.0,outdoor_caged,R.skin.face,2.091132879257202,10.1115760111576,2.091132879257202
13810.SKF.SHED.D27.2021.T1.1,D27,1.0,,23.33333333,outdoor_caged,R.skin.face,5.313098907470703,10.1115760111576,4.313098907470703
13810.SKF.SHED.D27.2021.T10.1,D27,10.0,,204.0555556,outdoor_caged,,16.34326171875,10.1115760111576,6.34326171875
13810.SKF.SHED.D27.2021.T11.1,D27,11.0,,220.2777778,outdoor_caged,R.skin.face,16.185970306396484,10.1115760111576,5.185970306396484
13810.SKF.SHED.D27.2021.T12.1,D27,12.0,,239.2777778,outdoor_caged,R.skin.face,15.266128540039062,10.1115760111576,3.2661285400390625
13810.SKF.SHED.D27.2021.T13.1,D27,13.0,,261.3888889,outdoor_caged,R.skin.face,17.260149002075195,10.1115760111576,4.260149002075195
13810.SKF.SHED.D27.2021.T14.1,D27,14.0,,285.9444444,outdoor_caged,R.skin.face,15.22266960144043,10.1115760111576,1.2226696014404297
13810.SKF.SHED.D27.2021.T15.1,D27,15.0,,311.3333333,outdoor_caged,R.skin.face,16.881811141967773,10.1115760111576,1.8818111419677734
13810.SKF.SHED.D27.2021.T16.1,D27,16.0,,337.0,outdoor_caged,R.skin.face,1.7650370597839355,10.1115760111576,14.234962940216064
13810.SKF.SHED.D27.2021.T17.1,D27,17.0,,357.5555556,outdoor_caged,R.skin.face,14.781922340393066,10.1115760111576,2.2180776596069336
13810.SKF.SHED.D27.2021.T18.1,D27,18.0,,379.3333333,outdoor_caged,R.skin.face,16.017940521240234,10.1115760111576,1.9820594787597656
13810.SKF.SHED.D27.2021.T19.1,D27,19.0,,404.3333333,outdoor_caged,R.skin.face,17.108861923217773,10.1115760111576,1.8911380767822266
13810.SKF.SHED.D27.2021.T2.1,D27,2.0,,43.61111111,outdoor_caged,,6.2146525382995605,10.1115760111576,4.2146525382995605
13810.SKF.SHED.D27.2021.T20.1,D27,20.0,,428.5555556,outdoor_caged,R.skin.face,15.264692306518555,10.1115760111576,4.735307693481445
13810.SKF.SHED.D27.2021.T3.1,D27,3.0,,59.5,outdoor_caged,R.skin.face,6.523183345794678,10.1115760111576,3.5231833457946777
13810.SKF.SHED.D27.2021.T4.1,D27,4.0,,78.61111111,outdoor_caged,R.skin.face,7.281423568725586,10.1115760111576,3.281423568725586
13810.SKF.SHED.D27.2021.T5.1,D27,5.0,,99.44444444,outdoor_caged,R.skin.face,12.069559097290039,10.1115760111576,7.069559097290039
13810.SKF.SHED.D27.2021.T6.1,D27,6.0,,118.7777778,outdoor_caged,R.skin.face,12.518769264221191,10.1115760111576,6.518769264221191
13810.SKF.SHED.D27.2021.T7.1,D27,7.0,,140.7777778,outdoor_caged,R.skin.face,14.574593544006348,10.1115760111576,7.574593544006348
13810.SKF.SHED.D27.2021.T8.1,D27,8.0,,165.6111111,outdoor_caged,,15.824748992919922,10.1115760111576,7.824748992919922
13810.SKF.SHED.D27.2021.T9.1,D27,9.0,,187.3888889,outdoor_caged,R.skin.face,17.006813049316406,10.1115760111576,8.006813049316406
13810.SKF.SHED.D28.2021.T0.1,D28,0.0,,0.0,indoor,R.skin.face,4.5235915184021,10.02488231338265,4.5235915184021
13810.SKF.SHED.D28.2021.T10.1,D28,10.0,,204.0555556,indoor,,8.492191314697266,10.02488231338265,1.5078086853027344
13810.SKF.SHED.D28.2021.T11.1,D28,11.0,,220.2777778,indoor,,7.195564270019531,10.02488231338265,3.8044357299804688
13810.SKF.SHED.D28.2021.T12.1,D28,12.0,,239.2777778,indoor,R.skin.face,7.793460845947266,10.02488231338265,4.206539154052734
13810.SKF.SHED.D28.2021.T13.1,D28,13.0,,261.3888889,indoor,R.skin.face,8.611409187316895,10.02488231338265,4.3885908126831055
13810.SKF.SHED.D28.2021.T14.1,D28,14.0,,285.9444444,indoor,R.skin.face,10.73855209350586,10.02488231338265,3.2614479064941406
13810.SKF.SHED.D28.2021.T15.1,D28,15.0,,311.3333333,indoor,R.skin.face,11.805811882019043,10.02488231338265,3.194188117980957
13810.SKF.SHED.D28.2021.T16.1,D28,16.0,,337.0,indoor,R.skin.face,13.50929069519043,10.02488231338265,2.4907093048095703
13810.SKF.SHED.D28.2021.T17.1,D28,17.0,,357.5555556,indoor,R.skin.face,12.92349624633789,10.02488231338265,4.076503753662109
13810.SKF.SHED.D28.2021.T18.1,D28,18.0,,379.3333333,indoor,R.skin.face,11.337152481079102,10.02488231338265,6.662847518920898
13810.SKF.SHED.D28.2021.T19.1,D28,19.0,,404.3333333,indoor,R.skin.face,10.918583869934082,10.02488231338265,8.081416130065918
13810.SKF.SHED.D28.2021.T2.1,D28,2.0,,43.61111111,indoor,R.skin.face,3.539124011993408,10.02488231338265,1.5391240119934082
13810.SKF.SHED.D28.2021.T20.1,D28,20.0,,428.5555556,indoor,R.skin.face,12.809696197509766,10.02488231338265,7.190303802490234
13810.SKF.SHED.D28.2021.T4.1,D28,4.0,,78.61111111,indoor,R.skin.face,4.449764251708984,10.02488231338265,0.4497642517089844
13810.SKF.SHED.D28.2021.T5.1,D28,5.0,,99.44444444,indoor,R.skin.face,3.1396384239196777,10.02488231338265,1.8603615760803223
13810.SKF.SHED.D28.2021.T6.1,D28,6.0,,118.7777778,indoor,R.skin.face,3.2644824981689453,10.02488231338265,2.7355175018310547
13810.SKF.SHED.D28.2021.T7.1,D28,7.0,,140.7777778,indoor,R.skin.face,5.214836597442627,10.02488231338265,1.785163402557373
13810.SKF.SHED.D28.2021.T8.1,D28,8.0,,165.6111111,indoor,R.skin.face,5.882665157318115,10.02488231338265,2.1173348426818848
13810.SKF.SHED.D28.2021.T9.1,D28,9.0,,187.3888889,indoor,R.skin.face,7.034580230712891,10.02488231338265,1.9654197692871094
13810.SKF.SHED.D29.2021.T0.1,D29,0.0,,0.0,outdoor_caged,R.skin.face,0.6937018632888794,10.118323191345503,0.6937018632888794
13810.SKF.SHED.D29.2021.T1.1,D29,1.0,,24.83333333,outdoor_caged,R.skin.face,1.0288424491882324,10.118323191345503,0.028842449188232422
13810.SKF.SHED.D29.2021.T10.1,D29,10.0,,216.7777778,outdoor_caged,R.skin.face,12.775407791137695,10.118323191345503,2.7754077911376953
13810.SKF.SHED.D29.2021.T11.1,D29,11.0,,238.5555556,outdoor_caged,R.skin.face,13.358969688415527,10.118323191345503,2.3589696884155273
13810.SKF.SHED.D29.2021.T12.1,D29,12.0,,263.5555556,outdoor_caged,R.skin.face,11.987222671508789,10.118323191345503,0.012777328491210938
13810.SKF.SHED.D29.2021.T13.1,D29,13.0,,287.7777778,outdoor_caged,R.skin.face,12.075590133666992,10.118323191345503,0.9244098663330078
13810.SKF.SHED.D29.2021.T14.1,D29,14.0,,307.5555556,outdoor_caged,R.skin.face,14.211596488952637,10.118323191345503,0.21159648895263672
13810.SKF.SHED.D29.2021.T15.1,D29,15.0,,326.8888889,outdoor_caged,R.skin.face,14.199872016906738,10.118323191345503,0.8001279830932617
13810.SKF.SHED.D29.2021.T16.1,D29,16.0,,351.5555556,outdoor_caged,R.skin.face,11.916739463806152,10.118323191345503,4.083260536193848
13810.SKF.SHED.D29.2021.T17.1,D29,17.0,,376.5,outdoor_caged,R.skin.face,15.748666763305664,10.118323191345503,1.251333236694336
13810.SKF.SHED.D29.2021.T18.1,D29,18.0,,401.0555556,outdoor_caged,R.skin.face,12.865111351013184,10.118323191345503,5.134888648986816
13810.SKF.SHED.D29.2021.T19.1,D29,19.0,,424.9444444,outdoor_caged,R.skin.face,16.472089767456055,10.118323191345503,2.5279102325439453
13810.SKF.SHED.D29.2021.T2.1,D29,2.0,,46.61111111,outdoor_caged,R.skin.face,4.417301177978516,10.118323191345503,2.4173011779785156
13810.SKF.SHED.D29.2021.T20.1,D29,20.0,,450.0,outdoor_caged,R.skin.face,13.883003234863281,10.118323191345503,6.116996765136719
13810.SKF.SHED.D29.2021.T3.1,D29,3.0,,63.27777778,outdoor_caged,R.skin.face,4.366440773010254,10.118323191345503,1.366440773010254
13810.SKF.SHED.D29.2021.T4.1,D29,4.0,,79.5,outdoor_caged,R.skin.face,5.329920291900635,10.118323191345503,1.3299202919006348
13810.SKF.SHED.D29.2021.T5.1,D29,5.0,,98.5,outdoor_caged,R.skin.face,4.411203861236572,10.118323191345503,0.5887961387634277
13810.SKF.SHED.D29.2021.T6.1,D29,6.0,,120.6111111,outdoor_caged,,7.449647903442383,10.118323191345503,1.4496479034423828
13810.SKF.SHED.D29.2021.T7.1,D29,7.0,,145.1666667,outdoor_caged,R.skin.face,10.019822120666504,10.118323191345503,3.019822120666504
13810.SKF.SHED.D29.2021.T8.1,D29,8.0,,170.5555556,outdoor_caged,R.skin.face,9.996838569641113,10.118323191345503,1.9968385696411133
13810.SKF.SHED.D29.2021.T9.1,D29,9.0,,196.2222222,outdoor_caged,R.skin.face,10.67248249053955,10.118323191345503,1.6724824905395508
13810.SKF.SHED.D30.2021.T0.1,D30,0.0,,0.0,indoor,R.skin.face,0.816562294960022,10.02488231338265,0.816562294960022
13810.SKF.SHED.D30.2021.T10.1,D30,10.0,,216.7777778,indoor,R.skin.face,10.383597373962402,10.02488231338265,0.38359737396240234
13810.SKF.SHED.D30.2021.T11.1,D30,11.0,,238.5555556,indoor,R.skin.face,10.910176277160645,10.02488231338265,0.08982372283935547
13810.SKF.SHED.D30.2021.T12.1,D30,12.0,,263.5555556,indoor,R.skin.face,10.433348655700684,10.02488231338265,1.5666513442993164
13810.SKF.SHED.D30.2021.T13.1,D30,13.0,,287.7777778,indoor,R.skin.face,11.509042739868164,10.02488231338265,1.490957260131836
13810.SKF.SHED.D30.2021.T14.1,D30,14.0,,307.5555556,indoor,R.skin.face,11.121543884277344,10.02488231338265,2.8784561157226562
13810.SKF.SHED.D30.2021.T15.1,D30,15.0,,326.8888889,indoor,R.skin.face,11.400444984436035,10.02488231338265,3.599555015563965
13810.SKF.SHED.D30.2021.T16.1,D30,16.0,,351.5555556,indoor,R.skin.face,11.737937927246094,10.02488231338265,4.262062072753906
13810.SKF.SHED.D30.2021.T17.1,D30,17.0,,376.5,indoor,R.skin.face,11.58705997467041,10.02488231338265,5.41294002532959
13810.SKF.SHED.D30.2021.T18.1,D30,18.0,,401.0555556,indoor,R.skin.face,11.088305473327637,10.02488231338265,6.911694526672363
13810.SKF.SHED.D30.2021.T19.1,D30,19.0,,424.9444444,indoor,R.skin.face,11.689786911010742,10.02488231338265,7.310213088989258
13810.SKF.SHED.D30.2021.T2.1,D30,2.0,,46.61111111,indoor,R.skin.face,0.8037948608398438,10.02488231338265,1.1962051391601562
13810.SKF.SHED.D30.2021.T20.1,D30,20.0,,450.0,indoor,R.skin.face,11.967891693115234,10.02488231338265,8.032108306884766
13810.SKF.SHED.D30.2021.T4.1,D30,4.0,,79.5,indoor,R.skin.face,4.694987773895264,10.02488231338265,0.6949877738952637
13810.SKF.SHED.D30.2021.T5.1,D30,5.0,,98.5,indoor,R.skin.face,3.9466538429260254,10.02488231338265,1.0533461570739746
13810.SKF.SHED.D30.2021.T6.1,D30,6.0,,120.6111111,indoor,R.skin.face,4.496305465698242,10.02488231338265,1.5036945343017578
13810.SKF.SHED.D30.2021.T7.1,D30,7.0,,145.1666667,indoor,R.skin.face,9.63811206817627,10.02488231338265,2.6381120681762695
13810.SKF.SHED.D30.2021.T8.1,D30,8.0,,170.5555556,indoor,R.skin.face,11.028306007385254,10.02488231338265,3.028306007385254
13810.SKF.SHED.D30.2021.T9.1,D30,9.0,,196.2222222,indoor,R.skin.face,11.047917366027832,10.02488231338265,2.047917366027832
13810.SKF.SHED.D4.2020.T1,D4,1.0,,16.77777778,outdoor_caged,R.skin.face,2.1179819107055664,10.101938262742284,1.1179819107055664
13810.SKF.SHED.D4.2020.T10,D4,10.0,,187.8333333,outdoor_caged,R.skin.face,9.049206733703613,10.101938262742284,0.9507932662963867
13810.SKF.SHED.D4.2020.T11,D4,11.0,,202.8333333,outdoor_caged,R.skin.face,9.912495613098145,10.101938262742284,1.0875043869018555
13810.SKF.SHED.D4.2020.T13,D4,13.0,,220.5,outdoor_caged,R.skin.face,9.169377326965332,10.101938262742284,3.830622673034668
13810.SKF.SHED.D4.2020.T14,D4,14.0,,228.8888889,outdoor_caged,R.skin.face,9.976608276367188,10.101938262742284,4.0233917236328125
13810.SKF.SHED.D4.2020.T15,D4,15.0,,242.1111111,outdoor_caged,R.skin.face,11.58877944946289,10.101938262742284,3.4112205505371094
13810.SKF.SHED.D4.2020.T16,D4,16.0,,250.0555556,outdoor_caged,R.skin.face,10.368890762329102,10.101938262742284,5.631109237670898
13810.SKF.SHED.D4.2020.T17,D4,17.0,,258.8888889,outdoor_caged,R.skin.face,12.520748138427734,10.101938262742284,4.479251861572266
13810.SKF.SHED.D4.2020.T18,D4,18.0,,267.3888889,outdoor_caged,R.skin.face,12.93155288696289,10.101938262742284,5.068447113037109
13810.SKF.SHED.D4.2020.T19,D4,19.0,,275.8888889,outdoor_caged,R.skin.face,11.918760299682617,10.101938262742284,7.081239700317383
13810.SKF.SHED.D4.2020.T2,D4,2.0,,35.77777778,outdoor_caged,R.skin.face,2.3888490200042725,10.101938262742284,0.38884902000427246
13810.SKF.SHED.D4.2020.T20,D4,20.0,,287.2222222,outdoor_caged,R.skin.face,12.277600288391113,10.101938262742284,7.722399711608887
13810.SKF.SHED.D4.2020.T3,D4,3.0,,56.61111111,outdoor_caged,R.skin.face,1.7042782306671143,10.101938262742284,1.2957217693328857
13810.SKF.SHED.D4.2020.T4,D4,4.0,,76.94444444,outdoor_caged,R.skin.face,7.528583526611328,10.101938262742284,3.528583526611328
13810.SKF.SHED.D4.2020.T5,D4,5.0,,96.66666667,outdoor_caged,R.skin.face,8.992985725402832,10.101938262742284,3.992985725402832
13810.SKF.SHED.D4.2020.T6,D4,6.0,,111.2222222,outdoor_caged,R.skin.face,6.245026111602783,10.101938262742284,0.2450261116027832
13810.SKF.SHED.D4.2020.T7,D4,7.0,,132.2222222,outdoor_caged,R.skin.face,8.631667137145996,10.101938262742284,1.631667137145996
13810.SKF.SHED.D4.2020.T8,D4,8.0,,148.8333333,outdoor_caged,R.skin.face,6.748879909515381,10.101938262742284,1.2511200904846191
13810.SKF.SHED.D4.2020.T9,D4,9.0,,167.5555556,outdoor_caged,R.skin.face,7.357389450073242,10.101938262742284,1.6426105499267578
13810.SKF.SHED.D5.2020.T0,D5,0.0,,0.0,indoor,R.skin.face,3.9907617568969727,10.087076710435383,3.9907617568969727
13810.SKF.SHED.D5.2020.T10,D5,10.0,,187.8333333,indoor,R.skin.face,13.782669067382812,10.087076710435383,3.7826690673828125
13810.SKF.SHED.D5.2020.T11,D5,11.0,,202.8333333,indoor,R.skin.face,14.719963073730469,10.087076710435383,3.7199630737304688
13810.SKF.SHED.D5.2020.T12,D5,12.0,,213.7777778,indoor,R.skin.face,16.37628173828125,10.087076710435383,4.37628173828125
13810.SKF.SHED.D5.2020.T13,D5,13.0,,220.5,indoor,R.skin.face,16.39681625366211,10.087076710435383,3.3968162536621094
13810.SKF.SHED.D5.2020.T14,D5,14.0,,228.8888889,indoor,R.skin.face,16.415441513061523,10.087076710435383,2.4154415130615234
13810.SKF.SHED.D5.2020.T15,D5,15.0,,242.1111111,indoor,R.skin.face,17.59284782409668,10.087076710435383,2.5928478240966797
13810.SKF.SHED.D5.2020.T16,D5,16.0,,250.0555556,indoor,R.skin.face,15.182830810546875,10.087076710435383,0.817169189453125
13810.SKF.SHED.D5.2020.T17,D5,17.0,,258.8888889,indoor,R.skin.face,16.487638473510742,10.087076710435383,0.5123615264892578
13810.SKF.SHED.D5.2020.T18,D5,18.0,,267.3888889,indoor,R.skin.face,16.345684051513672,10.087076710435383,1.6543159484863281
13810.SKF.SHED.D5.2020.T19,D5,19.0,,275.8888889,indoor,R.skin.face,16.35601043701172,10.087076710435383,2.6439895629882812
13810.SKF.SHED.D5.2020.T2,D5,2.0,,35.77777778,indoor,R.skin.face,4.4143195152282715,10.087076710435383,2.4143195152282715
13810.SKF.SHED.D5.2020.T20,D5,20.0,,287.2222222,indoor,R.skin.face,15.513315200805664,10.087076710435383,4.486684799194336
13810.SKF.SHED.D5.2020.T3,D5,3.0,,56.61111111,indoor,R.skin.face,3.993896961212158,10.087076710435383,0.9938969612121582
13810.SKF.SHED.D5.2020.T4,D5,4.0,,76.94444444,indoor,R.skin.face,5.928477764129639,10.087076710435383,1.9284777641296387
13810.SKF.SHED.D5.2020.T5,D5,5.0,,96.66666667,indoor,R.skin.face,8.473297119140625,10.087076710435383,3.473297119140625
13810.SKF.SHED.D5.2020.T6,D5,6.0,,111.2222222,indoor,R.skin.face,9.559086799621582,10.087076710435383,3.559086799621582
13810.SKF.SHED.D5.2020.T7,D5,7.0,,132.2222222,indoor,R.skin.face,12.202326774597168,10.087076710435383,5.202326774597168
13810.SKF.SHED.D5.2020.T8,D5,8.0,,148.8333333,indoor,R.skin.face,12.929121017456055,10.087076710435383,4.929121017456055
13810.SKF.SHED.D5.2020.T9,D5,9.0,,167.5555556,indoor,R.skin.face,17.154144287109375,10.087076710435383,8.154144287109375
13810.SKF.SHED.D6.2020.T1,D6,1.0,,8.833333333,outdoor_uncaged,R.skin.face,0.10215172916650772,10.02488231338265,0.8978482708334923
13810.SKF.SHED.D6.2020.T10,D6,10.0,,123.8333333,outdoor_uncaged,R.skin.face,6.026975631713867,10.02488231338265,3.973024368286133
13810.SKF.SHED.D6.2020.T11,D6,11.0,,130.0555556,outdoor_uncaged,R.skin.face,9.78293228149414,10.02488231338265,1.2170677185058594
13810.SKF.SHED.D6.2020.T12,D6,12.0,,137.8333333,outdoor_uncaged,R.skin.face,8.64382266998291,10.02488231338265,3.35617733001709
13810.SKF.SHED.D6.2020.T13,D6,13.0,,143.3888889,outdoor_uncaged,R.skin.face,13.608292579650879,10.02488231338265,0.6082925796508789
13810.SKF.SHED.D6.2020.T14,D6,14.0,,149.5555556,outdoor_uncaged,R.skin.face,13.042439460754395,10.02488231338265,0.9575605392456055
13810.SKF.SHED.D6.2020.T15,D6,15.0,,162.1666667,outdoor_uncaged,R.skin.face,11.804657936096191,10.02488231338265,3.1953420639038086
13810.SKF.SHED.D6.2020.T16,D6,16.0,,177.1111111,outdoor_uncaged,R.skin.face,11.409196853637695,10.02488231338265,4.590803146362305
13810.SKF.SHED.D6.2020.T17,D6,17.0,,187.0555556,outdoor_uncaged,R.skin.face,12.954084396362305,10.02488231338265,4.045915603637695
13810.SKF.SHED.D6.2020.T18,D6,18.0,,199.8888889,outdoor_uncaged,R.skin.face,13.270661354064941,10.02488231338265,4.729338645935059
13810.SKF.SHED.D6.2020.T19,D6,19.0,,214.1111111,outdoor_uncaged,R.skin.face,15.399028778076172,10.02488231338265,3.600971221923828
13810.SKF.SHED.D6.2020.T2,D6,2.0,,17.33333333,outdoor_uncaged,R.skin.face,0.946760892868042,10.02488231338265,1.053239107131958
13810.SKF.SHED.D6.2020.T20,D6,20.0,,231.8888889,outdoor_uncaged,R.skin.face,16.650705337524414,10.02488231338265,3.349294662475586
13810.SKF.SHED.D6.2020.T3,D6,3.0,,25.83333333,outdoor_uncaged,R.skin.face,1.142662763595581,10.02488231338265,1.857337236404419
13810.SKF.SHED.D6.2020.T4,D6,4.0,,37.16666667,outdoor_uncaged,R.skin.face,2.6273751258850098,10.02488231338265,1.3726248741149902
13810.SKF.SHED.D6.2020.T6,D6,6.0,,63.77777778,outdoor_uncaged,R.skin.face,2.806915521621704,10.02488231338265,3.193084478378296
13810.SKF.SHED.D6.2020.T7,D6,7.0,,80.05555556,outdoor_uncaged,R.skin.face,3.9745965003967285,10.02488231338265,3.0254034996032715
13810.SKF.SHED.D6.2020.T8,D6,8.0,,98.16666667,outdoor_uncaged,R.skin.face,6.713561058044434,10.02488231338265,1.2864389419555664
13810.SKF.SHED.D6.2020.T9,D6,9.0,,112.5,outdoor_uncaged,R.skin.face,11.275486946105957,10.02488231338265,2.275486946105957
13810.SKF.SHED.D7.2020.T0,D7,0.0,,0.0,indoor,R.skin.face,0.8543840646743774,10.1115760111576,0.8543840646743774
13810.SKF.SHED.D7.2020.T1,D7,1.0,,16.61111111,indoor,R.skin.face,0.4429056644439697,10.1115760111576,0.5570943355560303
13810.SKF.SHED.D7.2020.T10,D7,10.0,,126.6666667,indoor,R.skin.face,5.308803081512451,10.1115760111576,4.691196918487549
13810.SKF.SHED.D7.2020.T11,D7,11.0,,135.1666667,indoor,R.skin.face,1.5487689971923828,10.1115760111576,9.451231002807617
13810.SKF.SHED.D7.2020.T12,D7,12.0,,143.6666667,indoor,R.skin.face,5.6530327796936035,10.1115760111576,6.3469672203063965
13810.SKF.SHED.D7.2020.T13,D7,13.0,,155.0,indoor,R.skin.face,1.4404783248901367,10.1115760111576,11.559521675109863
13810.SKF.SHED.D7.2020.T14,D7,14.0,,167.3888889,indoor,R.skin.face,8.960206985473633,10.1115760111576,5.039793014526367
13810.SKF.SHED.D7.2020.T15,D7,15.0,,181.6111111,indoor,R.skin.face,9.357346534729004,10.1115760111576,5.642653465270996
13810.SKF.SHED.D7.2020.T16,D7,16.0,,197.8888889,indoor,R.skin.face,8.884450912475586,10.1115760111576,7.115549087524414
13810.SKF.SHED.D7.2020.T18,D7,18.0,,230.3333333,indoor,R.skin.face,10.980300903320312,10.1115760111576,7.0196990966796875
13810.SKF.SHED.D7.2020.T19,D7,19.0,,241.6666667,indoor,R.skin.face,11.11803913116455,10.1115760111576,7.881960868835449
13810.SKF.SHED.D7.2020.T2,D7,2.0,,35.33333333,indoor,R.skin.face,0.7777127027511597,10.1115760111576,1.2222872972488403
13810.SKF.SHED.D7.2020.T20,D7,20.0,,247.8888889,indoor,R.skin.face,11.543797492980957,10.1115760111576,8.456202507019043
13810.SKF.SHED.D7.2020.T3,D7,3.0,,55.61111111,indoor,R.skin.face,1.091301441192627,10.1115760111576,1.908698558807373
13810.SKF.SHED.D7.2020.T4,D7,4.0,,70.61111111,indoor,R.skin.face,0.8355947732925415,10.1115760111576,3.1644052267074585
13810.SKF.SHED.D7.2020.T5,D7,5.0,,81.55555556,indoor,R.skin.face,1.3324754238128662,10.1115760111576,3.667524576187134
13810.SKF.SHED.D7.2020.T6,D7,6.0,,88.27777778,indoor,R.skin.face,0.520012617111206,10.1115760111576,5.479987382888794
13810.SKF.SHED.D7.2020.T7,D7,7.0,,96.66666667,indoor,R.skin.face,0.5762978792190552,10.1115760111576,6.423702120780945
13810.SKF.SHED.D7.2020.T8,D7,8.0,,109.8888889,indoor,R.skin.face,0.8206912279129028,10.1115760111576,7.179308772087097
13810.SKF.SHED.D7.2020.T9,D7,9.0,,117.8333333,indoor,R.skin.face,8.132384300231934,10.1115760111576,0.8676156997680664
13810.SKF.SHED.D8.2020.T1,D8,1.0,,16.61111111,outdoor_caged,R.skin.face,0.6865293979644775,10.02488231338265,0.31347060203552246
13810.SKF.SHED.D8.2020.T10,D8,10.0,,126.6666667,outdoor_caged,R.skin.face,7.853204727172852,10.02488231338265,2.1467952728271484
13810.SKF.SHED.D8.2020.T11,D8,11.0,,135.1666667,outdoor_caged,R.skin.face,4.355190277099609,10.02488231338265,6.644809722900391
13810.SKF.SHED.D8.2020.T12,D8,12.0,,143.6666667,outdoor_caged,R.skin.face,4.697351455688477,10.02488231338265,7.302648544311523
13810.SKF.SHED.D8.2020.T13,D8,13.0,,155.0,outdoor_caged,R.skin.face,3.4651455879211426,10.02488231338265,9.534854412078857
13810.SKF.SHED.D8.2020.T14,D8,14.0,,167.3888889,outdoor_caged,R.skin.face,6.685566425323486,10.02488231338265,7.314433574676514
13810.SKF.SHED.D8.2020.T15,D8,15.0,,181.6111111,outdoor_caged,R.skin.face,10.662206649780273,10.02488231338265,4.337793350219727
13810.SKF.SHED.D8.2020.T16,D8,16.0,,197.8888889,outdoor_caged,R.skin.face,12.127655029296875,10.02488231338265,3.872344970703125
13810.SKF.SHED.D8.2020.T17,D8,17.0,,216.0,outdoor_caged,R.skin.face,11.077715873718262,10.02488231338265,5.922284126281738
13810.SKF.SHED.D8.2020.T18,D8,18.0,,230.3333333,outdoor_caged,R.skin.face,11.140144348144531,10.02488231338265,6.859855651855469
13810.SKF.SHED.D8.2020.T19,D8,19.0,,241.6666667,outdoor_caged,R.skin.face,10.449734687805176,10.02488231338265,8.550265312194824
13810.SKF.SHED.D8.2020.T2,D8,2.0,,35.33333333,outdoor_caged,R.skin.face,7.676519393920898,10.02488231338265,5.676519393920898
13810.SKF.SHED.D8.2020.T20,D8,20.0,,247.8888889,outdoor_caged,R.skin.face,10.59103012084961,10.02488231338265,9.40896987915039
13810.SKF.SHED.D8.2020.T3,D8,3.0,,55.61111111,outdoor_caged,R.skin.face,6.362265586853027,10.02488231338265,3.3622655868530273
13810.SKF.SHED.D8.2020.T4,D8,4.0,,70.61111111,outdoor_caged,R.skin.face,7.025177001953125,10.02488231338265,3.025177001953125
13810.SKF.SHED.D8.2020.T5,D8,5.0,,81.55555556,outdoor_caged,R.skin.face,5.716886520385742,10.02488231338265,0.7168865203857422
13810.SKF.SHED.D8.2020.T6,D8,6.0,,88.27777778,outdoor_caged,R.skin.face,6.003138065338135,10.02488231338265,0.0031380653381347656
13810.SKF.SHED.D8.2020.T7,D8,7.0,,96.66666667,outdoor_caged,R.skin.face,4.10918664932251,10.02488231338265,2.8908133506774902
13810.SKF.SHED.D8.2020.T8,D8,8.0,,109.8888889,outdoor_caged,R.skin.face,6.749507904052734,10.02488231338265,1.2504920959472656
13810.SKF.SHED.D8.2020.T9,D8,9.0,,117.8333333,outdoor_caged,R.skin.face,4.831546306610107,10.02488231338265,4.168453693389893
13810.SKF.SHED.D9.2020.T0,D9,0.0,0.0,0.0,indoor,R.skin.face,0.43932175636291504,10.02488231338265,0.43932175636291504
13810.SKF.SHED.D9.2020.T1,D9,1.0,10.78,7.944444444,indoor,R.skin.face,0.24159733951091766,10.02488231338265,0.7584026604890823
13810.SKF.SHED.D9.2020.T10,D9,10.0,126.11,120.4444444,indoor,R.skin.face,0.6644810438156128,10.02488231338265,9.335518956184387
13810.SKF.SHED.D9.2020.T12,D9,12.0,143.94,138.0,indoor,R.skin.face,3.1966676712036133,10.02488231338265,8.803332328796387
13810.SKF.SHED.D9.2020.T13,D9,13.0,151.42,145.7777778,indoor,R.skin.face,2.7592356204986572,10.02488231338265,10.240764379501343
13810.SKF.SHED.D9.2020.T14,D9,14.0,157.45,151.3333333,indoor,R.skin.face,1.1800549030303955,10.02488231338265,12.819945096969604
13810.SKF.SHED.D9.2020.T15,D9,15.0,164.22,157.5,indoor,R.skin.face,2.727184295654297,10.02488231338265,12.272815704345703
13810.SKF.SHED.D9.2020.T17,D9,17.0,189.78,185.0555556,indoor,R.skin.face,4.985115051269531,10.02488231338265,12.014884948730469
13810.SKF.SHED.D9.2020.T18,D9,18.0,203.04,195.0,indoor,R.skin.face,9.051027297973633,10.02488231338265,8.948972702026367
13810.SKF.SHED.D9.2020.T19,D9,19.0,215.44,207.8333333,indoor,R.skin.face,3.7633414268493652,10.02488231338265,15.236658573150635
13810.SKF.SHED.D9.2020.T2,D9,2.0,20.37,16.77777778,indoor,R.skin.face,5.710661888122559,10.02488231338265,3.7106618881225586
13810.SKF.SHED.D9.2020.T20,D9,20.0,230.22,222.0555556,indoor,R.skin.face,6.8487868309021,10.02488231338265,13.1512131690979
13810.SKF.SHED.D9.2020.T3,D9,3.0,29.71,25.27777778,indoor,R.skin.face,0.8271498680114746,10.02488231338265,2.1728501319885254
13810.SKF.SHED.D9.2020.T4,D9,4.0,42.28,33.77777778,indoor,R.skin.face,1.0339255332946777,10.02488231338265,2.9660744667053223
13810.SKF.SHED.D9.2020.T5,D9,5.0,52.33,45.11111111,indoor,R.skin.face,0.3990158140659332,10.02488231338265,4.600984185934067
13810.SKF.SHED.D9.2020.T6,D9,6.0,64.11,57.5,indoor,R.skin.face,1.0328004360198975,10.02488231338265,4.9671995639801025
13810.SKF.SHED.D9.2020.T7,D9,7.0,77.45,71.72222222,indoor,R.skin.face,0.527991771697998,10.02488231338265,6.472008228302002
13810.SKF.SHED.D9.2020.T8,D9,8.0,93.56,88.0,indoor,R.skin.face,3.5388221740722656,10.02488231338265,4.461177825927734
13810.SKF.SHED.D9.2020.T9,D9,9.0,110.3,106.1111111,indoor,R.skin.face,1.1516244411468506,10.02488231338265,7.848375558853149
13810.SKH.SHED.D10.2020.T0,D10,0.0,,0.0,outdoor_uncaged,R.skin.hip,2.02227520942688,10.101938262742284,2.02227520942688
13810.SKH.SHED.D10.2020.T1,D10,1.0,,16.61111111,outdoor_uncaged,R.skin.hip,2.0125479698181152,10.101938262742284,1.0125479698181152
13810.SKH.SHED.D10.2020.T10,D10,10.0,,126.6666667,outdoor_uncaged,R.skin.hip,11.417308807373047,10.101938262742284,1.4173088073730469
13810.SKH.SHED.D10.2020.T11,D10,11.0,,135.1666667,outdoor_uncaged,R.skin.hip,11.447352409362793,10.101938262742284,0.44735240936279297
13810.SKH.SHED.D10.2020.T12,D10,12.0,,143.6666667,outdoor_uncaged,R.skin.hip,12.288294792175293,10.101938262742284,0.28829479217529297
13810.SKH.SHED.D10.2020.T13,D10,13.0,,155.0,outdoor_uncaged,R.skin.hip,10.795154571533203,10.101938262742284,2.204845428466797
13810.SKH.SHED.D10.2020.T14,D10,14.0,,167.3888889,outdoor_uncaged,R.skin.hip,11.296935081481934,10.101938262742284,2.7030649185180664
13810.SKH.SHED.D10.2020.T15,D10,15.0,,181.6111111,outdoor_uncaged,R.skin.hip,11.532958030700684,10.101938262742284,3.4670419692993164
13810.SKH.SHED.D10.2020.T16,D10,16.0,,197.8888889,outdoor_uncaged,R.skin.hip,7.4254961013793945,10.101938262742284,8.574503898620605
13810.SKH.SHED.D10.2020.T18,D10,18.0,,230.3333333,outdoor_uncaged,R.skin.hip,13.99248218536377,10.101938262742284,4.0075178146362305
13810.SKH.SHED.D10.2020.T19,D10,19.0,,241.6666667,outdoor_uncaged,R.skin.hip,9.342977523803711,10.101938262742284,9.657022476196289
13810.SKH.SHED.D10.2020.T2,D10,2.0,,35.33333333,outdoor_uncaged,R.skin.hip,2.038393974304199,10.101938262742284,0.03839397430419922
13810.SKH.SHED.D10.2020.T20,D10,20.0,,247.8888889,outdoor_uncaged,R.skin.hip,13.239243507385254,10.101938262742284,6.760756492614746
13810.SKH.SHED.D10.2020.T3,D10,3.0,,55.61111111,outdoor_uncaged,R.skin.hip,5.290262699127197,10.101938262742284,2.2902626991271973
13810.SKH.SHED.D10.2020.T4,D10,4.0,,70.61111111,outdoor_uncaged,R.skin.hip,3.132256031036377,10.101938262742284,0.867743968963623
13810.SKH.SHED.D10.2020.T5,D10,5.0,,81.55555556,outdoor_uncaged,R.skin.hip,6.8410491943359375,10.101938262742284,1.8410491943359375
13810.SKH.SHED.D10.2020.T6,D10,6.0,,88.27777778,outdoor_uncaged,R.skin.hip,10.185341835021973,10.101938262742284,4.185341835021973
13810.SKH.SHED.D10.2020.T7,D10,7.0,,96.66666667,outdoor_uncaged,R.skin.hip,5.386562824249268,10.101938262742284,1.6134371757507324
13810.SKH.SHED.D10.2020.T8,D10,8.0,,109.8888889,outdoor_uncaged,R.skin.hip,6.057094097137451,10.101938262742284,1.9429059028625488
13810.SKH.SHED.D11.2020.T0,D11,0.0,,0.0,outdoor_caged,R.skin.hip,1.6030223369598389,10.1115760111576,1.6030223369598389
13810.SKH.SHED.D11.2020.T1,D11,1.0,,7.944444444,outdoor_caged,R.skin.hip,4.892272472381592,10.1115760111576,3.892272472381592
13810.SKH.SHED.D11.2020.T10,D11,10.0,,120.4444444,outdoor_caged,R.skin.hip,5.220850944519043,10.1115760111576,4.779149055480957
13810.SKH.SHED.D11.2020.T11,D11,11.0,,131.7777778,outdoor_caged,R.skin.hip,4.245903968811035,10.1115760111576,6.754096031188965
13810.SKH.SHED.D11.2020.T12,D11,12.0,,138.0,outdoor_caged,R.skin.hip,9.38847827911377,10.1115760111576,2.6115217208862305
13810.SKH.SHED.D11.2020.T13,D11,13.0,,145.7777778,outdoor_caged,R.skin.hip,6.3321709632873535,10.1115760111576,6.6678290367126465
13810.SKH.SHED.D11.2020.T14,D11,14.0,,151.3333333,outdoor_caged,R.skin.hip,9.522184371948242,10.1115760111576,4.477815628051758
13810.SKH.SHED.D11.2020.T15,D11,15.0,,157.5,outdoor_caged,R.skin.hip,11.265531539916992,10.1115760111576,3.734468460083008
13810.SKH.SHED.D11.2020.T16,D11,16.0,,170.1111111,outdoor_caged,R.skin.hip,13.042878150939941,10.1115760111576,2.9571218490600586
13810.SKH.SHED.D11.2020.T17,D11,17.0,,185.0555556,outdoor_caged,R.skin.hip,11.61782169342041,10.1115760111576,5.38217830657959
13810.SKH.SHED.D11.2020.T18,D11,18.0,,195.0,outdoor_caged,R.skin.hip,8.933752059936523,10.1115760111576,9.066247940063477
13810.SKH.SHED.D11.2020.T19,D11,19.0,,207.8333333,outdoor_caged,R.skin.hip,9.043771743774414,10.1115760111576,9.956228256225586
13810.SKH.SHED.D11.2020.T2,D11,2.0,,16.77777778,outdoor_caged,R.skin.hip,1.9165396690368652,10.1115760111576,0.08346033096313477
13810.SKH.SHED.D11.2020.T20,D11,20.0,,222.0555556,outdoor_caged,R.skin.hip,11.184433937072754,10.1115760111576,8.815566062927246
13810.SKH.SHED.D11.2020.T3,D11,3.0,,25.27777778,outdoor_caged,R.skin.hip,4.6055450439453125,10.1115760111576,1.6055450439453125
13810.SKH.SHED.D11.2020.T4,D11,4.0,,33.77777778,outdoor_caged,R.skin.hip,4.41061544418335,10.1115760111576,0.4106154441833496
13810.SKH.SHED.D11.2020.T5,D11,5.0,,45.11111111,outdoor_caged,R.skin.hip,7.1076555252075195,10.1115760111576,2.1076555252075195
13810.SKH.SHED.D11.2020.T6,D11,6.0,,57.5,outdoor_caged,R.skin.hip,5.025295257568359,10.1115760111576,0.9747047424316406
13810.SKH.SHED.D11.2020.T7,D11,7.0,,71.72222222,outdoor_caged,R.skin.hip,5.4315185546875,10.1115760111576,1.5684814453125
13810.SKH.SHED.D11.2020.T8,D11,8.0,,88.0,outdoor_caged,R.skin.hip,4.365606784820557,10.1115760111576,3.6343932151794434
13810.SKH.SHED.D11.2020.T9,D11,9.0,,106.1111111,outdoor_caged,R.skin.hip,7.947546005249023,10.1115760111576,1.0524539947509766
13810.SKH.SHED.D12.2020.T0,D12,0.0,,0.0,outdoor_uncaged,R.skin.hip,3.524468421936035,10.087076710435383,3.524468421936035
13810.SKH.SHED.D12.2020.T1,D12,1.0,,7.944444444,outdoor_uncaged,R.skin.hip,3.009092330932617,10.087076710435383,2.009092330932617
13810.SKH.SHED.D12.2020.T10,D12,10.0,,120.4444444,outdoor_uncaged,R.skin.hip,11.542083740234375,10.087076710435383,1.542083740234375
13810.SKH.SHED.D12.2020.T11,D12,11.0,,131.7777778,outdoor_uncaged,R.skin.hip,12.997557640075684,10.087076710435383,1.9975576400756836
13810.SKH.SHED.D12.2020.T12,D12,12.0,,138.0,outdoor_uncaged,R.skin.hip,10.25386905670166,10.087076710435383,1.7461309432983398
13810.SKH.SHED.D12.2020.T13,D12,13.0,,145.7777778,outdoor_uncaged,R.skin.hip,12.928460121154785,10.087076710435383,0.07153987884521484
13810.SKH.SHED.D12.2020.T14,D12,14.0,,151.3333333,outdoor_uncaged,R.skin.hip,13.865035057067871,10.087076710435383,0.1349649429321289
13810.SKH.SHED.D12.2020.T15,D12,15.0,,157.5,outdoor_uncaged,R.skin.hip,13.19101333618164,10.087076710435383,1.8089866638183594
13810.SKH.SHED.D12.2020.T16,D12,16.0,,170.1111111,outdoor_uncaged,R.skin.hip,12.612981796264648,10.087076710435383,3.3870182037353516
13810.SKH.SHED.D12.2020.T17,D12,17.0,,185.0555556,outdoor_uncaged,R.skin.hip,9.174407005310059,10.087076710435383,7.825592994689941
13810.SKH.SHED.D12.2020.T18,D12,18.0,,195.0,outdoor_uncaged,R.skin.hip,12.586734771728516,10.087076710435383,5.413265228271484
13810.SKH.SHED.D12.2020.T19,D12,19.0,,207.8333333,outdoor_uncaged,R.skin.hip,8.866326332092285,10.087076710435383,10.133673667907715
13810.SKH.SHED.D12.2020.T2,D12,2.0,,16.77777778,outdoor_uncaged,R.skin.hip,3.4486217498779297,10.087076710435383,1.4486217498779297
13810.SKH.SHED.D12.2020.T20,D12,20.0,,222.0555556,outdoor_uncaged,R.skin.hip,9.184370040893555,10.087076710435383,10.815629959106445
13810.SKH.SHED.D12.2020.T3,D12,3.0,,25.27777778,outdoor_uncaged,R.skin.hip,3.7010092735290527,10.087076710435383,0.7010092735290527
13810.SKH.SHED.D12.2020.T5,D12,5.0,,45.11111111,outdoor_uncaged,R.skin.hip,12.708711624145508,10.087076710435383,7.708711624145508
13810.SKH.SHED.D12.2020.T6,D12,6.0,,57.5,outdoor_uncaged,R.skin.hip,2.0301005840301514,10.087076710435383,3.9698994159698486
13810.SKH.SHED.D12.2020.T7,D12,7.0,,71.72222222,outdoor_uncaged,R.skin.hip,10.243334770202637,10.087076710435383,3.2433347702026367
13810.SKH.SHED.D12.2020.T9,D12,9.0,,106.1111111,outdoor_uncaged,R.skin.hip,7.100181579589844,10.087076710435383,1.8998184204101562
13810.SKH.SHED.D13.2021.T0,D13,0.0,,0.0,outdoor_caged,R.skin.hip,2.63738751411438,10.087076710435383,2.63738751411438
13810.SKH.SHED.D13.2021.T1,D13,1.0,,18.05555556,outdoor_caged,R.skin.hip,2.701289415359497,10.087076710435383,1.701289415359497
13810.SKH.SHED.D13.2021.T10,D13,10.0,,190.6666667,outdoor_caged,R.skin.hip,11.517802238464355,10.087076710435383,1.5178022384643555
13810.SKH.SHED.D13.2021.T11,D13,11.0,,205.1111111,outdoor_caged,R.skin.hip,12.324832916259766,10.087076710435383,1.3248329162597656
13810.SKH.SHED.D13.2021.T12,D13,12.0,,219.1666667,outdoor_caged,R.skin.hip,11.817424774169922,10.087076710435383,0.18257522583007812
13810.SKH.SHED.D13.2021.T13,D13,13.0,,233.1666667,outdoor_caged,R.skin.hip,11.46153450012207,10.087076710435383,1.5384654998779297
13810.SKH.SHED.D13.2021.T14,D13,14.0,,249.0,outdoor_caged,R.skin.hip,13.562838554382324,10.087076710435383,0.4371614456176758
13810.SKH.SHED.D13.2021.T15,D13,15.0,,266.9444444,outdoor_caged,R.skin.hip,12.233768463134766,10.087076710435383,2.7662315368652344
13810.SKH.SHED.D13.2021.T16,D13,16.0,,288.9444444,outdoor_caged,R.skin.hip,12.647379875183105,10.087076710435383,3.3526201248168945
13810.SKH.SHED.D13.2021.T17,D13,17.0,,311.3333333,outdoor_caged,R.skin.hip,11.495197296142578,10.087076710435383,5.504802703857422
13810.SKH.SHED.D13.2021.T18,D13,18.0,,332.2777778,outdoor_caged,R.skin.hip,14.8219633102417,10.087076710435383,3.178036689758301
13810.SKH.SHED.D13.2021.T19,D13,19.0,,356.6666667,outdoor_caged,R.skin.hip,15.036823272705078,10.087076710435383,3.963176727294922
13810.SKH.SHED.D13.2021.T2,D13,2.0,,36.22222222,outdoor_caged,R.skin.hip,4.506134033203125,10.087076710435383,2.506134033203125
13810.SKH.SHED.D13.2021.T20,D13,20.0,,377.6666667,outdoor_caged,R.skin.hip,12.606232643127441,10.087076710435383,7.393767356872559
13810.SKH.SHED.D13.2021.T3,D13,3.0,,53.66666667,outdoor_caged,R.skin.hip,2.2994165420532227,10.087076710435383,0.7005834579467773
13810.SKH.SHED.D13.2021.T6,D13,6.0,,114.3333333,outdoor_caged,R.skin.hip,8.75263786315918,10.087076710435383,2.7526378631591797
13810.SKH.SHED.D13.2021.T7,D13,7.0,,133.0,outdoor_caged,R.skin.hip,9.37165641784668,10.087076710435383,2.3716564178466797
13810.SKH.SHED.D13.2021.T8,D13,8.0,,149.3333333,outdoor_caged,R.skin.hip,9.952320098876953,10.087076710435383,1.9523200988769531
13810.SKH.SHED.D13.2021.T9,D13,9.0,,171.0555556,outdoor_caged,R.skin.hip,10.592583656311035,10.087076710435383,1.5925836563110352
13810.SKH.SHED.D14.2021.T0,D14,0.0,0.0,0.0,indoor,R.skin.hip,5.405942916870117,10.1115760111576,5.405942916870117
13810.SKH.SHED.D14.2021.T1,D14,1.0,22.53,18.05555556,indoor,R.skin.hip,2.9959709644317627,10.1115760111576,1.9959709644317627
13810.SKH.SHED.D14.2021.T10,D14,10.0,207.86,190.6666667,indoor,R.skin.hip,13.07805347442627,10.1115760111576,3.0780534744262695
13810.SKH.SHED.D14.2021.T11,D14,11.0,223.78,205.1111111,indoor,R.skin.hip,11.870941162109375,10.1115760111576,0.870941162109375
13810.SKH.SHED.D14.2021.T12,D14,12.0,238.56,219.1666667,indoor,R.skin.hip,10.887871742248535,10.1115760111576,1.1121282577514648
13810.SKH.SHED.D14.2021.T13,D14,13.0,257.72,233.1666667,indoor,R.skin.hip,12.078380584716797,10.1115760111576,0.9216194152832031
13810.SKH.SHED.D14.2021.T14,D14,14.0,279.19,249.0,indoor,R.skin.hip,12.899423599243164,10.1115760111576,1.100576400756836
13810.SKH.SHED.D14.2021.T15,D14,15.0,302.28,266.9444444,indoor,R.skin.hip,13.682134628295898,10.1115760111576,1.3178653717041016
13810.SKH.SHED.D14.2021.T16,D14,16.0,324.72,288.9444444,indoor,R.skin.hip,15.081336975097656,10.1115760111576,0.9186630249023438
13810.SKH.SHED.D14.2021.T17,D14,17.0,348.19,311.3333333,indoor,R.skin.hip,15.02037239074707,10.1115760111576,1.9796276092529297
13810.SKH.SHED.D14.2021.T18,D14,18.0,373.28,332.2777778,indoor,R.skin.hip,15.385065078735352,10.1115760111576,2.6149349212646484
13810.SKH.SHED.D14.2021.T19,D14,19.0,398.27,356.6666667,indoor,R.skin.hip,14.81130599975586,10.1115760111576,4.188694000244141
13810.SKH.SHED.D14.2021.T2,D14,2.0,40.0,36.22222222,indoor,R.skin.hip,0.8418717384338379,10.1115760111576,1.158128261566162
13810.SKH.SHED.D14.2021.T20,D14,20.0,420.22,377.6666667,indoor,R.skin.hip,15.752328872680664,10.1115760111576,4.247671127319336
13810.SKH.SHED.D14.2021.T3,D14,3.0,62.94,53.66666667,indoor,R.skin.hip,2.5930442810058594,10.1115760111576,0.4069557189941406
13810.SKH.SHED.D14.2021.T4,D14,4.0,84.6,71.77777778,indoor,R.skin.hip,2.2354884147644043,10.1115760111576,1.7645115852355957
13810.SKH.SHED.D14.2021.T5,D14,5.0,108.56,91.22222222,indoor,R.skin.hip,3.880018711090088,10.1115760111576,1.119981288909912
13810.SKH.SHED.D14.2021.T6,D14,6.0,127.1,114.3333333,indoor,R.skin.hip,6.2249040603637695,10.1115760111576,0.22490406036376953
13810.SKH.SHED.D14.2021.T7,D14,7.0,146.24,133.0,indoor,R.skin.hip,5.205948352813721,10.1115760111576,1.7940516471862793
13810.SKH.SHED.D14.2021.T8,D14,8.0,169.68,149.3333333,indoor,R.skin.hip,9.87781047821045,10.1115760111576,1.8778104782104492
13810.SKH.SHED.D14.2021.T9,D14,9.0,191.19,171.0555556,indoor,R.skin.hip,10.402435302734375,10.1115760111576,1.402435302734375
13810.SKH.SHED.D15.2021.T0,D15,0.0,,0.0,outdoor_caged,R.skin.hip,2.7208080291748047,10.087076710435383,2.7208080291748047
13810.SKH.SHED.D15.2021.T1,D15,1.0,,16.33333333,outdoor_caged,R.skin.hip,7.287599563598633,10.087076710435383,6.287599563598633
13810.SKH.SHED.D15.2021.T10,D15,10.0,,178.3333333,outdoor_caged,R.skin.hip,11.198837280273438,10.087076710435383,1.1988372802734375
13810.SKH.SHED.D15.2021.T11,D15,11.0,,199.2777778,outdoor_caged,R.skin.hip,12.970272064208984,10.087076710435383,1.9702720642089844
13810.SKH.SHED.D15.2021.T12,D15,12.0,,223.6666667,outdoor_caged,R.skin.hip,13.178888320922852,10.087076710435383,1.1788883209228516
13810.SKH.SHED.D15.2021.T13,D15,13.0,,244.6666667,outdoor_caged,R.skin.hip,13.051029205322266,10.087076710435383,0.051029205322265625
13810.SKH.SHED.D15.2021.T14,D15,14.0,,265.6666667,outdoor_caged,R.skin.hip,14.9327974319458,10.087076710435383,0.9327974319458008
13810.SKH.SHED.D15.2021.T15,D15,15.0,,286.1111111,outdoor_caged,R.skin.hip,13.712550163269043,10.087076710435383,1.287449836730957
13810.SKH.SHED.D15.2021.T16,D15,16.0,,310.8333333,outdoor_caged,R.skin.hip,14.188363075256348,10.087076710435383,1.8116369247436523
13810.SKH.SHED.D15.2021.T17,D15,17.0,,333.2222222,outdoor_caged,R.skin.hip,14.778264999389648,10.087076710435383,2.2217350006103516
13810.SKH.SHED.D15.2021.T18,D15,18.0,,351.2777778,outdoor_caged,R.skin.hip,12.169351577758789,10.087076710435383,5.830648422241211
13810.SKH.SHED.D15.2021.T2,D15,2.0,,38.05555556,outdoor_caged,R.skin.hip,4.825816631317139,10.087076710435383,2.8258166313171387
13810.SKH.SHED.D15.2021.T20,D15,20.0,,383.3333333,outdoor_caged,R.skin.hip,13.451949119567871,10.087076710435383,6.548050880432129
13810.SKH.SHED.D15.2021.T3,D15,3.0,,57.66666667,outdoor_caged,R.skin.hip,6.938144683837891,10.087076710435383,3.9381446838378906
13810.SKH.SHED.D15.2021.T4,D15,4.0,,72.11111111,outdoor_caged,R.skin.hip,5.947688102722168,10.087076710435383,1.947688102722168
13810.SKH.SHED.D15.2021.T5,D15,5.0,,86.16666667,outdoor_caged,R.skin.hip,6.096655368804932,10.087076710435383,1.0966553688049316
13810.SKH.SHED.D15.2021.T6,D15,6.0,,100.1666667,outdoor_caged,R.skin.hip,10.769061088562012,10.087076710435383,4.769061088562012
13810.SKH.SHED.D15.2021.T7,D15,7.0,,116.0,outdoor_caged,R.skin.hip,9.407303810119629,10.087076710435383,2.407303810119629
13810.SKH.SHED.D15.2021.T8,D15,8.0,,133.9444444,outdoor_caged,R.skin.hip,8.532294273376465,10.087076710435383,0.5322942733764648
13810.SKH.SHED.D15.2021.T9,D15,9.0,,155.9444444,outdoor_caged,R.skin.hip,7.452662467956543,10.087076710435383,1.547337532043457
13810.SKH.SHED.D16.2021.T0,D16,0.0,0.0,0.0,indoor,R.skin.hip,4.017908096313477,10.118323191345503,4.017908096313477
13810.SKH.SHED.D16.2021.T1,D16,1.0,21.16,16.33333333,indoor,R.skin.hip,4.05118465423584,10.118323191345503,3.05118465423584
13810.SKH.SHED.D16.2021.T10,D16,10.0,182.96,178.3333333,indoor,R.skin.hip,9.89314079284668,10.118323191345503,0.10685920715332031
13810.SKH.SHED.D16.2021.T11,D16,11.0,206.04,199.2777778,indoor,R.skin.hip,10.323091506958008,10.118323191345503,0.6769084930419922
13810.SKH.SHED.D16.2021.T12,D16,12.0,227.39,223.6666667,indoor,R.skin.hip,9.114252090454102,10.118323191345503,2.8857479095458984
13810.SKH.SHED.D16.2021.T13,D16,13.0,245.88,244.6666667,indoor,R.skin.hip,8.324054718017578,10.118323191345503,4.675945281982422
13810.SKH.SHED.D16.2021.T14,D16,14.0,266.65,265.6666667,indoor,R.skin.hip,13.512850761413574,10.118323191345503,0.4871492385864258
13810.SKH.SHED.D16.2021.T15,D16,15.0,290.5,286.1111111,indoor,R.skin.hip,9.697566986083984,10.118323191345503,5.302433013916016
13810.SKH.SHED.D16.2021.T16,D16,16.0,312.23,310.8333333,indoor,R.skin.hip,12.348616600036621,10.118323191345503,3.651383399963379
13810.SKH.SHED.D16.2021.T17,D16,17.0,331.5,333.2222222,indoor,R.skin.hip,9.208412170410156,10.118323191345503,7.791587829589844
13810.SKH.SHED.D16.2021.T18,D16,18.0,350.22,351.2777778,indoor,R.skin.hip,15.265670776367188,10.118323191345503,2.7343292236328125
13810.SKH.SHED.D16.2021.T19,D16,19.0,366.96,369.1111111,indoor,R.skin.hip,11.394445419311523,10.118323191345503,7.605554580688477
13810.SKH.SHED.D16.2021.T20,D16,20.0,382.48,383.3333333,indoor,R.skin.hip,11.968046188354492,10.118323191345503,8.031953811645508
13810.SKH.SHED.D16.2021.T3,D16,3.0,55.48,57.66666667,indoor,R.skin.hip,4.112937927246094,10.118323191345503,1.1129379272460938
13810.SKH.SHED.D16.2021.T4,D16,4.0,69.47,72.11111111,indoor,R.skin.hip,3.200483798980713,10.118323191345503,0.7995162010192871
13810.SKH.SHED.D16.2021.T5,D16,5.0,83.79,86.16666667,indoor,R.skin.hip,2.8291428089141846,10.118323191345503,2.1708571910858154
13810.SKH.SHED.D16.2021.T6,D16,6.0,101.16,100.1666667,indoor,R.skin.hip,7.753289222717285,10.118323191345503,1.7532892227172852
13810.SKH.SHED.D16.2021.T7,D16,7.0,120.52,116.0,indoor,R.skin.hip,3.683472156524658,10.118323191345503,3.316527843475342
13810.SKH.SHED.D16.2021.T8,D16,8.0,141.59,133.9444444,indoor,R.skin.hip,5.270989418029785,10.118323191345503,2.729010581970215
13810.SKH.SHED.D16.2021.T9,D16,9.0,162.67,155.9444444,indoor,R.skin.hip,10.047727584838867,10.118323191345503,1.0477275848388672
13810.SKH.SHED.D17.2021.T0,D17,0.0,,0.0,outdoor_caged,R.skin.hip,0.0078093986958265305,10.118323191345503,0.0078093986958265305
13810.SKH.SHED.D17.2021.T1,D17,1.0,,17.94444444,outdoor_caged,R.skin.hip,2.82309627532959,10.118323191345503,1.8230962753295898
13810.SKH.SHED.D17.2021.T10,D17,10.0,,217.2222222,outdoor_caged,R.skin.hip,15.576377868652344,10.118323191345503,5.576377868652344
13810.SKH.SHED.D17.2021.T11,D17,11.0,,235.2777778,outdoor_caged,R.skin.hip,14.647551536560059,10.118323191345503,3.6475515365600586
13810.SKH.SHED.D17.2021.T12,D17,12.0,,253.1111111,outdoor_caged,R.skin.hip,14.7655029296875,10.118323191345503,2.7655029296875
13810.SKH.SHED.D17.2021.T13,D17,13.0,,267.3333333,outdoor_caged,R.skin.hip,14.044759750366211,10.118323191345503,1.044759750366211
13810.SKH.SHED.D17.2021.T14,D17,14.0,,281.5555556,outdoor_caged,R.skin.hip,11.640275001525879,10.118323191345503,2.359724998474121
13810.SKH.SHED.D17.2021.T15,D17,15.0,,298.1111111,outdoor_caged,R.skin.hip,12.815459251403809,10.118323191345503,2.1845407485961914
13810.SKH.SHED.D17.2021.T16,D17,16.0,,316.3888889,outdoor_caged,R.skin.hip,13.374154090881348,10.118323191345503,2.6258459091186523
13810.SKH.SHED.D17.2021.T17,D17,17.0,,329.0555556,outdoor_caged,R.skin.hip,10.478310585021973,10.118323191345503,6.521689414978027
13810.SKH.SHED.D17.2021.T18,D17,18.0,,345.8333333,outdoor_caged,R.skin.hip,14.387842178344727,10.118323191345503,3.6121578216552734
13810.SKH.SHED.D17.2021.T19,D17,19.0,,366.1111111,outdoor_caged,R.skin.hip,15.0196533203125,10.118323191345503,3.9803466796875
13810.SKH.SHED.D17.2021.T2,D17,2.0,,39.94444444,outdoor_caged,R.skin.hip,4.416224479675293,10.118323191345503,2.416224479675293
13810.SKH.SHED.D17.2021.T20,D17,20.0,,387.0555556,outdoor_caged,R.skin.hip,13.597576141357422,10.118323191345503,6.402423858642578
13810.SKH.SHED.D17.2021.T3,D17,3.0,,62.33333333,outdoor_caged,R.skin.hip,4.086832046508789,10.118323191345503,1.086832046508789
13810.SKH.SHED.D17.2021.T4,D17,4.0,,83.27777778,outdoor_caged,R.skin.hip,7.531494140625,10.118323191345503,3.531494140625
13810.SKH.SHED.D17.2021.T5,D17,5.0,,107.6666667,outdoor_caged,R.skin.hip,9.635964393615723,10.118323191345503,4.635964393615723
13810.SKH.SHED.D17.2021.T6,D17,6.0,,128.6666667,outdoor_caged,R.skin.hip,10.294392585754395,10.118323191345503,4.2943925857543945
13810.SKH.SHED.D17.2021.T7,D17,7.0,,149.6666667,outdoor_caged,R.skin.hip,10.98638916015625,10.118323191345503,3.98638916015625
13810.SKH.SHED.D17.2021.T8,D17,8.0,,170.1111111,outdoor_caged,R.skin.hip,10.3908109664917,10.118323191345503,2.390810966491699
13810.SKH.SHED.D17.2021.T9,D17,9.0,,194.8333333,outdoor_caged,R.skin.hip,12.654940605163574,10.118323191345503,3.654940605163574
13810.SKH.SHED.D18.2021.T0,D18,0.0,0.0,0.0,indoor,R.skin.hip,2.6290037631988525,10.101938262742284,2.6290037631988525
13810.SKH.SHED.D18.2021.T1,D18,1.0,23.03,17.94444444,indoor,R.skin.hip,1.7611217498779297,10.101938262742284,0.7611217498779297
13810.SKH.SHED.D18.2021.T10,D18,10.0,233.41,217.2222222,indoor,R.skin.hip,10.888245582580566,10.101938262742284,0.8882455825805664
13810.SKH.SHED.D18.2021.T11,D18,11.0,252.11,235.2777778,indoor,R.skin.hip,16.618032455444336,10.101938262742284,5.618032455444336
13810.SKH.SHED.D18.2021.T12,D18,12.0,269.36,253.1111111,indoor,R.skin.hip,15.980033874511719,10.101938262742284,3.9800338745117188
13810.SKH.SHED.D18.2021.T13,D18,13.0,286.12,267.3333333,indoor,R.skin.hip,16.69700050354004,10.101938262742284,3.697000503540039
13810.SKH.SHED.D18.2021.T14,D18,14.0,304.67,281.5555556,indoor,R.skin.hip,16.63532257080078,10.101938262742284,2.6353225708007812
13810.SKH.SHED.D18.2021.T15,D18,15.0,327.96,298.1111111,indoor,R.skin.hip,16.587614059448242,10.101938262742284,1.5876140594482422
13810.SKH.SHED.D18.2021.T16,D18,16.0,345.03,316.3888889,indoor,R.skin.hip,15.528373718261719,10.101938262742284,0.47162628173828125
13810.SKH.SHED.D18.2021.T17,D18,17.0,363.53,329.0555556,indoor,R.skin.hip,16.112716674804688,10.101938262742284,0.8872833251953125
13810.SKH.SHED.D18.2021.T18,D18,18.0,382.91,345.8333333,indoor,R.skin.hip,15.980939865112305,10.101938262742284,2.0190601348876953
13810.SKH.SHED.D18.2021.T19,D18,19.0,407.77,366.1111111,indoor,R.skin.hip,16.30428695678711,10.101938262742284,2.6957130432128906
13810.SKH.SHED.D18.2021.T2,D18,2.0,45.35,39.94444444,indoor,R.skin.hip,3.2108702659606934,10.101938262742284,1.2108702659606934
13810.SKH.SHED.D18.2021.T20,D18,20.0,432.13,387.0555556,indoor,R.skin.hip,15.463891983032227,10.101938262742284,4.536108016967773
13810.SKH.SHED.D18.2021.T4,D18,4.0,93.96,83.27777778,indoor,R.skin.hip,7.367506980895996,10.101938262742284,3.367506980895996
13810.SKH.SHED.D18.2021.T5,D18,5.0,118.82,107.6666667,indoor,R.skin.hip,6.9112982749938965,10.101938262742284,1.9112982749938965
13810.SKH.SHED.D18.2021.T6,D18,6.0,140.56,128.6666667,indoor,R.skin.hip,6.808485984802246,10.101938262742284,0.8084859848022461
13810.SKH.SHED.D18.2021.T7,D18,7.0,164.5,149.6666667,indoor,R.skin.hip,8.30286693572998,10.101938262742284,1.3028669357299805
13810.SKH.SHED.D18.2021.T8,D18,8.0,191.2,170.1111111,indoor,R.skin.hip,9.518953323364258,10.101938262742284,1.5189533233642578
13810.SKH.SHED.D18.2021.T9,D18,9.0,213.82,194.8333333,indoor,R.skin.hip,11.26366901397705,10.101938262742284,2.263669013977051
13810.SKH.SHED.D19.2021.T0.1,D19,0.0,,0.0,outdoor_caged,R.skin.hip,1.4296958446502686,10.101938262742284,1.4296958446502686
13810.SKH.SHED.D19.2021.T1.1,D19,1.0,,25.44444444,outdoor_caged,R.skin.hip,5.072116374969482,10.101938262742284,4.072116374969482
13810.SKH.SHED.D19.2021.T10.2,D19,10.0,,182.3888889,outdoor_caged,R.skin.hip,5.205930709838867,10.101938262742284,4.794069290161133
13810.SKH.SHED.D19.2021.T11.1,D19,11.0,,194.3333333,outdoor_caged,R.skin.hip,11.374225616455078,10.101938262742284,0.3742256164550781
13810.SKH.SHED.D19.2021.T13.1,D19,13.0,,222.5,outdoor_caged,R.skin.hip,11.042328834533691,10.101938262742284,1.9576711654663086
13810.SKH.SHED.D19.2021.T14.1,D19,14.0,,239.7777778,outdoor_caged,R.skin.hip,11.303903579711914,10.101938262742284,2.696096420288086
13810.SKH.SHED.D19.2021.T15.1,D19,15.0,,258.5,outdoor_caged,R.skin.hip,11.126307487487793,10.101938262742284,3.873692512512207
13810.SKH.SHED.D19.2021.T16.1,D19,16.0,,280.0555556,outdoor_caged,R.skin.hip,12.146388053894043,10.101938262742284,3.853611946105957
13810.SKH.SHED.D19.2021.T17.1,D19,17.0,,299.1111111,outdoor_caged,R.skin.hip,13.323738098144531,10.101938262742284,3.6762619018554688
13810.SKH.SHED.D19.2021.T18.1,D19,18.0,,314.7777778,outdoor_caged,R.skin.hip,14.805697441101074,10.101938262742284,3.194302558898926
13810.SKH.SHED.D19.2021.T19.1,D19,19.0,,327.5555556,outdoor_caged,R.skin.hip,14.363241195678711,10.101938262742284,4.636758804321289
13810.SKH.SHED.D19.2021.T2.1,D19,2.0,,46.22222222,outdoor_caged,R.skin.hip,2.50689435005188,10.101938262742284,0.5068943500518799
13810.SKH.SHED.D19.2021.T20.1,D19,20.0,,344.2222222,outdoor_caged,R.skin.hip,15.693073272705078,10.101938262742284,4.306926727294922
13810.SKH.SHED.D19.2021.T3.1,D19,3.0,,64.83333333,outdoor_caged,R.skin.hip,4.610494136810303,10.101938262742284,1.6104941368103027
13810.SKH.SHED.D19.2021.T4.1,D19,4.0,,82.27777778,outdoor_caged,R.skin.hip,10.047250747680664,10.101938262742284,6.047250747680664
13810.SKH.SHED.D19.2021.T5.1,D19,5.0,,98.55555556,outdoor_caged,R.skin.hip,9.211545944213867,10.101938262742284,4.211545944213867
13810.SKH.SHED.D19.2021.T6.1,D19,6.0,,117.5555556,outdoor_caged,R.skin.hip,12.265427589416504,10.101938262742284,6.265427589416504
13810.SKH.SHED.D19.2021.T7.1,D19,7.0,,137.0,outdoor_caged,R.skin.hip,11.428750038146973,10.101938262742284,4.428750038146973
13810.SKH.SHED.D19.2021.T8.1,D19,8.0,,156.2222222,outdoor_caged,R.skin.hip,9.757159233093262,10.101938262742284,1.7571592330932617
13810.SKH.SHED.D19.2021.T9.1,D19,9.0,,171.1111111,outdoor_caged,R.skin.hip,11.672640800476074,10.101938262742284,2.672640800476074
13810.SKH.SHED.D20.2021.T0.1,D20,0.0,,0.0,indoor,R.skin.hip,1.90120530128479,10.118323191345503,1.90120530128479
13810.SKH.SHED.D20.2021.T1.1,D20,1.0,,25.44444444,indoor,R.skin.hip,2.515995740890503,10.118323191345503,1.515995740890503
13810.SKH.SHED.D20.2021.T10.1,D20,10.0,,182.3888889,indoor,R.skin.hip,5.999844551086426,10.118323191345503,4.000155448913574
13810.SKH.SHED.D20.2021.T11.1,D20,11.0,,194.3333333,indoor,R.skin.hip,4.394664287567139,10.118323191345503,6.605335712432861
13810.SKH.SHED.D20.2021.T13.1,D20,13.0,,222.5,indoor,R.skin.hip,3.487368106842041,10.118323191345503,9.512631893157959
13810.SKH.SHED.D20.2021.T14.1,D20,14.0,,239.7777778,indoor,R.skin.hip,4.326803207397461,10.118323191345503,9.673196792602539
13810.SKH.SHED.D20.2021.T15.1,D20,15.0,,258.5,indoor,R.skin.hip,4.221944808959961,10.118323191345503,10.778055191040039
13810.SKH.SHED.D20.2021.T16.1,D20,16.0,,280.0555556,indoor,R.skin.hip,9.687518119812012,10.118323191345503,6.312481880187988
13810.SKH.SHED.D20.2021.T17.1,D20,17.0,,299.1111111,indoor,R.skin.hip,6.464208602905273,10.118323191345503,10.535791397094727
13810.SKH.SHED.D20.2021.T18.1,D20,18.0,,314.7777778,indoor,R.skin.hip,4.619454383850098,10.118323191345503,13.380545616149902
13810.SKH.SHED.D20.2021.T19.1,D20,19.0,,327.5555556,indoor,R.skin.hip,4.4059271812438965,10.118323191345503,14.594072818756104
13810.SKH.SHED.D20.2021.T2.1,D20,2.0,,46.22222222,indoor,R.skin.hip,4.8554792404174805,10.118323191345503,2.8554792404174805
13810.SKH.SHED.D20.2021.T20.1,D20,20.0,,344.2222222,indoor,R.skin.hip,4.353555679321289,10.118323191345503,15.646444320678711
13810.SKH.SHED.D20.2021.T3.1,D20,3.0,,64.83333333,indoor,R.skin.hip,2.4367258548736572,10.118323191345503,0.5632741451263428
13810.SKH.SHED.D20.2021.T4.1,D20,4.0,,82.27777778,indoor,R.skin.hip,4.683783531188965,10.118323191345503,0.6837835311889648
13810.SKH.SHED.D20.2021.T5.1,D20,5.0,,98.55555556,indoor,R.skin.hip,4.296473503112793,10.118323191345503,0.703526496887207
13810.SKH.SHED.D20.2021.T6.1,D20,6.0,,117.5555556,indoor,R.skin.hip,4.505616188049316,10.118323191345503,1.4943838119506836
13810.SKH.SHED.D20.2021.T8.1,D20,8.0,,156.2222222,indoor,R.skin.hip,6.614556312561035,10.118323191345503,1.3854436874389648
13810.SKH.SHED.D20.2021.T9.1,D20,9.0,,171.1111111,indoor,R.skin.hip,4.634044170379639,10.118323191345503,4.365955829620361
13810.SKH.SHED.D21.2021.T0.1,D21,0.0,,0.0,outdoor_caged,R.skin.hip,2.45469331741333,10.101938262742284,2.45469331741333
13810.SKH.SHED.D21.2021.T1.1,D21,1.0,,19.22222222,outdoor_caged,R.skin.hip,7.150701522827148,10.101938262742284,6.150701522827148
13810.SKH.SHED.D21.2021.T10.1,D21,10.0,,162.1111111,outdoor_caged,R.skin.hip,8.911859512329102,10.101938262742284,1.0881404876708984
13810.SKH.SHED.D21.2021.T11.1,D21,11.0,,177.7777778,outdoor_caged,R.skin.hip,10.764264106750488,10.101938262742284,0.23573589324951172
13810.SKH.SHED.D21.2021.T12.1,D21,12.0,,190.5555556,outdoor_caged,R.skin.hip,9.86304759979248,10.101938262742284,2.1369524002075195
13810.SKH.SHED.D21.2021.T13.1,D21,13.0,,207.2222222,outdoor_caged,R.skin.hip,9.798736572265625,10.101938262742284,3.201263427734375
13810.SKH.SHED.D21.2021.T14.1,D21,14.0,,226.1666667,outdoor_caged,R.skin.hip,9.52924633026123,10.101938262742284,4.4707536697387695
13810.SKH.SHED.D21.2021.T15.1,D21,15.0,,245.8333333,outdoor_caged,R.skin.hip,12.161212921142578,10.101938262742284,2.838787078857422
13810.SKH.SHED.D21.2021.T16.1,D21,16.0,,268.2777778,outdoor_caged,R.skin.hip,12.972757339477539,10.101938262742284,3.027242660522461
13810.SKH.SHED.D21.2021.T17.1,D21,17.0,,284.3888889,outdoor_caged,R.skin.hip,12.263428688049316,10.101938262742284,4.736571311950684
13810.SKH.SHED.D21.2021.T18.1,D21,18.0,,296.9444444,outdoor_caged,R.skin.hip,13.310975074768066,10.101938262742284,4.689024925231934
13810.SKH.SHED.D21.2021.T19.1,D21,19.0,,313.4444444,outdoor_caged,R.skin.hip,12.492847442626953,10.101938262742284,6.507152557373047
13810.SKH.SHED.D21.2021.T20.1,D21,20.0,,333.8888889,outdoor_caged,R.skin.hip,15.071218490600586,10.101938262742284,4.928781509399414
13810.SKH.SHED.D21.2021.T3.1,D21,3.0,,45.38888889,outdoor_caged,R.skin.hip,10.32121753692627,10.101938262742284,7.3212175369262695
13810.SKH.SHED.D21.2021.T5.1,D21,5.0,,70.66666667,outdoor_caged,R.skin.hip,8.999297142028809,10.101938262742284,3.9992971420288086
13810.SKH.SHED.D21.2021.T6.1,D21,6.0,,85.5,outdoor_caged,R.skin.hip,9.348413467407227,10.101938262742284,3.3484134674072266
13810.SKH.SHED.D21.2021.T7.1,D21,7.0,,102.7777778,outdoor_caged,R.skin.hip,8.131559371948242,10.101938262742284,1.1315593719482422
13810.SKH.SHED.D21.2021.T8.1,D21,8.0,,121.5,outdoor_caged,R.skin.hip,8.644533157348633,10.101938262742284,0.6445331573486328
13810.SKH.SHED.D21.2021.T9.1,D21,9.0,,143.0555556,outdoor_caged,R.skin.hip,9.182636260986328,10.101938262742284,0.18263626098632812
13810.SKH.SHED.D22.2021.T0.1,D22,0.0,,0.0,indoor,R.skin.hip,8.743682861328125,10.1115760111576,8.743682861328125
13810.SKH.SHED.D22.2021.T1.1,D22,1.0,,19.22222222,indoor,R.skin.hip,1.6163768768310547,10.1115760111576,0.6163768768310547
13810.SKH.SHED.D22.2021.T12.1,D22,12.0,,190.5555556,indoor,R.skin.hip,4.0746965408325195,10.1115760111576,7.9253034591674805
13810.SKH.SHED.D22.2021.T13.1,D22,13.0,,207.2222222,indoor,R.skin.hip,5.322367191314697,10.1115760111576,7.677632808685303
13810.SKH.SHED.D22.2021.T15.1,D22,15.0,,245.8333333,indoor,R.skin.hip,7.296483993530273,10.1115760111576,7.703516006469727
13810.SKH.SHED.D22.2021.T16.1,D22,16.0,,268.2777778,indoor,R.skin.hip,10.778855323791504,10.1115760111576,5.221144676208496
13810.SKH.SHED.D22.2021.T17.1,D22,17.0,,284.3888889,indoor,R.skin.hip,10.584397315979004,10.1115760111576,6.415602684020996
13810.SKH.SHED.D22.2021.T18.1,D22,18.0,,296.9444444,indoor,R.skin.hip,8.665976524353027,10.1115760111576,9.334023475646973
13810.SKH.SHED.D22.2021.T19.1,D22,19.0,,313.4444444,indoor,R.skin.hip,10.654101371765137,10.1115760111576,8.345898628234863
13810.SKH.SHED.D22.2021.T2.1,D22,2.0,,34.11111111,indoor,R.skin.hip,5.6265974044799805,10.1115760111576,3.6265974044799805
13810.SKH.SHED.D22.2021.T8.1,D22,8.0,,121.5,indoor,R.skin.hip,5.148603916168213,10.1115760111576,2.851396083831787
13810.SKH.SHED.D22.2021.T9.1,D22,9.0,,143.0555556,indoor,R.skin.hip,8.014130592346191,10.1115760111576,0.9858694076538086
13810.SKH.SHED.D23.2021.T0.1,D23,0.0,,0.0,outdoor_caged,R.skin.hip,1.3793842792510986,10.101938262742284,1.3793842792510986
13810.SKH.SHED.D23.2021.T1.1,D23,1.0,,18.72222222,outdoor_caged,R.skin.hip,2.485786199569702,10.101938262742284,1.4857861995697021
13810.SKH.SHED.D23.2021.T10.1,D23,10.0,,181.6111111,outdoor_caged,R.skin.hip,9.802361488342285,10.101938262742284,0.19763851165771484
13810.SKH.SHED.D23.2021.T11.1,D23,11.0,,194.1666667,outdoor_caged,R.skin.hip,10.87411880493164,10.101938262742284,0.12588119506835938
13810.SKH.SHED.D23.2021.T12.1,D23,12.0,,210.6666667,outdoor_caged,R.skin.hip,10.79615306854248,10.101938262742284,1.2038469314575195
13810.SKH.SHED.D23.2021.T13.1,D23,13.0,,231.1111111,outdoor_caged,R.skin.hip,11.47668170928955,10.101938262742284,1.5233182907104492
13810.SKH.SHED.D23.2021.T14.1,D23,14.0,,245.2222222,outdoor_caged,R.skin.hip,11.410871505737305,10.101938262742284,2.5891284942626953
13810.SKH.SHED.D23.2021.T15.1,D23,15.0,,258.3888889,outdoor_caged,R.skin.hip,10.551210403442383,10.101938262742284,4.448789596557617
13810.SKH.SHED.D23.2021.T16.1,D23,16.0,,278.4444444,outdoor_caged,R.skin.hip,12.16086483001709,10.101938262742284,3.83913516998291
13810.SKH.SHED.D23.2021.T17.1,D23,17.0,,295.0555556,outdoor_caged,R.skin.hip,11.332908630371094,10.101938262742284,5.667091369628906
13810.SKH.SHED.D23.2021.T18.1,D23,18.0,,304.5555556,outdoor_caged,R.skin.hip,11.30500602722168,10.101938262742284,6.69499397277832
13810.SKH.SHED.D23.2021.T19.1,D23,19.0,,314.1666667,outdoor_caged,R.skin.hip,13.513470649719238,10.101938262742284,5.486529350280762
13810.SKH.SHED.D23.2021.T2.1,D23,2.0,,40.27777778,outdoor_caged,R.skin.hip,6.34126091003418,10.101938262742284,4.34126091003418
13810.SKH.SHED.D23.2021.T20.1,D23,20.0,,327.2222222,outdoor_caged,R.skin.hip,12.491448402404785,10.101938262742284,7.508551597595215
13810.SKH.SHED.D23.2021.T3.1,D23,3.0,,59.33333333,outdoor_caged,R.skin.hip,3.454009532928467,10.101938262742284,0.4540095329284668
13810.SKH.SHED.D23.2021.T5.1,D23,5.0,,87.77777778,outdoor_caged,R.skin.hip,11.406853675842285,10.101938262742284,6.406853675842285
13810.SKH.SHED.D23.2021.T6.1,D23,6.0,,104.4444444,outdoor_caged,R.skin.hip,4.058451175689697,10.101938262742284,1.9415488243103027
13810.SKH.SHED.D23.2021.T7.1,D23,7.0,,123.3888889,outdoor_caged,R.skin.hip,7.5187177658081055,10.101938262742284,0.5187177658081055
13810.SKH.SHED.D23.2021.T8.1,D23,8.0,,143.0555556,outdoor_caged,R.skin.hip,5.704166412353516,10.101938262742284,2.2958335876464844
13810.SKH.SHED.D23.2021.T9.1,D23,9.0,,165.5,outdoor_caged,R.skin.hip,9.989957809448242,10.101938262742284,0.9899578094482422
13810.SKH.SHED.D24.2021.T0.1,D24,0.0,,0.0,indoor,R.skin.hip,0.6683453321456909,10.118323191345503,0.6683453321456909
13810.SKH.SHED.D24.2021.T1.1,D24,1.0,,18.72222222,indoor,R.skin.hip,1.3912391662597656,10.118323191345503,0.3912391662597656
13810.SKH.SHED.D24.2021.T10.1,D24,10.0,,181.6111111,indoor,R.skin.hip,3.9349584579467773,10.118323191345503,6.065041542053223
13810.SKH.SHED.D24.2021.T11.1,D24,11.0,,194.1666667,indoor,R.skin.hip,2.1641416549682617,10.118323191345503,8.835858345031738
13810.SKH.SHED.D24.2021.T12.1,D24,12.0,,210.6666667,indoor,R.skin.hip,2.6810734272003174,10.118323191345503,9.318926572799683
13810.SKH.SHED.D24.2021.T13.1,D24,13.0,,231.1111111,indoor,R.skin.hip,7.238419532775879,10.118323191345503,5.761580467224121
13810.SKH.SHED.D24.2021.T14.1,D24,14.0,,245.2222222,indoor,R.skin.hip,6.5797343254089355,10.118323191345503,7.4202656745910645
13810.SKH.SHED.D24.2021.T15.1,D24,15.0,,258.3888889,indoor,R.skin.hip,6.703263759613037,10.118323191345503,8.296736240386963
13810.SKH.SHED.D24.2021.T16.1,D24,16.0,,278.4444444,indoor,R.skin.hip,11.983901023864746,10.118323191345503,4.016098976135254
13810.SKH.SHED.D24.2021.T17.1,D24,17.0,,295.0555556,indoor,R.skin.hip,10.53625774383545,10.118323191345503,6.463742256164551
13810.SKH.SHED.D24.2021.T18.1,D24,18.0,,304.5555556,indoor,R.skin.hip,11.888389587402344,10.118323191345503,6.111610412597656
13810.SKH.SHED.D24.2021.T19.1,D24,19.0,,314.1666667,indoor,R.skin.hip,12.244399070739746,10.118323191345503,6.755600929260254
13810.SKH.SHED.D24.2021.T20.1,D24,20.0,,327.2222222,indoor,R.skin.hip,14.794757843017578,10.118323191345503,5.205242156982422
13810.SKH.SHED.D24.2021.T3.1,D24,3.0,,59.33333333,indoor,R.skin.hip,4.2368669509887695,10.118323191345503,1.2368669509887695
13810.SKH.SHED.D24.2021.T4.1,D24,4.0,,75.0,indoor,R.skin.hip,1.9271111488342285,10.118323191345503,2.0728888511657715
13810.SKH.SHED.D24.2021.T6.1,D24,6.0,,104.4444444,indoor,R.skin.hip,1.0467925071716309,10.118323191345503,4.953207492828369
13810.SKH.SHED.D24.2021.T7.1,D24,7.0,,123.3888889,indoor,R.skin.hip,16.22913360595703,10.118323191345503,9.229133605957031
13810.SKH.SHED.D24.2021.T9.1,D24,9.0,,165.5,indoor,R.skin.hip,0.8753588199615479,10.118323191345503,8.124641180038452
13810.SKH.SHED.D25.2021.T0.1,D25,0.0,,0.0,outdoor_caged,R.skin.hip,1.284130573272705,10.087076710435383,1.284130573272705
13810.SKH.SHED.D25.2021.T1.1,D25,1.0,,16.38888889,outdoor_caged,R.skin.hip,3.7578282356262207,10.087076710435383,2.7578282356262207
13810.SKH.SHED.D25.2021.T10.1,D25,10.0,,184.4444444,outdoor_caged,R.skin.hip,6.768622875213623,10.087076710435383,3.231377124786377
13810.SKH.SHED.D25.2021.T11.1,D25,11.0,,203.5555556,outdoor_caged,R.skin.hip,10.21522331237793,10.087076710435383,0.7847766876220703
13810.SKH.SHED.D25.2021.T12.1,D25,12.0,,224.3888889,outdoor_caged,R.skin.hip,10.35158634185791,10.087076710435383,1.6484136581420898
13810.SKH.SHED.D25.2021.T13.1,D25,13.0,,243.7222222,outdoor_caged,R.skin.hip,10.087837219238281,10.087076710435383,2.9121627807617188
13810.SKH.SHED.D25.2021.T14.1,D25,14.0,,265.7222222,outdoor_caged,R.skin.hip,11.354689598083496,10.087076710435383,2.645310401916504
13810.SKH.SHED.D25.2021.T15.1,D25,15.0,,290.5555556,outdoor_caged,R.skin.hip,6.434596538543701,10.087076710435383,8.565403461456299
13810.SKH.SHED.D25.2021.T16.1,D25,16.0,,312.3333333,outdoor_caged,R.skin.hip,10.966042518615723,10.087076710435383,5.033957481384277
13810.SKH.SHED.D25.2021.T17.1,D25,17.0,,329.0,outdoor_caged,R.skin.hip,7.515594482421875,10.087076710435383,9.484405517578125
13810.SKH.SHED.D25.2021.T18.1,D25,18.0,,345.2222222,outdoor_caged,R.skin.hip,7.029308319091797,10.087076710435383,10.970691680908203
13810.SKH.SHED.D25.2021.T19.1,D25,19.0,,364.2222222,outdoor_caged,R.skin.hip,16.26650047302246,10.087076710435383,2.733499526977539
13810.SKH.SHED.D25.2021.T2.1,D25,2.0,,29.72222222,outdoor_caged,R.skin.hip,1.3793542385101318,10.087076710435383,0.6206457614898682
13810.SKH.SHED.D25.2021.T20.1,D25,20.0,,386.3333333,outdoor_caged,R.skin.hip,16.185457229614258,10.087076710435383,3.814542770385742
13810.SKH.SHED.D25.2021.T3.1,D25,3.0,,43.72222222,outdoor_caged,R.skin.hip,1.936995029449463,10.087076710435383,1.063004970550537
13810.SKH.SHED.D25.2021.T4.1,D25,4.0,,62.11111111,outdoor_caged,R.skin.hip,4.304774284362793,10.087076710435383,0.30477428436279297
13810.SKH.SHED.D25.2021.T5.1,D25,5.0,,83.05555556,outdoor_caged,R.skin.hip,3.0735888481140137,10.087076710435383,1.9264111518859863
13810.SKH.SHED.D25.2021.T6.1,D25,6.0,,103.6666667,outdoor_caged,R.skin.hip,3.6000595092773438,10.087076710435383,2.3999404907226562
13810.SKH.SHED.D25.2021.T7.1,D25,7.0,,124.9444444,outdoor_caged,R.skin.hip,3.662503242492676,10.087076710435383,3.337496757507324
13810.SKH.SHED.D25.2021.T8.1,D25,8.0,,148.2777778,outdoor_caged,R.skin.hip,9.118581771850586,10.087076710435383,1.118581771850586
13810.SKH.SHED.D25.2021.T9.1,D25,9.0,,168.5555556,outdoor_caged,R.skin.hip,8.26294231414795,10.087076710435383,0.7370576858520508
13810.SKH.SHED.D26.2021.T0.2,D26,0.0,,0.0,indoor,R.skin.hip,4.345889568328857,10.1115760111576,4.345889568328857
13810.SKH.SHED.D26.2021.T1.1,D26,1.0,,16.38888889,indoor,R.skin.hip,4.438833236694336,10.1115760111576,3.438833236694336
13810.SKH.SHED.D26.2021.T10.1,D26,10.0,,184.4444444,indoor,R.skin.hip,7.015913963317871,10.1115760111576,2.984086036682129
13810.SKH.SHED.D26.2021.T11.1,D26,11.0,,203.5555556,indoor,R.skin.hip,7.620841026306152,10.1115760111576,3.3791589736938477
13810.SKH.SHED.D26.2021.T12.1,D26,12.0,,224.3888889,indoor,R.skin.hip,6.156924724578857,10.1115760111576,5.843075275421143
13810.SKH.SHED.D26.2021.T13.1,D26,13.0,,243.7222222,indoor,R.skin.hip,9.089146614074707,10.1115760111576,3.910853385925293
13810.SKH.SHED.D26.2021.T14.1,D26,14.0,,265.7222222,indoor,R.skin.hip,12.949935913085938,10.1115760111576,1.0500640869140625
13810.SKH.SHED.D26.2021.T15.1,D26,15.0,,290.5555556,indoor,R.skin.hip,13.75458812713623,10.1115760111576,1.2454118728637695
13810.SKH.SHED.D26.2021.T16.1,D26,16.0,,312.3333333,indoor,R.skin.hip,13.180105209350586,10.1115760111576,2.819894790649414
13810.SKH.SHED.D26.2021.T17.1,D26,17.0,,329.0,indoor,R.skin.hip,10.61999797821045,10.1115760111576,6.380002021789551
13810.SKH.SHED.D26.2021.T18.1,D26,18.0,,345.2222222,indoor,R.skin.hip,13.085947036743164,10.1115760111576,4.914052963256836
13810.SKH.SHED.D26.2021.T19.1,D26,19.0,,364.2222222,indoor,R.skin.hip,14.909709930419922,10.1115760111576,4.090290069580078
13810.SKH.SHED.D26.2021.T2.1,D26,2.0,,29.72222222,indoor,R.skin.hip,2.962071180343628,10.1115760111576,0.9620711803436279
13810.SKH.SHED.D26.2021.T20.1,D26,20.0,,386.3333333,indoor,R.skin.hip,15.321571350097656,10.1115760111576,4.678428649902344
13810.SKH.SHED.D26.2021.T3.1,D26,3.0,,43.72222222,indoor,R.skin.hip,2.5673210620880127,10.1115760111576,0.4326789379119873
13810.SKH.SHED.D26.2021.T4.1,D26,4.0,,62.11111111,indoor,R.skin.hip,4.311997413635254,10.1115760111576,0.3119974136352539
13810.SKH.SHED.D26.2021.T5.1,D26,5.0,,83.05555556,indoor,R.skin.hip,4.8790130615234375,10.1115760111576,0.1209869384765625
13810.SKH.SHED.D26.2021.T6.1,D26,6.0,,103.6666667,indoor,R.skin.hip,5.132650375366211,10.1115760111576,0.8673496246337891
13810.SKH.SHED.D26.2021.T7.1,D26,7.0,,124.9444444,indoor,R.skin.hip,5.123720169067383,10.1115760111576,1.8762798309326172
13810.SKH.SHED.D26.2021.T8.1,D26,8.0,,148.2777778,indoor,R.skin.hip,4.725072860717773,10.1115760111576,3.2749271392822266
13810.SKH.SHED.D26.2021.T9.1,D26,9.0,,168.5555556,indoor,R.skin.hip,5.469561576843262,10.1115760111576,3.5304384231567383
13810.SKH.SHED.D27.2021.T0.1,D27,0.0,,0.0,outdoor_caged,R.skin.hip,1.993847370147705,10.1115760111576,1.993847370147705
13810.SKH.SHED.D27.2021.T1.1,D27,1.0,,23.33333333,outdoor_caged,R.skin.hip,2.296658515930176,10.1115760111576,1.2966585159301758
13810.SKH.SHED.D27.2021.T10.1,D27,10.0,,204.0555556,outdoor_caged,,13.661031723022461,10.1115760111576,3.661031723022461
13810.SKH.SHED.D27.2021.T11.1,D27,11.0,,220.2777778,outdoor_caged,R.skin.hip,14.825437545776367,10.1115760111576,3.825437545776367
13810.SKH.SHED.D27.2021.T12.1,D27,12.0,,239.2777778,outdoor_caged,R.skin.hip,12.112850189208984,10.1115760111576,0.11285018920898438
13810.SKH.SHED.D27.2021.T13.1,D27,13.0,,261.3888889,outdoor_caged,R.skin.hip,13.694342613220215,10.1115760111576,0.6943426132202148
13810.SKH.SHED.D27.2021.T14.1,D27,14.0,,285.9444444,outdoor_caged,R.skin.hip,13.000121116638184,10.1115760111576,0.9998788833618164
13810.SKH.SHED.D27.2021.T15.1,D27,15.0,,311.3333333,outdoor_caged,R.skin.hip,16.965221405029297,10.1115760111576,1.9652214050292969
13810.SKH.SHED.D27.2021.T16.1,D27,16.0,,337.0,outdoor_caged,R.skin.hip,16.114267349243164,10.1115760111576,0.11426734924316406
13810.SKH.SHED.D27.2021.T17.1,D27,17.0,,357.5555556,outdoor_caged,R.skin.hip,13.711073875427246,10.1115760111576,3.288926124572754
13810.SKH.SHED.D27.2021.T18.1,D27,18.0,,379.3333333,outdoor_caged,R.skin.hip,15.807489395141602,10.1115760111576,2.1925106048583984
13810.SKH.SHED.D27.2021.T19.1,D27,19.0,,404.3333333,outdoor_caged,R.skin.hip,12.972527503967285,10.1115760111576,6.027472496032715
13810.SKH.SHED.D27.2021.T2.1,D27,2.0,,43.61111111,outdoor_caged,,4.48742151260376,10.1115760111576,2.4874215126037598
13810.SKH.SHED.D27.2021.T20.1,D27,20.0,,428.5555556,outdoor_caged,R.skin.hip,14.919279098510742,10.1115760111576,5.080720901489258
13810.SKH.SHED.D27.2021.T3.1,D27,3.0,,59.5,outdoor_caged,R.skin.hip,5.0993242263793945,10.1115760111576,2.0993242263793945
13810.SKH.SHED.D27.2021.T4.1,D27,4.0,,78.61111111,outdoor_caged,R.skin.hip,6.469241619110107,10.1115760111576,2.4692416191101074
13810.SKH.SHED.D27.2021.T5.1,D27,5.0,,99.44444444,outdoor_caged,R.skin.hip,5.501637935638428,10.1115760111576,0.5016379356384277
13810.SKH.SHED.D27.2021.T6.1,D27,6.0,,118.7777778,outdoor_caged,R.skin.hip,6.3830037117004395,10.1115760111576,0.38300371170043945
13810.SKH.SHED.D27.2021.T7.1,D27,7.0,,140.7777778,outdoor_caged,R.skin.hip,9.150589942932129,10.1115760111576,2.150589942932129
13810.SKH.SHED.D27.2021.T8.1,D27,8.0,,165.6111111,outdoor_caged,,12.332459449768066,10.1115760111576,4.332459449768066
13810.SKH.SHED.D27.2021.T9.1,D27,9.0,,187.3888889,outdoor_caged,R.skin.hip,13.957956314086914,10.1115760111576,4.957956314086914
13810.SKH.SHED.D28.2021.T0.1,D28,0.0,,0.0,indoor,R.skin.hip,3.5182876586914062,10.02488231338265,3.5182876586914062
13810.SKH.SHED.D28.2021.T1.1,D28,1.0,,23.33333333,indoor,,2.725388765335083,10.02488231338265,1.725388765335083
13810.SKH.SHED.D28.2021.T10.1,D28,10.0,,204.0555556,indoor,,6.948443412780762,10.02488231338265,3.0515565872192383
13810.SKH.SHED.D28.2021.T11.1,D28,11.0,,220.2777778,indoor,,8.43907356262207,10.02488231338265,2.5609264373779297
13810.SKH.SHED.D28.2021.T12.1,D28,12.0,,239.2777778,indoor,R.skin.hip,8.206382751464844,10.02488231338265,3.7936172485351562
13810.SKH.SHED.D28.2021.T13.1,D28,13.0,,261.3888889,indoor,R.skin.hip,9.015509605407715,10.02488231338265,3.984490394592285
13810.SKH.SHED.D28.2021.T14.1,D28,14.0,,285.9444444,indoor,R.skin.hip,12.511061668395996,10.02488231338265,1.488938331604004
13810.SKH.SHED.D28.2021.T15.1,D28,15.0,,311.3333333,indoor,R.skin.hip,10.357880592346191,10.02488231338265,4.642119407653809
13810.SKH.SHED.D28.2021.T16.1,D28,16.0,,337.0,indoor,R.skin.hip,11.385642051696777,10.02488231338265,4.614357948303223
13810.SKH.SHED.D28.2021.T17.1,D28,17.0,,357.5555556,indoor,R.skin.hip,13.816866874694824,10.02488231338265,3.183133125305176
13810.SKH.SHED.D28.2021.T18.1,D28,18.0,,379.3333333,indoor,R.skin.hip,13.07090950012207,10.02488231338265,4.92909049987793
13810.SKH.SHED.D28.2021.T19.1,D28,19.0,,404.3333333,indoor,R.skin.hip,11.957472801208496,10.02488231338265,7.042527198791504
13810.SKH.SHED.D28.2021.T2.1,D28,2.0,,43.61111111,indoor,R.skin.hip,0.831701397895813,10.02488231338265,1.168298602104187
13810.SKH.SHED.D28.2021.T20.1,D28,20.0,,428.5555556,indoor,R.skin.hip,14.065722465515137,10.02488231338265,5.934277534484863
13810.SKH.SHED.D28.2021.T3.1,D28,3.0,,59.5,indoor,R.skin.hip,3.8436036109924316,10.02488231338265,0.8436036109924316
13810.SKH.SHED.D28.2021.T6.1,D28,6.0,,118.7777778,indoor,R.skin.hip,4.005725860595703,10.02488231338265,1.9942741394042969
13810.SKH.SHED.D28.2021.T7.1,D28,7.0,,140.7777778,indoor,R.skin.hip,4.781519889831543,10.02488231338265,2.218480110168457
13810.SKH.SHED.D28.2021.T8.1,D28,8.0,,165.6111111,indoor,R.skin.hip,8.558693885803223,10.02488231338265,0.5586938858032227
13810.SKH.SHED.D28.2021.T9.1,D28,9.0,,187.3888889,indoor,R.skin.hip,10.78483772277832,10.02488231338265,1.7848377227783203
13810.SKH.SHED.D29.2021.T0.1,D29,0.0,,0.0,outdoor_caged,R.skin.hip,1.7007408142089844,10.118323191345503,1.7007408142089844
13810.SKH.SHED.D29.2021.T1.1,D29,1.0,,24.83333333,outdoor_caged,R.skin.hip,1.8932569026947021,10.118323191345503,0.8932569026947021
13810.SKH.SHED.D29.2021.T10.1,D29,10.0,,216.7777778,outdoor_caged,R.skin.hip,11.748543739318848,10.118323191345503,1.7485437393188477
13810.SKH.SHED.D29.2021.T11.1,D29,11.0,,238.5555556,outdoor_caged,R.skin.hip,11.413191795349121,10.118323191345503,0.4131917953491211
13810.SKH.SHED.D29.2021.T12.1,D29,12.0,,263.5555556,outdoor_caged,R.skin.hip,14.588945388793945,10.118323191345503,2.5889453887939453
13810.SKH.SHED.D29.2021.T13.1,D29,13.0,,287.7777778,outdoor_caged,R.skin.hip,14.340475082397461,10.118323191345503,1.340475082397461
13810.SKH.SHED.D29.2021.T14.1,D29,14.0,,307.5555556,outdoor_caged,R.skin.hip,13.491828918457031,10.118323191345503,0.5081710815429688
13810.SKH.SHED.D29.2021.T15.1,D29,15.0,,326.8888889,outdoor_caged,R.skin.hip,14.989246368408203,10.118323191345503,0.010753631591796875
13810.SKH.SHED.D29.2021.T16.1,D29,16.0,,351.5555556,outdoor_caged,R.skin.hip,12.656184196472168,10.118323191345503,3.343815803527832
13810.SKH.SHED.D29.2021.T17.1,D29,17.0,,376.5,outdoor_caged,R.skin.hip,13.97081470489502,10.118323191345503,3.0291852951049805
13810.SKH.SHED.D29.2021.T18.1,D29,18.0,,401.0555556,outdoor_caged,R.skin.hip,16.654476165771484,10.118323191345503,1.3455238342285156
13810.SKH.SHED.D29.2021.T19.1,D29,19.0,,424.9444444,outdoor_caged,R.skin.hip,16.533733367919922,10.118323191345503,2.466266632080078
13810.SKH.SHED.D29.2021.T2.1,D29,2.0,,46.61111111,outdoor_caged,R.skin.hip,4.971064567565918,10.118323191345503,2.971064567565918
13810.SKH.SHED.D29.2021.T20.1,D29,20.0,,450.0,outdoor_caged,R.skin.hip,16.059328079223633,10.118323191345503,3.940671920776367
13810.SKH.SHED.D29.2021.T3.1,D29,3.0,,63.27777778,outdoor_caged,R.skin.hip,7.161199569702148,10.118323191345503,4.161199569702148
13810.SKH.SHED.D29.2021.T4.1,D29,4.0,,79.5,outdoor_caged,R.skin.hip,4.712388515472412,10.118323191345503,0.7123885154724121
13810.SKH.SHED.D29.2021.T5.1,D29,5.0,,98.5,outdoor_caged,R.skin.hip,4.487466812133789,10.118323191345503,0.5125331878662109
13810.SKH.SHED.D29.2021.T6.1,D29,6.0,,120.6111111,outdoor_caged,,5.164886951446533,10.118323191345503,0.8351130485534668
13810.SKH.SHED.D29.2021.T7.1,D29,7.0,,145.1666667,outdoor_caged,R.skin.hip,7.435081481933594,10.118323191345503,0.43508148193359375
13810.SKH.SHED.D29.2021.T8.1,D29,8.0,,170.5555556,outdoor_caged,R.skin.hip,10.936744689941406,10.118323191345503,2.9367446899414062
13810.SKH.SHED.D29.2021.T9.1,D29,9.0,,196.2222222,outdoor_caged,R.skin.hip,11.21169376373291,10.118323191345503,2.21169376373291
13810.SKH.SHED.D30.2021.T10.1,D30,10.0,,216.7777778,indoor,R.skin.hip,10.015377044677734,10.02488231338265,0.015377044677734375
13810.SKH.SHED.D30.2021.T11.1,D30,11.0,,238.5555556,indoor,R.skin.hip,11.590997695922852,10.02488231338265,0.5909976959228516
13810.SKH.SHED.D30.2021.T12.1,D30,12.0,,263.5555556,indoor,R.skin.hip,13.13669204711914,10.02488231338265,1.1366920471191406
13810.SKH.SHED.D30.2021.T13.1,D30,13.0,,287.7777778,indoor,R.skin.hip,13.827607154846191,10.02488231338265,0.8276071548461914
13810.SKH.SHED.D30.2021.T14.1,D30,14.0,,307.5555556,indoor,R.skin.hip,12.033447265625,10.02488231338265,1.966552734375
13810.SKH.SHED.D30.2021.T15.1,D30,15.0,,326.8888889,indoor,R.skin.hip,12.56872272491455,10.02488231338265,2.431277275085449
13810.SKH.SHED.D30.2021.T16.1,D30,16.0,,351.5555556,indoor,R.skin.hip,14.752525329589844,10.02488231338265,1.2474746704101562
13810.SKH.SHED.D30.2021.T17.1,D30,17.0,,376.5,indoor,R.skin.hip,11.541090965270996,10.02488231338265,5.458909034729004
13810.SKH.SHED.D30.2021.T18.1,D30,18.0,,401.0555556,indoor,R.skin.hip,14.567822456359863,10.02488231338265,3.4321775436401367
13810.SKH.SHED.D30.2021.T19.1,D30,19.0,,424.9444444,indoor,R.skin.hip,11.225475311279297,10.02488231338265,7.774524688720703
13810.SKH.SHED.D30.2021.T20.1,D30,20.0,,450.0,indoor,R.skin.hip,11.605381965637207,10.02488231338265,8.394618034362793
13810.SKH.SHED.D30.2021.T3.1,D30,3.0,,63.27777778,indoor,R.skin.hip,1.8759911060333252,10.02488231338265,1.1240088939666748
13810.SKH.SHED.D30.2021.T6.1,D30,6.0,,120.6111111,indoor,R.skin.hip,3.6283011436462402,10.02488231338265,2.3716988563537598
13810.SKH.SHED.D30.2021.T7.1,D30,7.0,,145.1666667,indoor,R.skin.hip,4.474974155426025,10.02488231338265,2.5250258445739746
13810.SKH.SHED.D30.2021.T8.1,D30,8.0,,170.5555556,indoor,R.skin.hip,7.466370582580566,10.02488231338265,0.5336294174194336
13810.SKH.SHED.D30.2021.T9.1,D30,9.0,,196.2222222,indoor,R.skin.hip,10.099127769470215,10.02488231338265,1.0991277694702148
13810.SKH.SHED.D4.2020.T0,D4,0.0,,0.0,outdoor_caged,R.skin.hip,1.5641825199127197,10.101938262742284,1.5641825199127197
13810.SKH.SHED.D4.2020.T1,D4,1.0,,16.77777778,outdoor_caged,R.skin.hip,1.7965757846832275,10.101938262742284,0.7965757846832275
13810.SKH.SHED.D4.2020.T10,D4,10.0,,187.8333333,outdoor_caged,R.skin.hip,9.889326095581055,10.101938262742284,0.11067390441894531
13810.SKH.SHED.D4.2020.T11,D4,11.0,,202.8333333,outdoor_caged,R.skin.hip,10.82097339630127,10.101938262742284,0.17902660369873047
13810.SKH.SHED.D4.2020.T13,D4,13.0,,220.5,outdoor_caged,R.skin.hip,9.713678359985352,10.101938262742284,3.2863216400146484
13810.SKH.SHED.D4.2020.T15,D4,15.0,,242.1111111,outdoor_caged,R.skin.hip,12.231124877929688,10.101938262742284,2.7688751220703125
13810.SKH.SHED.D4.2020.T16,D4,16.0,,250.0555556,outdoor_caged,R.skin.hip,9.919960021972656,10.101938262742284,6.080039978027344
13810.SKH.SHED.D4.2020.T17,D4,17.0,,258.8888889,outdoor_caged,R.skin.hip,12.1572847366333,10.101938262742284,4.842715263366699
13810.SKH.SHED.D4.2020.T18,D4,18.0,,267.3888889,outdoor_caged,R.skin.hip,14.384056091308594,10.101938262742284,3.6159439086914062
13810.SKH.SHED.D4.2020.T19,D4,19.0,,275.8888889,outdoor_caged,R.skin.hip,13.631559371948242,10.101938262742284,5.368440628051758
13810.SKH.SHED.D4.2020.T20,D4,20.0,,287.2222222,outdoor_caged,R.skin.hip,14.420829772949219,10.101938262742284,5.579170227050781
13810.SKH.SHED.D4.2020.T4,D4,4.0,,76.94444444,outdoor_caged,R.skin.hip,9.177803993225098,10.101938262742284,5.177803993225098
13810.SKH.SHED.D4.2020.T5,D4,5.0,,96.66666667,outdoor_caged,R.skin.hip,6.107705593109131,10.101938262742284,1.1077055931091309
13810.SKH.SHED.D4.2020.T6,D4,6.0,,111.2222222,outdoor_caged,R.skin.hip,7.343276023864746,10.101938262742284,1.343276023864746
13810.SKH.SHED.D4.2020.T7,D4,7.0,,132.2222222,outdoor_caged,R.skin.hip,10.938941955566406,10.101938262742284,3.9389419555664062
13810.SKH.SHED.D4.2020.T8,D4,8.0,,148.8333333,outdoor_caged,R.skin.hip,10.116636276245117,10.101938262742284,2.116636276245117
13810.SKH.SHED.D4.2020.T9,D4,9.0,,167.5555556,outdoor_caged,R.skin.hip,10.85411262512207,10.101938262742284,1.8541126251220703
13810.SKH.SHED.D5.2020.T1,D5,1.0,,16.77777778,indoor,R.skin.hip,4.275336265563965,10.087076710435383,3.275336265563965
13810.SKH.SHED.D5.2020.T10,D5,10.0,,187.8333333,indoor,R.skin.hip,12.820496559143066,10.087076710435383,2.8204965591430664
13810.SKH.SHED.D5.2020.T11,D5,11.0,,202.8333333,indoor,R.skin.hip,14.521940231323242,10.087076710435383,3.521940231323242
13810.SKH.SHED.D5.2020.T12,D5,12.0,,213.7777778,indoor,R.skin.hip,11.923905372619629,10.087076710435383,0.0760946273803711
13810.SKH.SHED.D5.2020.T13,D5,13.0,,220.5,indoor,R.skin.hip,12.322132110595703,10.087076710435383,0.6778678894042969
13810.SKH.SHED.D5.2020.T14,D5,14.0,,228.8888889,indoor,R.skin.hip,10.407522201538086,10.087076710435383,3.592477798461914
13810.SKH.SHED.D5.2020.T15,D5,15.0,,242.1111111,indoor,R.skin.hip,12.002116203308105,10.087076710435383,2.9978837966918945
13810.SKH.SHED.D5.2020.T16,D5,16.0,,250.0555556,indoor,R.skin.hip,14.812983512878418,10.087076710435383,1.187016487121582
13810.SKH.SHED.D5.2020.T17,D5,17.0,,258.8888889,indoor,R.skin.hip,9.860983848571777,10.087076710435383,7.139016151428223
13810.SKH.SHED.D5.2020.T18,D5,18.0,,267.3888889,indoor,R.skin.hip,9.632574081420898,10.087076710435383,8.367425918579102
13810.SKH.SHED.D5.2020.T19,D5,19.0,,275.8888889,indoor,R.skin.hip,11.357381820678711,10.087076710435383,7.642618179321289
13810.SKH.SHED.D5.2020.T2,D5,2.0,,35.77777778,indoor,R.skin.hip,1.7703287601470947,10.087076710435383,0.22967123985290527
13810.SKH.SHED.D5.2020.T20,D5,20.0,,287.2222222,indoor,R.skin.hip,13.137011528015137,10.087076710435383,6.862988471984863
13810.SKH.SHED.D5.2020.T7,D5,7.0,,132.2222222,indoor,R.skin.hip,8.068397521972656,10.087076710435383,1.0683975219726562
13810.SKH.SHED.D5.2020.T8,D5,8.0,,148.8333333,indoor,R.skin.hip,11.707707405090332,10.087076710435383,3.707707405090332
13810.SKH.SHED.D5.2020.T9,D5,9.0,,167.5555556,indoor,R.skin.hip,11.80301570892334,10.087076710435383,2.80301570892334
13810.SKH.SHED.D6.2020.T0,D6,0.0,,0.0,outdoor_uncaged,R.skin.hip,0.4081074297428131,10.02488231338265,0.4081074297428131
13810.SKH.SHED.D6.2020.T1,D6,1.0,,8.833333333,outdoor_uncaged,R.skin.hip,0.5149606466293335,10.02488231338265,0.4850393533706665
13810.SKH.SHED.D6.2020.T10,D6,10.0,,123.8333333,outdoor_uncaged,R.skin.hip,7.949975967407227,10.02488231338265,2.0500240325927734
13810.SKH.SHED.D6.2020.T12,D6,12.0,,137.8333333,outdoor_uncaged,R.skin.hip,7.670942306518555,10.02488231338265,4.329057693481445
13810.SKH.SHED.D6.2020.T13,D6,13.0,,143.3888889,outdoor_uncaged,R.skin.hip,9.846893310546875,10.02488231338265,3.153106689453125
13810.SKH.SHED.D6.2020.T14,D6,14.0,,149.5555556,outdoor_uncaged,R.skin.hip,11.482150077819824,10.02488231338265,2.517849922180176
13810.SKH.SHED.D6.2020.T15,D6,15.0,,162.1666667,outdoor_uncaged,R.skin.hip,11.902972221374512,10.02488231338265,3.0970277786254883
13810.SKH.SHED.D6.2020.T16,D6,16.0,,177.1111111,outdoor_uncaged,R.skin.hip,8.248241424560547,10.02488231338265,7.751758575439453
13810.SKH.SHED.D6.2020.T17,D6,17.0,,187.0555556,outdoor_uncaged,R.skin.hip,18.317462921142578,10.02488231338265,1.3174629211425781
13810.SKH.SHED.D6.2020.T18,D6,18.0,,199.8888889,outdoor_uncaged,R.skin.hip,16.043516159057617,10.02488231338265,1.9564838409423828
13810.SKH.SHED.D6.2020.T19,D6,19.0,,214.1111111,outdoor_uncaged,R.skin.hip,11.218982696533203,10.02488231338265,7.781017303466797
13810.SKH.SHED.D6.2020.T2,D6,2.0,,17.33333333,outdoor_uncaged,R.skin.hip,2.7019028663635254,10.02488231338265,0.7019028663635254
13810.SKH.SHED.D6.2020.T20,D6,20.0,,231.8888889,outdoor_uncaged,R.skin.hip,16.233766555786133,10.02488231338265,3.766233444213867
13810.SKH.SHED.D6.2020.T3,D6,3.0,,25.83333333,outdoor_uncaged,R.skin.hip,4.146502494812012,10.02488231338265,1.1465024948120117
13810.SKH.SHED.D6.2020.T5,D6,5.0,,49.55555556,outdoor_uncaged,R.skin.hip,6.539007663726807,10.02488231338265,1.5390076637268066
13810.SKH.SHED.D6.2020.T6,D6,6.0,,63.77777778,outdoor_uncaged,R.skin.hip,1.6112549304962158,10.02488231338265,4.388745069503784
13810.SKH.SHED.D6.2020.T7,D6,7.0,,80.05555556,outdoor_uncaged,R.skin.hip,7.739743232727051,10.02488231338265,0.7397432327270508
13810.SKH.SHED.D6.2020.T8,D6,8.0,,98.16666667,outdoor_uncaged,R.skin.hip,8.362393379211426,10.02488231338265,0.3623933792114258
13810.SKH.SHED.D6.2020.T9,D6,9.0,,112.5,outdoor_uncaged,R.skin.hip,6.908084869384766,10.02488231338265,2.0919151306152344
13810.SKH.SHED.D7.2020.T0,D7,0.0,,0.0,indoor,R.skin.hip,0.8682548999786377,10.1115760111576,0.8682548999786377
13810.SKH.SHED.D7.2020.T1,D7,1.0,,16.61111111,indoor,R.skin.hip,0.9977356195449829,10.1115760111576,0.00226438045501709
13810.SKH.SHED.D7.2020.T10,D7,10.0,,126.6666667,indoor,R.skin.hip,4.955475330352783,10.1115760111576,5.044524669647217
13810.SKH.SHED.D7.2020.T12,D7,12.0,,143.6666667,indoor,R.skin.hip,7.434370994567871,10.1115760111576,4.565629005432129
13810.SKH.SHED.D7.2020.T13,D7,13.0,,155.0,indoor,R.skin.hip,7.463234901428223,10.1115760111576,5.536765098571777
13810.SKH.SHED.D7.2020.T14,D7,14.0,,167.3888889,indoor,R.skin.hip,7.521477699279785,10.1115760111576,6.478522300720215
13810.SKH.SHED.D7.2020.T15,D7,15.0,,181.6111111,indoor,R.skin.hip,8.328070640563965,10.1115760111576,6.671929359436035
13810.SKH.SHED.D7.2020.T16,D7,16.0,,197.8888889,indoor,R.skin.hip,7.722448348999023,10.1115760111576,8.277551651000977
13810.SKH.SHED.D7.2020.T18,D7,18.0,,230.3333333,indoor,R.skin.hip,8.784070014953613,10.1115760111576,9.215929985046387
13810.SKH.SHED.D7.2020.T19,D7,19.0,,241.6666667,indoor,R.skin.hip,7.033542633056641,10.1115760111576,11.96645736694336
13810.SKH.SHED.D7.2020.T2,D7,2.0,,35.33333333,indoor,R.skin.hip,4.009503364562988,10.1115760111576,2.0095033645629883
13810.SKH.SHED.D7.2020.T20,D7,20.0,,247.8888889,indoor,R.skin.hip,3.929251194000244,10.1115760111576,16.070748805999756
13810.SKH.SHED.D7.2020.T3,D7,3.0,,55.61111111,indoor,R.skin.hip,4.936241626739502,10.1115760111576,1.936241626739502
13810.SKH.SHED.D7.2020.T4,D7,4.0,,70.61111111,indoor,R.skin.hip,5.034817218780518,10.1115760111576,1.0348172187805176
13810.SKH.SHED.D7.2020.T5,D7,5.0,,81.55555556,indoor,R.skin.hip,5.131464004516602,10.1115760111576,0.13146400451660156
13810.SKH.SHED.D7.2020.T6,D7,6.0,,88.27777778,indoor,R.skin.hip,6.4692912101745605,10.1115760111576,0.46929121017456055
13810.SKH.SHED.D7.2020.T7,D7,7.0,,96.66666667,indoor,R.skin.hip,5.234213829040527,10.1115760111576,1.7657861709594727
13810.SKH.SHED.D7.2020.T8,D7,8.0,,109.8888889,indoor,R.skin.hip,5.904031753540039,10.1115760111576,2.095968246459961
13810.SKH.SHED.D7.2020.T9,D7,9.0,,117.8333333,indoor,R.skin.hip,6.709615230560303,10.1115760111576,2.2903847694396973
13810.SKH.SHED.D8.2020.T0,D8,0.0,,0.0,outdoor_caged,R.skin.hip,2.595931053161621,10.02488231338265,2.595931053161621
13810.SKH.SHED.D8.2020.T1,D8,1.0,,16.61111111,outdoor_caged,R.skin.hip,1.8061351776123047,10.02488231338265,0.8061351776123047
13810.SKH.SHED.D8.2020.T10,D8,10.0,,126.6666667,outdoor_caged,R.skin.hip,8.961362838745117,10.02488231338265,1.0386371612548828
13810.SKH.SHED.D8.2020.T12,D8,12.0,,143.6666667,outdoor_caged,R.skin.hip,9.816879272460938,10.02488231338265,2.1831207275390625
13810.SKH.SHED.D8.2020.T14,D8,14.0,,167.3888889,outdoor_caged,R.skin.hip,12.975595474243164,10.02488231338265,1.024404525756836
13810.SKH.SHED.D8.2020.T15,D8,15.0,,181.6111111,outdoor_caged,R.skin.hip,10.837483406066895,10.02488231338265,4.1625165939331055
13810.SKH.SHED.D8.2020.T16,D8,16.0,,197.8888889,outdoor_caged,R.skin.hip,3.6403117179870605,10.02488231338265,12.35968828201294
13810.SKH.SHED.D8.2020.T17,D8,17.0,,216.0,outdoor_caged,R.skin.hip,12.08161449432373,10.02488231338265,4.9183855056762695
13810.SKH.SHED.D8.2020.T18,D8,18.0,,230.3333333,outdoor_caged,R.skin.hip,12.613702774047852,10.02488231338265,5.386297225952148
13810.SKH.SHED.D8.2020.T19,D8,19.0,,241.6666667,outdoor_caged,R.skin.hip,11.6537504196167,10.02488231338265,7.346249580383301
13810.SKH.SHED.D8.2020.T20,D8,20.0,,247.8888889,outdoor_caged,R.skin.hip,12.349034309387207,10.02488231338265,7.650965690612793
13810.SKH.SHED.D8.2020.T3,D8,3.0,,55.61111111,outdoor_caged,R.skin.hip,3.1205086708068848,10.02488231338265,0.12050867080688477
13810.SKH.SHED.D8.2020.T5,D8,5.0,,81.55555556,outdoor_caged,R.skin.hip,6.406930446624756,10.02488231338265,1.4069304466247559
13810.SKH.SHED.D8.2020.T7,D8,7.0,,96.66666667,outdoor_caged,R.skin.hip,7.877913475036621,10.02488231338265,0.8779134750366211
13810.SKH.SHED.D8.2020.T8,D8,8.0,,109.8888889,outdoor_caged,R.skin.hip,9.807913780212402,10.02488231338265,1.8079137802124023
13810.SKH.SHED.D8.2020.T9,D8,9.0,,117.8333333,outdoor_caged,R.skin.hip,6.071489334106445,10.02488231338265,2.9285106658935547
13810.SKH.SHED.D9.2020.T0,D9,0.0,0.0,0.0,indoor,R.skin.hip,0.46302953362464905,10.02488231338265,0.46302953362464905
13810.SKH.SHED.D9.2020.T1,D9,1.0,10.78,7.944444444,indoor,R.skin.hip,1.9155168533325195,10.02488231338265,0.9155168533325195
13810.SKH.SHED.D9.2020.T10,D9,10.0,126.11,120.4444444,indoor,R.skin.hip,0.0,10.02488231338265,10.0
13810.SKH.SHED.D9.2020.T11,D9,11.0,137.12,131.7777778,indoor,R.skin.hip,1.8432729244232178,10.02488231338265,9.156727075576782
13810.SKH.SHED.D9.2020.T12,D9,12.0,143.94,138.0,indoor,R.skin.hip,1.7329163551330566,10.02488231338265,10.267083644866943
13810.SKH.SHED.D9.2020.T13,D9,13.0,151.42,145.7777778,indoor,R.skin.hip,3.9667062759399414,10.02488231338265,9.033293724060059
13810.SKH.SHED.D9.2020.T14,D9,14.0,157.45,151.3333333,indoor,R.skin.hip,2.831691265106201,10.02488231338265,11.168308734893799
13810.SKH.SHED.D9.2020.T15,D9,15.0,164.22,157.5,indoor,R.skin.hip,9.98421859741211,10.02488231338265,5.015781402587891
13810.SKH.SHED.D9.2020.T16,D9,16.0,176.02,170.1111111,indoor,R.skin.hip,1.0501933097839355,10.02488231338265,14.949806690216064
13810.SKH.SHED.D9.2020.T17,D9,17.0,189.78,185.0555556,indoor,R.skin.hip,0.8940389156341553,10.02488231338265,16.105961084365845
13810.SKH.SHED.D9.2020.T18,D9,18.0,203.04,195.0,indoor,R.skin.hip,3.607487678527832,10.02488231338265,14.392512321472168
13810.SKH.SHED.D9.2020.T19,D9,19.0,215.44,207.8333333,indoor,R.skin.hip,9.754194259643555,10.02488231338265,9.245805740356445
13810.SKH.SHED.D9.2020.T2,D9,2.0,20.37,16.77777778,indoor,R.skin.hip,0.26468366384506226,10.02488231338265,1.7353163361549377
13810.SKH.SHED.D9.2020.T20,D9,20.0,230.22,222.0555556,indoor,R.skin.hip,2.2045984268188477,10.02488231338265,17.795401573181152
13810.SKH.SHED.D9.2020.T3,D9,3.0,29.71,25.27777778,indoor,R.skin.hip,1.072774887084961,10.02488231338265,1.927225112915039
13810.SKH.SHED.D9.2020.T4,D9,4.0,42.28,33.77777778,indoor,R.skin.hip,8.030618667602539,10.02488231338265,4.030618667602539
13810.SKH.SHED.D9.2020.T5,D9,5.0,52.33,45.11111111,indoor,R.skin.hip,0.30936136841773987,10.02488231338265,4.69063863158226
13810.SKH.SHED.D9.2020.T6,D9,6.0,64.11,57.5,indoor,R.skin.hip,0.14399243891239166,10.02488231338265,5.856007561087608
13810.SKH.SHED.D9.2020.T7,D9,7.0,77.45,71.72222222,indoor,R.skin.hip,2.4674172401428223,10.02488231338265,4.532582759857178
13810.SKH.SHED.D9.2020.T8,D9,8.0,93.56,88.0,indoor,R.skin.hip,3.114426612854004,10.02488231338265,4.885573387145996
13810.SKH.SHED.D9.2020.T9,D9,9.0,110.3,106.1111111,indoor,R.skin.hip,0.8229633569717407,10.02488231338265,8.17703664302826
13810.SOH.SHED.D10.2020.T10,D10,10.0,,126.6666667,outdoor_uncaged,,6.133562088012695,10.101938262742284,3.8664379119873047
13810.SOH.SHED.D10.2020.T11,D10,11.0,,135.1666667,outdoor_uncaged,,6.82234525680542,10.101938262742284,4.17765474319458
13810.SOH.SHED.D10.2020.T12,D10,12.0,,143.6666667,outdoor_uncaged,,9.042984008789062,10.101938262742284,2.9570159912109375
13810.SOH.SHED.D10.2020.T13,D10,13.0,,155.0,outdoor_uncaged,,7.916516304016113,10.101938262742284,5.083483695983887
13810.SOH.SHED.D10.2020.T14,D10,14.0,,167.3888889,outdoor_uncaged,,8.717488288879395,10.101938262742284,5.2825117111206055
13810.SOH.SHED.D10.2020.T15,D10,15.0,,181.6111111,outdoor_uncaged,,9.816128730773926,10.101938262742284,5.183871269226074
13810.SOH.SHED.D10.2020.T16,D10,16.0,,197.8888889,outdoor_uncaged,,9.869576454162598,10.101938262742284,6.130423545837402
13810.SOH.SHED.D10.2020.T17,D10,17.0,,216.0,outdoor_uncaged,,15.091619491577148,10.101938262742284,1.9083805084228516
13810.SOH.SHED.D10.2020.T18,D10,18.0,,230.3333333,outdoor_uncaged,,15.244300842285156,10.101938262742284,2.7556991577148438
13810.SOH.SHED.D10.2020.T19,D10,19.0,,241.6666667,outdoor_uncaged,,15.546762466430664,10.101938262742284,3.453237533569336
13810.SOH.SHED.D10.2020.T2,D10,2.0,,35.33333333,outdoor_uncaged,,1.5936520099639893,10.101938262742284,0.40634799003601074
13810.SOH.SHED.D10.2020.T20,D10,20.0,,247.8888889,outdoor_uncaged,,12.240809440612793,10.101938262742284,7.759190559387207
13810.SOH.SHED.D10.2020.T3,D10,3.0,,55.61111111,outdoor_uncaged,,1.9563570022583008,10.101938262742284,1.0436429977416992
13810.SOH.SHED.D10.2020.T4,D10,4.0,,70.61111111,outdoor_uncaged,,2.449037790298462,10.101938262742284,1.550962209701538
13810.SOH.SHED.D10.2020.T5,D10,5.0,,81.55555556,outdoor_uncaged,,2.5910940170288086,10.101938262742284,2.4089059829711914
13810.SOH.SHED.D10.2020.T6,D10,6.0,,88.27777778,outdoor_uncaged,,3.034822463989258,10.101938262742284,2.965177536010742
13810.SOH.SHED.D10.2020.T7,D10,7.0,,96.66666667,outdoor_uncaged,,5.827944755554199,10.101938262742284,1.1720552444458008
13810.SOH.SHED.D10.2020.T8,D10,8.0,,109.8888889,outdoor_uncaged,,5.652673721313477,10.101938262742284,2.3473262786865234
13810.SOH.SHED.D10.2020.T9,D10,9.0,,117.8333333,outdoor_uncaged,,4.951415538787842,10.101938262742284,4.048584461212158
13810.SOH.SHED.D11.2020.T1,D11,1.0,,7.944444444,outdoor_caged,,1.3761801719665527,10.1115760111576,0.37618017196655273
13810.SOH.SHED.D11.2020.T11,D11,11.0,,131.7777778,outdoor_caged,,9.056099891662598,10.1115760111576,1.9439001083374023
13810.SOH.SHED.D11.2020.T12,D11,12.0,,138.0,outdoor_caged,,9.203779220581055,10.1115760111576,2.7962207794189453
13810.SOH.SHED.D11.2020.T13,D11,13.0,,145.7777778,outdoor_caged,,8.026604652404785,10.1115760111576,4.973395347595215
13810.SOH.SHED.D11.2020.T14,D11,14.0,,151.3333333,outdoor_caged,,11.92774772644043,10.1115760111576,2.0722522735595703
13810.SOH.SHED.D11.2020.T15,D11,15.0,,157.5,outdoor_caged,,11.362980842590332,10.1115760111576,3.637019157409668
13810.SOH.SHED.D11.2020.T16,D11,16.0,,170.1111111,outdoor_caged,,13.166001319885254,10.1115760111576,2.833998680114746
13810.SOH.SHED.D11.2020.T17,D11,17.0,,185.0555556,outdoor_caged,,12.467951774597168,10.1115760111576,4.532048225402832
13810.SOH.SHED.D11.2020.T18,D11,18.0,,195.0,outdoor_caged,,15.043987274169922,10.1115760111576,2.956012725830078
13810.SOH.SHED.D11.2020.T19,D11,19.0,,207.8333333,outdoor_caged,,15.690889358520508,10.1115760111576,3.309110641479492
13810.SOH.SHED.D11.2020.T2,D11,2.0,,16.77777778,outdoor_caged,,4.3320536613464355,10.1115760111576,2.3320536613464355
13810.SOH.SHED.D11.2020.T20,D11,20.0,,222.0555556,outdoor_caged,,12.250580787658691,10.1115760111576,7.749419212341309
13810.SOH.SHED.D11.2020.T3,D11,3.0,,25.27777778,outdoor_caged,,6.470728397369385,10.1115760111576,3.4707283973693848
13810.SOH.SHED.D11.2020.T4,D11,4.0,,33.77777778,outdoor_caged,,2.3739941120147705,10.1115760111576,1.6260058879852295
13810.SOH.SHED.D11.2020.T5,D11,5.0,,45.11111111,outdoor_caged,,4.089319229125977,10.1115760111576,0.9106807708740234
13810.SOH.SHED.D11.2020.T6,D11,6.0,,57.5,outdoor_caged,,5.241458892822266,10.1115760111576,0.7585411071777344
13810.SOH.SHED.D11.2020.T7,D11,7.0,,71.72222222,outdoor_caged,,7.183915138244629,10.1115760111576,0.1839151382446289
13810.SOH.SHED.D11.2020.T8,D11,8.0,,88.0,outdoor_caged,,4.066761493682861,10.1115760111576,3.9332385063171387
13810.SOH.SHED.D11.2020.T9,D11,9.0,,106.1111111,outdoor_caged,,6.663879871368408,10.1115760111576,2.336120128631592
13810.SOH.SHED.D12.2020.T1,D12,1.0,,7.944444444,outdoor_uncaged,,3.3754148483276367,10.087076710435383,2.3754148483276367
13810.SOH.SHED.D12.2020.T11,D12,11.0,,131.7777778,outdoor_uncaged,,5.956664562225342,10.087076710435383,5.043335437774658
13810.SOH.SHED.D12.2020.T12,D12,12.0,,138.0,outdoor_uncaged,,10.927794456481934,10.087076710435383,1.0722055435180664
13810.SOH.SHED.D12.2020.T13,D12,13.0,,145.7777778,outdoor_uncaged,,9.063865661621094,10.087076710435383,3.9361343383789062
13810.SOH.SHED.D12.2020.T14,D12,14.0,,151.3333333,outdoor_uncaged,,11.55688190460205,10.087076710435383,2.443118095397949
13810.SOH.SHED.D12.2020.T15,D12,15.0,,157.5,outdoor_uncaged,,11.665379524230957,10.087076710435383,3.334620475769043
13810.SOH.SHED.D12.2020.T16,D12,16.0,,170.1111111,outdoor_uncaged,,10.786259651184082,10.087076710435383,5.213740348815918
13810.SOH.SHED.D12.2020.T17,D12,17.0,,185.0555556,outdoor_uncaged,,9.235562324523926,10.087076710435383,7.764437675476074
13810.SOH.SHED.D12.2020.T18,D12,18.0,,195.0,outdoor_uncaged,,10.54595947265625,10.087076710435383,7.45404052734375
13810.SOH.SHED.D12.2020.T19,D12,19.0,,207.8333333,outdoor_uncaged,,10.527970314025879,10.087076710435383,8.472029685974121
13810.SOH.SHED.D12.2020.T2,D12,2.0,,16.77777778,outdoor_uncaged,,7.152268409729004,10.087076710435383,5.152268409729004
13810.SOH.SHED.D12.2020.T20,D12,20.0,,222.0555556,outdoor_uncaged,,10.520002365112305,10.087076710435383,9.479997634887695
13810.SOH.SHED.D12.2020.T3,D12,3.0,,25.27777778,outdoor_uncaged,,4.248388290405273,10.087076710435383,1.2483882904052734
13810.SOH.SHED.D12.2020.T4,D12,4.0,,33.77777778,outdoor_uncaged,,3.856691837310791,10.087076710435383,0.14330816268920898
13810.SOH.SHED.D12.2020.T5,D12,5.0,,45.11111111,outdoor_uncaged,,5.072989463806152,10.087076710435383,0.07298946380615234
13810.SOH.SHED.D12.2020.T6,D12,6.0,,57.5,outdoor_uncaged,,3.1788759231567383,10.087076710435383,2.8211240768432617
13810.SOH.SHED.D12.2020.T7,D12,7.0,,71.72222222,outdoor_uncaged,,5.7298903465271,10.087076710435383,1.2701096534729004
13810.SOH.SHED.D12.2020.T8,D12,8.0,,88.0,outdoor_uncaged,,6.780918121337891,10.087076710435383,1.2190818786621094
13810.SOH.SHED.D12.2020.T9,D12,9.0,,106.1111111,outdoor_uncaged,,4.649413585662842,10.087076710435383,4.350586414337158
13810.SOH.SHED.D13.2021.T1,D13,1.0,,18.05555556,outdoor_caged,,2.7897884845733643,10.087076710435383,1.7897884845733643
13810.SOH.SHED.D13.2021.T10,D13,10.0,,190.6666667,outdoor_caged,,13.157242774963379,10.087076710435383,3.157242774963379
13810.SOH.SHED.D13.2021.T11,D13,11.0,,205.1111111,outdoor_caged,,10.89283561706543,10.087076710435383,0.10716438293457031
13810.SOH.SHED.D13.2021.T12,D13,12.0,,219.1666667,outdoor_caged,,11.487323760986328,10.087076710435383,0.5126762390136719
13810.SOH.SHED.D13.2021.T13,D13,13.0,,233.1666667,outdoor_caged,,11.24007797241211,10.087076710435383,1.7599220275878906
13810.SOH.SHED.D13.2021.T14,D13,14.0,,249.0,outdoor_caged,,14.839385032653809,10.087076710435383,0.8393850326538086
13810.SOH.SHED.D13.2021.T15,D13,15.0,,266.9444444,outdoor_caged,,13.256326675415039,10.087076710435383,1.743673324584961
13810.SOH.SHED.D13.2021.T16,D13,16.0,,288.9444444,outdoor_caged,,13.783966064453125,10.087076710435383,2.216033935546875
13810.SOH.SHED.D13.2021.T17,D13,17.0,,311.3333333,outdoor_caged,,11.832477569580078,10.087076710435383,5.167522430419922
13810.SOH.SHED.D13.2021.T18,D13,18.0,,332.2777778,outdoor_caged,,4.22793436050415,10.087076710435383,13.77206563949585
13810.SOH.SHED.D13.2021.T19,D13,19.0,,356.6666667,outdoor_caged,,13.761357307434082,10.087076710435383,5.238642692565918
13810.SOH.SHED.D13.2021.T2,D13,2.0,,36.22222222,outdoor_caged,,4.498489856719971,10.087076710435383,2.4984898567199707
13810.SOH.SHED.D13.2021.T20,D13,20.0,,377.6666667,outdoor_caged,,11.798428535461426,10.087076710435383,8.201571464538574
13810.SOH.SHED.D13.2021.T3,D13,3.0,,53.66666667,outdoor_caged,,3.845797538757324,10.087076710435383,0.8457975387573242
13810.SOH.SHED.D13.2021.T4,D13,4.0,,71.77777778,outdoor_caged,,6.131832599639893,10.087076710435383,2.1318325996398926
13810.SOH.SHED.D13.2021.T5,D13,5.0,,91.22222222,outdoor_caged,,5.159791946411133,10.087076710435383,0.1597919464111328
13810.SOH.SHED.D13.2021.T6,D13,6.0,,114.3333333,outdoor_caged,,9.663905143737793,10.087076710435383,3.663905143737793
13810.SOH.SHED.D13.2021.T7,D13,7.0,,133.0,outdoor_caged,,7.85791015625,10.087076710435383,0.85791015625
13810.SOH.SHED.D13.2021.T8,D13,8.0,,149.3333333,outdoor_caged,,13.706087112426758,10.087076710435383,5.706087112426758
13810.SOH.SHED.D13.2021.T9,D13,9.0,,171.0555556,outdoor_caged,,7.809575080871582,10.087076710435383,1.190424919128418
13810.SOH.SHED.D15.2021.T1,D15,1.0,,16.33333333,outdoor_caged,,1.4242262840270996,10.087076710435383,0.4242262840270996
13810.SOH.SHED.D15.2021.T10,D15,10.0,,178.3333333,outdoor_caged,,13.402348518371582,10.087076710435383,3.402348518371582
13810.SOH.SHED.D15.2021.T11,D15,11.0,,199.2777778,outdoor_caged,,15.503812789916992,10.087076710435383,4.503812789916992
13810.SOH.SHED.D15.2021.T12,D15,12.0,,223.6666667,outdoor_caged,,15.077714920043945,10.087076710435383,3.0777149200439453
13810.SOH.SHED.D15.2021.T13,D15,13.0,,244.6666667,outdoor_caged,,15.776485443115234,10.087076710435383,2.7764854431152344
13810.SOH.SHED.D15.2021.T14,D15,14.0,,265.6666667,outdoor_caged,,13.129837989807129,10.087076710435383,0.8701620101928711
13810.SOH.SHED.D15.2021.T15,D15,15.0,,286.1111111,outdoor_caged,,15.861854553222656,10.087076710435383,0.8618545532226562
13810.SOH.SHED.D15.2021.T16,D15,16.0,,310.8333333,outdoor_caged,,15.59762191772461,10.087076710435383,0.4023780822753906
13810.SOH.SHED.D15.2021.T18,D15,18.0,,351.2777778,outdoor_caged,,14.109009742736816,10.087076710435383,3.8909902572631836
13810.SOH.SHED.D15.2021.T19,D15,19.0,,369.1111111,outdoor_caged,,9.75644588470459,10.087076710435383,9.24355411529541
13810.SOH.SHED.D15.2021.T2,D15,2.0,,38.05555556,outdoor_caged,,6.962991714477539,10.087076710435383,4.962991714477539
13810.SOH.SHED.D15.2021.T20,D15,20.0,,383.3333333,outdoor_caged,,16.18949317932129,10.087076710435383,3.810506820678711
13810.SOH.SHED.D15.2021.T3,D15,3.0,,57.66666667,outdoor_caged,,6.980052947998047,10.087076710435383,3.980052947998047
13810.SOH.SHED.D15.2021.T4,D15,4.0,,72.11111111,outdoor_caged,,6.111934185028076,10.087076710435383,2.111934185028076
13810.SOH.SHED.D15.2021.T5,D15,5.0,,86.16666667,outdoor_caged,,8.716508865356445,10.087076710435383,3.7165088653564453
13810.SOH.SHED.D15.2021.T6,D15,6.0,,100.1666667,outdoor_caged,,12.442935943603516,10.087076710435383,6.442935943603516
13810.SOH.SHED.D15.2021.T7,D15,7.0,,116.0,outdoor_caged,,12.134949684143066,10.087076710435383,5.134949684143066
13810.SOH.SHED.D15.2021.T8,D15,8.0,,133.9444444,outdoor_caged,,12.971497535705566,10.087076710435383,4.971497535705566
13810.SOH.SHED.D15.2021.T9,D15,9.0,,155.9444444,outdoor_caged,,14.627918243408203,10.087076710435383,5.627918243408203
13810.SOH.SHED.D17.2021.T1,D17,1.0,,17.94444444,outdoor_caged,,5.378623962402344,10.118323191345503,4.378623962402344
13810.SOH.SHED.D17.2021.T10,D17,10.0,,217.2222222,outdoor_caged,,10.979126930236816,10.118323191345503,0.9791269302368164
13810.SOH.SHED.D17.2021.T11,D17,11.0,,235.2777778,outdoor_caged,,10.50509262084961,10.118323191345503,0.4949073791503906
13810.SOH.SHED.D17.2021.T12,D17,12.0,,253.1111111,outdoor_caged,,10.273884773254395,10.118323191345503,1.7261152267456055
13810.SOH.SHED.D17.2021.T13,D17,13.0,,267.3333333,outdoor_caged,,9.60865592956543,10.118323191345503,3.3913440704345703
13810.SOH.SHED.D17.2021.T14,D17,14.0,,281.5555556,outdoor_caged,,11.983046531677246,10.118323191345503,2.016953468322754
13810.SOH.SHED.D17.2021.T15,D17,15.0,,298.1111111,outdoor_caged,,12.304754257202148,10.118323191345503,2.6952457427978516
13810.SOH.SHED.D17.2021.T16,D17,16.0,,316.3888889,outdoor_caged,,13.036152839660645,10.118323191345503,2.9638471603393555
13810.SOH.SHED.D17.2021.T17,D17,17.0,,329.0555556,outdoor_caged,,13.11571979522705,10.118323191345503,3.884280204772949
13810.SOH.SHED.D17.2021.T18,D17,18.0,,345.8333333,outdoor_caged,,10.91032886505127,10.118323191345503,7.0896711349487305
13810.SOH.SHED.D17.2021.T19,D17,19.0,,366.1111111,outdoor_caged,,10.483222007751465,10.118323191345503,8.516777992248535
13810.SOH.SHED.D17.2021.T2,D17,2.0,,39.94444444,outdoor_caged,,3.53518009185791,10.118323191345503,1.5351800918579102
13810.SOH.SHED.D17.2021.T20,D17,20.0,,387.0555556,outdoor_caged,,5.547359466552734,10.118323191345503,14.452640533447266
13810.SOH.SHED.D17.2021.T3,D17,3.0,,62.33333333,outdoor_caged,,7.855854034423828,10.118323191345503,4.855854034423828
13810.SOH.SHED.D17.2021.T4,D17,4.0,,83.27777778,outdoor_caged,,8.429405212402344,10.118323191345503,4.429405212402344
13810.SOH.SHED.D17.2021.T5,D17,5.0,,107.6666667,outdoor_caged,,11.152344703674316,10.118323191345503,6.152344703674316
13810.SOH.SHED.D17.2021.T6,D17,6.0,,128.6666667,outdoor_caged,,10.090335845947266,10.118323191345503,4.090335845947266
13810.SOH.SHED.D17.2021.T7,D17,7.0,,149.6666667,outdoor_caged,,9.845455169677734,10.118323191345503,2.8454551696777344
13810.SOH.SHED.D17.2021.T8,D17,8.0,,170.1111111,outdoor_caged,,10.486931800842285,10.118323191345503,2.486931800842285
13810.SOH.SHED.D17.2021.T9,D17,9.0,,194.8333333,outdoor_caged,,11.700413703918457,10.118323191345503,2.700413703918457
13810.SOH.SHED.D19.2021.T1.1,D19,1.0,,25.44444444,outdoor_caged,,1.3757197856903076,10.101938262742284,0.3757197856903076
13810.SOH.SHED.D19.2021.T10.1,D19,10.0,,182.3888889,outdoor_caged,,1.217115879058838,10.101938262742284,8.782884120941162
13810.SOH.SHED.D19.2021.T11.1,D19,11.0,,194.3333333,outdoor_caged,,5.660365104675293,10.101938262742284,5.339634895324707
13810.SOH.SHED.D19.2021.T13.1,D19,13.0,,222.5,outdoor_caged,,3.8759236335754395,10.101938262742284,9.12407636642456
13810.SOH.SHED.D19.2021.T14.1,D19,14.0,,239.7777778,outdoor_caged,,3.472832202911377,10.101938262742284,10.527167797088623
13810.SOH.SHED.D19.2021.T15.1,D19,15.0,,258.5,outdoor_caged,,4.128271102905273,10.101938262742284,10.871728897094727
13810.SOH.SHED.D19.2021.T16.1,D19,16.0,,280.0555556,outdoor_caged,,7.506434440612793,10.101938262742284,8.493565559387207
13810.SOH.SHED.D19.2021.T17.1,D19,17.0,,299.1111111,outdoor_caged,,11.09927749633789,10.101938262742284,5.900722503662109
13810.SOH.SHED.D19.2021.T18.1,D19,18.0,,314.7777778,outdoor_caged,,8.59962272644043,10.101938262742284,9.40037727355957
13810.SOH.SHED.D19.2021.T19.1,D19,19.0,,327.5555556,outdoor_caged,,4.4759955406188965,10.101938262742284,14.524004459381104
13810.SOH.SHED.D19.2021.T2.1,D19,2.0,,46.22222222,outdoor_caged,,3.519458770751953,10.101938262742284,1.5194587707519531
13810.SOH.SHED.D19.2021.T20.1,D19,20.0,,344.2222222,outdoor_caged,,14.230020523071289,10.101938262742284,5.769979476928711
13810.SOH.SHED.D19.2021.T3.1,D19,3.0,,64.83333333,outdoor_caged,,0.7688758373260498,10.101938262742284,2.23112416267395
13810.SOH.SHED.D19.2021.T4.1,D19,4.0,,82.27777778,outdoor_caged,,1.3510081768035889,10.101938262742284,2.648991823196411
13810.SOH.SHED.D19.2021.T5.1,D19,5.0,,98.55555556,outdoor_caged,,1.7289059162139893,10.101938262742284,3.2710940837860107
13810.SOH.SHED.D19.2021.T6.1,D19,6.0,,117.5555556,outdoor_caged,,1.7102253437042236,10.101938262742284,4.289774656295776
13810.SOH.SHED.D19.2021.T7.1,D19,7.0,,137.0,outdoor_caged,,4.320199489593506,10.101938262742284,2.679800510406494
13810.SOH.SHED.D19.2021.T8.1,D19,8.0,,156.2222222,outdoor_caged,,3.7027077674865723,10.101938262742284,4.297292232513428
13810.SOH.SHED.D19.2021.T9.1,D19,9.0,,171.1111111,outdoor_caged,,4.69315242767334,10.101938262742284,4.30684757232666
13810.SOH.SHED.D21.2021.T1.1,D21,1.0,,19.22222222,outdoor_caged,,1.1154704093933105,10.101938262742284,0.11547040939331055
13810.SOH.SHED.D21.2021.T10.1,D21,10.0,,162.1111111,outdoor_caged,,9.378337860107422,10.101938262742284,0.6216621398925781
13810.SOH.SHED.D21.2021.T11.1,D21,11.0,,177.7777778,outdoor_caged,,11.848075866699219,10.101938262742284,0.8480758666992188
13810.SOH.SHED.D21.2021.T12.1,D21,12.0,,190.5555556,outdoor_caged,,2.2164762020111084,10.101938262742284,9.783523797988892
13810.SOH.SHED.D21.2021.T13.1,D21,13.0,,207.2222222,outdoor_caged,,7.135004997253418,10.101938262742284,5.864995002746582
13810.SOH.SHED.D21.2021.T14.1,D21,14.0,,226.1666667,outdoor_caged,,7.024380683898926,10.101938262742284,6.975619316101074
13810.SOH.SHED.D21.2021.T15.1,D21,15.0,,245.8333333,outdoor_caged,,2.4047117233276367,10.101938262742284,12.595288276672363
13810.SOH.SHED.D21.2021.T16.1,D21,16.0,,268.2777778,outdoor_caged,,7.397621154785156,10.101938262742284,8.602378845214844
13810.SOH.SHED.D21.2021.T17.1,D21,17.0,,284.3888889,outdoor_caged,,9.311827659606934,10.101938262742284,7.688172340393066
13810.SOH.SHED.D21.2021.T18.1,D21,18.0,,296.9444444,outdoor_caged,,5.65359354019165,10.101938262742284,12.34640645980835
13810.SOH.SHED.D21.2021.T19.1,D21,19.0,,313.4444444,outdoor_caged,,6.464076995849609,10.101938262742284,12.53592300415039
13810.SOH.SHED.D21.2021.T2.1,D21,2.0,,34.11111111,outdoor_caged,,2.4829764366149902,10.101938262742284,0.48297643661499023
13810.SOH.SHED.D21.2021.T20.1,D21,20.0,,333.8888889,outdoor_caged,,3.9667530059814453,10.101938262742284,16.033246994018555
13810.SOH.SHED.D21.2021.T3.1,D21,3.0,,45.38888889,outdoor_caged,,3.5659446716308594,10.101938262742284,0.5659446716308594
13810.SOH.SHED.D21.2021.T5.1,D21,5.0,,70.66666667,outdoor_caged,,3.6061582565307617,10.101938262742284,1.3938417434692383
13810.SOH.SHED.D21.2021.T6.1,D21,6.0,,85.5,outdoor_caged,,3.4703779220581055,10.101938262742284,2.5296220779418945
13810.SOH.SHED.D21.2021.T7.1,D21,7.0,,102.7777778,outdoor_caged,,3.2153358459472656,10.101938262742284,3.7846641540527344
13810.SOH.SHED.D21.2021.T8.1,D21,8.0,,121.5,outdoor_caged,,8.297964096069336,10.101938262742284,0.29796409606933594
13810.SOH.SHED.D21.2021.T9.1,D21,9.0,,143.0555556,outdoor_caged,,5.8282084465026855,10.101938262742284,3.1717915534973145
13810.SOH.SHED.D23.2021.T1.1,D23,1.0,,18.72222222,outdoor_caged,,0.7231564521789551,10.101938262742284,0.2768435478210449
13810.SOH.SHED.D23.2021.T10.1,D23,10.0,,181.6111111,outdoor_caged,,2.871263027191162,10.101938262742284,7.128736972808838
13810.SOH.SHED.D23.2021.T11.1,D23,11.0,,194.1666667,outdoor_caged,,3.604557991027832,10.101938262742284,7.395442008972168
13810.SOH.SHED.D23.2021.T12.1,D23,12.0,,210.6666667,outdoor_caged,,7.922910690307617,10.101938262742284,4.077089309692383
13810.SOH.SHED.D23.2021.T13.1,D23,13.0,,231.1111111,outdoor_caged,,7.316680908203125,10.101938262742284,5.683319091796875
13810.SOH.SHED.D23.2021.T14.1,D23,14.0,,245.2222222,outdoor_caged,,8.34090518951416,10.101938262742284,5.65909481048584
13810.SOH.SHED.D23.2021.T15.1,D23,15.0,,258.3888889,outdoor_caged,,8.8634033203125,10.101938262742284,6.1365966796875
13810.SOH.SHED.D23.2021.T16.1,D23,16.0,,278.4444444,outdoor_caged,,11.476422309875488,10.101938262742284,4.523577690124512
13810.SOH.SHED.D23.2021.T17.1,D23,17.0,,295.0555556,outdoor_caged,,12.254403114318848,10.101938262742284,4.745596885681152
13810.SOH.SHED.D23.2021.T18.1,D23,18.0,,304.5555556,outdoor_caged,,10.46484375,10.101938262742284,7.53515625
13810.SOH.SHED.D23.2021.T19.1,D23,19.0,,314.1666667,outdoor_caged,,12.520251274108887,10.101938262742284,6.479748725891113
13810.SOH.SHED.D23.2021.T2.1,D23,2.0,,40.27777778,outdoor_caged,,2.0853397846221924,10.101938262742284,0.08533978462219238
13810.SOH.SHED.D23.2021.T20.1,D23,20.0,,327.2222222,outdoor_caged,,9.024828910827637,10.101938262742284,10.975171089172363
13810.SOH.SHED.D23.2021.T3.1,D23,3.0,,59.33333333,outdoor_caged,,1.7342212200164795,10.101938262742284,1.2657787799835205
13810.SOH.SHED.D23.2021.T4.1,D23,4.0,,75.0,outdoor_caged,,1.471846580505371,10.101938262742284,2.528153419494629
13810.SOH.SHED.D23.2021.T5.1,D23,5.0,,87.77777778,outdoor_caged,,1.4152894020080566,10.101938262742284,3.5847105979919434
13810.SOH.SHED.D23.2021.T6.1,D23,6.0,,104.4444444,outdoor_caged,,2.955171585083008,10.101938262742284,3.044828414916992
13810.SOH.SHED.D23.2021.T7.1,D23,7.0,,123.3888889,outdoor_caged,,3.2025656700134277,10.101938262742284,3.7974343299865723
13810.SOH.SHED.D23.2021.T8.1,D23,8.0,,143.0555556,outdoor_caged,,4.412032127380371,10.101938262742284,3.587967872619629
13810.SOH.SHED.D23.2021.T9.1,D23,9.0,,165.5,outdoor_caged,,4.832686901092529,10.101938262742284,4.167313098907471
13810.SOH.SHED.D25.2021.T1.1,D25,1.0,,16.38888889,outdoor_caged,,1.795952558517456,10.087076710435383,0.795952558517456
13810.SOH.SHED.D25.2021.T10.1,D25,10.0,,184.4444444,outdoor_caged,,7.779863357543945,10.087076710435383,2.2201366424560547
13810.SOH.SHED.D25.2021.T11.1,D25,11.0,,203.5555556,outdoor_caged,,8.201175689697266,10.087076710435383,2.7988243103027344
13810.SOH.SHED.D25.2021.T12.1,D25,12.0,,224.3888889,outdoor_caged,,8.774717330932617,10.087076710435383,3.225282669067383
13810.SOH.SHED.D25.2021.T13.1,D25,13.0,,243.7222222,outdoor_caged,,10.193564414978027,10.087076710435383,2.8064355850219727
13810.SOH.SHED.D25.2021.T14.1,D25,14.0,,265.7222222,outdoor_caged,,7.570417404174805,10.087076710435383,6.429582595825195
13810.SOH.SHED.D25.2021.T15.1,D25,15.0,,290.5555556,outdoor_caged,,8.705309867858887,10.087076710435383,6.294690132141113
13810.SOH.SHED.D25.2021.T15.2,D25,15.0,,290.5555556,outdoor_caged,,6.023199558258057,10.087076710435383,8.976800441741943
13810.SOH.SHED.D25.2021.T16.1,D25,16.0,,312.3333333,outdoor_caged,,3.551422119140625,10.087076710435383,12.448577880859375
13810.SOH.SHED.D25.2021.T16.2,D25,16.0,,312.3333333,outdoor_caged,,4.69573450088501,10.087076710435383,11.30426549911499
13810.SOH.SHED.D25.2021.T17.1,D25,17.0,,329.0,outdoor_caged,,7.118899345397949,10.087076710435383,9.88110065460205
13810.SOH.SHED.D25.2021.T18.1,D25,18.0,,345.2222222,outdoor_caged,,6.704139709472656,10.087076710435383,11.295860290527344
13810.SOH.SHED.D25.2021.T19.1,D25,19.0,,364.2222222,outdoor_caged,,16.809247970581055,10.087076710435383,2.1907520294189453
13810.SOH.SHED.D25.2021.T19.2,D25,19.0,,364.2222222,outdoor_caged,,14.394072532653809,10.087076710435383,4.605927467346191
13810.SOH.SHED.D25.2021.T2.1,D25,2.0,,29.72222222,outdoor_caged,,1.9666142463684082,10.087076710435383,0.0333857536315918
13810.SOH.SHED.D25.2021.T20.1,D25,20.0,,386.3333333,outdoor_caged,,2.230273723602295,10.087076710435383,17.769726276397705
13810.SOH.SHED.D25.2021.T3.1,D25,3.0,,43.72222222,outdoor_caged,,3.65472412109375,10.087076710435383,0.65472412109375
13810.SOH.SHED.D25.2021.T4.1,D25,4.0,,62.11111111,outdoor_caged,,2.443542957305908,10.087076710435383,1.5564570426940918
13810.SOH.SHED.D25.2021.T5.1,D25,5.0,,83.05555556,outdoor_caged,,3.793151378631592,10.087076710435383,1.2068486213684082
13810.SOH.SHED.D25.2021.T6.1,D25,6.0,,103.6666667,outdoor_caged,,2.467186450958252,10.087076710435383,3.532813549041748
13810.SOH.SHED.D25.2021.T7.1,D25,7.0,,124.9444444,outdoor_caged,,5.607939720153809,10.087076710435383,1.3920602798461914
13810.SOH.SHED.D25.2021.T8.1,D25,8.0,,148.2777778,outdoor_caged,,8.111410140991211,10.087076710435383,0.11141014099121094
13810.SOH.SHED.D25.2021.T9.1,D25,9.0,,168.5555556,outdoor_caged,,8.608319282531738,10.087076710435383,0.3916807174682617
13810.SOH.SHED.D27.2021.T1.1,D27,1.0,,23.33333333,outdoor_caged,,1.9585301876068115,10.1115760111576,0.9585301876068115
13810.SOH.SHED.D27.2021.T10.1,D27,10.0,,204.0555556,outdoor_caged,,13.215936660766602,10.1115760111576,3.2159366607666016
13810.SOH.SHED.D27.2021.T11.1,D27,11.0,,220.2777778,outdoor_caged,,8.354473114013672,10.1115760111576,2.645526885986328
13810.SOH.SHED.D27.2021.T12.2,D27,12.0,,239.2777778,outdoor_caged,,12.412985801696777,10.1115760111576,0.41298580169677734
13810.SOH.SHED.D27.2021.T13.1,D27,13.0,,261.3888889,outdoor_caged,,13.493085861206055,10.1115760111576,0.4930858612060547
13810.SOH.SHED.D27.2021.T14.1,D27,14.0,,285.9444444,outdoor_caged,,11.862032890319824,10.1115760111576,2.137967109680176
13810.SOH.SHED.D27.2021.T15.1,D27,15.0,,311.3333333,outdoor_caged,,10.018750190734863,10.1115760111576,4.981249809265137
13810.SOH.SHED.D27.2021.T16.1,D27,16.0,,337.0,outdoor_caged,,7.9186296463012695,10.1115760111576,8.08137035369873
13810.SOH.SHED.D27.2021.T17.1,D27,17.0,,357.5555556,outdoor_caged,,7.872532844543457,10.1115760111576,9.127467155456543
13810.SOH.SHED.D27.2021.T18.1,D27,18.0,,379.3333333,outdoor_caged,,7.294658660888672,10.1115760111576,10.705341339111328
13810.SOH.SHED.D27.2021.T19.1,D27,19.0,,404.3333333,outdoor_caged,,8.09647274017334,10.1115760111576,10.90352725982666
13810.SOH.SHED.D27.2021.T2.1,D27,2.0,,43.61111111,outdoor_caged,,2.5298564434051514,10.1115760111576,0.5298564434051514
13810.SOH.SHED.D27.2021.T20.1,D27,20.0,,428.5555556,outdoor_caged,,8.043940544128418,10.1115760111576,11.956059455871582
13810.SOH.SHED.D27.2021.T3.1,D27,3.0,,59.5,outdoor_caged,,3.384042263031006,10.1115760111576,0.38404226303100586
13810.SOH.SHED.D27.2021.T4.1,D27,4.0,,78.61111111,outdoor_caged,,3.102628231048584,10.1115760111576,0.897371768951416
13810.SOH.SHED.D27.2021.T5.1,D27,5.0,,99.44444444,outdoor_caged,,3.998166561126709,10.1115760111576,1.001833438873291
13810.SOH.SHED.D27.2021.T6.1,D27,6.0,,118.7777778,outdoor_caged,,6.595141410827637,10.1115760111576,0.5951414108276367
13810.SOH.SHED.D27.2021.T7.1,D27,7.0,,140.7777778,outdoor_caged,,6.986371994018555,10.1115760111576,0.013628005981445312
13810.SOH.SHED.D27.2021.T8.1,D27,8.0,,165.6111111,outdoor_caged,,11.571887016296387,10.1115760111576,3.5718870162963867
13810.SOH.SHED.D27.2021.T9.1,D27,9.0,,187.3888889,outdoor_caged,,13.21176815032959,10.1115760111576,4.21176815032959
13810.SOH.SHED.D29.2021.T1.1,D29,1.0,,24.83333333,outdoor_caged,,2.99180006980896,10.118323191345503,1.99180006980896
13810.SOH.SHED.D29.2021.T10.1,D29,10.0,,216.7777778,outdoor_caged,,7.7090911865234375,10.118323191345503,2.2909088134765625
13810.SOH.SHED.D29.2021.T11.1,D29,11.0,,238.5555556,outdoor_caged,,10.971044540405273,10.118323191345503,0.028955459594726562
13810.SOH.SHED.D29.2021.T13.1,D29,13.0,,287.7777778,outdoor_caged,,13.710176467895508,10.118323191345503,0.7101764678955078
13810.SOH.SHED.D29.2021.T15.1,D29,15.0,,326.8888889,outdoor_caged,,15.786979675292969,10.118323191345503,0.7869796752929688
13810.SOH.SHED.D29.2021.T16.1,D29,16.0,,351.5555556,outdoor_caged,,14.274308204650879,10.118323191345503,1.725691795349121
13810.SOH.SHED.D29.2021.T17.1,D29,17.0,,376.5,outdoor_caged,,7.185314178466797,10.118323191345503,9.814685821533203
13810.SOH.SHED.D29.2021.T18.1,D29,18.0,,401.0555556,outdoor_caged,,9.454291343688965,10.118323191345503,8.545708656311035
13810.SOH.SHED.D29.2021.T19.1,D29,19.0,,424.9444444,outdoor_caged,,12.678143501281738,10.118323191345503,6.321856498718262
13810.SOH.SHED.D29.2021.T2.1,D29,2.0,,46.61111111,outdoor_caged,,3.8197226524353027,10.118323191345503,1.8197226524353027
13810.SOH.SHED.D29.2021.T20.1,D29,20.0,,450.0,outdoor_caged,,3.521489143371582,10.118323191345503,16.478510856628418
13810.SOH.SHED.D29.2021.T3.1,D29,3.0,,63.27777778,outdoor_caged,,3.8675522804260254,10.118323191345503,0.8675522804260254
13810.SOH.SHED.D29.2021.T4.1,D29,4.0,,79.5,outdoor_caged,,2.718898296356201,10.118323191345503,1.2811017036437988
13810.SOH.SHED.D29.2021.T5.1,D29,5.0,,98.5,outdoor_caged,,2.2639288902282715,10.118323191345503,2.7360711097717285
13810.SOH.SHED.D29.2021.T6.1,D29,6.0,,120.6111111,outdoor_caged,,4.449659824371338,10.118323191345503,1.550340175628662
13810.SOH.SHED.D29.2021.T7.1,D29,7.0,,145.1666667,outdoor_caged,,6.702507019042969,10.118323191345503,0.29749298095703125
13810.SOH.SHED.D29.2021.T8.1,D29,8.0,,170.5555556,outdoor_caged,,6.906467437744141,10.118323191345503,1.0935325622558594
13810.SOH.SHED.D29.2021.T9.1,D29,9.0,,196.2222222,outdoor_caged,,9.291679382324219,10.118323191345503,0.29167938232421875
13810.SOH.SHED.D4.2020.T1,D4,1.0,,16.77777778,outdoor_caged,,1.9282889366149902,10.101938262742284,0.9282889366149902
13810.SOH.SHED.D4.2020.T10,D4,10.0,,187.8333333,outdoor_caged,,9.961934089660645,10.101938262742284,0.03806591033935547
13810.SOH.SHED.D4.2020.T11,D4,11.0,,202.8333333,outdoor_caged,,10.791861534118652,10.101938262742284,0.20813846588134766
13810.SOH.SHED.D4.2020.T12,D4,12.0,,213.7777778,outdoor_caged,,10.825006484985352,10.101938262742284,1.1749935150146484
13810.SOH.SHED.D4.2020.T13,D4,13.0,,220.5,outdoor_caged,,11.269646644592285,10.101938262742284,1.7303533554077148
13810.SOH.SHED.D4.2020.T14,D4,14.0,,228.8888889,outdoor_caged,,12.1202392578125,10.101938262742284,1.8797607421875
13810.SOH.SHED.D4.2020.T16,D4,16.0,,250.0555556,outdoor_caged,,11.910307884216309,10.101938262742284,4.089692115783691
13810.SOH.SHED.D4.2020.T17,D4,17.0,,258.8888889,outdoor_caged,,12.39629077911377,10.101938262742284,4.6037092208862305
13810.SOH.SHED.D4.2020.T18,D4,18.0,,267.3888889,outdoor_caged,,11.909492492675781,10.101938262742284,6.090507507324219
13810.SOH.SHED.D4.2020.T19,D4,19.0,,275.8888889,outdoor_caged,,12.2422456741333,10.101938262742284,6.757754325866699
13810.SOH.SHED.D4.2020.T2,D4,2.0,,35.77777778,outdoor_caged,,2.986788272857666,10.101938262742284,0.986788272857666
13810.SOH.SHED.D4.2020.T20,D4,20.0,,287.2222222,outdoor_caged,,13.235944747924805,10.101938262742284,6.764055252075195
13810.SOH.SHED.D4.2020.T3,D4,3.0,,56.61111111,outdoor_caged,,2.1327497959136963,10.101938262742284,0.8672502040863037
13810.SOH.SHED.D4.2020.T4,D4,4.0,,76.94444444,outdoor_caged,,4.400979995727539,10.101938262742284,0.40097999572753906
13810.SOH.SHED.D4.2020.T5,D4,5.0,,96.66666667,outdoor_caged,,3.4929347038269043,10.101938262742284,1.5070652961730957
13810.SOH.SHED.D4.2020.T6,D4,6.0,,111.2222222,outdoor_caged,,5.952872276306152,10.101938262742284,0.047127723693847656
13810.SOH.SHED.D4.2020.T7,D4,7.0,,132.2222222,outdoor_caged,,5.27649450302124,10.101938262742284,1.7235054969787598
13810.SOH.SHED.D4.2020.T8,D4,8.0,,148.8333333,outdoor_caged,,3.342251777648926,10.101938262742284,4.657748222351074
13810.SOH.SHED.D4.2020.T9,D4,9.0,,167.5555556,outdoor_caged,,6.092418193817139,10.101938262742284,2.9075818061828613
13810.SOH.SHED.D6.2020.T1,D6,1.0,,8.833333333,outdoor_uncaged,,2.632533073425293,10.02488231338265,1.632533073425293
13810.SOH.SHED.D6.2020.T10,D6,10.0,,123.8333333,outdoor_uncaged,,9.403200149536133,10.02488231338265,0.5967998504638672
13810.SOH.SHED.D6.2020.T11,D6,11.0,,130.0555556,outdoor_uncaged,,7.760278701782227,10.02488231338265,3.2397212982177734
13810.SOH.SHED.D6.2020.T12,D6,12.0,,137.8333333,outdoor_uncaged,,6.769110202789307,10.02488231338265,5.230889797210693
13810.SOH.SHED.D6.2020.T13,D6,13.0,,143.3888889,outdoor_uncaged,,10.860885620117188,10.02488231338265,2.1391143798828125
13810.SOH.SHED.D6.2020.T14,D6,14.0,,149.5555556,outdoor_uncaged,,10.459918975830078,10.02488231338265,3.540081024169922
13810.SOH.SHED.D6.2020.T15,D6,15.0,,162.1666667,outdoor_uncaged,,13.919468879699707,10.02488231338265,1.080531120300293
13810.SOH.SHED.D6.2020.T16,D6,16.0,,177.1111111,outdoor_uncaged,,13.910017013549805,10.02488231338265,2.0899829864501953
13810.SOH.SHED.D6.2020.T17,D6,17.0,,187.0555556,outdoor_uncaged,,17.32682228088379,10.02488231338265,0.32682228088378906
13810.SOH.SHED.D6.2020.T18,D6,18.0,,199.8888889,outdoor_uncaged,,10.866769790649414,10.02488231338265,7.133230209350586
13810.SOH.SHED.D6.2020.T19,D6,19.0,,214.1111111,outdoor_uncaged,,14.003642082214355,10.02488231338265,4.9963579177856445
13810.SOH.SHED.D6.2020.T2,D6,2.0,,17.33333333,outdoor_uncaged,,2.754575252532959,10.02488231338265,0.754575252532959
13810.SOH.SHED.D6.2020.T20,D6,20.0,,231.8888889,outdoor_uncaged,,14.230579376220703,10.02488231338265,5.769420623779297
13810.SOH.SHED.D6.2020.T3,D6,3.0,,25.83333333,outdoor_uncaged,,2.0659632682800293,10.02488231338265,0.9340367317199707
13810.SOH.SHED.D6.2020.T4,D6,4.0,,37.16666667,outdoor_uncaged,,2.3432376384735107,10.02488231338265,1.6567623615264893
13810.SOH.SHED.D6.2020.T5,D6,5.0,,49.55555556,outdoor_uncaged,,2.6073601245880127,10.02488231338265,2.3926398754119873
13810.SOH.SHED.D6.2020.T6,D6,6.0,,63.77777778,outdoor_uncaged,,2.9586398601531982,10.02488231338265,3.0413601398468018
13810.SOH.SHED.D6.2020.T7,D6,7.0,,80.05555556,outdoor_uncaged,,3.1179399490356445,10.02488231338265,3.8820600509643555
13810.SOH.SHED.D6.2020.T8,D6,8.0,,98.16666667,outdoor_uncaged,,2.9875073432922363,10.02488231338265,5.012492656707764
13810.SOH.SHED.D6.2020.T9,D6,9.0,,112.5,outdoor_uncaged,,10.913058280944824,10.02488231338265,1.9130582809448242
13810.SOH.SHED.D8.2020.T1,D8,1.0,,16.61111111,outdoor_caged,,10.116914749145508,10.02488231338265,9.116914749145508
13810.SOH.SHED.D8.2020.T10,D8,10.0,,126.6666667,outdoor_caged,,5.2805328369140625,10.02488231338265,4.7194671630859375
13810.SOH.SHED.D8.2020.T11,D8,11.0,,135.1666667,outdoor_caged,,8.86876106262207,10.02488231338265,2.1312389373779297
13810.SOH.SHED.D8.2020.T12,D8,12.0,,143.6666667,outdoor_caged,,8.324201583862305,10.02488231338265,3.6757984161376953
13810.SOH.SHED.D8.2020.T13,D8,13.0,,155.0,outdoor_caged,,7.28863525390625,10.02488231338265,5.71136474609375
13810.SOH.SHED.D8.2020.T14,D8,14.0,,167.3888889,outdoor_caged,,9.293360710144043,10.02488231338265,4.706639289855957
13810.SOH.SHED.D8.2020.T15,D8,15.0,,181.6111111,outdoor_caged,,10.582571983337402,10.02488231338265,4.417428016662598
13810.SOH.SHED.D8.2020.T16,D8,16.0,,197.8888889,outdoor_caged,,8.687711715698242,10.02488231338265,7.312288284301758
13810.SOH.SHED.D8.2020.T17,D8,17.0,,216.0,outdoor_caged,,11.220967292785645,10.02488231338265,5.7790327072143555
13810.SOH.SHED.D8.2020.T18,D8,18.0,,230.3333333,outdoor_caged,,6.661859035491943,10.02488231338265,11.338140964508057
13810.SOH.SHED.D8.2020.T19,D8,19.0,,241.6666667,outdoor_caged,,10.041800498962402,10.02488231338265,8.958199501037598
13810.SOH.SHED.D8.2020.T20,D8,20.0,,247.8888889,outdoor_caged,,12.514811515808105,10.02488231338265,7.4851884841918945
13810.SOH.SHED.D8.2020.T3,D8,3.0,,55.61111111,outdoor_caged,,1.50822114944458,10.02488231338265,1.49177885055542
13810.SOH.SHED.D8.2020.T4,D8,4.0,,70.61111111,outdoor_caged,,4.9601593017578125,10.02488231338265,0.9601593017578125
13810.SOH.SHED.D8.2020.T5,D8,5.0,,81.55555556,outdoor_caged,,3.3000965118408203,10.02488231338265,1.6999034881591797
13810.SOH.SHED.D8.2020.T6,D8,6.0,,88.27777778,outdoor_caged,,4.378349781036377,10.02488231338265,1.621650218963623
13810.SOH.SHED.D8.2020.T7,D8,7.0,,96.66666667,outdoor_caged,,4.9905853271484375,10.02488231338265,2.0094146728515625
13810.SOH.SHED.D8.2020.T8,D8,8.0,,109.8888889,outdoor_caged,,4.7589569091796875,10.02488231338265,3.2410430908203125
13810.SOH.SHED.D8.2020.T9,D8,9.0,,117.8333333,outdoor_caged,,3.0474319458007812,10.02488231338265,5.952568054199219
13810.SPS.SHED.D10.2020.T0,D10,0.0,,0.0,outdoor_uncaged,,3.6678638458251953,10.101938262742284,3.6678638458251953
13810.SPS.SHED.D11.2020.T0,D11,0.0,,0.0,outdoor_caged,,1.0769813060760498,10.1115760111576,1.0769813060760498
13810.SPS.SHED.D12.2020.T0,D12,0.0,,0.0,outdoor_uncaged,,3.160126209259033,10.087076710435383,3.160126209259033
13810.SPS.SHED.D13.2021.T0,D13,0.0,,0.0,outdoor_caged,,3.828134536743164,10.087076710435383,3.828134536743164
13810.SPS.SHED.D15.2021.T0,D15,0.0,,0.0,outdoor_caged,,3.809147834777832,10.087076710435383,3.809147834777832
13810.SPS.SHED.D17.2021.T0,D17,0.0,,0.0,outdoor_caged,,3.4380574226379395,10.118323191345503,3.4380574226379395
13810.SPS.SHED.D19.2021.T0.1,D19,0.0,,0.0,outdoor_caged,,1.7209126949310303,10.101938262742284,1.7209126949310303
13810.SPS.SHED.D21.2021.T0.1,D21,0.0,,0.0,outdoor_caged,,2.0048515796661377,10.101938262742284,2.0048515796661377
13810.SPS.SHED.D23.2021.T0.1,D23,0.0,,0.0,outdoor_caged,,1.0628795623779297,10.101938262742284,1.0628795623779297
13810.SPS.SHED.D25.2021.T0.1,D25,0.0,,0.0,outdoor_caged,,5.800674915313721,10.087076710435383,5.800674915313721
13810.SPS.SHED.D27.2021.T0.1,D27,0.0,,0.0,outdoor_caged,,3.5926427841186523,10.1115760111576,3.5926427841186523
13810.SPS.SHED.D29.2021.T0.1,D29,0.0,,0.0,outdoor_caged,,2.0418484210968018,10.118323191345503,2.0418484210968018
13810.SPS.SHED.D4.2020.T0,D4,0.0,,0.0,outdoor_caged,,3.4526925086975098,10.101938262742284,3.4526925086975098
13810.SPS.SHED.D6.2020.T0,D6,0.0,,0.0,outdoor_uncaged,,2.2807986736297607,10.02488231338265,2.2807986736297607
13810.SPS.SHED.D8.2020.T0,D8,0.0,,0.0,outdoor_caged,,2.2016451358795166,10.02488231338265,2.2016451358795166
