SAMPID,SUBJID,tissue,actual_time_min,oof_predicted_time_min
GTEX-111CU-0326-SM-5GZXO,GTEX-111CU,Lung,70.0,259.32348030978915
GTEX-111CU-2026-SM-5GZZC,GTEX-111CU,Muscle - Skeletal,144.0,259.32348030978915
GTEX-111CU-2226-SM-5N9G5,GTEX-111CU,Nerve - Tibial,148.0,259.32348030978915
GTEX-111FC-0126-SM-5N9DL,GTEX-111FC,Skin - Sun Exposed (Lower leg),1036.0,859.8622899318912
GTEX-111FC-0326-SM-5GZZ1,GTEX-111FC,Muscle - Skeletal,1045.0,859.8622899318912
GTEX-111FC-0526-SM-5GZZ8,GTEX-111FC,Nerve - Tibial,1050.0,859.8622899318912
GTEX-111FC-1126-SM-5GZWU,GTEX-111FC,Lung,1080.0,859.8622899318912
GTEX-111VG-0726-SM-5GIDC,GTEX-111VG,Lung,1017.0,858.9496741409957
GTEX-111VG-2426-SM-5GZXD,GTEX-111VG,Skin - Sun Exposed (Lower leg),1084.0,858.9496741409957
GTEX-111VG-2526-SM-5GZXP,GTEX-111VG,Nerve - Tibial,1087.0,858.9496741409957
GTEX-111VG-2626-SM-5GZY2,GTEX-111VG,Muscle - Skeletal,1088.0,858.9496741409957
GTEX-111YS-0626-SM-5GZXV,GTEX-111YS,Lung,133.0,222.7710015986704
GTEX-111YS-2126-SM-5EGGM,GTEX-111YS,Nerve - Tibial,289.0,222.7710015986704
GTEX-111YS-2326-SM-5987L,GTEX-111YS,Muscle - Skeletal,294.0,222.7710015986704
GTEX-1122O-0126-SM-5GICA,GTEX-1122O,Lung,68.0,162.3963150638167
GTEX-1122O-2126-SM-5EGIR,GTEX-1122O,Skin - Sun Exposed (Lower leg),128.0,162.3963150638167
GTEX-1122O-2426-SM-5GIDN,GTEX-1122O,Muscle - Skeletal,131.0,162.3963150638167
GTEX-1128S-0726-SM-5N9D6,GTEX-1128S,Lung,840.0,1000.5507960501449
GTEX-1128S-2326-SM-5GZZY,GTEX-1128S,Skin - Sun Exposed (Lower leg),886.0,1000.5507960501449
GTEX-1128S-2426-SM-5H11B,GTEX-1128S,Muscle - Skeletal,889.0,1000.5507960501449
GTEX-113IC-0126-SM-5HL6T,GTEX-113IC,Skin - Sun Exposed (Lower leg),94.0,322.626017831171
GTEX-113IC-0526-SM-5HL76,GTEX-113IC,Nerve - Tibial,105.0,322.626017831171
GTEX-113JC-2326-SM-5EQ4E,GTEX-113JC,Skin - Sun Exposed (Lower leg),681.0,929.5072421246489
GTEX-113JC-2726-SM-5EGIS,GTEX-113JC,Muscle - Skeletal,686.0,929.5072421246489
GTEX-117XS-2526-SM-5H11G,GTEX-117XS,Muscle - Skeletal,914.0,874.3633618671324
GTEX-117XS-2726-SM-5N9BL,GTEX-117XS,Skin - Sun Exposed (Lower leg),916.0,874.3633618671324
GTEX-117YW-0526-SM-5H11C,GTEX-117YW,Lung,825.0,1002.9501171674333
GTEX-117YW-2426-SM-5Q5AE,GTEX-117YW,Muscle - Skeletal,978.0,1002.9501171674333
GTEX-117YW-2626-SM-5GZZH,GTEX-117YW,Skin - Sun Exposed (Lower leg),982.0,1002.9501171674333
GTEX-117YX-1326-SM-5H125,GTEX-117YX,Lung,106.0,211.1839682165246
GTEX-117YX-2326-SM-5H12W,GTEX-117YX,Skin - Sun Exposed (Lower leg),147.0,211.1839682165246
GTEX-117YX-2426-SM-5GZZJ,GTEX-117YX,Nerve - Tibial,149.0,211.1839682165246
GTEX-117YX-2526-SM-5EQ4Q,GTEX-117YX,Muscle - Skeletal,154.0,211.1839682165246
GTEX-1192W-2626-SM-5Q5AF,GTEX-1192W,Skin - Sun Exposed (Lower leg),810.0,996.2970396804315
GTEX-1192X-0226-SM-5H12D,GTEX-1192X,Skin - Sun Exposed (Lower leg),856.0,757.2958349154724
GTEX-1192X-0326-SM-5H11U,GTEX-1192X,Nerve - Tibial,859.0,757.2958349154724
GTEX-1192X-0426-SM-5GIEE,GTEX-1192X,Muscle - Skeletal,859.0,757.2958349154724
GTEX-11DXW-0226-SM-5H122,GTEX-11DXW,Skin - Sun Exposed (Lower leg),1089.0,973.6571727595947
GTEX-11DXW-0426-SM-5H12E,GTEX-11DXW,Nerve - Tibial,1094.0,973.6571727595947
GTEX-11DXW-0726-SM-5H12J,GTEX-11DXW,Muscle - Skeletal,1105.0,973.6571727595947
GTEX-11DXX-0626-SM-5Q5AG,GTEX-11DXX,Lung,93.0,189.54364375672748
GTEX-11DXX-2426-SM-5GZZW,GTEX-11DXX,Skin - Sun Exposed (Lower leg),161.0,189.54364375672748
GTEX-11DXX-2526-SM-5H119,GTEX-11DXX,Nerve - Tibial,163.0,189.54364375672748
GTEX-11DXX-2726-SM-5PNXO,GTEX-11DXX,Muscle - Skeletal,166.0,189.54364375672748
GTEX-11DXY-2626-SM-5GIE7,GTEX-11DXY,Skin - Sun Exposed (Lower leg),963.0,978.7575908446233
GTEX-11DXY-2726-SM-5GID2,GTEX-11DXY,Muscle - Skeletal,964.0,978.7575908446233
GTEX-11DXZ-0726-SM-5N9C4,GTEX-11DXZ,Lung,283.0,223.5550363785257
GTEX-11DXZ-2326-SM-5EGGV,GTEX-11DXZ,Skin - Sun Exposed (Lower leg),328.0,223.5550363785257
GTEX-11DXZ-2426-SM-5N9DT,GTEX-11DXZ,Muscle - Skeletal,330.0,223.5550363785257
GTEX-11DXZ-2526-SM-5N9BG,GTEX-11DXZ,Nerve - Tibial,331.0,223.5550363785257
GTEX-11DYG-0126-SM-59883,GTEX-11DYG,Skin - Sun Exposed (Lower leg),781.0,878.9956502765649
GTEX-11DYG-0426-SM-5987J,GTEX-11DYG,Nerve - Tibial,814.0,878.9956502765649
GTEX-11DZ1-0126-SM-5985Q,GTEX-11DZ1,Skin - Sun Exposed (Lower leg),1193.0,854.5914548672018
GTEX-11EI6-0126-SM-5985R,GTEX-11EI6,Skin - Sun Exposed (Lower leg),969.0,750.4580593843859
GTEX-11EI6-0326-SM-5EQ6G,GTEX-11EI6,Muscle - Skeletal,973.0,750.4580593843859
GTEX-11EI6-0426-SM-5EQ43,GTEX-11EI6,Nerve - Tibial,974.0,750.4580593843859
GTEX-11EI6-0826-SM-5985V,GTEX-11EI6,Lung,991.0,750.4580593843859
GTEX-11EM3-2126-SM-5H11M,GTEX-11EM3,Muscle - Skeletal,233.0,307.954266863606
GTEX-11EM3-2426-SM-59861,GTEX-11EM3,Skin - Sun Exposed (Lower leg),240.0,307.954266863606
GTEX-11EMC-0126-SM-5EGKV,GTEX-11EMC,Lung,670.0,694.4917464064464
GTEX-11EMC-2626-SM-59864,GTEX-11EMC,Muscle - Skeletal,805.0,694.4917464064464
GTEX-11EMC-2926-SM-5EQ4F,GTEX-11EMC,Skin - Sun Exposed (Lower leg),809.0,694.4917464064464
GTEX-11EQ8-0526-SM-5N9BC,GTEX-11EQ8,Muscle - Skeletal,471.0,609.5883696461465
GTEX-11EQ9-0226-SM-5A5JX,GTEX-11EQ9,Lung,74.0,595.8704343302003
GTEX-11EQ9-2126-SM-5PNVW,GTEX-11EQ9,Muscle - Skeletal,318.0,595.8704343302003
GTEX-11EQ9-2326-SM-5HL5H,GTEX-11EQ9,Nerve - Tibial,320.0,595.8704343302003
GTEX-11EQ9-2426-SM-5HL5T,GTEX-11EQ9,Skin - Sun Exposed (Lower leg),321.0,595.8704343302003
GTEX-11GS4-2526-SM-5A5KT,GTEX-11GS4,Muscle - Skeletal,913.0,813.9986357288193
GTEX-11GS4-2726-SM-5A5LE,GTEX-11GS4,Skin - Sun Exposed (Lower leg),915.0,813.9986357288193
GTEX-11GS4-2826-SM-5HL56,GTEX-11GS4,Nerve - Tibial,917.0,813.9986357288193
GTEX-11GSO-2426-SM-5A5LY,GTEX-11GSO,Skin - Sun Exposed (Lower leg),969.0,1049.2503352522872
GTEX-11GSO-2526-SM-5PNVX,GTEX-11GSO,Muscle - Skeletal,971.0,1049.2503352522872
GTEX-11GSO-2626-SM-5Q5AK,GTEX-11GSO,Nerve - Tibial,972.0,1049.2503352522872
GTEX-11GSP-0726-SM-5986L,GTEX-11GSP,Lung,773.0,983.6038595635866
GTEX-11GSP-2526-SM-5N9BP,GTEX-11GSP,Skin - Sun Exposed (Lower leg),920.0,983.6038595635866
GTEX-11GSP-2726-SM-5A5LJ,GTEX-11GSP,Muscle - Skeletal,921.0,983.6038595635866
GTEX-11GSP-2826-SM-5A5LK,GTEX-11GSP,Nerve - Tibial,921.0,983.6038595635866
GTEX-11H98-0126-SM-5EGHG,GTEX-11H98,Skin - Sun Exposed (Lower leg),733.0,1017.4780448141059
GTEX-11H98-0326-SM-5HL4S,GTEX-11H98,Muscle - Skeletal,744.0,1017.4780448141059
GTEX-11H98-0426-SM-5HL55,GTEX-11H98,Nerve - Tibial,746.0,1017.4780448141059
GTEX-11I78-0126-SM-5HL6F,GTEX-11I78,Lung,80.0,187.45399573168697
GTEX-11I78-2426-SM-5A5K9,GTEX-11I78,Muscle - Skeletal,159.0,187.45399573168697
GTEX-11LCK-0426-SM-5A5M8,GTEX-11LCK,Lung,195.0,156.14067188638927
GTEX-11LCK-1026-SM-5A5KB,GTEX-11LCK,Skin - Sun Exposed (Lower leg),259.0,156.14067188638927
GTEX-11LCK-1226-SM-5Q5AM,GTEX-11LCK,Muscle - Skeletal,273.0,156.14067188638927
GTEX-11LCK-1326-SM-5Q5AN,GTEX-11LCK,Nerve - Tibial,296.0,156.14067188638927
GTEX-11NSD-0326-SM-5A5LS,GTEX-11NSD,Lung,84.0,285.69506616304926
GTEX-11NSD-1826-SM-5N9CF,GTEX-11NSD,Nerve - Tibial,288.0,285.69506616304926
GTEX-11NSD-2026-SM-5HL5U,GTEX-11NSD,Muscle - Skeletal,288.0,285.69506616304926
GTEX-11NSD-2226-SM-5986V,GTEX-11NSD,Skin - Sun Exposed (Lower leg),287.0,285.69506616304926
GTEX-11NUK-0126-SM-5A5L3,GTEX-11NUK,Skin - Sun Exposed (Lower leg),894.0,817.6055292772271
GTEX-11NUK-0226-SM-5A5L4,GTEX-11NUK,Muscle - Skeletal,895.0,817.6055292772271
GTEX-11NUK-0426-SM-5HL5V,GTEX-11NUK,Nerve - Tibial,902.0,817.6055292772271
GTEX-11NUK-0826-SM-5HL4U,GTEX-11NUK,Lung,950.0,817.6055292772271
GTEX-11NV4-0326-SM-5HL58,GTEX-11NV4,Muscle - Skeletal,1020.0,858.8833841773828
GTEX-11NV4-1126-SM-5HL6J,GTEX-11NV4,Lung,1135.0,858.8833841773828
GTEX-11O72-0126-SM-59887,GTEX-11O72,Skin - Sun Exposed (Lower leg),922.0,924.6648072635958
GTEX-11O72-0326-SM-5986D,GTEX-11O72,Muscle - Skeletal,946.0,924.6648072635958
GTEX-11O72-0526-SM-5Q5AO,GTEX-11O72,Nerve - Tibial,959.0,924.6648072635958
GTEX-11O72-1326-SM-5BC5A,GTEX-11O72,Lung,988.0,924.6648072635958
GTEX-11OF3-1126-SM-5986C,GTEX-11OF3,Lung,796.0,1002.496647557241
GTEX-11OF3-2526-SM-5P9JL,GTEX-11OF3,Muscle - Skeletal,887.0,1002.496647557241
GTEX-11OF3-2626-SM-5GU7F,GTEX-11OF3,Skin - Sun Exposed (Lower leg),887.0,1002.496647557241
GTEX-11ONC-2326-SM-5HL6P,GTEX-11ONC,Nerve - Tibial,734.0,847.9243397201417
GTEX-11ONC-2426-SM-5GU7H,GTEX-11ONC,Muscle - Skeletal,734.0,847.9243397201417
GTEX-11P7K-0326-SM-59871,GTEX-11P7K,Lung,101.0,281.19930513595875
GTEX-11P7K-1926-SM-5GU6R,GTEX-11P7K,Muscle - Skeletal,346.0,281.19930513595875
GTEX-11P7K-2126-SM-5GU7G,GTEX-11P7K,Skin - Sun Exposed (Lower leg),351.0,281.19930513595875
GTEX-11P7K-2226-SM-5GU56,GTEX-11P7K,Nerve - Tibial,355.0,281.19930513595875
GTEX-11P81-0226-SM-5HL5M,GTEX-11P81,Lung,236.0,360.21675612003924
GTEX-11P81-2326-SM-59875,GTEX-11P81,Skin - Sun Exposed (Lower leg),350.0,360.21675612003924
GTEX-11P81-2526-SM-5GU6H,GTEX-11P81,Muscle - Skeletal,348.0,360.21675612003924
GTEX-11P81-2626-SM-5GU6T,GTEX-11P81,Nerve - Tibial,361.0,360.21675612003924
GTEX-11P82-1626-SM-59879,GTEX-11P82,Skin - Sun Exposed (Lower leg),194.0,747.4253355103733
GTEX-11P82-1826-SM-5PNYJ,GTEX-11P82,Muscle - Skeletal,197.0,747.4253355103733
GTEX-11P82-1926-SM-5Q5AU,GTEX-11P82,Nerve - Tibial,198.0,747.4253355103733
GTEX-11PRG-0126-SM-5BC55,GTEX-11PRG,Nerve - Tibial,831.0,884.5900071180108
GTEX-11PRG-0326-SM-5GU53,GTEX-11PRG,Muscle - Skeletal,837.0,884.5900071180108
GTEX-11PRG-0926-SM-5EGI8,GTEX-11PRG,Lung,854.0,884.5900071180108
GTEX-11TT1-1626-SM-5EQL7,GTEX-11TT1,Lung,96.0,205.00061681906965
GTEX-11TT1-2326-SM-5GU6N,GTEX-11TT1,Muscle - Skeletal,132.0,205.00061681906965
GTEX-11TT1-2526-SM-5EGIB,GTEX-11TT1,Skin - Sun Exposed (Lower leg),135.0,205.00061681906965
GTEX-11TT1-2626-SM-5EGL2,GTEX-11TT1,Nerve - Tibial,138.0,205.00061681906965
GTEX-11TTK-0126-SM-5987B,GTEX-11TTK,Skin - Sun Exposed (Lower leg),1122.0,787.6816934562567
GTEX-11TTK-0326-SM-5BC5N,GTEX-11TTK,Muscle - Skeletal,1126.0,787.6816934562567
GTEX-11TTK-0426-SM-5EQLT,GTEX-11TTK,Nerve - Tibial,1128.0,787.6816934562567
GTEX-11TUW-0526-SM-5LU9A,GTEX-11TUW,Lung,727.0,851.6812492537083
GTEX-11TUW-2526-SM-5EQKN,GTEX-11TUW,Muscle - Skeletal,819.0,851.6812492537083
GTEX-11TUW-2726-SM-E9J4M,GTEX-11TUW,Skin - Sun Exposed (Lower leg),824.0,851.6812492537083
GTEX-11UD2-0226-SM-5EQKY,GTEX-11UD2,Skin - Sun Exposed (Lower leg),845.0,956.9895620271905
GTEX-11UD2-0326-SM-5EQLE,GTEX-11UD2,Muscle - Skeletal,849.0,956.9895620271905
GTEX-11UD2-0426-SM-5EQ5W,GTEX-11UD2,Nerve - Tibial,852.0,956.9895620271905
GTEX-11UD2-0726-SM-5EQ69,GTEX-11UD2,Lung,889.0,956.9895620271905
GTEX-11VI4-1726-SM-5CVLH,GTEX-11VI4,Skin - Sun Exposed (Lower leg),315.0,306.7146463694386
GTEX-11VI4-1926-SM-5CVLI,GTEX-11VI4,Muscle - Skeletal,321.0,306.7146463694386
GTEX-11VI4-2126-SM-5EGI1,GTEX-11VI4,Nerve - Tibial,325.0,306.7146463694386
GTEX-11WQC-0626-SM-5EQMF,GTEX-11WQC,Lung,693.0,854.2828071981845
GTEX-11WQC-2526-SM-5CVLE,GTEX-11WQC,Skin - Sun Exposed (Lower leg),818.0,854.2828071981845
GTEX-11WQC-2626-SM-5CVLF,GTEX-11WQC,Muscle - Skeletal,819.0,854.2828071981845
GTEX-11WQC-2826-SM-5GU7A,GTEX-11WQC,Nerve - Tibial,824.0,854.2828071981845
GTEX-11WQK-0526-SM-5EQLD,GTEX-11WQK,Skin - Sun Exposed (Lower leg),731.0,803.4099917401122
GTEX-11WQK-0726-SM-5GU71,GTEX-11WQK,Muscle - Skeletal,738.0,803.4099917401122
GTEX-11WQK-1226-SM-5GU5Z,GTEX-11WQK,Lung,776.0,803.4099917401122
GTEX-11XUK-2026-SM-5EQLF,GTEX-11XUK,Skin - Sun Exposed (Lower leg),334.0,251.16389954453325
GTEX-11XUK-2226-SM-5CVLL,GTEX-11XUK,Muscle - Skeletal,338.0,251.16389954453325
GTEX-11XUK-2326-SM-5CVLM,GTEX-11XUK,Nerve - Tibial,342.0,251.16389954453325
GTEX-11ZTS-0126-SM-5EQ6M,GTEX-11ZTS,Skin - Sun Exposed (Lower leg),599.0,786.6641510391947
GTEX-11ZTS-0526-SM-5CVL9,GTEX-11ZTS,Muscle - Skeletal,605.0,786.6641510391947
GTEX-11ZTS-1226-SM-5EQMQ,GTEX-11ZTS,Lung,650.0,786.6641510391947
GTEX-11ZTT-0626-SM-5EQLM,GTEX-11ZTT,Lung,172.0,252.9361124754529
GTEX-11ZTT-2426-SM-5EQLS,GTEX-11ZTT,Skin - Sun Exposed (Lower leg),247.0,252.9361124754529
GTEX-11ZTT-2626-SM-5EQKK,GTEX-11ZTT,Muscle - Skeletal,256.0,252.9361124754529
GTEX-11ZU8-2326-SM-5EQMJ,GTEX-11ZU8,Muscle - Skeletal,1016.0,890.4458677034113
GTEX-11ZU8-2526-SM-5EQKI,GTEX-11ZU8,Skin - Sun Exposed (Lower leg),1020.0,890.4458677034113
GTEX-11ZU8-2626-SM-5EQLL,GTEX-11ZU8,Nerve - Tibial,1022.0,890.4458677034113
GTEX-11ZVC-0226-SM-731E8,GTEX-11ZVC,Lung,521.0,716.6561214252889
GTEX-11ZVC-2526-SM-5FQTE,GTEX-11ZVC,Skin - Sun Exposed (Lower leg),640.0,716.6561214252889
GTEX-11ZVC-2726-SM-5FQSZ,GTEX-11ZVC,Muscle - Skeletal,643.0,716.6561214252889
GTEX-11ZVC-2826-SM-5FQTC,GTEX-11ZVC,Nerve - Tibial,645.0,716.6561214252889
GTEX-1211K-0826-SM-5FQUP,GTEX-1211K,Lung,92.0,212.6723502161135
GTEX-1211K-2026-SM-5EQ4Z,GTEX-1211K,Skin - Sun Exposed (Lower leg),145.0,212.6723502161135
GTEX-1211K-2126-SM-59HJZ,GTEX-1211K,Muscle - Skeletal,147.0,212.6723502161135
GTEX-1211K-2326-SM-5FQU7,GTEX-1211K,Nerve - Tibial,151.0,212.6723502161135
GTEX-12126-0326-SM-5PNW3,GTEX-12126,Skin - Sun Exposed (Lower leg),927.0,881.76187661093
GTEX-12126-0526-SM-5PNW4,GTEX-12126,Muscle - Skeletal,935.0,881.76187661093
GTEX-12126-0626-SM-5Q5AQ,GTEX-12126,Nerve - Tibial,940.0,881.76187661093
GTEX-1212Z-1026-SM-5EGJ8,GTEX-1212Z,Lung,636.0,932.1797750176661
GTEX-1212Z-2526-SM-5EGKP,GTEX-1212Z,Skin - Sun Exposed (Lower leg),757.0,932.1797750176661
GTEX-1212Z-2626-SM-5YY8P,GTEX-1212Z,Muscle - Skeletal,761.0,932.1797750176661
GTEX-1212Z-2726-SM-5EQ59,GTEX-1212Z,Nerve - Tibial,762.0,932.1797750176661
GTEX-12584-0126-SM-5EGKQ,GTEX-12584,Skin - Sun Exposed (Lower leg),926.0,858.0318395795761
GTEX-12584-0326-SM-59HK2,GTEX-12584,Nerve - Tibial,934.0,858.0318395795761
GTEX-12584-0526-SM-5FQTS,GTEX-12584,Muscle - Skeletal,947.0,858.0318395795761
GTEX-12584-1426-SM-5EGJ9,GTEX-12584,Lung,1006.0,858.0318395795761
GTEX-12696-1026-SM-5FQUV,GTEX-12696,Lung,524.0,770.084506055116
GTEX-12696-2426-SM-5EQ6H,GTEX-12696,Skin - Sun Exposed (Lower leg),600.0,770.084506055116
GTEX-12696-2626-SM-5EQ44,GTEX-12696,Nerve - Tibial,605.0,770.084506055116
GTEX-12696-2826-SM-5FQTY,GTEX-12696,Muscle - Skeletal,614.0,770.084506055116
GTEX-1269C-0926-SM-5FQSR,GTEX-1269C,Lung,800.0,843.6868685632596
GTEX-1269C-2526-SM-5EGJ3,GTEX-1269C,Skin - Sun Exposed (Lower leg),985.0,843.6868685632596
GTEX-1269C-2626-SM-5EQ5C,GTEX-1269C,Muscle - Skeletal,986.0,843.6868685632596
GTEX-12BJ1-1026-SM-5EGJA,GTEX-12BJ1,Lung,126.0,284.5473816821572
GTEX-12BJ1-2526-SM-5FQUE,GTEX-12BJ1,Muscle - Skeletal,306.0,284.5473816821572
GTEX-12BJ1-2626-SM-5FQUF,GTEX-12BJ1,Nerve - Tibial,309.0,284.5473816821572
GTEX-12C56-1726-SM-5EQ61,GTEX-12C56,Skin - Sun Exposed (Lower leg),241.0,405.9250371894438
GTEX-12C56-1826-SM-5EQ6D,GTEX-12C56,Nerve - Tibial,249.0,405.9250371894438
GTEX-12C56-1926-SM-5FQUG,GTEX-12C56,Muscle - Skeletal,250.0,405.9250371894438
GTEX-12KS4-0326-SM-5EQ41,GTEX-12KS4,Skin - Sun Exposed (Lower leg),464.0,332.09759727161236
GTEX-12KS4-0726-SM-5FQSX,GTEX-12KS4,Lung,485.0,332.09759727161236
GTEX-12KS4-0826-SM-5BC5R,GTEX-12KS4,Muscle - Skeletal,491.0,332.09759727161236
GTEX-12KS4-1126-SM-5FQUI,GTEX-12KS4,Nerve - Tibial,496.0,332.09759727161236
GTEX-12WSA-0226-SM-5BC5V,GTEX-12WSA,Skin - Sun Exposed (Lower leg),934.0,605.2687778666009
GTEX-12WSA-0726-SM-5FQU2,GTEX-12WSA,Muscle - Skeletal,955.0,605.2687778666009
GTEX-12WSA-1026-SM-5EGHN,GTEX-12WSA,Lung,980.0,605.2687778666009
GTEX-12WSC-0126-SM-5EQ4P,GTEX-12WSC,Skin - Sun Exposed (Lower leg),787.0,900.3425187543726
GTEX-12WSC-0326-SM-5EQ5E,GTEX-12WSC,Muscle - Skeletal,793.0,900.3425187543726
GTEX-12WSD-0126-SM-59HKN,GTEX-12WSD,Skin - Sun Exposed (Lower leg),484.0,749.7727965021012
GTEX-12WSD-0326-SM-59HKP,GTEX-12WSD,Nerve - Tibial,491.0,749.7727965021012
GTEX-12WSD-0526-SM-5EQ6F,GTEX-12WSD,Muscle - Skeletal,496.0,749.7727965021012
GTEX-12WSD-0826-SM-5GCNE,GTEX-12WSD,Lung,514.0,749.7727965021012
GTEX-12WSF-0426-SM-7KUMT,GTEX-12WSF,Nerve - Tibial,845.0,816.3391358755155
GTEX-12WSF-0926-SM-6PALU,GTEX-12WSF,Muscle - Skeletal,857.0,816.3391358755155
GTEX-12WSG-2726-SM-5EQ5M,GTEX-12WSG,Nerve - Tibial,427.0,504.7924371432652
GTEX-12WSG-2826-SM-E9J4H,GTEX-12WSG,Skin - Sun Exposed (Lower leg),427.0,504.7924371432652
GTEX-12WSG-5004-SM-7EPG9,GTEX-12WSG,Lung,334.0,504.7924371432652
GTEX-12WSG-5016-SM-7SB84,GTEX-12WSG,Muscle - Skeletal,421.0,504.7924371432652
GTEX-12WSH-0126-SM-5GCO3,GTEX-12WSH,Lung,875.0,913.8175539742028
GTEX-12WSH-2526-SM-5CVNH,GTEX-12WSH,Muscle - Skeletal,1009.0,913.8175539742028
GTEX-12WSI-0826-SM-5EGKD,GTEX-12WSI,Lung,760.0,674.4327084823175
GTEX-12WSJ-0226-SM-5GCP7,GTEX-12WSJ,Lung,109.0,154.14929966481003
GTEX-12WSJ-1726-SM-5LZVV,GTEX-12WSJ,Muscle - Skeletal,202.0,154.14929966481003
GTEX-12WSJ-1826-SM-5GCNY,GTEX-12WSJ,Skin - Sun Exposed (Lower leg),208.0,154.14929966481003
GTEX-12WSK-0826-SM-5CVNP,GTEX-12WSK,Lung,157.0,266.2585196925652
GTEX-12WSK-2326-SM-5GCOH,GTEX-12WSK,Skin - Sun Exposed (Lower leg),208.0,266.2585196925652
GTEX-12WSK-2626-SM-5GCOT,GTEX-12WSK,Nerve - Tibial,215.0,266.2585196925652
GTEX-12WSL-1026-SM-5CVNJ,GTEX-12WSL,Lung,265.0,274.76048041508346
GTEX-12WSL-2526-SM-5GCNJ,GTEX-12WSL,Skin - Sun Exposed (Lower leg),353.0,274.76048041508346
GTEX-12WSL-2726-SM-5CVNL,GTEX-12WSL,Muscle - Skeletal,355.0,274.76048041508346
GTEX-12WSL-2826-SM-5LZWL,GTEX-12WSL,Nerve - Tibial,356.0,274.76048041508346
GTEX-12WSM-0326-SM-5LZVI,GTEX-12WSM,Muscle - Skeletal,845.0,761.8951342907947
GTEX-12WSM-0426-SM-5LZVU,GTEX-12WSM,Nerve - Tibial,847.0,761.8951342907947
GTEX-12WSN-2526-SM-5LZU8,GTEX-12WSN,Muscle - Skeletal,299.0,284.99407135409336
GTEX-12WSN-5004-SM-793CE,GTEX-12WSN,Lung,186.0,284.99407135409336
GTEX-12WSN-5019-SM-79OM6,GTEX-12WSN,Skin - Sun Exposed (Lower leg),292.0,284.99407135409336
GTEX-12ZZW-0926-SM-5LZUD,GTEX-12ZZW,Lung,1166.0,924.0268610356129
GTEX-12ZZX-0126-SM-5EGK9,GTEX-12ZZX,Skin - Sun Exposed (Lower leg),584.0,821.9530240199182
GTEX-12ZZX-0326-SM-5DUVH,GTEX-12ZZX,Muscle - Skeletal,621.0,821.9530240199182
GTEX-12ZZX-0426-SM-5DUVT,GTEX-12ZZX,Nerve - Tibial,627.0,821.9530240199182
GTEX-12ZZY-0226-SM-5LZVE,GTEX-12ZZY,Skin - Sun Exposed (Lower leg),510.0,848.2118071844482
GTEX-12ZZY-0426-SM-5LZW3,GTEX-12ZZY,Nerve - Tibial,524.0,848.2118071844482
GTEX-12ZZY-0626-SM-5EQ5T,GTEX-12ZZY,Muscle - Skeletal,539.0,848.2118071844482
GTEX-12ZZY-0926-SM-5EQ6I,GTEX-12ZZY,Lung,555.0,848.2118071844482
GTEX-12ZZZ-0226-SM-59HKU,GTEX-12ZZZ,Muscle - Skeletal,814.0,959.6919810006917
GTEX-12ZZZ-0626-SM-5DUXI,GTEX-12ZZZ,Skin - Sun Exposed (Lower leg),822.0,959.6919810006917
GTEX-13111-0426-SM-5DUXR,GTEX-13111,Lung,273.0,194.64275599144884
GTEX-13111-1626-SM-5EGJY,GTEX-13111,Skin - Sun Exposed (Lower leg),321.0,194.64275599144884
GTEX-13111-2026-SM-5GCMN,GTEX-13111,Nerve - Tibial,329.0,194.64275599144884
GTEX-13111-2226-SM-5LZUE,GTEX-13111,Muscle - Skeletal,336.0,194.64275599144884
GTEX-13113-2026-SM-5LZU3,GTEX-13113,Nerve - Tibial,299.0,188.23440790902185
GTEX-13113-5004-SM-79ONL,GTEX-13113,Lung,212.0,188.23440790902185
GTEX-13113-5016-SM-7EPIP,GTEX-13113,Skin - Sun Exposed (Lower leg),297.0,188.23440790902185
GTEX-13113-5019-SM-7EPH2,GTEX-13113,Muscle - Skeletal,304.0,188.23440790902185
GTEX-1313W-0126-SM-5LZUN,GTEX-1313W,Skin - Sun Exposed (Lower leg),618.0,821.3038400159433
GTEX-1313W-0326-SM-5LZU5,GTEX-1313W,Nerve - Tibial,623.0,821.3038400159433
GTEX-1313W-0526-SM-5P9FZ,GTEX-1313W,Muscle - Skeletal,635.0,821.3038400159433
GTEX-1313W-0926-SM-5EQ56,GTEX-1313W,Lung,671.0,821.3038400159433
GTEX-1314G-1526-SM-5EGK2,GTEX-1314G,Skin - Sun Exposed (Lower leg),477.0,472.65223123768095
GTEX-1314G-1726-SM-5LZUX,GTEX-1314G,Muscle - Skeletal,518.0,472.65223123768095
GTEX-1314G-1826-SM-5LZVA,GTEX-1314G,Nerve - Tibial,503.0,472.65223123768095
GTEX-131XE-0726-SM-5HL9K,GTEX-131XE,Lung,184.0,370.9362962808823
GTEX-131XE-2326-SM-5PNZ2,GTEX-131XE,Skin - Sun Exposed (Lower leg),240.0,370.9362962808823
GTEX-131XE-2526-SM-5EQ57,GTEX-131XE,Nerve - Tibial,246.0,370.9362962808823
GTEX-131XE-2726-SM-5P9G7,GTEX-131XE,Muscle - Skeletal,248.0,370.9362962808823
GTEX-131XF-1026-SM-5BC6A,GTEX-131XF,Lung,238.0,337.2528522587028
GTEX-131XF-2326-SM-5BC6B,GTEX-131XF,Muscle - Skeletal,400.0,337.2528522587028
GTEX-131XF-2426-SM-5BC6C,GTEX-131XF,Nerve - Tibial,388.0,337.2528522587028
GTEX-131XF-5016-SM-7MGWE,GTEX-131XF,Skin - Sun Exposed (Lower leg),383.0,337.2528522587028
GTEX-131XG-2326-SM-5HL8F,GTEX-131XG,Muscle - Skeletal,257.0,232.41037307286365
GTEX-131XG-2526-SM-5HL7F,GTEX-131XG,Nerve - Tibial,257.0,232.41037307286365
GTEX-131XG-2626-SM-5KM17,GTEX-131XG,Skin - Sun Exposed (Lower leg),258.0,232.41037307286365
GTEX-131XH-0426-SM-5DUWU,GTEX-131XH,Lung,1095.0,948.6583000320878
GTEX-131XW-0126-SM-5LZWD,GTEX-131XW,Nerve - Tibial,640.0,814.6808153618828
GTEX-131XW-0326-SM-5KM1J,GTEX-131XW,Muscle - Skeletal,650.0,814.6808153618828
GTEX-131XW-0426-SM-5LZWP,GTEX-131XW,Skin - Sun Exposed (Lower leg),655.0,814.6808153618828
GTEX-131XW-1126-SM-5EGK4,GTEX-131XW,Lung,707.0,814.6808153618828
GTEX-131YS-0126-SM-5KM1M,GTEX-131YS,Skin - Sun Exposed (Lower leg),942.0,766.6222409919021
GTEX-131YS-0326-SM-5PNYW,GTEX-131YS,Nerve - Tibial,948.0,766.6222409919021
GTEX-131YS-0526-SM-5EGKJ,GTEX-131YS,Muscle - Skeletal,953.0,766.6222409919021
GTEX-131YS-0926-SM-5IJB9,GTEX-131YS,Lung,990.0,766.6222409919021
GTEX-132AR-1026-SM-5PNVL,GTEX-132AR,Muscle - Skeletal,97.0,387.0057144143699
GTEX-132NY-0326-SM-5IJBL,GTEX-132NY,Skin - Sun Exposed (Lower leg),492.0,814.5471246010875
GTEX-132NY-0526-SM-5EQ4V,GTEX-132NY,Nerve - Tibial,497.0,814.5471246010875
GTEX-132NY-0726-SM-5KLZM,GTEX-132NY,Muscle - Skeletal,500.0,814.5471246010875
GTEX-132NY-1226-SM-5PNVF,GTEX-132NY,Lung,582.0,814.5471246010875
GTEX-132Q8-0626-SM-5L3F3,GTEX-132Q8,Muscle - Skeletal,795.0,775.3906947946112
GTEX-1339X-0626-SM-5IJER,GTEX-1339X,Lung,117.0,278.8438938068052
GTEX-1339X-2426-SM-5KLYU,GTEX-1339X,Muscle - Skeletal,199.0,278.8438938068052
GTEX-1339X-2726-SM-5PNYU,GTEX-1339X,Nerve - Tibial,204.0,278.8438938068052
GTEX-133LE-0526-SM-5N9EJ,GTEX-133LE,Lung,161.0,444.38213509612865
GTEX-133LE-1826-SM-5J1MV,GTEX-133LE,Skin - Sun Exposed (Lower leg),301.0,444.38213509612865
GTEX-133LE-2026-SM-5K7WM,GTEX-133LE,Muscle - Skeletal,308.0,444.38213509612865
GTEX-133LE-2126-SM-5IJBX,GTEX-133LE,Nerve - Tibial,314.0,444.38213509612865
GTEX-1399Q-2426-SM-5J2MO,GTEX-1399Q,Muscle - Skeletal,549.0,478.68827120472935
GTEX-1399R-2426-SM-5IJFC,GTEX-1399R,Nerve - Tibial,327.0,405.6355323341771
GTEX-1399R-2526-SM-5IFG2,GTEX-1399R,Muscle - Skeletal,329.0,405.6355323341771
GTEX-1399R-2726-SM-5IJBA,GTEX-1399R,Skin - Sun Exposed (Lower leg),334.0,405.6355323341771
GTEX-1399S-1726-SM-5L3DI,GTEX-1399S,Lung,122.0,207.1474368264694
GTEX-1399S-2426-SM-5K7U3,GTEX-1399S,Nerve - Tibial,149.0,207.1474368264694
GTEX-1399S-2726-SM-5KM22,GTEX-1399S,Muscle - Skeletal,155.0,207.1474368264694
GTEX-1399T-2426-SM-5L3FJ,GTEX-1399T,Muscle - Skeletal,938.0,959.0530550169783
GTEX-1399T-2826-SM-5KLYZ,GTEX-1399T,Skin - Sun Exposed (Lower leg),947.0,959.0530550169783
GTEX-1399U-0826-SM-5KM1P,GTEX-1399U,Lung,177.0,437.7311486801529
GTEX-1399U-2326-SM-5K7WY,GTEX-1399U,Skin - Sun Exposed (Lower leg),362.0,437.7311486801529
GTEX-1399U-2526-SM-5L3DL,GTEX-1399U,Muscle - Skeletal,365.0,437.7311486801529
GTEX-1399U-2626-SM-9YFKU,GTEX-1399U,Nerve - Tibial,356.0,437.7311486801529
GTEX-139D8-0226-SM-5KLZO,GTEX-139D8,Skin - Sun Exposed (Lower leg),417.0,454.69508403213973
GTEX-139D8-0726-SM-5P9GJ,GTEX-139D8,Muscle - Skeletal,427.0,454.69508403213973
GTEX-139T6-0426-SM-5IJEM,GTEX-139T6,Lung,142.0,232.96585826154438
GTEX-139T6-1726-SM-5PNZ3,GTEX-139T6,Nerve - Tibial,323.0,232.96585826154438
GTEX-139T6-2026-SM-5IFFL,GTEX-139T6,Muscle - Skeletal,334.0,232.96585826154438
GTEX-139T8-0126-SM-5K7XZ,GTEX-139T8,Skin - Sun Exposed (Lower leg),574.0,823.3156683424544
GTEX-139T8-0326-SM-5IJCM,GTEX-139T8,Nerve - Tibial,590.0,823.3156683424544
GTEX-139T8-0526-SM-5KLZL,GTEX-139T8,Muscle - Skeletal,600.0,823.3156683424544
GTEX-139TT-0126-SM-5K7Y5,GTEX-139TT,Skin - Sun Exposed (Lower leg),1165.0,796.1948884463523
GTEX-139TT-0326-SM-5IJC3,GTEX-139TT,Nerve - Tibial,1181.0,796.1948884463523
GTEX-139TT-0426-SM-5IJFA,GTEX-139TT,Muscle - Skeletal,1182.0,796.1948884463523
GTEX-139TT-0726-SM-5K7XW,GTEX-139TT,Lung,1200.0,796.1948884463523
GTEX-139TU-0126-SM-5K7WH,GTEX-139TU,Skin - Sun Exposed (Lower leg),527.0,796.334441926472
GTEX-139TU-0326-SM-62LFK,GTEX-139TU,Nerve - Tibial,532.0,796.334441926472
GTEX-139TU-0526-SM-5J2M8,GTEX-139TU,Muscle - Skeletal,535.0,796.334441926472
GTEX-139UW-0226-SM-5K7WU,GTEX-139UW,Lung,601.0,892.2084329592751
GTEX-139UW-2626-SM-5K7W1,GTEX-139UW,Muscle - Skeletal,840.0,892.2084329592751
GTEX-139UW-2826-SM-5L3E7,GTEX-139UW,Skin - Sun Exposed (Lower leg),845.0,892.2084329592751
GTEX-139YR-0926-SM-5LZYB,GTEX-139YR,Lung,177.0,353.30472458692986
GTEX-139YR-2526-SM-5IJC6,GTEX-139YR,Muscle - Skeletal,320.0,353.30472458692986
GTEX-139YR-2626-SM-5K7U4,GTEX-139YR,Nerve - Tibial,330.0,353.30472458692986
GTEX-13CF3-0426-SM-5IJEU,GTEX-13CF3,Lung,121.0,234.18112083589176
GTEX-13CF3-1826-SM-5J1NK,GTEX-13CF3,Muscle - Skeletal,198.0,234.18112083589176
GTEX-13CF3-2426-SM-5IFGX,GTEX-13CF3,Skin - Sun Exposed (Lower leg),213.0,234.18112083589176
GTEX-13D11-0326-SM-5LZXX,GTEX-13D11,Lung,88.0,235.4638596173121
GTEX-13D11-2426-SM-5KM1V,GTEX-13D11,Skin - Sun Exposed (Lower leg),166.0,235.4638596173121
GTEX-13D11-2526-SM-5KM28,GTEX-13D11,Muscle - Skeletal,169.0,235.4638596173121
GTEX-13D11-2626-SM-5IJDB,GTEX-13D11,Nerve - Tibial,174.0,235.4638596173121
GTEX-13FH7-1726-SM-5IJE7,GTEX-13FH7,Lung,148.0,466.3083477287229
GTEX-13FH7-2026-SM-E9J4I,GTEX-13FH7,Skin - Sun Exposed (Lower leg),256.0,466.3083477287229
GTEX-13FH7-2126-SM-5L3DJ,GTEX-13FH7,Muscle - Skeletal,261.0,466.3083477287229
GTEX-13FH7-2426-SM-5K7US,GTEX-13FH7,Nerve - Tibial,267.0,466.3083477287229
GTEX-13FHO-0226-SM-5IFGY,GTEX-13FHO,Skin - Sun Exposed (Lower leg),631.0,640.1392485153044
GTEX-13FHO-0526-SM-5K7VS,GTEX-13FHO,Nerve - Tibial,663.0,640.1392485153044
GTEX-13FHO-0726-SM-5IJDG,GTEX-13FHO,Muscle - Skeletal,673.0,640.1392485153044
GTEX-13FHO-1026-SM-5KM1Q,GTEX-13FHO,Lung,705.0,640.1392485153044
GTEX-13FHP-0126-SM-5IJBG,GTEX-13FHP,Skin - Sun Exposed (Lower leg),827.0,866.6256257540167
GTEX-13FHP-0326-SM-5K7U2,GTEX-13FHP,Nerve - Tibial,838.0,866.6256257540167
GTEX-13FHP-0526-SM-5K7UY,GTEX-13FHP,Muscle - Skeletal,841.0,866.6256257540167
GTEX-13FHP-0726-SM-5K7YI,GTEX-13FHP,Lung,874.0,866.6256257540167
GTEX-13FLV-0426-SM-5KLZA,GTEX-13FLV,Lung,1055.0,899.8387041247039
GTEX-13FTW-2326-SM-5K7YS,GTEX-13FTW,Muscle - Skeletal,366.0,373.3090546911902
GTEX-13FTW-2426-SM-9WG73,GTEX-13FTW,Nerve - Tibial,368.0,373.3090546911902
GTEX-13FTW-2626-SM-5K7WL,GTEX-13FTW,Skin - Sun Exposed (Lower leg),371.0,373.3090546911902
GTEX-13FTX-0326-SM-5J2NG,GTEX-13FTX,Lung,162.0,233.8705658377756
GTEX-13FTX-1826-SM-5J1NX,GTEX-13FTX,Skin - Sun Exposed (Lower leg),213.0,233.8705658377756
GTEX-13FTX-2026-SM-5L3D6,GTEX-13FTX,Muscle - Skeletal,218.0,233.8705658377756
GTEX-13FTY-0126-SM-5J2NZ,GTEX-13FTY,Lung,718.0,915.2458749698952
GTEX-13FTY-0226-SM-5IJBW,GTEX-13FTY,Muscle - Skeletal,719.0,915.2458749698952
GTEX-13FTY-0326-SM-5L3DN,GTEX-13FTY,Nerve - Tibial,721.0,915.2458749698952
GTEX-13FTY-0526-SM-5L3EV,GTEX-13FTY,Skin - Sun Exposed (Lower leg),727.0,915.2458749698952
GTEX-13FTZ-0526-SM-5IJCW,GTEX-13FTZ,Lung,1042.0,1068.026467337164
GTEX-13FXS-0226-SM-5IJCK,GTEX-13FXS,Skin - Sun Exposed (Lower leg),566.0,952.0666718012728
GTEX-13FXS-0326-SM-5K7TV,GTEX-13FXS,Muscle - Skeletal,567.0,952.0666718012728
GTEX-13G51-0426-SM-5K7Z5,GTEX-13G51,Lung,754.0,889.5732313719432
GTEX-13G51-2526-SM-5LZYK,GTEX-13G51,Skin - Sun Exposed (Lower leg),925.0,889.5732313719432
GTEX-13G51-2726-SM-5LZZ9,GTEX-13G51,Muscle - Skeletal,927.0,889.5732313719432
GTEX-13G51-2826-SM-5LZWV,GTEX-13G51,Nerve - Tibial,928.0,889.5732313719432
GTEX-13IVO-0126-SM-5J1NG,GTEX-13IVO,Skin - Sun Exposed (Lower leg),556.0,881.5812034552424
GTEX-13IVO-0426-SM-5LZY7,GTEX-13IVO,Nerve - Tibial,571.0,881.5812034552424
GTEX-13IVO-0626-SM-5LZYJ,GTEX-13IVO,Muscle - Skeletal,577.0,881.5812034552424
GTEX-13JUV-0526-SM-5K7XE,GTEX-13JUV,Lung,463.0,460.7330119019697
GTEX-13JUV-2326-SM-5IJCE,GTEX-13JUV,Muscle - Skeletal,597.0,460.7330119019697
GTEX-13JUV-2526-SM-5J1OD,GTEX-13JUV,Nerve - Tibial,610.0,460.7330119019697
GTEX-13JUV-2726-SM-5LZZ8,GTEX-13JUV,Skin - Sun Exposed (Lower leg),586.0,460.7330119019697
GTEX-13JVG-0126-SM-5L3D3,GTEX-13JVG,Muscle - Skeletal,824.0,866.1831606070637
GTEX-13JVG-0526-SM-5IJBN,GTEX-13JVG,Nerve - Tibial,826.0,866.1831606070637
GTEX-13JVG-1426-SM-5MR4W,GTEX-13JVG,Lung,847.0,866.1831606070637
GTEX-13N11-0326-SM-5LUA3,GTEX-13N11,Lung,159.0,224.88009038928408
GTEX-13N11-2526-SM-5K7UE,GTEX-13N11,Skin - Sun Exposed (Lower leg),228.0,224.88009038928408
GTEX-13N11-2726-SM-5L3ER,GTEX-13N11,Muscle - Skeletal,231.0,224.88009038928408
GTEX-13N11-2826-SM-5KM4Z,GTEX-13N11,Nerve - Tibial,234.0,224.88009038928408
GTEX-13N1W-0126-SM-5K7VT,GTEX-13N1W,Skin - Sun Exposed (Lower leg),612.0,450.7152504754836
GTEX-13N1W-0426-SM-5MR46,GTEX-13N1W,Nerve - Tibial,621.0,450.7152504754836
GTEX-13N1W-0526-SM-5MR4I,GTEX-13N1W,Muscle - Skeletal,624.0,450.7152504754836
GTEX-13N1W-0726-SM-5MR57,GTEX-13N1W,Lung,650.0,450.7152504754836
GTEX-13N2G-0826-SM-5IJE6,GTEX-13N2G,Lung,533.0,684.1986852854528
GTEX-13N2G-2326-SM-5J1ON,GTEX-13N2G,Muscle - Skeletal,579.0,684.1986852854528
GTEX-13N2G-2626-SM-5J1OT,GTEX-13N2G,Skin - Sun Exposed (Lower leg),589.0,684.1986852854528
GTEX-13NYB-0626-SM-5MR47,GTEX-13NYB,Lung,1016.0,833.5433806967412
GTEX-13NYB-2526-SM-5K7Z6,GTEX-13NYB,Skin - Sun Exposed (Lower leg),1153.0,833.5433806967412
GTEX-13NYB-2726-SM-5J2MT,GTEX-13NYB,Muscle - Skeletal,1178.0,833.5433806967412
GTEX-13NYC-0326-SM-E9J4S,GTEX-13NYC,Skin - Sun Exposed (Lower leg),970.0,828.9890585203855
GTEX-13NYC-0626-SM-5K7U8,GTEX-13NYC,Nerve - Tibial,1014.0,828.9890585203855
GTEX-13NYC-0726-SM-5J2NQ,GTEX-13NYC,Muscle - Skeletal,985.0,828.9890585203855
GTEX-13NYS-0126-SM-5MR3W,GTEX-13NYS,Skin - Sun Exposed (Lower leg),846.0,752.467748302069
GTEX-13NYS-0326-SM-5MR4L,GTEX-13NYS,Muscle - Skeletal,853.0,752.467748302069
GTEX-13NYS-1626-SM-5J2MU,GTEX-13NYS,Lung,969.0,752.467748302069
GTEX-13NZ9-0626-SM-5IJCO,GTEX-13NZ9,Muscle - Skeletal,417.0,505.3147619026767
GTEX-13NZ9-0726-SM-5J1ME,GTEX-13NZ9,Nerve - Tibial,421.0,505.3147619026767
GTEX-13NZ9-0926-SM-5KM12,GTEX-13NZ9,Lung,459.0,505.3147619026767
GTEX-13NZB-2526-SM-5J1OM,GTEX-13NZB,Skin - Sun Exposed (Lower leg),395.0,500.03566216804296
GTEX-13NZB-2626-SM-5J2M7,GTEX-13NZB,Muscle - Skeletal,399.0,500.03566216804296
GTEX-13O1R-0126-SM-5L3EH,GTEX-13O1R,Skin - Sun Exposed (Lower leg),801.0,727.9216987319494
GTEX-13O1R-0426-SM-5K7WG,GTEX-13O1R,Nerve - Tibial,808.0,727.9216987319494
GTEX-13O1R-0526-SM-5K7XU,GTEX-13O1R,Muscle - Skeletal,809.0,727.9216987319494
GTEX-13O21-1426-SM-5K7XI,GTEX-13O21,Skin - Sun Exposed (Lower leg),222.0,255.40787182519807
GTEX-13O21-1726-SM-5MR5A,GTEX-13O21,Muscle - Skeletal,224.0,255.40787182519807
GTEX-13O21-1826-SM-5MR5M,GTEX-13O21,Nerve - Tibial,218.0,255.40787182519807
GTEX-13O21-3026-SM-5J2NI,GTEX-13O21,Lung,163.0,255.40787182519807
GTEX-13O3O-0126-SM-E9J49,GTEX-13O3O,Skin - Sun Exposed (Lower leg),778.0,773.6255579855728
GTEX-13O3O-0326-SM-5K7W2,GTEX-13O3O,Nerve - Tibial,795.0,773.6255579855728
GTEX-13O3O-0526-SM-5J1NL,GTEX-13O3O,Muscle - Skeletal,806.0,773.6255579855728
GTEX-13O3O-0726-SM-5J1N7,GTEX-13O3O,Lung,833.0,773.6255579855728
GTEX-13O3P-0126-SM-5KM4S,GTEX-13O3P,Skin - Sun Exposed (Lower leg),405.0,754.013426352202
GTEX-13O3P-0326-SM-5K7VM,GTEX-13O3P,Nerve - Tibial,446.0,754.013426352202
GTEX-13O3P-0626-SM-5L3D5,GTEX-13O3P,Muscle - Skeletal,453.0,754.013426352202
GTEX-13O3P-1026-SM-5N9E7,GTEX-13O3P,Lung,470.0,754.013426352202
GTEX-13O3Q-0526-SM-5KM18,GTEX-13O3Q,Lung,1098.0,993.7717890408843
GTEX-13O3Q-2426-SM-5IJBR,GTEX-13O3Q,Skin - Sun Exposed (Lower leg),1157.0,993.7717890408843
GTEX-13O3Q-2626-SM-5KM3S,GTEX-13O3Q,Nerve - Tibial,1160.0,993.7717890408843
GTEX-13O3Q-2726-SM-5KM51,GTEX-13O3Q,Muscle - Skeletal,1163.0,993.7717890408843
GTEX-13O61-0726-SM-5J2MD,GTEX-13O61,Lung,149.0,356.9083195216882
GTEX-13O61-2326-SM-5J1NJ,GTEX-13O61,Muscle - Skeletal,334.0,356.9083195216882
GTEX-13O61-2626-SM-5KM4U,GTEX-13O61,Nerve - Tibial,341.0,356.9083195216882
GTEX-13OVG-0326-SM-5KM57,GTEX-13OVG,Lung,437.0,388.81769172927824
GTEX-13OVG-1926-SM-5L3DK,GTEX-13OVG,Skin - Sun Exposed (Lower leg),644.0,388.81769172927824
GTEX-13OVG-2126-SM-5KM1K,GTEX-13OVG,Muscle - Skeletal,645.0,388.81769172927824
GTEX-13OVG-2226-SM-5K7V8,GTEX-13OVG,Nerve - Tibial,646.0,388.81769172927824
GTEX-13OVH-0126-SM-5MR4B,GTEX-13OVH,Skin - Sun Exposed (Lower leg),562.0,774.0821692022612
GTEX-13OVH-0626-SM-5L3EI,GTEX-13OVH,Muscle - Skeletal,592.0,774.0821692022612
GTEX-13OVH-1026-SM-5J2NP,GTEX-13OVH,Lung,603.0,774.0821692022612
GTEX-13OVI-1426-SM-5L3EY,GTEX-13OVI,Skin - Sun Exposed (Lower leg),187.0,228.82362884394848
GTEX-13OVI-1526-SM-5K7VX,GTEX-13OVI,Nerve - Tibial,192.0,228.82362884394848
GTEX-13OVI-1726-SM-5L3DW,GTEX-13OVI,Muscle - Skeletal,206.0,228.82362884394848
GTEX-13OVJ-0126-SM-5KM36,GTEX-13OVJ,Skin - Sun Exposed (Lower leg),1117.0,869.5328190251677
GTEX-13OVJ-0226-SM-5L3GK,GTEX-13OVJ,Muscle - Skeletal,1118.0,869.5328190251677
GTEX-13OVJ-0426-SM-5L3GX,GTEX-13OVJ,Nerve - Tibial,1120.0,869.5328190251677
GTEX-13OVJ-0726-SM-5KM1W,GTEX-13OVJ,Lung,1124.0,869.5328190251677
GTEX-13OVK-1926-SM-6M48G,GTEX-13OVK,Muscle - Skeletal,272.0,518.2113609974177
GTEX-13OVK-2026-SM-7KUEO,GTEX-13OVK,Skin - Sun Exposed (Lower leg),278.0,518.2113609974177
GTEX-13OVL-0226-SM-5L3E9,GTEX-13OVL,Skin - Sun Exposed (Lower leg),855.0,897.3934563379447
GTEX-13OVL-0626-SM-5KM13,GTEX-13OVL,Lung,881.0,897.3934563379447
GTEX-13OVL-1426-SM-5IJC1,GTEX-13OVL,Muscle - Skeletal,914.0,897.3934563379447
GTEX-13OVL-1526-SM-5K7WA,GTEX-13OVL,Nerve - Tibial,939.0,897.3934563379447
GTEX-13OW5-0126-SM-DTXFS,GTEX-13OW5,Skin - Sun Exposed (Lower leg),843.0,793.9793724881316
GTEX-13OW5-0326-SM-5L3HK,GTEX-13OW5,Muscle - Skeletal,851.0,793.9793724881316
GTEX-13OW5-0726-SM-5KLZK,GTEX-13OW5,Lung,882.0,793.9793724881316
GTEX-13OW6-0226-SM-5J1NB,GTEX-13OW6,Nerve - Tibial,548.0,673.3766725546614
GTEX-13OW6-0426-SM-5L3HM,GTEX-13OW6,Skin - Sun Exposed (Lower leg),558.0,673.3766725546614
GTEX-13OW6-0626-SM-5L3IB,GTEX-13OW6,Muscle - Skeletal,563.0,673.3766725546614
GTEX-13OW6-0826-SM-5L3GA,GTEX-13OW6,Lung,608.0,673.3766725546614
GTEX-13OW7-0126-SM-5MR3B,GTEX-13OW7,Skin - Sun Exposed (Lower leg),802.0,896.4141026520258
GTEX-13OW7-0326-SM-5J1MP,GTEX-13OW7,Muscle - Skeletal,807.0,896.4141026520258
GTEX-13OW7-0526-SM-5J1N2,GTEX-13OW7,Nerve - Tibial,838.0,896.4141026520258
GTEX-13OW7-0926-SM-5L3EX,GTEX-13OW7,Lung,888.0,896.4141026520258
GTEX-13OW8-1326-SM-5J1OW,GTEX-13OW8,Skin - Sun Exposed (Lower leg),1093.0,738.3840562515462
GTEX-13OW8-1426-SM-5IJDT,GTEX-13OW8,Muscle - Skeletal,1096.0,738.3840562515462
GTEX-13OW8-1526-SM-5K7V2,GTEX-13OW8,Nerve - Tibial,1099.0,738.3840562515462
GTEX-13OW8-1726-SM-5L3GO,GTEX-13OW8,Lung,1108.0,738.3840562515462
GTEX-13PDP-0126-SM-5L3HD,GTEX-13PDP,Skin - Sun Exposed (Lower leg),842.0,770.675660925011
GTEX-13PDP-0326-SM-5K7XP,GTEX-13PDP,Muscle - Skeletal,848.0,770.675660925011
GTEX-13PL6-0326-SM-5IJCP,GTEX-13PL6,Muscle - Skeletal,653.0,850.7076985008972
GTEX-13PL7-0626-SM-5IJCD,GTEX-13PL7,Muscle - Skeletal,154.0,154.23447940701783
GTEX-13PL7-1726-SM-5J2NX,GTEX-13PL7,Lung,167.0,154.23447940701783
GTEX-13PL7-1926-SM-5J1MM,GTEX-13PL7,Nerve - Tibial,171.0,154.23447940701783
GTEX-13PLJ-0326-SM-5L3I7,GTEX-13PLJ,Muscle - Skeletal,986.0,911.2124697963632
GTEX-13PVQ-0326-SM-5K7YF,GTEX-13PVQ,Muscle - Skeletal,869.0,769.9069757041104
GTEX-13PVQ-0426-SM-5J1OG,GTEX-13PVQ,Nerve - Tibial,872.0,769.9069757041104
GTEX-13PVQ-0926-SM-5IJFD,GTEX-13PVQ,Lung,902.0,769.9069757041104
GTEX-13PVR-2326-SM-5QGR1,GTEX-13PVR,Skin - Sun Exposed (Lower leg),242.0,216.3840970524626
GTEX-13PVR-2526-SM-5RQIT,GTEX-13PVR,Muscle - Skeletal,246.0,216.3840970524626
GTEX-13PVR-2626-SM-7DHKQ,GTEX-13PVR,Nerve - Tibial,248.0,216.3840970524626
GTEX-13QBU-0726-SM-5J2OA,GTEX-13QBU,Lung,149.0,273.23243361501204
GTEX-13QBU-2326-SM-5LU49,GTEX-13QBU,Nerve - Tibial,272.0,273.23243361501204
GTEX-13QBU-2426-SM-5LU4L,GTEX-13QBU,Muscle - Skeletal,276.0,273.23243361501204
GTEX-13QIC-1226-SM-5K7YR,GTEX-13QIC,Muscle - Skeletal,820.0,900.7608847468499
GTEX-13QIC-1426-SM-5LU4V,GTEX-13QIC,Nerve - Tibial,822.0,900.7608847468499
GTEX-13QJ3-0326-SM-5S2RA,GTEX-13QJ3,Skin - Sun Exposed (Lower leg),619.0,568.7868960357486
GTEX-13QJ3-0526-SM-5QGQY,GTEX-13QJ3,Nerve - Tibial,646.0,568.7868960357486
GTEX-13QJ3-0726-SM-5SI68,GTEX-13QJ3,Muscle - Skeletal,661.0,568.7868960357486
GTEX-13QJ3-1026-SM-5QGQU,GTEX-13QJ3,Lung,683.0,568.7868960357486
GTEX-13QJC-0526-SM-5RQKB,GTEX-13QJC,Lung,1054.0,733.1876292253941
GTEX-13RTJ-1126-SM-5S2UJ,GTEX-13RTJ,Lung,894.0,947.2784516281132
GTEX-13RTJ-2426-SM-5S2Q2,GTEX-13RTJ,Skin - Sun Exposed (Lower leg),930.0,947.2784516281132
GTEX-13RTJ-2726-SM-73KVG,GTEX-13RTJ,Muscle - Skeletal,933.0,947.2784516281132
GTEX-13RTJ-2826-SM-5QGQH,GTEX-13RTJ,Nerve - Tibial,934.0,947.2784516281132
GTEX-13S7M-0126-SM-5SI6A,GTEX-13S7M,Skin - Sun Exposed (Lower leg),575.0,745.2701268100476
GTEX-13S7M-0326-SM-5S2PH,GTEX-13S7M,Muscle - Skeletal,581.0,745.2701268100476
GTEX-13S7M-0426-SM-5S2US,GTEX-13S7M,Nerve - Tibial,583.0,745.2701268100476
GTEX-13S7M-2126-SM-5S2QR,GTEX-13S7M,Lung,623.0,745.2701268100476
GTEX-13S86-0626-SM-5Q5E7,GTEX-13S86,Lung,164.0,357.70681683277417
GTEX-13S86-2326-SM-5RQK1,GTEX-13S86,Muscle - Skeletal,261.0,357.70681683277417
GTEX-13S86-2426-SM-5S2MX,GTEX-13S86,Nerve - Tibial,270.0,357.70681683277417
GTEX-13SLW-0126-SM-5SI6C,GTEX-13SLW,Skin - Sun Exposed (Lower leg),1187.0,877.5873422188233
GTEX-13SLW-0326-SM-5RQK5,GTEX-13SLW,Muscle - Skeletal,1188.0,877.5873422188233
GTEX-13SLX-0126-SM-5S2MM,GTEX-13SLX,Nerve - Tibial,1057.0,855.2085928028337
GTEX-13SLX-0326-SM-5Q5E4,GTEX-13SLX,Muscle - Skeletal,1061.0,855.2085928028337
GTEX-13SLX-0526-SM-5S2ON,GTEX-13SLX,Skin - Sun Exposed (Lower leg),1063.0,855.2085928028337
GTEX-13U4I-0126-SM-5LU38,GTEX-13U4I,Skin - Sun Exposed (Lower leg),396.0,357.1578175526399
GTEX-13U4I-1426-SM-5J2M3,GTEX-13U4I,Lung,437.0,357.1578175526399
GTEX-13U4I-1826-SM-5IJD2,GTEX-13U4I,Muscle - Skeletal,446.0,357.1578175526399
GTEX-13VXT-0126-SM-5LU4I,GTEX-13VXT,Skin - Sun Exposed (Lower leg),438.0,286.5407479845991
GTEX-13VXT-0326-SM-5LU4U,GTEX-13VXT,Muscle - Skeletal,462.0,286.5407479845991
GTEX-13VXT-0426-SM-5LU57,GTEX-13VXT,Nerve - Tibial,465.0,286.5407479845991
GTEX-13VXT-1426-SM-5LU4B,GTEX-13VXT,Lung,526.0,286.5407479845991
GTEX-13VXU-0126-SM-5SI9F,GTEX-13VXU,Skin - Sun Exposed (Lower leg),920.0,803.7230994503949
GTEX-13VXU-0326-SM-5LU36,GTEX-13VXU,Muscle - Skeletal,926.0,803.7230994503949
GTEX-13VXU-0426-SM-5LU3I,GTEX-13VXU,Nerve - Tibial,931.0,803.7230994503949
GTEX-13VXU-2726-SM-5LU4N,GTEX-13VXU,Lung,1058.0,803.7230994503949
GTEX-13W3W-0326-SM-731DS,GTEX-13W3W,Lung,186.0,297.3147789072829
GTEX-13W3W-2426-SM-5LU5B,GTEX-13W3W,Skin - Sun Exposed (Lower leg),497.0,297.3147789072829
GTEX-13W3W-2626-SM-5SIA2,GTEX-13W3W,Muscle - Skeletal,497.0,297.3147789072829
GTEX-13W3W-2726-SM-5SIAE,GTEX-13W3W,Nerve - Tibial,497.0,297.3147789072829
GTEX-13W46-0226-SM-5SIAG,GTEX-13W46,Skin - Sun Exposed (Lower leg),493.0,579.2790323047086
GTEX-13W46-0526-SM-5IJBD,GTEX-13W46,Nerve - Tibial,527.0,579.2790323047086
GTEX-13W46-0726-SM-5LU3Z,GTEX-13W46,Muscle - Skeletal,544.0,579.2790323047086
GTEX-13X6H-2126-SM-7EWD5,GTEX-13X6H,Skin - Sun Exposed (Lower leg),399.0,273.6358702273552
GTEX-13X6H-2326-SM-7EWEB,GTEX-13X6H,Muscle - Skeletal,398.0,273.6358702273552
GTEX-13X6I-0526-SM-5QGP8,GTEX-13X6I,Muscle - Skeletal,805.0,899.274502237236
GTEX-13X6I-0626-SM-5QGP9,GTEX-13X6I,Skin - Sun Exposed (Lower leg),807.0,899.274502237236
GTEX-13X6K-0326-SM-5Q5D6,GTEX-13X6K,Muscle - Skeletal,967.0,609.6795266979515
GTEX-13X6K-0426-SM-5O9DZ,GTEX-13X6K,Nerve - Tibial,969.0,609.6795266979515
GTEX-13X6K-1626-SM-7EWCX,GTEX-13X6K,Lung,994.0,609.6795266979515
GTEX-13YAN-0326-SM-5O9DF,GTEX-13YAN,Skin - Sun Exposed (Lower leg),601.0,425.82031178662305
GTEX-13YAN-0526-SM-5O9BE,GTEX-13YAN,Muscle - Skeletal,608.0,425.82031178662305
GTEX-13YAN-0626-SM-5O9BQ,GTEX-13YAN,Nerve - Tibial,609.0,425.82031178662305
GTEX-13YAN-1026-SM-5O9CF,GTEX-13YAN,Lung,627.0,425.82031178662305
GTEX-1445S-0626-SM-5LU3C,GTEX-1445S,Muscle - Skeletal,773.0,722.0607967311919
GTEX-144FL-0126-SM-5TDC8,GTEX-144FL,Skin - Sun Exposed (Lower leg),985.0,911.6518560363411
GTEX-144FL-0326-SM-5O99O,GTEX-144FL,Muscle - Skeletal,992.0,911.6518560363411
GTEX-144FL-0426-SM-5O9A1,GTEX-144FL,Nerve - Tibial,1001.0,911.6518560363411
GTEX-144GL-0126-SM-5TDE2,GTEX-144GL,Skin - Sun Exposed (Lower leg),648.0,921.5500766672817
GTEX-144GL-0326-SM-5QGOY,GTEX-144GL,Muscle - Skeletal,660.0,921.5500766672817
GTEX-144GL-0426-SM-5QGOZ,GTEX-144GL,Nerve - Tibial,673.0,921.5500766672817
GTEX-144GM-0126-SM-5Q5AX,GTEX-144GM,Lung,166.0,453.5203420553985
GTEX-144GM-2026-SM-5LU3D,GTEX-144GM,Muscle - Skeletal,353.0,453.5203420553985
GTEX-144GM-2126-SM-5LU3P,GTEX-144GM,Nerve - Tibial,356.0,453.5203420553985
GTEX-144GN-0426-SM-5O9AP,GTEX-144GN,Lung,186.0,282.7483838794684
GTEX-144GN-2326-SM-5LU4F,GTEX-144GN,Skin - Sun Exposed (Lower leg),251.0,282.7483838794684
GTEX-144GN-2426-SM-5LU4R,GTEX-144GN,Muscle - Skeletal,257.0,282.7483838794684
GTEX-144GN-2526-SM-5LU54,GTEX-144GN,Nerve - Tibial,258.0,282.7483838794684
GTEX-145LS-0126-SM-5QGP1,GTEX-145LS,Skin - Sun Exposed (Lower leg),848.0,573.4167658074891
GTEX-145LS-0526-SM-5LU8Y,GTEX-145LS,Muscle - Skeletal,866.0,573.4167658074891
GTEX-145LS-1226-SM-5Q5D9,GTEX-145LS,Lung,885.0,573.4167658074891
GTEX-145LT-0326-SM-5LUAD,GTEX-145LT,Lung,122.0,320.10982204329974
GTEX-145LT-1626-SM-5O992,GTEX-145LT,Muscle - Skeletal,430.0,320.10982204329974
GTEX-145LT-1726-SM-5QGP3,GTEX-145LT,Skin - Sun Exposed (Lower leg),441.0,320.10982204329974
GTEX-145LT-1926-SM-5QGP5,GTEX-145LT,Nerve - Tibial,443.0,320.10982204329974
GTEX-145LU-0126-SM-5TDCB,GTEX-145LU,Skin - Sun Exposed (Lower leg),951.0,819.1656264378605
GTEX-145LU-0526-SM-5O9AT,GTEX-145LU,Lung,1021.0,819.1656264378605
GTEX-145LU-0726-SM-5QGP2,GTEX-145LU,Nerve - Tibial,1025.0,819.1656264378605
GTEX-145LU-2026-SM-5Q5E8,GTEX-145LU,Muscle - Skeletal,1056.0,819.1656264378605
GTEX-145LV-2126-SM-5LU8N,GTEX-145LV,Skin - Sun Exposed (Lower leg),476.0,505.9151242995539
GTEX-145LV-2326-SM-5LU8Z,GTEX-145LV,Muscle - Skeletal,491.0,505.9151242995539
GTEX-145LV-2526-SM-5S2VA,GTEX-145LV,Nerve - Tibial,492.0,505.9151242995539
GTEX-145ME-0226-SM-5S2QN,GTEX-145ME,Lung,212.0,295.95563877375173
GTEX-145ME-1826-SM-5SI9G,GTEX-145ME,Skin - Sun Exposed (Lower leg),315.0,295.95563877375173
GTEX-145ME-2026-SM-5SIA5,GTEX-145ME,Muscle - Skeletal,327.0,295.95563877375173
GTEX-145ME-2126-SM-5SIAH,GTEX-145ME,Nerve - Tibial,331.0,295.95563877375173
GTEX-145MF-0626-SM-5LUAI,GTEX-145MF,Skin - Sun Exposed (Lower leg),934.0,914.1374266033578
GTEX-145MF-0726-SM-5Q5BT,GTEX-145MF,Lung,953.0,914.1374266033578
GTEX-145MG-0226-SM-5TDDB,GTEX-145MG,Muscle - Skeletal,1142.0,786.0128820951521
GTEX-145MI-0326-SM-5Q5EV,GTEX-145MI,Muscle - Skeletal,696.0,768.7871793498806
GTEX-145MI-0526-SM-5O9A8,GTEX-145MI,Skin - Sun Exposed (Lower leg),702.0,768.7871793498806
GTEX-145MN-0926-SM-5NQBT,GTEX-145MN,Lung,146.0,235.36902678343193
GTEX-145MN-2226-SM-5SIAU,GTEX-145MN,Skin - Sun Exposed (Lower leg),237.0,235.36902678343193
GTEX-145MN-2426-SM-5NQA5,GTEX-145MN,Muscle - Skeletal,257.0,235.36902678343193
GTEX-145MO-0326-SM-5Q5B3,GTEX-145MO,Skin - Sun Exposed (Lower leg),658.0,733.7428047257147
GTEX-145MO-0526-SM-5Q5F7,GTEX-145MO,Nerve - Tibial,662.0,733.7428047257147
GTEX-145MO-0726-SM-5NQB9,GTEX-145MO,Muscle - Skeletal,666.0,733.7428047257147
GTEX-145MO-1326-SM-5Q5EF,GTEX-145MO,Lung,679.0,733.7428047257147
GTEX-146FH-0126-SM-5QGPP,GTEX-146FH,Skin - Sun Exposed (Lower leg),396.0,339.6366044881371
GTEX-146FH-0326-SM-5QGPT,GTEX-146FH,Nerve - Tibial,422.0,339.6366044881371
GTEX-146FH-0526-SM-5QGQ3,GTEX-146FH,Muscle - Skeletal,426.0,339.6366044881371
GTEX-146FH-1226-SM-5NQB6,GTEX-146FH,Lung,468.0,339.6366044881371
GTEX-146FQ-0126-SM-5NQA9,GTEX-146FQ,Skin - Sun Exposed (Lower leg),474.0,394.2418800567913
GTEX-146FQ-0326-SM-5NQAX,GTEX-146FQ,Muscle - Skeletal,478.0,394.2418800567913
GTEX-146FQ-0426-SM-5NQBA,GTEX-146FQ,Nerve - Tibial,479.0,394.2418800567913
GTEX-146FQ-0926-SM-5LUAV,GTEX-146FQ,Lung,513.0,394.2418800567913
GTEX-14753-0126-SM-5S2TX,GTEX-14753,Nerve - Tibial,799.0,834.8718695055579
GTEX-14753-0426-SM-5NQAM,GTEX-14753,Skin - Sun Exposed (Lower leg),808.0,834.8718695055579
GTEX-14753-0526-SM-5QGPR,GTEX-14753,Muscle - Skeletal,809.0,834.8718695055579
GTEX-1477Z-0626-SM-5NQB7,GTEX-1477Z,Lung,667.0,865.1837165605825
GTEX-1477Z-1526-SM-5SI9V,GTEX-1477Z,Nerve - Tibial,710.0,865.1837165605825
GTEX-1477Z-1626-SM-5SIA8,GTEX-1477Z,Muscle - Skeletal,712.0,865.1837165605825
GTEX-147F3-0226-SM-5NQBV,GTEX-147F3,Muscle - Skeletal,480.0,295.38602449023176
GTEX-147F3-0526-SM-5SI98,GTEX-147F3,Skin - Sun Exposed (Lower leg),486.0,295.38602449023176
GTEX-147F3-0726-SM-5NQ9U,GTEX-147F3,Lung,495.0,295.38602449023176
GTEX-147GR-0126-SM-62LER,GTEX-147GR,Muscle - Skeletal,985.0,609.5847355286176
GTEX-147GR-0526-SM-5S2MY,GTEX-147GR,Skin - Sun Exposed (Lower leg),999.0,609.5847355286176
GTEX-147GR-1226-SM-5TDCL,GTEX-147GR,Lung,1151.0,609.5847355286176
GTEX-147JS-0526-SM-5TDD3,GTEX-147JS,Muscle - Skeletal,510.0,860.577552693014
GTEX-147JS-0626-SM-5TDD4,GTEX-147JS,Nerve - Tibial,515.0,860.577552693014
GTEX-147JS-1226-SM-5RQK4,GTEX-147JS,Lung,549.0,860.577552693014
GTEX-148VI-0226-SM-5RQKA,GTEX-148VI,Lung,237.0,464.0414084517763
GTEX-148VI-1626-SM-5SI6E,GTEX-148VI,Skin - Sun Exposed (Lower leg),417.0,464.0414084517763
GTEX-148VJ-0126-SM-5TDDN,GTEX-148VJ,Skin - Sun Exposed (Lower leg),1014.0,866.7993523865289
GTEX-148VJ-0326-SM-5QGQE,GTEX-148VJ,Muscle - Skeletal,1016.0,866.7993523865289
GTEX-148VJ-0826-SM-5LU8V,GTEX-148VJ,Lung,1053.0,866.7993523865289
GTEX-1497J-0326-SM-5Q5CN,GTEX-1497J,Lung,216.0,529.6019408813494
GTEX-1497J-2426-SM-7IGNX,GTEX-1497J,Skin - Sun Exposed (Lower leg),322.0,529.6019408813494
GTEX-1497J-2626-SM-5SI9K,GTEX-1497J,Muscle - Skeletal,329.0,529.6019408813494
GTEX-14A5H-0326-SM-5RQIB,GTEX-14A5H,Muscle - Skeletal,521.0,880.6056778196212
GTEX-14A5H-0426-SM-5QGQF,GTEX-14A5H,Skin - Sun Exposed (Lower leg),525.0,880.6056778196212
GTEX-14A5I-0126-SM-5TDEA,GTEX-14A5I,Skin - Sun Exposed (Lower leg),881.0,708.6840811978404
GTEX-14A5I-0326-SM-5NQ9J,GTEX-14A5I,Muscle - Skeletal,886.0,708.6840811978404
GTEX-14A5I-0426-SM-5NQ9V,GTEX-14A5I,Nerve - Tibial,888.0,708.6840811978404
GTEX-14A6H-0126-SM-5QGPK,GTEX-14A6H,Skin - Sun Exposed (Lower leg),477.0,390.1555703527549
GTEX-14A6H-0526-SM-5NQAZ,GTEX-14A6H,Lung,568.0,390.1555703527549
GTEX-14A6H-2626-SM-5NQBO,GTEX-14A6H,Nerve - Tibial,732.0,390.1555703527549
GTEX-14A6H-5019-SM-793DH,GTEX-14A6H,Muscle - Skeletal,736.0,390.1555703527549
GTEX-14AS3-0926-SM-5TDD6,GTEX-14AS3,Lung,120.0,355.57604857260543
GTEX-14AS3-2126-SM-5S2MK,GTEX-14AS3,Muscle - Skeletal,263.0,355.57604857260543
GTEX-14AS3-2226-SM-5S2OX,GTEX-14AS3,Nerve - Tibial,260.0,355.57604857260543
GTEX-14BIL-0126-SM-5SI92,GTEX-14BIL,Skin - Sun Exposed (Lower leg),759.0,826.4184960407326
GTEX-14BIL-0326-SM-5SI9Q,GTEX-14BIL,Muscle - Skeletal,761.0,826.4184960407326
GTEX-14BIL-0426-SM-5SIA3,GTEX-14BIL,Nerve - Tibial,762.0,826.4184960407326
GTEX-14BIL-1226-SM-79OME,GTEX-14BIL,Lung,820.0,826.4184960407326
GTEX-14BIM-0226-SM-7IGLD,GTEX-14BIM,Skin - Sun Exposed (Lower leg),1143.0,767.9341083391218
GTEX-14BIM-0326-SM-5SI9B,GTEX-14BIM,Muscle - Skeletal,1144.0,767.9341083391218
GTEX-14BIM-0426-SM-5SI9N,GTEX-14BIM,Nerve - Tibial,1145.0,767.9341083391218
GTEX-14BIN-0626-SM-793DP,GTEX-14BIN,Skin - Sun Exposed (Lower leg),981.0,927.5879132997935
GTEX-14BIN-0826-SM-793DR,GTEX-14BIN,Nerve - Tibial,984.0,927.5879132997935
GTEX-14BMV-0126-SM-5S2PO,GTEX-14BMV,Skin - Sun Exposed (Lower leg),591.0,805.8955527418536
GTEX-14BMV-0326-SM-5RQHW,GTEX-14BMV,Muscle - Skeletal,595.0,805.8955527418536
GTEX-14BMV-0426-SM-5TDEF,GTEX-14BMV,Nerve - Tibial,597.0,805.8955527418536
GTEX-14BMV-0826-SM-73KXU,GTEX-14BMV,Lung,608.0,805.8955527418536
GTEX-14C38-0426-SM-5TDDZ,GTEX-14C38,Muscle - Skeletal,509.0,492.3061205691832
GTEX-14C38-0626-SM-5S2TV,GTEX-14C38,Nerve - Tibial,513.0,492.3061205691832
GTEX-14C39-0326-SM-5TDDX,GTEX-14C39,Lung,694.0,800.9448301296131
GTEX-14C39-2426-SM-5S2U5,GTEX-14C39,Muscle - Skeletal,741.0,800.9448301296131
GTEX-14C39-2726-SM-7DUEK,GTEX-14C39,Nerve - Tibial,744.0,800.9448301296131
GTEX-14C5O-0126-SM-5SI6N,GTEX-14C5O,Skin - Sun Exposed (Lower leg),654.0,763.1207918573182
GTEX-14C5O-0426-SM-5ZZUW,GTEX-14C5O,Nerve - Tibial,694.0,763.1207918573182
GTEX-14C5O-0626-SM-664N2,GTEX-14C5O,Muscle - Skeletal,713.0,763.1207918573182
GTEX-14C5O-1126-SM-5TDEH,GTEX-14C5O,Lung,733.0,763.1207918573182
GTEX-14DAQ-0126-SM-5S2MQ,GTEX-14DAQ,Skin - Sun Exposed (Lower leg),448.0,628.7115379702584
GTEX-14DAQ-0326-SM-664MR,GTEX-14DAQ,Muscle - Skeletal,453.0,628.7115379702584
GTEX-14DAQ-0426-SM-664MS,GTEX-14DAQ,Nerve - Tibial,454.0,628.7115379702584
GTEX-14DAQ-0926-SM-793AZ,GTEX-14DAQ,Lung,492.0,628.7115379702584
GTEX-14DAR-0226-SM-5S2PR,GTEX-14DAR,Lung,105.0,242.44196131912764
GTEX-14DAR-1826-SM-664N1,GTEX-14DAR,Muscle - Skeletal,248.0,242.44196131912764
GTEX-14DAR-2026-SM-5S2O3,GTEX-14DAR,Skin - Sun Exposed (Lower leg),250.0,242.44196131912764
GTEX-14DAR-2226-SM-5S2VT,GTEX-14DAR,Nerve - Tibial,257.0,242.44196131912764
GTEX-14E1K-0226-SM-62LDT,GTEX-14E1K,Lung,166.0,265.37121413188504
GTEX-14E1K-2326-SM-664MP,GTEX-14E1K,Muscle - Skeletal,246.0,265.37121413188504
GTEX-14E6C-0126-SM-5RQIP,GTEX-14E6C,Skin - Sun Exposed (Lower leg),981.0,978.2544688772779
GTEX-14E6C-1026-SM-5SI6P,GTEX-14E6C,Nerve - Tibial,1000.0,978.2544688772779
GTEX-14E6C-1426-SM-5ZZWH,GTEX-14E6C,Lung,1005.0,978.2544688772779
GTEX-14E6C-1526-SM-664ND,GTEX-14E6C,Muscle - Skeletal,1009.0,978.2544688772779
GTEX-14E6D-0126-SM-62LDV,GTEX-14E6D,Skin - Sun Exposed (Lower leg),790.0,826.788952395475
GTEX-14E6D-0326-SM-62LDX,GTEX-14E6D,Muscle - Skeletal,813.0,826.788952395475
GTEX-14E6D-1026-SM-5S2RS,GTEX-14E6D,Lung,892.0,826.788952395475
GTEX-14E6E-0426-SM-73KUE,GTEX-14E6E,Lung,107.0,384.17137419970584
GTEX-14E6E-1826-SM-5S2R7,GTEX-14E6E,Skin - Sun Exposed (Lower leg),395.0,384.17137419970584
GTEX-14E6E-2026-SM-664N5,GTEX-14E6E,Muscle - Skeletal,401.0,384.17137419970584
GTEX-14E6E-2226-SM-5SI6F,GTEX-14E6E,Nerve - Tibial,406.0,384.17137419970584
GTEX-14E7W-0126-SM-6LLJ9,GTEX-14E7W,Skin - Sun Exposed (Lower leg),1146.0,952.6193488218534
GTEX-14E7W-0426-SM-5S2O4,GTEX-14E7W,Nerve - Tibial,1155.0,952.6193488218534
GTEX-14E7W-1326-SM-5RQIV,GTEX-14E7W,Lung,1199.0,952.6193488218534
GTEX-14H4A-0926-SM-5ZZUU,GTEX-14H4A,Muscle - Skeletal,490.0,495.148445369319
GTEX-14ICK-0226-SM-6EU25,GTEX-14ICK,Skin - Sun Exposed (Lower leg),663.0,439.4268394471319
GTEX-14ICK-0526-SM-6EU26,GTEX-14ICK,Nerve - Tibial,669.0,439.4268394471319
GTEX-14ICL-1926-SM-5RQIZ,GTEX-14ICL,Muscle - Skeletal,860.0,354.45067066705064
GTEX-14JFF-0426-SM-6LLHR,GTEX-14JFF,Nerve - Tibial,809.0,728.4274022053557
GTEX-14JG1-0126-SM-5ZZUP,GTEX-14JG1,Muscle - Skeletal,933.0,906.1567198551065
GTEX-14JG1-0426-SM-6ETZZ,GTEX-14JG1,Skin - Sun Exposed (Lower leg),938.0,906.1567198551065
GTEX-14JG1-0926-SM-5YY8W,GTEX-14JG1,Lung,946.0,906.1567198551065
GTEX-14JG6-0326-SM-6AJBT,GTEX-14JG6,Lung,94.0,258.551757772463
GTEX-14JG6-1926-SM-6LLIG,GTEX-14JG6,Nerve - Tibial,270.0,258.551757772463
GTEX-14JG6-2126-SM-6EU2F,GTEX-14JG6,Muscle - Skeletal,281.0,258.551757772463
GTEX-14JG6-2226-SM-6EU2G,GTEX-14JG6,Skin - Sun Exposed (Lower leg),280.0,258.551757772463
GTEX-14JIY-0126-SM-6LLH6,GTEX-14JIY,Skin - Sun Exposed (Lower leg),1031.0,907.0609872622285
GTEX-14JIY-0426-SM-62LF7,GTEX-14JIY,Muscle - Skeletal,1038.0,907.0609872622285
GTEX-14JIY-1326-SM-6AJB3,GTEX-14JIY,Lung,1056.0,907.0609872622285
GTEX-14LZ3-0226-SM-62LET,GTEX-14LZ3,Skin - Sun Exposed (Lower leg),880.0,906.8431117141797
GTEX-14LZ3-0626-SM-5ZZWP,GTEX-14LZ3,Muscle - Skeletal,898.0,906.8431117141797
GTEX-14LZ3-0726-SM-5YYAB,GTEX-14LZ3,Lung,917.0,906.8431117141797
GTEX-14PHX-2326-SM-62LEM,GTEX-14PHX,Skin - Sun Exposed (Lower leg),258.0,383.725024371573
GTEX-14PHX-2526-SM-62LEO,GTEX-14PHX,Nerve - Tibial,278.0,383.725024371573
GTEX-14PHY-0526-SM-664NM,GTEX-14PHY,Lung,522.0,334.952135533804
GTEX-14PHY-2626-SM-62LF8,GTEX-14PHY,Nerve - Tibial,595.0,334.952135533804
GTEX-14PII-0226-SM-6EU1T,GTEX-14PII,Skin - Sun Exposed (Lower leg),613.0,759.9862999059733
GTEX-14PII-0426-SM-6LLIR,GTEX-14PII,Nerve - Tibial,629.0,759.9862999059733
GTEX-14PII-0626-SM-69LPY,GTEX-14PII,Muscle - Skeletal,633.0,759.9862999059733
GTEX-14PJ2-0326-SM-6EU2Q,GTEX-14PJ2,Muscle - Skeletal,424.0,407.30620001449677
GTEX-14PJ3-1826-SM-62LEX,GTEX-14PJ3,Skin - Sun Exposed (Lower leg),231.0,264.063193379296
GTEX-14PJ3-2026-SM-5ZZVK,GTEX-14PJ3,Muscle - Skeletal,238.0,264.063193379296
GTEX-14PJ3-2226-SM-62LFD,GTEX-14PJ3,Nerve - Tibial,241.0,264.063193379296
GTEX-14PJ4-0626-SM-6AJBS,GTEX-14PJ4,Lung,107.0,202.2659451754135
GTEX-14PJ4-2426-SM-6EU1U,GTEX-14PJ4,Muscle - Skeletal,255.0,202.2659451754135
GTEX-14PJ4-2526-SM-6LLIT,GTEX-14PJ4,Nerve - Tibial,260.0,202.2659451754135
GTEX-14PJ5-0226-SM-5YY99,GTEX-14PJ5,Lung,158.0,192.42078302626504
GTEX-14PJ5-2026-SM-6LLIN,GTEX-14PJ5,Muscle - Skeletal,206.0,192.42078302626504
GTEX-14PJ6-2126-SM-6EU1V,GTEX-14PJ6,Skin - Sun Exposed (Lower leg),134.0,244.70575229421274
GTEX-14PJ6-2326-SM-6ETZR,GTEX-14PJ6,Muscle - Skeletal,138.0,244.70575229421274
GTEX-14PJ6-2426-SM-6ETZS,GTEX-14PJ6,Nerve - Tibial,140.0,244.70575229421274
GTEX-14PJM-0226-SM-62LF1,GTEX-14PJM,Skin - Sun Exposed (Lower leg),523.0,659.6039217343501
GTEX-14PJM-0426-SM-5ZZVN,GTEX-14PJM,Muscle - Skeletal,529.0,659.6039217343501
GTEX-14PJM-0926-SM-6AJ9Y,GTEX-14PJM,Lung,564.0,659.6039217343501
GTEX-14PJN-2126-SM-6AJBM,GTEX-14PJN,Muscle - Skeletal,529.0,199.41695765891723
GTEX-14PJO-0326-SM-6LLHT,GTEX-14PJO,Nerve - Tibial,643.0,701.0400853690046
GTEX-14PJO-0526-SM-6EU2O,GTEX-14PJO,Muscle - Skeletal,648.0,701.0400853690046
GTEX-14PJO-0926-SM-686YT,GTEX-14PJO,Lung,659.0,701.0400853690046
GTEX-14PK6-0326-SM-6AJ9S,GTEX-14PK6,Lung,87.0,205.65697171727015
GTEX-14PK6-1926-SM-6ETZU,GTEX-14PK6,Skin - Sun Exposed (Lower leg),245.0,205.65697171727015
GTEX-14PK6-2126-SM-6ETZV,GTEX-14PK6,Muscle - Skeletal,249.0,205.65697171727015
GTEX-14PN3-2426-SM-6LLHS,GTEX-14PN3,Skin - Sun Exposed (Lower leg),289.0,419.66014404960504
GTEX-14PN3-2626-SM-6EU17,GTEX-14PN3,Nerve - Tibial,296.0,419.66014404960504
GTEX-14PN4-0126-SM-6EU2V,GTEX-14PN4,Skin - Sun Exposed (Lower leg),1045.0,757.2085564764757
GTEX-14PN4-0326-SM-6EU2N,GTEX-14PN4,Muscle - Skeletal,1052.0,757.2085564764757
GTEX-14PQA-0526-SM-7KUFS,GTEX-14PQA,Muscle - Skeletal,1177.0,674.3921029845696
GTEX-14XAO-0526-SM-6AJB7,GTEX-14XAO,Lung,101.0,222.33217360686785
GTEX-14XAO-2226-SM-6LLHU,GTEX-14XAO,Muscle - Skeletal,263.0,222.33217360686785
GTEX-14XAO-2326-SM-6EU1B,GTEX-14XAO,Skin - Sun Exposed (Lower leg),265.0,222.33217360686785
GTEX-15CHC-0226-SM-5YYBB,GTEX-15CHC,Lung,193.0,315.77794611103593
GTEX-15CHC-2126-SM-6EU21,GTEX-15CHC,Skin - Sun Exposed (Lower leg),273.0,315.77794611103593
GTEX-15CHC-2426-SM-6EU22,GTEX-15CHC,Muscle - Skeletal,288.0,315.77794611103593
GTEX-15CHC-2526-SM-686YX,GTEX-15CHC,Nerve - Tibial,290.0,315.77794611103593
GTEX-15CHQ-0726-SM-6EU18,GTEX-15CHQ,Muscle - Skeletal,881.0,765.332612110514
GTEX-15CHR-0726-SM-7EPHG,GTEX-15CHR,Lung,199.0,265.6782840535817
GTEX-15CHR-2426-SM-7DUFX,GTEX-15CHR,Muscle - Skeletal,411.0,265.6782840535817
GTEX-15D1Q-0126-SM-7KUG6,GTEX-15D1Q,Skin - Sun Exposed (Lower leg),680.0,895.6562213870532
GTEX-15D1Q-0526-SM-6AJAY,GTEX-15D1Q,Lung,703.0,895.6562213870532
GTEX-15D79-0526-SM-6ETZP,GTEX-15D79,Muscle - Skeletal,966.0,946.8864345660106
GTEX-15DCD-0126-SM-7KUEK,GTEX-15DCD,Skin - Sun Exposed (Lower leg),692.0,943.9302192904491
GTEX-15DCD-0626-SM-7KUG7,GTEX-15DCD,Muscle - Skeletal,709.0,943.9302192904491
GTEX-15DDE-0126-SM-6LPKH,GTEX-15DDE,Skin - Sun Exposed (Lower leg),628.0,780.4946486305492
GTEX-15DDE-0326-SM-6LLJ5,GTEX-15DDE,Nerve - Tibial,631.0,780.4946486305492
GTEX-15DDE-0526-SM-6ETZQ,GTEX-15DDE,Muscle - Skeletal,635.0,780.4946486305492
GTEX-15DYW-0126-SM-7KULE,GTEX-15DYW,Skin - Sun Exposed (Lower leg),493.0,762.436128133589
GTEX-15DYW-0326-SM-6PAN9,GTEX-15DYW,Nerve - Tibial,498.0,762.436128133589
GTEX-15DZA-2026-SM-6PANE,GTEX-15DZA,Muscle - Skeletal,250.0,349.7640747918939
GTEX-15EOM-0126-SM-7KUGG,GTEX-15EOM,Skin - Sun Exposed (Lower leg),186.0,401.8379694531175
GTEX-15EOM-5010-SM-7P8PA,GTEX-15EOM,Lung,205.0,401.8379694531175
GTEX-15ETS-0126-SM-7KUMW,GTEX-15ETS,Skin - Sun Exposed (Lower leg),416.0,319.07341637554293
GTEX-15ETS-0326-SM-6PANH,GTEX-15ETS,Muscle - Skeletal,437.0,319.07341637554293
GTEX-15EU6-0426-SM-6PAN5,GTEX-15EU6,Skin - Sun Exposed (Lower leg),290.0,254.86581144646783
GTEX-15EU6-1226-SM-6AJBE,GTEX-15EU6,Lung,323.0,254.86581144646783
GTEX-15F5U-1526-SM-6PANO,GTEX-15F5U,Skin - Sun Exposed (Lower leg),878.0,464.7940312177034
GTEX-15F5U-1826-SM-6LLJF,GTEX-15F5U,Muscle - Skeletal,880.0,464.7940312177034
GTEX-15F5U-1926-SM-6PANL,GTEX-15F5U,Nerve - Tibial,881.0,464.7940312177034
GTEX-15FZZ-0326-SM-6M48O,GTEX-15FZZ,Lung,344.0,320.6007145632402
GTEX-15FZZ-1926-SM-7KFTQ,GTEX-15FZZ,Nerve - Tibial,415.0,320.6007145632402
GTEX-15G19-0126-SM-6PANQ,GTEX-15G19,Skin - Sun Exposed (Lower leg),589.0,786.1558843200587
GTEX-15G19-0326-SM-7KUGF,GTEX-15G19,Nerve - Tibial,597.0,786.1558843200587
GTEX-15G19-0526-SM-6PAMT,GTEX-15G19,Muscle - Skeletal,601.0,786.1558843200587
GTEX-15G1A-0426-SM-6M468,GTEX-15G1A,Lung,67.0,228.2095266697661
GTEX-15G1A-2026-SM-7KUFG,GTEX-15G1A,Muscle - Skeletal,249.0,228.2095266697661
GTEX-15RIE-0326-SM-6PAMC,GTEX-15RIE,Lung,228.0,370.4197058750955
GTEX-15RIE-2426-SM-7KUDS,GTEX-15RIE,Muscle - Skeletal,392.0,370.4197058750955
GTEX-15RIF-2126-SM-7KUM8,GTEX-15RIF,Muscle - Skeletal,372.0,346.423605916476
GTEX-15RIG-0226-SM-7KFTL,GTEX-15RIG,Skin - Sun Exposed (Lower leg),500.0,527.1200004780695
GTEX-15RIG-0426-SM-7KUF4,GTEX-15RIG,Muscle - Skeletal,505.0,527.1200004780695
GTEX-15RIG-0526-SM-7KFTP,GTEX-15RIG,Nerve - Tibial,506.0,527.1200004780695
GTEX-15RJ7-0626-SM-6M47V,GTEX-15RJ7,Lung,195.0,291.99775239299584
GTEX-15RJ7-2426-SM-6M48L,GTEX-15RJ7,Muscle - Skeletal,280.0,291.99775239299584
GTEX-15SB6-0426-SM-6LPJ5,GTEX-15SB6,Lung,487.0,474.04559243900474
GTEX-15SB6-1726-SM-6PAME,GTEX-15SB6,Skin - Sun Exposed (Lower leg),717.0,474.04559243900474
GTEX-15SB6-1826-SM-6PALN,GTEX-15SB6,Muscle - Skeletal,713.0,474.04559243900474
GTEX-15SDE-2226-SM-7IGLO,GTEX-15SDE,Skin - Sun Exposed (Lower leg),339.0,449.8723436036737
GTEX-15SDE-2326-SM-6PAL4,GTEX-15SDE,Muscle - Skeletal,342.0,449.8723436036737
GTEX-15SHU-0126-SM-7KUEH,GTEX-15SHU,Skin - Sun Exposed (Lower leg),1079.0,704.9531675594321
GTEX-15SHU-0626-SM-7KUFH,GTEX-15SHU,Muscle - Skeletal,1111.0,704.9531675594321
GTEX-15SHV-0326-SM-6M475,GTEX-15SHV,Lung,198.0,214.1983567079272
GTEX-15SHV-2526-SM-6PAMG,GTEX-15SHV,Muscle - Skeletal,291.0,214.1983567079272
GTEX-15SHW-0326-SM-6PAML,GTEX-15SHW,Skin - Sun Exposed (Lower leg),573.0,484.63061425539695
GTEX-15SHW-0726-SM-7KUEI,GTEX-15SHW,Muscle - Skeletal,589.0,484.63061425539695
GTEX-15SHW-0926-SM-6LPIO,GTEX-15SHW,Lung,619.0,484.63061425539695
GTEX-15SKB-0426-SM-6PALQ,GTEX-15SKB,Nerve - Tibial,535.0,617.6506845494259
GTEX-15SKB-0826-SM-7KUFB,GTEX-15SKB,Lung,546.0,617.6506845494259
GTEX-15SKB-2526-SM-6PALP,GTEX-15SKB,Muscle - Skeletal,606.0,617.6506845494259
GTEX-15UF6-0826-SM-6PALJ,GTEX-15UF6,Skin - Sun Exposed (Lower leg),588.0,895.5134421752273
GTEX-15UF6-1026-SM-7KUF7,GTEX-15UF6,Muscle - Skeletal,590.0,895.5134421752273
GTEX-15UF7-2226-SM-6PAMQ,GTEX-15UF7,Muscle - Skeletal,451.0,484.38605452701614
GTEX-15UKP-0226-SM-7KFTD,GTEX-15UKP,Nerve - Tibial,476.0,382.90406149394164
GTEX-15UKP-0326-SM-7KUFP,GTEX-15UKP,Muscle - Skeletal,479.0,382.90406149394164
GTEX-15UKP-0426-SM-7KUFQ,GTEX-15UKP,Skin - Sun Exposed (Lower leg),481.0,382.90406149394164
GTEX-15UKP-1926-SM-6LPI9,GTEX-15UKP,Lung,602.0,382.90406149394164
GTEX-169BO-0226-SM-79OL1,GTEX-169BO,Lung,114.0,205.27106044268373
GTEX-169BO-1326-SM-9MQK2,GTEX-169BO,Skin - Sun Exposed (Lower leg),155.0,205.27106044268373
GTEX-169BO-1526-SM-9KNVR,GTEX-169BO,Muscle - Skeletal,160.0,205.27106044268373
GTEX-169BO-1726-SM-9MQLX,GTEX-169BO,Nerve - Tibial,170.0,205.27106044268373
GTEX-16AAH-0426-SM-7DUFM,GTEX-16AAH,Lung,144.0,247.45603595250128
GTEX-16AAH-1726-SM-7939C,GTEX-16AAH,Skin - Sun Exposed (Lower leg),248.0,247.45603595250128
GTEX-16AAH-1826-SM-7939D,GTEX-16AAH,Muscle - Skeletal,252.0,247.45603595250128
GTEX-16AAH-2126-SM-7LG4D,GTEX-16AAH,Nerve - Tibial,259.0,247.45603595250128
GTEX-16BQI-0226-SM-7KUEX,GTEX-16BQI,Skin - Sun Exposed (Lower leg),712.0,398.4055186506149
GTEX-16BQI-0326-SM-6PAM4,GTEX-16BQI,Muscle - Skeletal,713.0,398.4055186506149
GTEX-16BQI-0626-SM-6PAMS,GTEX-16BQI,Nerve - Tibial,715.0,398.4055186506149
GTEX-16GPK-0126-SM-7DHLE,GTEX-16GPK,Skin - Sun Exposed (Lower leg),653.0,881.678630958626
GTEX-16GPK-0326-SM-793BT,GTEX-16GPK,Nerve - Tibial,658.0,881.678630958626
GTEX-16GPK-0526-SM-7KUER,GTEX-16GPK,Muscle - Skeletal,661.0,881.678630958626
GTEX-16GPK-1826-SM-7MGW5,GTEX-16GPK,Lung,692.0,881.678630958626
GTEX-16MT8-0326-SM-6PAM5,GTEX-16MT8,Muscle - Skeletal,445.0,839.3404500765733
GTEX-16MT8-0426-SM-7KUEY,GTEX-16MT8,Skin - Sun Exposed (Lower leg),447.0,839.3404500765733
GTEX-16MT8-1026-SM-6LPK1,GTEX-16MT8,Lung,471.0,839.3404500765733
GTEX-16MT9-0226-SM-793BN,GTEX-16MT9,Nerve - Tibial,582.0,673.6002510824278
GTEX-16MTA-1226-SM-7KULL,GTEX-16MTA,Lung,153.0,205.1178230130193
GTEX-16MTA-2026-SM-7KUL3,GTEX-16MTA,Muscle - Skeletal,252.0,205.1178230130193
GTEX-16NGA-0226-SM-718AI,GTEX-16NGA,Lung,123.0,234.68417224564035
GTEX-16NGA-1726-SM-731B4,GTEX-16NGA,Skin - Sun Exposed (Lower leg),227.0,234.68417224564035
GTEX-16NGA-1926-SM-7LTA6,GTEX-16NGA,Muscle - Skeletal,226.0,234.68417224564035
GTEX-16NGA-2026-SM-7LG4Q,GTEX-16NGA,Nerve - Tibial,224.0,234.68417224564035
GTEX-16NPV-2426-SM-6M482,GTEX-16NPV,Muscle - Skeletal,652.0,773.0428881650954
GTEX-16NPX-0226-SM-79OMT,GTEX-16NPX,Skin - Sun Exposed (Lower leg),564.0,477.56982666581007
GTEX-16NPX-0426-SM-7EWDJ,GTEX-16NPX,Nerve - Tibial,567.0,477.56982666581007
GTEX-16NPX-0626-SM-7KULB,GTEX-16NPX,Muscle - Skeletal,570.0,477.56982666581007
GTEX-16XZY-2126-SM-79OK1,GTEX-16XZY,Skin - Sun Exposed (Lower leg),671.0,482.1626613734587
GTEX-16XZY-2226-SM-7938N,GTEX-16XZY,Muscle - Skeletal,755.0,482.1626613734587
GTEX-16XZY-2326-SM-7EWDD,GTEX-16XZY,Nerve - Tibial,758.0,482.1626613734587
GTEX-16XZZ-0126-SM-793DV,GTEX-16XZZ,Skin - Sun Exposed (Lower leg),440.0,449.09217964228606
GTEX-16XZZ-0326-SM-7EWD6,GTEX-16XZZ,Nerve - Tibial,453.0,449.09217964228606
GTEX-16XZZ-0526-SM-7KUF1,GTEX-16XZZ,Muscle - Skeletal,463.0,449.09217964228606
GTEX-16XZZ-0926-SM-7DHLI,GTEX-16XZZ,Lung,483.0,449.09217964228606
GTEX-16YQH-0126-SM-7DUFJ,GTEX-16YQH,Skin - Sun Exposed (Lower leg),904.0,786.1244519143225
GTEX-16YQH-0426-SM-7KUL7,GTEX-16YQH,Muscle - Skeletal,921.0,786.1244519143225
GTEX-16YQH-0526-SM-7KUE8,GTEX-16YQH,Nerve - Tibial,930.0,786.1244519143225
GTEX-16Z82-0126-SM-7DHLF,GTEX-16Z82,Muscle - Skeletal,516.0,861.5856574053963
GTEX-16Z82-1026-SM-6M48A,GTEX-16Z82,Lung,532.0,861.5856574053963
GTEX-178AV-0326-SM-6LPJF,GTEX-178AV,Lung,178.0,354.3550411008929
GTEX-178AV-1826-SM-7KUE2,GTEX-178AV,Nerve - Tibial,251.0,354.3550411008929
GTEX-17EUY-0226-SM-79OKV,GTEX-17EUY,Nerve - Tibial,381.0,442.54448912479086
GTEX-17EUY-0426-SM-793BD,GTEX-17EUY,Skin - Sun Exposed (Lower leg),388.0,442.54448912479086
GTEX-17EUY-0626-SM-793BE,GTEX-17EUY,Muscle - Skeletal,391.0,442.54448912479086
GTEX-17EVP-0326-SM-7DHLG,GTEX-17EVP,Skin - Sun Exposed (Lower leg),961.0,805.6405217527881
GTEX-17EVP-0726-SM-7EWDX,GTEX-17EVP,Lung,985.0,805.6405217527881
GTEX-17EVP-1126-SM-793C4,GTEX-17EVP,Nerve - Tibial,995.0,805.6405217527881
GTEX-17EVP-1326-SM-7DHMR,GTEX-17EVP,Muscle - Skeletal,998.0,805.6405217527881
GTEX-17EVQ-0226-SM-7LG4P,GTEX-17EVQ,Skin - Sun Exposed (Lower leg),965.0,794.0234920611454
GTEX-17EVQ-1026-SM-7IGOG,GTEX-17EVQ,Nerve - Tibial,1005.0,794.0234920611454
GTEX-17EVQ-1226-SM-7LG59,GTEX-17EVQ,Muscle - Skeletal,1008.0,794.0234920611454
GTEX-17EVQ-1526-SM-79ONG,GTEX-17EVQ,Lung,1029.0,794.0234920611454
GTEX-17F96-0326-SM-793BR,GTEX-17F96,Nerve - Tibial,537.0,495.4142824412281
GTEX-17F96-0626-SM-793CC,GTEX-17F96,Lung,541.0,495.4142824412281
GTEX-17F96-1626-SM-7DUFL,GTEX-17F96,Skin - Sun Exposed (Lower leg),563.0,495.4142824412281
GTEX-17F96-2726-SM-7LT9F,GTEX-17F96,Muscle - Skeletal,581.0,495.4142824412281
GTEX-17F97-0126-SM-7LT8N,GTEX-17F97,Nerve - Tibial,912.0,931.6255340830758
GTEX-17F97-0326-SM-7LG5B,GTEX-17F97,Skin - Sun Exposed (Lower leg),917.0,931.6255340830758
GTEX-17F97-0526-SM-7DUF8,GTEX-17F97,Muscle - Skeletal,920.0,931.6255340830758
GTEX-17F98-0226-SM-793BV,GTEX-17F98,Lung,223.0,267.19580584970635
GTEX-17F98-0626-SM-79OMX,GTEX-17F98,Skin - Sun Exposed (Lower leg),274.0,267.19580584970635
GTEX-17F98-0826-SM-7DUF7,GTEX-17F98,Nerve - Tibial,292.0,267.19580584970635
GTEX-17F98-1626-SM-7938R,GTEX-17F98,Muscle - Skeletal,318.0,267.19580584970635
GTEX-17F9E-0226-SM-79OKK,GTEX-17F9E,Muscle - Skeletal,234.0,352.6990123091977
GTEX-17F9E-0426-SM-7IGP1,GTEX-17F9E,Nerve - Tibial,253.0,352.6990123091977
GTEX-17F9Y-0926-SM-79OJU,GTEX-17F9Y,Nerve - Tibial,539.0,557.1864999657582
GTEX-17F9Y-1026-SM-7IGO4,GTEX-17F9Y,Lung,540.0,557.1864999657582
GTEX-17GQL-0726-SM-731BL,GTEX-17GQL,Lung,475.0,301.02029604307654
GTEX-17GQL-1926-SM-718B9,GTEX-17GQL,Muscle - Skeletal,504.0,301.02029604307654
GTEX-17GQL-2026-SM-718BA,GTEX-17GQL,Skin - Sun Exposed (Lower leg),508.0,301.02029604307654
GTEX-17HG3-0326-SM-7IGP4,GTEX-17HG3,Lung,1010.0,1005.3627886429553
GTEX-17HG3-2226-SM-7938L,GTEX-17HG3,Skin - Sun Exposed (Lower leg),1192.0,1005.3627886429553
GTEX-17HGU-0226-SM-7DHKV,GTEX-17HGU,Skin - Sun Exposed (Lower leg),363.0,384.6230358998519
GTEX-17HGU-0426-SM-7DUES,GTEX-17HGU,Nerve - Tibial,392.0,384.6230358998519
GTEX-17HGU-0626-SM-7939Y,GTEX-17HGU,Muscle - Skeletal,395.0,384.6230358998519
GTEX-17HGU-0926-SM-79OKO,GTEX-17HGU,Lung,419.0,384.6230358998519
GTEX-17HHE-0626-SM-7DHL6,GTEX-17HHE,Lung,126.0,256.6384810444053
GTEX-17HHE-2026-SM-79OKF,GTEX-17HHE,Skin - Sun Exposed (Lower leg),386.0,256.6384810444053
GTEX-17HHE-2126-SM-7DHLO,GTEX-17HHE,Muscle - Skeletal,393.0,256.6384810444053
GTEX-17HHE-2226-SM-7EPGN,GTEX-17HHE,Nerve - Tibial,400.0,256.6384810444053
GTEX-17HHY-0126-SM-7LG5D,GTEX-17HHY,Skin - Sun Exposed (Lower leg),688.0,852.7431643536945
GTEX-17HHY-0326-SM-7938H,GTEX-17HHY,Muscle - Skeletal,692.0,852.7431643536945
GTEX-17HHY-0626-SM-7EPGF,GTEX-17HHY,Nerve - Tibial,696.0,852.7431643536945
GTEX-17HII-0226-SM-7LG4E,GTEX-17HII,Skin - Sun Exposed (Lower leg),599.0,739.5042083860478
GTEX-17HII-0426-SM-793A3,GTEX-17HII,Muscle - Skeletal,603.0,739.5042083860478
GTEX-17HII-0526-SM-7DHLP,GTEX-17HII,Nerve - Tibial,625.0,739.5042083860478
GTEX-17HII-0926-SM-79ON7,GTEX-17HII,Lung,655.0,739.5042083860478
GTEX-17JCI-0126-SM-7LG5G,GTEX-17JCI,Skin - Sun Exposed (Lower leg),561.0,433.3484963220487
GTEX-17JCI-0326-SM-7LG5H,GTEX-17JCI,Muscle - Skeletal,566.0,433.3484963220487
GTEX-17JCI-0426-SM-7LG4R,GTEX-17JCI,Nerve - Tibial,569.0,433.3484963220487
GTEX-17JCI-1526-SM-7IGOQ,GTEX-17JCI,Lung,596.0,433.3484963220487
GTEX-17KNJ-0926-SM-7IGP2,GTEX-17KNJ,Lung,228.0,343.773151536098
GTEX-17KNJ-2326-SM-7DHLQ,GTEX-17KNJ,Skin - Sun Exposed (Lower leg),279.0,343.773151536098
GTEX-17KNJ-2426-SM-7DHLR,GTEX-17KNJ,Muscle - Skeletal,283.0,343.773151536098
GTEX-17MFQ-1726-SM-793C7,GTEX-17MFQ,Skin - Sun Exposed (Lower leg),367.0,304.3806451402872
GTEX-17MFQ-1926-SM-793A6,GTEX-17MFQ,Muscle - Skeletal,372.0,304.3806451402872
GTEX-183FY-0126-SM-7LT9P,GTEX-183FY,Skin - Sun Exposed (Lower leg),245.0,303.3565612983766
GTEX-183FY-0226-SM-7LG54,GTEX-183FY,Muscle - Skeletal,255.0,303.3565612983766
GTEX-183FY-0426-SM-7MKGK,GTEX-183FY,Nerve - Tibial,265.0,303.3565612983766
GTEX-183FY-0726-SM-793C3,GTEX-183FY,Lung,351.0,303.3565612983766
GTEX-183WM-0126-SM-7LTAB,GTEX-183WM,Skin - Sun Exposed (Lower leg),872.0,892.7943445680066
GTEX-183WM-0426-SM-731B1,GTEX-183WM,Muscle - Skeletal,877.0,892.7943445680066
GTEX-183WM-0526-SM-731BD,GTEX-183WM,Nerve - Tibial,878.0,892.7943445680066
GTEX-18465-0126-SM-731BN,GTEX-18465,Skin - Sun Exposed (Lower leg),780.0,792.8737983959406
GTEX-18465-0326-SM-7LTAD,GTEX-18465,Muscle - Skeletal,785.0,792.8737983959406
GTEX-18465-0526-SM-7LG4K,GTEX-18465,Nerve - Tibial,788.0,792.8737983959406
GTEX-18465-0626-SM-7LT8X,GTEX-18465,Lung,795.0,792.8737983959406
GTEX-18A66-0126-SM-731CQ,GTEX-18A66,Muscle - Skeletal,279.0,511.5367438136428
GTEX-18A66-0226-SM-718BD,GTEX-18A66,Skin - Sun Exposed (Lower leg),281.0,511.5367438136428
GTEX-18A66-0426-SM-718BF,GTEX-18A66,Nerve - Tibial,288.0,511.5367438136428
GTEX-18A66-0926-SM-718BG,GTEX-18A66,Lung,339.0,511.5367438136428
GTEX-18A67-0126-SM-7LG5P,GTEX-18A67,Skin - Sun Exposed (Lower leg),277.0,181.16301825673548
GTEX-18A67-0326-SM-7LG5X,GTEX-18A67,Muscle - Skeletal,284.0,181.16301825673548
GTEX-18A67-1126-SM-7KFSB,GTEX-18A67,Lung,337.0,181.16301825673548
GTEX-18A6Q-0126-SM-731BZ,GTEX-18A6Q,Skin - Sun Exposed (Lower leg),527.0,798.7140679100805
GTEX-18A6Q-0326-SM-718AT,GTEX-18A6Q,Muscle - Skeletal,532.0,798.7140679100805
GTEX-18A6Q-0426-SM-731CC,GTEX-18A6Q,Nerve - Tibial,543.0,798.7140679100805
GTEX-18A6Q-0826-SM-7KFRD,GTEX-18A6Q,Lung,583.0,798.7140679100805
GTEX-18A7A-0226-SM-718BH,GTEX-18A7A,Skin - Sun Exposed (Lower leg),570.0,702.6462335593556
GTEX-18A7A-0426-SM-731B6,GTEX-18A7A,Nerve - Tibial,573.0,702.6462335593556
GTEX-18A7A-0626-SM-718BJ,GTEX-18A7A,Muscle - Skeletal,576.0,702.6462335593556
GTEX-18A7A-1026-SM-7LT8B,GTEX-18A7A,Lung,588.0,702.6462335593556
GTEX-18A7B-0126-SM-7LG64,GTEX-18A7B,Skin - Sun Exposed (Lower leg),668.0,841.3323001483151
GTEX-18A7B-0326-SM-7LG65,GTEX-18A7B,Muscle - Skeletal,675.0,841.3323001483151
GTEX-18A7B-0426-SM-7LG4T,GTEX-18A7B,Nerve - Tibial,680.0,841.3323001483151
GTEX-18D9A-0226-SM-7KFSJ,GTEX-18D9A,Lung,479.0,304.3311563932671
GTEX-18D9A-1726-SM-731BS,GTEX-18D9A,Nerve - Tibial,607.0,304.3311563932671
GTEX-18D9A-1826-SM-718BK,GTEX-18D9A,Muscle - Skeletal,609.0,304.3311563932671
GTEX-18D9A-1926-SM-7LG6P,GTEX-18D9A,Skin - Sun Exposed (Lower leg),611.0,304.3311563932671
GTEX-18D9B-0226-SM-731CV,GTEX-18D9B,Nerve - Tibial,405.0,305.4993702091722
GTEX-18D9B-0426-SM-7LTAR,GTEX-18D9B,Muscle - Skeletal,407.0,305.4993702091722
GTEX-18D9B-0526-SM-7LTAS,GTEX-18D9B,Skin - Sun Exposed (Lower leg),422.0,305.4993702091722
GTEX-18D9B-1026-SM-CNPO5,GTEX-18D9B,Lung,467.0,305.4993702091722
GTEX-18D9U-0226-SM-718BP,GTEX-18D9U,Skin - Sun Exposed (Lower leg),278.0,264.553394866879
GTEX-18D9U-0526-SM-72D7C,GTEX-18D9U,Lung,299.0,264.553394866879
GTEX-18D9U-0626-SM-7LTA4,GTEX-18D9U,Muscle - Skeletal,307.0,264.553394866879
GTEX-18D9U-0826-SM-7LG5K,GTEX-18D9U,Nerve - Tibial,314.0,264.553394866879
GTEX-18QFQ-0126-SM-731BE,GTEX-18QFQ,Skin - Sun Exposed (Lower leg),457.0,317.81543276537803
GTEX-18QFQ-0326-SM-731C3,GTEX-18QFQ,Muscle - Skeletal,467.0,317.81543276537803
GTEX-18QFQ-0426-SM-72D7E,GTEX-18QFQ,Nerve - Tibial,476.0,317.81543276537803
GTEX-18QFQ-0926-SM-7LG4V,GTEX-18QFQ,Lung,639.0,317.81543276537803
GTEX-1A32A-0126-SM-718B1,GTEX-1A32A,Skin - Sun Exposed (Lower leg),668.0,740.6304849905059
GTEX-1A32A-0326-SM-718B3,GTEX-1A32A,Nerve - Tibial,672.0,740.6304849905059
GTEX-1A32A-0526-SM-731B9,GTEX-1A32A,Muscle - Skeletal,677.0,740.6304849905059
GTEX-1A32A-0726-SM-731D4,GTEX-1A32A,Lung,697.0,740.6304849905059
GTEX-1A3MV-0526-SM-72D5A,GTEX-1A3MV,Lung,229.0,304.714548558834
GTEX-1A3MV-1926-SM-718BT,GTEX-1A3MV,Skin - Sun Exposed (Lower leg),365.0,304.714548558834
GTEX-1A3MV-2026-SM-718BU,GTEX-1A3MV,Muscle - Skeletal,377.0,304.714548558834
GTEX-1A3MV-2326-SM-731CT,GTEX-1A3MV,Nerve - Tibial,382.0,304.714548558834
GTEX-1A3MW-0126-SM-73KXX,GTEX-1A3MW,Skin - Sun Exposed (Lower leg),705.0,769.334845116392
GTEX-1A3MW-0326-SM-731EF,GTEX-1A3MW,Nerve - Tibial,708.0,769.334845116392
GTEX-1A3MW-0526-SM-731BY,GTEX-1A3MW,Muscle - Skeletal,711.0,769.334845116392
GTEX-1A3MX-0126-SM-731BR,GTEX-1A3MX,Skin - Sun Exposed (Lower leg),1124.0,777.7979036298225
GTEX-1A3MX-0326-SM-73KXV,GTEX-1A3MX,Nerve - Tibial,1130.0,777.7979036298225
GTEX-1A3MX-0526-SM-718A9,GTEX-1A3MX,Muscle - Skeletal,1135.0,777.7979036298225
GTEX-1A8G6-0126-SM-7DUFY,GTEX-1A8G6,Muscle - Skeletal,1157.0,698.7382196291319
GTEX-1A8G6-0326-SM-72D6F,GTEX-1A8G6,Nerve - Tibial,1161.0,698.7382196291319
GTEX-1A8G7-0326-SM-72D5B,GTEX-1A8G7,Muscle - Skeletal,701.0,993.9537988681898
GTEX-1A8G7-0526-SM-73KYA,GTEX-1A8G7,Nerve - Tibial,703.0,993.9537988681898
GTEX-1AMEY-1326-SM-73KYK,GTEX-1AMEY,Skin - Sun Exposed (Lower leg),248.0,568.5711859282422
GTEX-1AMEY-1526-SM-73KYW,GTEX-1AMEY,Muscle - Skeletal,267.0,568.5711859282422
GTEX-1AMEY-1626-SM-7MGW1,GTEX-1AMEY,Nerve - Tibial,289.0,568.5711859282422
GTEX-1AMFI-2026-SM-731BH,GTEX-1AMFI,Skin - Sun Exposed (Lower leg),292.0,322.99357280115004
GTEX-1AMFI-2226-SM-731C6,GTEX-1AMFI,Muscle - Skeletal,297.0,322.99357280115004
GTEX-1AMFI-2326-SM-731CI,GTEX-1AMFI,Nerve - Tibial,300.0,322.99357280115004
GTEX-1AX8Z-0126-SM-7DHM6,GTEX-1AX8Z,Skin - Sun Exposed (Lower leg),315.0,418.8655867764937
GTEX-1AX8Z-5004-SM-ARZLD,GTEX-1AX8Z,Muscle - Skeletal,328.0,418.8655867764937
GTEX-1AX8Z-5010-SM-AHZ33,GTEX-1AX8Z,Lung,384.0,418.8655867764937
GTEX-1AX9I-0126-SM-7SB74,GTEX-1AX9I,Skin - Sun Exposed (Lower leg),616.0,836.8628806893953
GTEX-1AX9I-0326-SM-73KXQ,GTEX-1AX9I,Muscle - Skeletal,619.0,836.8628806893953
GTEX-1AX9I-0426-SM-73KY3,GTEX-1AX9I,Nerve - Tibial,621.0,836.8628806893953
GTEX-1AX9I-0826-SM-73KUT,GTEX-1AX9I,Lung,652.0,836.8628806893953
GTEX-1AX9J-0126-SM-73KY2,GTEX-1AX9J,Muscle - Skeletal,483.0,273.9717937784258
GTEX-1AX9J-0226-SM-73KXM,GTEX-1AX9J,Skin - Sun Exposed (Lower leg),488.0,273.9717937784258
GTEX-1AX9J-0526-SM-72D5O,GTEX-1AX9J,Nerve - Tibial,495.0,273.9717937784258
GTEX-1AX9J-1626-SM-73KUI,GTEX-1AX9J,Lung,568.0,273.9717937784258
GTEX-1AX9K-0826-SM-731F9,GTEX-1AX9K,Lung,294.0,420.87772223131236
GTEX-1AX9K-2326-SM-73KWU,GTEX-1AX9K,Skin - Sun Exposed (Lower leg),374.0,420.87772223131236
GTEX-1AX9K-2526-SM-7DUG4,GTEX-1AX9K,Nerve - Tibial,377.0,420.87772223131236
GTEX-1AX9K-2726-SM-7DHMA,GTEX-1AX9K,Muscle - Skeletal,383.0,420.87772223131236
GTEX-1AYCT-0726-SM-7IGNG,GTEX-1AYCT,Lung,460.0,412.40365395389017
GTEX-1AYCT-2026-SM-793CJ,GTEX-1AYCT,Nerve - Tibial,556.0,412.40365395389017
GTEX-1AYCT-2426-SM-7IGQ3,GTEX-1AYCT,Skin - Sun Exposed (Lower leg),599.0,412.40365395389017
GTEX-1AYD5-1226-SM-7EWEP,GTEX-1AYD5,Lung,328.0,526.7774201618042
GTEX-1AYD5-2226-SM-73KX3,GTEX-1AYD5,Muscle - Skeletal,377.0,526.7774201618042
GTEX-1AYD5-2426-SM-73KXR,GTEX-1AYD5,Skin - Sun Exposed (Lower leg),384.0,526.7774201618042
GTEX-1B8KE-2126-SM-73KYX,GTEX-1B8KE,Skin - Sun Exposed (Lower leg),197.0,329.0176099937165
GTEX-1B8KE-2226-SM-7939K,GTEX-1B8KE,Muscle - Skeletal,207.0,329.0176099937165
GTEX-1B8KE-2426-SM-73KYE,GTEX-1B8KE,Nerve - Tibial,202.0,329.0176099937165
GTEX-1B8KZ-0526-SM-73KW2,GTEX-1B8KZ,Lung,315.0,395.0544997783914
GTEX-1B8KZ-2026-SM-7DHMB,GTEX-1B8KZ,Skin - Sun Exposed (Lower leg),398.0,395.0544997783914
GTEX-1B8KZ-2126-SM-73KYG,GTEX-1B8KZ,Muscle - Skeletal,405.0,395.0544997783914
GTEX-1B8KZ-2326-SM-7DUG9,GTEX-1B8KZ,Nerve - Tibial,408.0,395.0544997783914
GTEX-1B8L1-0626-SM-7EPHL,GTEX-1B8L1,Lung,738.0,970.3221159541382
GTEX-1B8L1-2526-SM-9WYTF,GTEX-1B8L1,Skin - Sun Exposed (Lower leg),858.0,970.3221159541382
GTEX-1B8L1-2726-SM-793AL,GTEX-1B8L1,Muscle - Skeletal,860.0,970.3221159541382
GTEX-1B8L1-2926-SM-7DUGA,GTEX-1B8L1,Nerve - Tibial,861.0,970.3221159541382
GTEX-1B8SF-0326-SM-7EWEN,GTEX-1B8SF,Nerve - Tibial,1038.0,894.2035569954332
GTEX-1B8SF-0426-SM-79OL4,GTEX-1B8SF,Muscle - Skeletal,1045.0,894.2035569954332
GTEX-1B8SF-0826-SM-73KW8,GTEX-1B8SF,Lung,1063.0,894.2035569954332
GTEX-1B8SF-1426-SM-7DUGL,GTEX-1B8SF,Skin - Sun Exposed (Lower leg),1060.0,894.2035569954332
GTEX-1B932-0326-SM-7IGMV,GTEX-1B932,Nerve - Tibial,234.0,360.18544549126443
GTEX-1B932-0526-SM-73KU7,GTEX-1B932,Muscle - Skeletal,239.0,360.18544549126443
GTEX-1B932-0726-SM-731EY,GTEX-1B932,Lung,250.0,360.18544549126443
GTEX-1B933-0126-SM-7PC29,GTEX-1B933,Skin - Sun Exposed (Lower leg),654.0,829.5643856185138
GTEX-1B933-0226-SM-7SB6Z,GTEX-1B933,Nerve - Tibial,657.0,829.5643856185138
GTEX-1B933-0426-SM-7DHMC,GTEX-1B933,Muscle - Skeletal,665.0,829.5643856185138
GTEX-1B933-0926-SM-9OSVH,GTEX-1B933,Lung,709.0,829.5643856185138
GTEX-1B97I-0226-SM-73KVO,GTEX-1B97I,Lung,643.0,488.18384590396846
GTEX-1B97I-1626-SM-73KYO,GTEX-1B97I,Skin - Sun Exposed (Lower leg),824.0,488.18384590396846
GTEX-1B97I-1826-SM-7939W,GTEX-1B97I,Nerve - Tibial,946.0,488.18384590396846
GTEX-1B97I-2026-SM-7DHN2,GTEX-1B97I,Muscle - Skeletal,949.0,488.18384590396846
GTEX-1B97J-1226-SM-7PBZR,GTEX-1B97J,Muscle - Skeletal,239.0,264.37707373258763
GTEX-1B97J-1326-SM-7PC2G,GTEX-1B97J,Nerve - Tibial,236.0,264.37707373258763
GTEX-1B996-0226-SM-7RHGO,GTEX-1B996,Skin - Sun Exposed (Lower leg),1032.0,759.37651628242
GTEX-1B996-0326-SM-7DHMU,GTEX-1B996,Muscle - Skeletal,1034.0,759.37651628242
GTEX-1B996-0526-SM-79OOE,GTEX-1B996,Nerve - Tibial,1039.0,759.37651628242
GTEX-1B996-0726-SM-7IGPI,GTEX-1B996,Lung,1045.0,759.37651628242
GTEX-1C2JI-1826-SM-73KXC,GTEX-1C2JI,Skin - Sun Exposed (Lower leg),481.0,524.7595486884892
GTEX-1C2JI-2126-SM-793CG,GTEX-1C2JI,Muscle - Skeletal,565.0,524.7595486884892
GTEX-1C475-1726-SM-73KVX,GTEX-1C475,Muscle - Skeletal,208.0,264.4591568146255
GTEX-1C475-1826-SM-73KWA,GTEX-1C475,Skin - Sun Exposed (Lower leg),214.0,264.4591568146255
GTEX-1C475-2026-SM-793CI,GTEX-1C475,Nerve - Tibial,220.0,264.4591568146255
GTEX-1C4CL-0326-SM-7DHMH,GTEX-1C4CL,Muscle - Skeletal,344.0,334.43290528453133
GTEX-1C4CL-0526-SM-73KVK,GTEX-1C4CL,Skin - Sun Exposed (Lower leg),348.0,334.43290528453133
GTEX-1C4CL-0826-SM-7EWEZ,GTEX-1C4CL,Lung,398.0,334.43290528453133
GTEX-1C64N-0126-SM-793D7,GTEX-1C64N,Skin - Sun Exposed (Lower leg),861.0,912.5508404040875
GTEX-1C64N-0326-SM-7P8QC,GTEX-1C64N,Muscle - Skeletal,863.0,912.5508404040875
GTEX-1C64N-0426-SM-7PC31,GTEX-1C64N,Nerve - Tibial,864.0,912.5508404040875
GTEX-1C64O-0126-SM-7SB8P,GTEX-1C64O,Skin - Sun Exposed (Lower leg),437.0,388.2569625737745
GTEX-1C64O-0326-SM-73KVW,GTEX-1C64O,Muscle - Skeletal,447.0,388.2569625737745
GTEX-1C64O-0426-SM-7SB8Q,GTEX-1C64O,Nerve - Tibial,457.0,388.2569625737745
GTEX-1C64O-1226-SM-79OOC,GTEX-1C64O,Lung,537.0,388.2569625737745
GTEX-1C6VQ-0126-SM-7P8RI,GTEX-1C6VQ,Skin - Sun Exposed (Lower leg),896.0,942.289939410206
GTEX-1C6VQ-0326-SM-7DHMS,GTEX-1C6VQ,Muscle - Skeletal,915.0,942.289939410206
GTEX-1C6VQ-0626-SM-7EPHE,GTEX-1C6VQ,Nerve - Tibial,926.0,942.289939410206
GTEX-1C6VR-0626-SM-79OOY,GTEX-1C6VR,Lung,985.0,954.7214004883269
GTEX-1C6VR-2426-SM-79OLD,GTEX-1C6VR,Skin - Sun Exposed (Lower leg),1093.0,954.7214004883269
GTEX-1C6VR-2526-SM-7DHMT,GTEX-1C6VR,Muscle - Skeletal,1098.0,954.7214004883269
GTEX-1C6VR-2726-SM-79OM7,GTEX-1C6VR,Nerve - Tibial,1104.0,954.7214004883269
GTEX-1C6VS-0126-SM-7PC2H,GTEX-1C6VS,Muscle - Skeletal,737.0,931.7223998091399
GTEX-1C6VS-0226-SM-7SB7B,GTEX-1C6VS,Nerve - Tibial,739.0,931.7223998091399
GTEX-1C6VS-0526-SM-7DUEN,GTEX-1C6VS,Skin - Sun Exposed (Lower leg),746.0,931.7223998091399
GTEX-1C6VS-1226-SM-79OO2,GTEX-1C6VS,Lung,880.0,931.7223998091399
GTEX-1C6WA-0126-SM-7PC2B,GTEX-1C6WA,Skin - Sun Exposed (Lower leg),1138.0,948.0586912558615
GTEX-1C6WA-0326-SM-7DUGE,GTEX-1C6WA,Muscle - Skeletal,1147.0,948.0586912558615
GTEX-1C6WA-0526-SM-7IGNZ,GTEX-1C6WA,Nerve - Tibial,1152.0,948.0586912558615
GTEX-1CAMQ-0226-SM-7IGPK,GTEX-1CAMQ,Skin - Sun Exposed (Lower leg),589.0,868.663688736108
GTEX-1CAMQ-0326-SM-7MXUI,GTEX-1CAMQ,Muscle - Skeletal,590.0,868.663688736108
GTEX-1CAMQ-0526-SM-7RHGR,GTEX-1CAMQ,Nerve - Tibial,593.0,868.663688736108
GTEX-1CAMQ-1026-SM-7EPIC,GTEX-1CAMQ,Lung,608.0,868.663688736108
GTEX-1CAMR-1726-SM-793CU,GTEX-1CAMR,Muscle - Skeletal,343.0,367.24962511661363
GTEX-1CAMR-1926-SM-7EPI2,GTEX-1CAMR,Skin - Sun Exposed (Lower leg),345.0,367.24962511661363
GTEX-1CAMS-0126-SM-79396,GTEX-1CAMS,Muscle - Skeletal,349.0,400.1374664473017
GTEX-1CAMS-0426-SM-7P8T2,GTEX-1CAMS,Skin - Sun Exposed (Lower leg),360.0,400.1374664473017
GTEX-1CAMS-0526-SM-7EWEX,GTEX-1CAMS,Nerve - Tibial,363.0,400.1374664473017
GTEX-1CAV2-0626-SM-7P8QE,GTEX-1CAV2,Lung,1190.0,1045.101369640904
GTEX-1CB4E-1926-SM-7RHFO,GTEX-1CB4E,Nerve - Tibial,595.0,429.54560424089163
GTEX-1CB4E-2126-SM-793AP,GTEX-1CB4E,Muscle - Skeletal,602.0,429.54560424089163
GTEX-1CB4E-2226-SM-793DC,GTEX-1CB4E,Skin - Sun Exposed (Lower leg),615.0,429.54560424089163
GTEX-1CB4F-0326-SM-9MQKD,GTEX-1CB4F,Muscle - Skeletal,472.0,449.30169388798134
GTEX-1CB4F-0426-SM-9KNV4,GTEX-1CB4F,Skin - Sun Exposed (Lower leg),476.0,449.30169388798134
GTEX-1CB4F-0626-SM-9MQLI,GTEX-1CB4F,Nerve - Tibial,479.0,449.30169388798134
GTEX-1CB4F-0926-SM-7DHMJ,GTEX-1CB4F,Lung,486.0,449.30169388798134
GTEX-1CB4G-0226-SM-7PC3O,GTEX-1CB4G,Skin - Sun Exposed (Lower leg),469.0,814.2170282760968
GTEX-1CB4G-0426-SM-7MXUN,GTEX-1CB4G,Muscle - Skeletal,473.0,814.2170282760968
GTEX-1CB4G-0626-SM-7PC3P,GTEX-1CB4G,Nerve - Tibial,476.0,814.2170282760968
GTEX-1CB4H-0226-SM-7PBXM,GTEX-1CB4H,Skin - Sun Exposed (Lower leg),949.0,860.5255849343047
GTEX-1CB4H-0426-SM-7MXTL,GTEX-1CB4H,Muscle - Skeletal,953.0,860.5255849343047
GTEX-1CB4H-0926-SM-7PBYZ,GTEX-1CB4H,Nerve - Tibial,966.0,860.5255849343047
GTEX-1CB4I-0226-SM-79OLH,GTEX-1CB4I,Skin - Sun Exposed (Lower leg),518.0,272.44820305936764
GTEX-1CB4I-0326-SM-7DHMM,GTEX-1CB4I,Muscle - Skeletal,519.0,272.44820305936764
GTEX-1CB4I-0626-SM-79OM1,GTEX-1CB4I,Nerve - Tibial,524.0,272.44820305936764
GTEX-1CB4I-2126-SM-793AG,GTEX-1CB4I,Lung,575.0,272.44820305936764
GTEX-1CB4J-0526-SM-7DUGI,GTEX-1CB4J,Nerve - Tibial,943.0,752.0717846141404
GTEX-1CB4J-0626-SM-7DHMP,GTEX-1CB4J,Skin - Sun Exposed (Lower leg),944.0,752.0717846141404
GTEX-1CB4J-1226-SM-7P8P3,GTEX-1CB4J,Muscle - Skeletal,946.0,752.0717846141404
GTEX-1CB4J-1726-SM-79OOL,GTEX-1CB4J,Lung,957.0,752.0717846141404
GTEX-1E1VI-0126-SM-7DHMZ,GTEX-1E1VI,Skin - Sun Exposed (Lower leg),969.0,950.5496147328147
GTEX-1E1VI-0426-SM-7DHN1,GTEX-1E1VI,Muscle - Skeletal,986.0,950.5496147328147
GTEX-1E1VI-0526-SM-79OM2,GTEX-1E1VI,Nerve - Tibial,1000.0,950.5496147328147
GTEX-1E1VI-0926-SM-7P8T3,GTEX-1E1VI,Lung,1051.0,950.5496147328147
GTEX-1E2YA-0126-SM-9KNUC,GTEX-1E2YA,Skin - Sun Exposed (Lower leg),560.0,753.941848132122
GTEX-1E2YA-0326-SM-9KNW8,GTEX-1E2YA,Nerve - Tibial,564.0,753.941848132122
GTEX-1E2YA-0526-SM-7P8RY,GTEX-1E2YA,Muscle - Skeletal,567.0,753.941848132122
GTEX-1E2YA-0926-SM-7MXUK,GTEX-1E2YA,Lung,587.0,753.941848132122
GTEX-1EH9U-0326-SM-7P8S2,GTEX-1EH9U,Muscle - Skeletal,759.0,771.2018037877093
GTEX-1EH9U-0426-SM-7PBY9,GTEX-1EH9U,Nerve - Tibial,761.0,771.2018037877093
GTEX-1EKGG-0226-SM-9WYTH,GTEX-1EKGG,Skin - Sun Exposed (Lower leg),848.0,983.336683283938
GTEX-1EKGG-1326-SM-7MXUM,GTEX-1EKGG,Lung,950.0,983.336683283938
GTEX-1EMGI-0126-SM-9KNUE,GTEX-1EMGI,Skin - Sun Exposed (Lower leg),499.0,771.0067229246044
GTEX-1EMGI-0326-SM-9MQM5,GTEX-1EMGI,Muscle - Skeletal,501.0,771.0067229246044
GTEX-1EMGI-0526-SM-9YFM3,GTEX-1EMGI,Nerve - Tibial,503.0,771.0067229246044
GTEX-1EMGI-1426-SM-7IGNQ,GTEX-1EMGI,Lung,564.0,771.0067229246044
GTEX-1EN7A-0126-SM-7SB81,GTEX-1EN7A,Skin - Sun Exposed (Lower leg),985.0,819.564294211317
GTEX-1EN7A-0326-SM-7P8T1,GTEX-1EN7A,Muscle - Skeletal,989.0,819.564294211317
GTEX-1EN7A-0426-SM-7PBYU,GTEX-1EN7A,Nerve - Tibial,992.0,819.564294211317
GTEX-1EN7A-0826-SM-7MKFV,GTEX-1EN7A,Lung,1032.0,819.564294211317
GTEX-1EU9M-0126-SM-7P8P8,GTEX-1EU9M,Muscle - Skeletal,834.0,892.1620331922586
GTEX-1EU9M-0226-SM-7P8SP,GTEX-1EU9M,Skin - Sun Exposed (Lower leg),837.0,892.1620331922586
GTEX-1EWIQ-0126-SM-7RHH2,GTEX-1EWIQ,Skin - Sun Exposed (Lower leg),617.0,870.8859748695337
GTEX-1EWIQ-0426-SM-793D4,GTEX-1EWIQ,Nerve - Tibial,632.0,870.8859748695337
GTEX-1EWIQ-0626-SM-7PBYW,GTEX-1EWIQ,Muscle - Skeletal,636.0,870.8859748695337
GTEX-1EWIQ-0926-SM-7RHG7,GTEX-1EWIQ,Lung,654.0,870.8859748695337
GTEX-1EX96-0226-SM-7RHHR,GTEX-1EX96,Lung,767.0,871.0839317353931
GTEX-1EX96-1326-SM-7PC36,GTEX-1EX96,Nerve - Tibial,784.0,871.0839317353931
GTEX-1EX96-1526-SM-7PBXK,GTEX-1EX96,Muscle - Skeletal,786.0,871.0839317353931
GTEX-1EX96-1626-SM-7PBXR,GTEX-1EX96,Skin - Sun Exposed (Lower leg),789.0,871.0839317353931
GTEX-1F48J-0126-SM-7P8TT,GTEX-1F48J,Skin - Sun Exposed (Lower leg),891.0,804.622564238603
GTEX-1F48J-0426-SM-7SB8S,GTEX-1F48J,Nerve - Tibial,899.0,804.622564238603
GTEX-1F48J-0526-SM-9WYSX,GTEX-1F48J,Muscle - Skeletal,903.0,804.622564238603
GTEX-1F48J-0826-SM-9WPOD,GTEX-1F48J,Lung,924.0,804.622564238603
GTEX-1F52S-0126-SM-9MQJU,GTEX-1F52S,Skin - Sun Exposed (Lower leg),987.0,766.3441645867856
GTEX-1F52S-0826-SM-7P8TQ,GTEX-1F52S,Muscle - Skeletal,1006.0,766.3441645867856
GTEX-1F5PK-0526-SM-7MXUA,GTEX-1F5PK,Lung,147.0,301.06713164290494
GTEX-1F5PK-2426-SM-7RHHY,GTEX-1F5PK,Skin - Sun Exposed (Lower leg),237.0,301.06713164290494
GTEX-1F5PK-2626-SM-7RHH6,GTEX-1F5PK,Muscle - Skeletal,247.0,301.06713164290494
GTEX-1F5PK-2726-SM-9MQLC,GTEX-1F5PK,Nerve - Tibial,249.0,301.06713164290494
GTEX-1F5PL-0326-SM-7P8PQ,GTEX-1F5PL,Skin - Sun Exposed (Lower leg),412.0,457.21209938798546
GTEX-1F5PL-0426-SM-7P8PR,GTEX-1F5PL,Muscle - Skeletal,423.0,457.21209938798546
GTEX-1F6I4-0126-SM-9MQL2,GTEX-1F6I4,Skin - Sun Exposed (Lower leg),750.0,851.027893354437
GTEX-1F6I4-0326-SM-7P8T8,GTEX-1F6I4,Muscle - Skeletal,757.0,851.027893354437
GTEX-1F6I4-0426-SM-7SB7K,GTEX-1F6I4,Nerve - Tibial,760.0,851.027893354437
GTEX-1F6I4-1026-SM-7P8PS,GTEX-1F6I4,Lung,844.0,851.027893354437
GTEX-1F6IF-0126-SM-9MQLB,GTEX-1F6IF,Nerve - Tibial,945.0,941.8051482923634
GTEX-1F6IF-0226-SM-7PBZ6,GTEX-1F6IF,Muscle - Skeletal,946.0,941.8051482923634
GTEX-1F6IF-0726-SM-7P8TW,GTEX-1F6IF,Skin - Sun Exposed (Lower leg),963.0,941.8051482923634
GTEX-1F6RS-0126-SM-9MQKZ,GTEX-1F6RS,Skin - Sun Exposed (Lower leg),1175.0,819.6103428145085
GTEX-1F75B-0126-SM-9KNVL,GTEX-1F75B,Skin - Sun Exposed (Lower leg),726.0,774.7580252454709
GTEX-1F75B-0526-SM-7P8T5,GTEX-1F75B,Muscle - Skeletal,734.0,774.7580252454709
GTEX-1F75B-1026-SM-9JGFS,GTEX-1F75B,Lung,757.0,774.7580252454709
GTEX-1F75I-0326-SM-9YFLU,GTEX-1F75I,Skin - Sun Exposed (Lower leg),449.0,582.088835202003
GTEX-1F75I-0526-SM-7RHI3,GTEX-1F75I,Muscle - Skeletal,450.0,582.088835202003
GTEX-1F75W-0326-SM-7PC2Q,GTEX-1F75W,Muscle - Skeletal,899.0,902.4513495879871
GTEX-1F75W-0426-SM-9MQKG,GTEX-1F75W,Nerve - Tibial,901.0,902.4513495879871
GTEX-1F75W-0626-SM-7PC13,GTEX-1F75W,Lung,996.0,902.4513495879871
GTEX-1F88E-0626-SM-7PC3C,GTEX-1F88E,Nerve - Tibial,1107.0,705.6519538010741
GTEX-1F88E-1826-SM-9MQLV,GTEX-1F88E,Muscle - Skeletal,1126.0,705.6519538010741
GTEX-1F88F-0926-SM-7RHH8,GTEX-1F88F,Lung,848.0,970.9053561970497
GTEX-1F88F-2526-SM-7PC2R,GTEX-1F88F,Muscle - Skeletal,905.0,970.9053561970497
GTEX-1F88F-2726-SM-7PBZZ,GTEX-1F88F,Skin - Sun Exposed (Lower leg),909.0,970.9053561970497
GTEX-1F88F-2826-SM-7SB8W,GTEX-1F88F,Nerve - Tibial,914.0,970.9053561970497
GTEX-1FIGZ-0326-SM-7RHGT,GTEX-1FIGZ,Lung,184.0,291.4535076642298
GTEX-1FIGZ-1726-SM-9MQKS,GTEX-1FIGZ,Muscle - Skeletal,381.0,291.4535076642298
GTEX-1GF9U-2126-SM-7SB7L,GTEX-1GF9U,Skin - Sun Exposed (Lower leg),736.0,464.7953904408763
GTEX-1GF9U-2326-SM-7RHH9,GTEX-1GF9U,Muscle - Skeletal,739.0,464.7953904408763
GTEX-1GF9U-2426-SM-7SB8C,GTEX-1GF9U,Nerve - Tibial,741.0,464.7953904408763
GTEX-1GF9V-0126-SM-9WYT2,GTEX-1GF9V,Muscle - Skeletal,674.0,814.0337215407205
GTEX-1GF9V-0326-SM-7RHI5,GTEX-1GF9V,Skin - Sun Exposed (Lower leg),675.0,814.0337215407205
GTEX-1GF9V-0526-SM-7PC2T,GTEX-1GF9V,Nerve - Tibial,677.0,814.0337215407205
GTEX-1GF9V-1026-SM-9KNW3,GTEX-1GF9V,Lung,710.0,814.0337215407205
GTEX-1GF9W-0126-SM-7PC12,GTEX-1GF9W,Nerve - Tibial,652.0,773.0084707625415
GTEX-1GF9W-0326-SM-9KNUN,GTEX-1GF9W,Skin - Sun Exposed (Lower leg),656.0,773.0084707625415
GTEX-1GF9W-0526-SM-9MQJP,GTEX-1GF9W,Muscle - Skeletal,660.0,773.0084707625415
GTEX-1GF9X-0326-SM-7P8R9,GTEX-1GF9X,Lung,378.0,397.63779765122115
GTEX-1GF9X-1726-SM-7SB8D,GTEX-1GF9X,Nerve - Tibial,476.0,397.63779765122115
GTEX-1GF9X-2026-SM-7PC3A,GTEX-1GF9X,Skin - Sun Exposed (Lower leg),492.0,397.63779765122115
GTEX-1GF9X-2126-SM-7PBXN,GTEX-1GF9X,Muscle - Skeletal,494.0,397.63779765122115
GTEX-1GL5R-0526-SM-9WPOQ,GTEX-1GL5R,Lung,121.0,295.98350781749747
GTEX-1GL5R-1826-SM-9KNUY,GTEX-1GL5R,Skin - Sun Exposed (Lower leg),195.0,295.98350781749747
GTEX-1GMR2-0126-SM-9JGHC,GTEX-1GMR2,Lung,146.0,217.03832071738844
GTEX-1GMR2-2126-SM-7P8TX,GTEX-1GMR2,Muscle - Skeletal,292.0,217.03832071738844
GTEX-1GMR2-2326-SM-7PC18,GTEX-1GMR2,Nerve - Tibial,302.0,217.03832071738844
GTEX-1GMR3-0226-SM-7RHIB,GTEX-1GMR3,Lung,247.0,449.2821308835021
GTEX-1GMR3-1926-SM-9KNUZ,GTEX-1GMR3,Skin - Sun Exposed (Lower leg),290.0,449.2821308835021
GTEX-1GMR3-2126-SM-9WYTZ,GTEX-1GMR3,Muscle - Skeletal,294.0,449.2821308835021
GTEX-1GMR3-2226-SM-9YFT6,GTEX-1GMR3,Nerve - Tibial,295.0,449.2821308835021
GTEX-1GMR8-0126-SM-9WYTM,GTEX-1GMR8,Skin - Sun Exposed (Lower leg),726.0,900.502944911857
GTEX-1GMR8-0326-SM-9KNUO,GTEX-1GMR8,Muscle - Skeletal,728.0,900.502944911857
GTEX-1GMR8-0426-SM-9MQJZ,GTEX-1GMR8,Nerve - Tibial,729.0,900.502944911857
GTEX-1GMR8-1426-SM-7RHHL,GTEX-1GMR8,Lung,755.0,900.502944911857
GTEX-1GMRU-0126-SM-9YFLV,GTEX-1GMRU,Skin - Sun Exposed (Lower leg),552.0,881.2901602426139
GTEX-1GMRU-0326-SM-9WYT6,GTEX-1GMRU,Muscle - Skeletal,575.0,881.2901602426139
GTEX-1GMRU-0426-SM-7SB95,GTEX-1GMRU,Nerve - Tibial,579.0,881.2901602426139
GTEX-1GMRU-1426-SM-9WPPL,GTEX-1GMRU,Lung,630.0,881.2901602426139
GTEX-1GN1U-0126-SM-7PBZK,GTEX-1GN1U,Skin - Sun Exposed (Lower leg),510.0,667.2745033900304
GTEX-1GN1U-0326-SM-9MQLT,GTEX-1GN1U,Nerve - Tibial,531.0,667.2745033900304
GTEX-1GN1U-1026-SM-9WYUP,GTEX-1GN1U,Lung,571.0,667.2745033900304
GTEX-1GN1U-2226-SM-9MQK1,GTEX-1GN1U,Muscle - Skeletal,591.0,667.2745033900304
GTEX-1GN1V-0126-SM-9WPOS,GTEX-1GN1V,Skin - Sun Exposed (Lower leg),1118.0,805.2344243104499
GTEX-1GN1V-0326-SM-9WYTO,GTEX-1GN1V,Muscle - Skeletal,1125.0,805.2344243104499
GTEX-1GN1V-0526-SM-9MQLQ,GTEX-1GN1V,Nerve - Tibial,1136.0,805.2344243104499
GTEX-1GN1W-0526-SM-9MQJQ,GTEX-1GN1W,Skin - Sun Exposed (Lower leg),271.0,276.7487249995895
GTEX-1GN1W-0726-SM-9KNTV,GTEX-1GN1W,Muscle - Skeletal,298.0,276.7487249995895
GTEX-1GN1W-1026-SM-9OSW2,GTEX-1GN1W,Lung,319.0,276.7487249995895
GTEX-1GN2E-0426-SM-9MQKX,GTEX-1GN2E,Skin - Sun Exposed (Lower leg),886.0,854.7558021174546
GTEX-1GN2E-0526-SM-9MQKC,GTEX-1GN2E,Nerve - Tibial,888.0,854.7558021174546
GTEX-1GN2E-0726-SM-9MQLU,GTEX-1GN2E,Muscle - Skeletal,895.0,854.7558021174546
GTEX-1GN2E-1526-SM-7P8TD,GTEX-1GN2E,Lung,933.0,854.7558021174546
GTEX-1GN73-0126-SM-CNPPT,GTEX-1GN73,Muscle - Skeletal,885.0,774.6637184629902
GTEX-1GN73-0226-SM-9WG67,GTEX-1GN73,Skin - Sun Exposed (Lower leg),889.0,774.6637184629902
GTEX-1GN73-0426-SM-9KNVJ,GTEX-1GN73,Nerve - Tibial,894.0,774.6637184629902
GTEX-1GN73-1026-SM-9KNV9,GTEX-1GN73,Lung,905.0,774.6637184629902
GTEX-1GPI7-0126-SM-9MQL8,GTEX-1GPI7,Skin - Sun Exposed (Lower leg),357.0,283.2555290015519
GTEX-1GPI7-0426-SM-7RHHP,GTEX-1GPI7,Muscle - Skeletal,393.0,283.2555290015519
GTEX-1GPI7-1526-SM-9JGG8,GTEX-1GPI7,Lung,466.0,283.2555290015519
GTEX-1GTWX-0126-SM-9YFLK,GTEX-1GTWX,Skin - Sun Exposed (Lower leg),1037.0,805.7535469225522
GTEX-1GTWX-0326-SM-9WYTP,GTEX-1GTWX,Muscle - Skeletal,1038.0,805.7535469225522
GTEX-1GTWX-0426-SM-9MQM1,GTEX-1GTWX,Nerve - Tibial,1039.0,805.7535469225522
GTEX-1GTWX-0626-SM-9WYU1,GTEX-1GTWX,Lung,1133.0,805.7535469225522
GTEX-1GZ2Q-0226-SM-7P8TL,GTEX-1GZ2Q,Skin - Sun Exposed (Lower leg),1094.0,885.6985163174838
GTEX-1GZ2Q-0426-SM-9WPOU,GTEX-1GZ2Q,Muscle - Skeletal,1102.0,885.6985163174838
GTEX-1GZ2Q-0726-SM-9KNVV,GTEX-1GZ2Q,Lung,1114.0,885.6985163174838
GTEX-1GZ4H-0426-SM-7MXV5,GTEX-1GZ4H,Lung,365.0,428.75331669082436
GTEX-1GZ4H-1526-SM-9MQLH,GTEX-1GZ4H,Nerve - Tibial,590.0,428.75331669082436
GTEX-1GZ4H-1626-SM-7PC3F,GTEX-1GZ4H,Muscle - Skeletal,596.0,428.75331669082436
GTEX-1GZ4H-1726-SM-7PBZJ,GTEX-1GZ4H,Skin - Sun Exposed (Lower leg),610.0,428.75331669082436
GTEX-1GZ4I-0326-SM-7PBZN,GTEX-1GZ4I,Nerve - Tibial,722.0,733.8791241277698
GTEX-1GZ4I-0526-SM-9YFLX,GTEX-1GZ4I,Muscle - Skeletal,726.0,733.8791241277698
GTEX-1GZ4I-0726-SM-9QEHL,GTEX-1GZ4I,Lung,785.0,733.8791241277698
GTEX-1GZHY-0126-SM-9WYUQ,GTEX-1GZHY,Muscle - Skeletal,1133.0,718.7829784818755
GTEX-1GZHY-0226-SM-9WG6A,GTEX-1GZHY,Nerve - Tibial,1134.0,718.7829784818755
GTEX-1GZHY-0326-SM-9QEHI,GTEX-1GZHY,Skin - Sun Exposed (Lower leg),1135.0,718.7829784818755
GTEX-1GZHY-0826-SM-9OSXT,GTEX-1GZHY,Lung,1170.0,718.7829784818755
GTEX-1H11D-0226-SM-9WG6Z,GTEX-1H11D,Skin - Sun Exposed (Lower leg),304.0,324.6580890190261
GTEX-1H11D-0326-SM-9WG71,GTEX-1H11D,Muscle - Skeletal,308.0,324.6580890190261
GTEX-1H11D-0426-SM-ADEIO,GTEX-1H11D,Nerve - Tibial,311.0,324.6580890190261
GTEX-1H11D-0726-SM-9OSWA,GTEX-1H11D,Lung,321.0,324.6580890190261
GTEX-1H1DE-1726-SM-A9G3G,GTEX-1H1DE,Muscle - Skeletal,1024.0,590.4197124368906
GTEX-1H1DE-1826-SM-9MQK8,GTEX-1H1DE,Nerve - Tibial,1025.0,590.4197124368906
GTEX-1H1DE-2126-SM-9WG6R,GTEX-1H1DE,Skin - Sun Exposed (Lower leg),1029.0,590.4197124368906
GTEX-1H1DG-0126-SM-9WYU2,GTEX-1H1DG,Skin - Sun Exposed (Lower leg),945.0,509.1122419031888
GTEX-1H1DG-0326-SM-9QEHK,GTEX-1H1DG,Muscle - Skeletal,949.0,509.1122419031888
GTEX-1H1DG-0426-SM-9WG6D,GTEX-1H1DG,Nerve - Tibial,955.0,509.1122419031888
GTEX-1H1DG-1026-SM-9MQJS,GTEX-1H1DG,Lung,1015.0,509.1122419031888
GTEX-1H1E6-0726-SM-9WPQ4,GTEX-1H1E6,Lung,162.0,222.20684578258533
GTEX-1H1E6-1726-SM-ACKVK,GTEX-1H1E6,Skin - Sun Exposed (Lower leg),200.0,222.20684578258533
GTEX-1H1E6-2126-SM-9KNVM,GTEX-1H1E6,Muscle - Skeletal,213.0,222.20684578258533
GTEX-1H1E6-2226-SM-9MQJX,GTEX-1H1E6,Nerve - Tibial,216.0,222.20684578258533
GTEX-1H23P-0126-SM-ADEJ3,GTEX-1H23P,Skin - Sun Exposed (Lower leg),502.0,758.8431619202044
GTEX-1H23P-0326-SM-9MQKH,GTEX-1H23P,Nerve - Tibial,505.0,758.8431619202044
GTEX-1H23P-0526-SM-9WG6S,GTEX-1H23P,Muscle - Skeletal,510.0,758.8431619202044
GTEX-1H23P-1026-SM-9QEHQ,GTEX-1H23P,Lung,518.0,758.8431619202044
GTEX-1H2FU-0126-SM-9WYSI,GTEX-1H2FU,Skin - Sun Exposed (Lower leg),884.0,848.5296810445004
GTEX-1H2FU-0326-SM-9WYSV,GTEX-1H2FU,Nerve - Tibial,892.0,848.5296810445004
GTEX-1H2FU-0526-SM-ACKXO,GTEX-1H2FU,Muscle - Skeletal,899.0,848.5296810445004
GTEX-1H2FU-1226-SM-9KNVY,GTEX-1H2FU,Lung,917.0,848.5296810445004
GTEX-1H3NZ-0126-SM-ACKX7,GTEX-1H3NZ,Skin - Sun Exposed (Lower leg),521.0,876.1091574646184
GTEX-1H3NZ-0326-SM-9MQL6,GTEX-1H3NZ,Muscle - Skeletal,525.0,876.1091574646184
GTEX-1H3NZ-0526-SM-9YFM6,GTEX-1H3NZ,Nerve - Tibial,538.0,876.1091574646184
GTEX-1H3O1-0326-SM-9WPO8,GTEX-1H3O1,Lung,1171.0,952.8698575775511
GTEX-1H3O1-0426-SM-9YFKY,GTEX-1H3O1,Skin - Sun Exposed (Lower leg),1172.0,952.8698575775511
GTEX-1H3O1-0626-SM-9MQM4,GTEX-1H3O1,Muscle - Skeletal,1180.0,952.8698575775511
GTEX-1H3VE-0126-SM-9WYTW,GTEX-1H3VE,Muscle - Skeletal,1083.0,864.7957797511888
GTEX-1H3VE-0326-SM-9YFLH,GTEX-1H3VE,Skin - Sun Exposed (Lower leg),1087.0,864.7957797511888
GTEX-1H3VE-0626-SM-9WYSJ,GTEX-1H3VE,Nerve - Tibial,1098.0,864.7957797511888
GTEX-1H3VY-0126-SM-ACKXD,GTEX-1H3VY,Skin - Sun Exposed (Lower leg),426.0,374.4950137234103
GTEX-1H3VY-0326-SM-9WYU6,GTEX-1H3VY,Muscle - Skeletal,430.0,374.4950137234103
GTEX-1H3VY-0526-SM-9MQKE,GTEX-1H3VY,Nerve - Tibial,436.0,374.4950137234103
GTEX-1H3VY-1426-SM-9WPOB,GTEX-1H3VY,Lung,471.0,374.4950137234103
GTEX-1HB9E-0226-SM-E9U4R,GTEX-1HB9E,Skin - Sun Exposed (Lower leg),561.0,768.0138996276235
GTEX-1HB9E-0326-SM-D3LA5,GTEX-1HB9E,Muscle - Skeletal,572.0,768.0138996276235
GTEX-1HB9E-0726-SM-AHZ4L,GTEX-1HB9E,Lung,577.0,768.0138996276235
GTEX-1HB9E-2726-SM-D3L91,GTEX-1HB9E,Nerve - Tibial,654.0,768.0138996276235
GTEX-1HBPH-0426-SM-B2LW5,GTEX-1HBPH,Skin - Sun Exposed (Lower leg),990.0,870.7912926705988
GTEX-1HBPH-0626-SM-9YFMK,GTEX-1HBPH,Nerve - Tibial,1002.0,870.7912926705988
GTEX-1HBPH-0826-SM-ARZNB,GTEX-1HBPH,Muscle - Skeletal,1006.0,870.7912926705988
GTEX-1HBPH-1326-SM-9WYSN,GTEX-1HBPH,Lung,1028.0,870.7912926705988
GTEX-1HBPI-0226-SM-ADEJ7,GTEX-1HBPI,Muscle - Skeletal,933.0,1004.989197495494
GTEX-1HBPI-1526-SM-C1YQ1,GTEX-1HBPI,Skin - Sun Exposed (Lower leg),954.0,1004.989197495494
GTEX-1HBPM-0226-SM-ARL9F,GTEX-1HBPM,Skin - Sun Exposed (Lower leg),677.0,798.7265304118363
GTEX-1HBPM-0426-SM-CKZOO,GTEX-1HBPM,Muscle - Skeletal,682.0,798.7265304118363
GTEX-1HBPM-0526-SM-ARZND,GTEX-1HBPM,Nerve - Tibial,687.0,798.7265304118363
GTEX-1HBPM-0826-SM-9WYSP,GTEX-1HBPM,Lung,691.0,798.7265304118363
GTEX-1HBPN-0226-SM-9YFM1,GTEX-1HBPN,Skin - Sun Exposed (Lower leg),104.0,270.7022408323035
GTEX-1HBPN-0326-SM-9WYS9,GTEX-1HBPN,Nerve - Tibial,106.0,270.7022408323035
GTEX-1HBPN-0526-SM-A9SM6,GTEX-1HBPN,Muscle - Skeletal,111.0,270.7022408323035
GTEX-1HC8U-2626-SM-CNPPH,GTEX-1HC8U,Muscle - Skeletal,454.0,574.0221633928352
GTEX-1HCU6-0126-SM-CL54K,GTEX-1HCU6,Skin - Sun Exposed (Lower leg),1081.0,789.9652406701664
GTEX-1HCU6-0326-SM-CGQET,GTEX-1HCU6,Nerve - Tibial,1087.0,789.9652406701664
GTEX-1HCU6-0526-SM-A9SKU,GTEX-1HCU6,Muscle - Skeletal,1090.0,789.9652406701664
GTEX-1HCU7-0226-SM-CL545,GTEX-1HCU7,Skin - Sun Exposed (Lower leg),400.0,506.4775309772754
GTEX-1HCU7-0426-SM-D3L8Q,GTEX-1HCU7,Muscle - Skeletal,407.0,506.4775309772754
GTEX-1HCU7-0526-SM-CGQFF,GTEX-1HCU7,Nerve - Tibial,418.0,506.4775309772754
GTEX-1HCU7-0926-SM-A96TK,GTEX-1HCU7,Lung,427.0,506.4775309772754
GTEX-1HCU8-0626-SM-A9SM9,GTEX-1HCU8,Skin - Sun Exposed (Lower leg),791.0,840.7036698848556
GTEX-1HCU8-1426-SM-ACKXG,GTEX-1HCU8,Nerve - Tibial,802.0,840.7036698848556
GTEX-1HCU9-1526-SM-A9SL7,GTEX-1HCU9,Skin - Sun Exposed (Lower leg),887.0,457.64651402080375
GTEX-1HCU9-1726-SM-ADEHY,GTEX-1HCU9,Nerve - Tibial,890.0,457.64651402080375
GTEX-1HCU9-1926-SM-9WYSE,GTEX-1HCU9,Muscle - Skeletal,895.0,457.64651402080375
GTEX-1HCUA-0226-SM-A8N88,GTEX-1HCUA,Lung,177.0,253.68994211418106
GTEX-1HCUA-2326-SM-ACKVJ,GTEX-1HCUA,Muscle - Skeletal,288.0,253.68994211418106
GTEX-1HCUA-2426-SM-ADEIS,GTEX-1HCUA,Skin - Sun Exposed (Lower leg),296.0,253.68994211418106
GTEX-1HCVE-0126-SM-CGQEU,GTEX-1HCVE,Skin - Sun Exposed (Lower leg),753.0,701.8580372411234
GTEX-1HCVE-0326-SM-CGQEW,GTEX-1HCVE,Muscle - Skeletal,763.0,701.8580372411234
GTEX-1HCVE-0426-SM-CM2SE,GTEX-1HCVE,Nerve - Tibial,767.0,701.8580372411234
GTEX-1HCVE-0626-SM-A9SL2,GTEX-1HCVE,Lung,820.0,701.8580372411234
GTEX-1HFI6-0226-SM-ADEHZ,GTEX-1HFI6,Skin - Sun Exposed (Lower leg),910.0,754.4430246359761
GTEX-1HFI6-0426-SM-B2LXB,GTEX-1HFI6,Muscle - Skeletal,919.0,754.4430246359761
GTEX-1HFI6-0626-SM-ACKX9,GTEX-1HFI6,Nerve - Tibial,925.0,754.4430246359761
GTEX-1HFI6-0926-SM-9WPPV,GTEX-1HFI6,Lung,933.0,754.4430246359761
GTEX-1HFI7-1826-SM-ACKXH,GTEX-1HFI7,Skin - Sun Exposed (Lower leg),454.0,400.3899363021759
GTEX-1HFI7-1926-SM-A96TQ,GTEX-1HFI7,Muscle - Skeletal,456.0,400.3899363021759
GTEX-1HFI7-2126-SM-CE6QT,GTEX-1HFI7,Nerve - Tibial,461.0,400.3899363021759
GTEX-1HGF4-2426-SM-ACKXM,GTEX-1HGF4,Skin - Sun Exposed (Lower leg),826.0,901.2541318673888
GTEX-1HGF4-2626-SM-CM2SJ,GTEX-1HGF4,Muscle - Skeletal,839.0,901.2541318673888
GTEX-1HGF4-2726-SM-CM2SK,GTEX-1HGF4,Nerve - Tibial,841.0,901.2541318673888
GTEX-1HKZK-0226-SM-9WYUG,GTEX-1HKZK,Muscle - Skeletal,597.0,352.462143012876
GTEX-1HKZK-0326-SM-9WYUH,GTEX-1HKZK,Skin - Sun Exposed (Lower leg),600.0,352.462143012876
GTEX-1HKZK-0626-SM-ADEHP,GTEX-1HKZK,Nerve - Tibial,605.0,352.462143012876
GTEX-1HR9M-0326-SM-CL549,GTEX-1HR9M,Muscle - Skeletal,742.0,888.137143918615
GTEX-1HR9M-0426-SM-CMKGM,GTEX-1HR9M,Nerve - Tibial,752.0,888.137143918615
GTEX-1HSEH-0126-SM-ACKXN,GTEX-1HSEH,Skin - Sun Exposed (Lower leg),264.0,439.1984524186016
GTEX-1HSEH-0326-SM-A9G26,GTEX-1HSEH,Muscle - Skeletal,275.0,439.1984524186016
GTEX-1HSEH-0526-SM-ADEJ1,GTEX-1HSEH,Nerve - Tibial,284.0,439.1984524186016
GTEX-1HSGN-0226-SM-CGQFV,GTEX-1HSGN,Skin - Sun Exposed (Lower leg),318.0,365.2465283036083
GTEX-1HSGN-0326-SM-ACKXQ,GTEX-1HSGN,Muscle - Skeletal,321.0,365.2465283036083
GTEX-1HSGN-0426-SM-CGQFW,GTEX-1HSGN,Nerve - Tibial,323.0,365.2465283036083
GTEX-1HSKV-0126-SM-E6CI1,GTEX-1HSKV,Muscle - Skeletal,736.0,857.8459318972732
GTEX-1HSKV-0226-SM-A9SKJ,GTEX-1HSKV,Skin - Sun Exposed (Lower leg),736.0,857.8459318972732
GTEX-1HSKV-0426-SM-ADEIY,GTEX-1HSKV,Nerve - Tibial,738.0,857.8459318972732
GTEX-1HSKV-1126-SM-ADEIA,GTEX-1HSKV,Lung,784.0,857.8459318972732
GTEX-1HSMO-0126-SM-CL547,GTEX-1HSMO,Skin - Sun Exposed (Lower leg),805.0,787.3488314016577
GTEX-1HSMO-0326-SM-CGQF1,GTEX-1HSMO,Nerve - Tibial,825.0,787.3488314016577
GTEX-1HSMO-0526-SM-ACKXB,GTEX-1HSMO,Muscle - Skeletal,842.0,787.3488314016577
GTEX-1HSMO-0926-SM-A96S7,GTEX-1HSMO,Lung,868.0,787.3488314016577
GTEX-1HSMP-0126-SM-E6CJS,GTEX-1HSMP,Skin - Sun Exposed (Lower leg),321.0,278.23433987965774
GTEX-1HSMP-0326-SM-A9SMC,GTEX-1HSMP,Muscle - Skeletal,353.0,278.23433987965774
GTEX-1HSMP-1326-SM-A96TR,GTEX-1HSMP,Lung,389.0,278.23433987965774
GTEX-1HSMQ-0726-SM-B2LXY,GTEX-1HSMQ,Lung,311.0,361.0380674445135
GTEX-1HSMQ-1226-SM-CGQFX,GTEX-1HSMQ,Skin - Sun Exposed (Lower leg),375.0,361.0380674445135
GTEX-1HSMQ-1326-SM-ADEHS,GTEX-1HSMQ,Muscle - Skeletal,387.0,361.0380674445135
GTEX-1HSMQ-1526-SM-ADEIB,GTEX-1HSMQ,Nerve - Tibial,397.0,361.0380674445135
GTEX-1HUB1-0126-SM-E9U4T,GTEX-1HUB1,Nerve - Tibial,790.0,586.5339230382021
GTEX-1HUB1-0426-SM-E9U4U,GTEX-1HUB1,Skin - Sun Exposed (Lower leg),801.0,586.5339230382021
GTEX-1HUB1-0526-SM-CL54N,GTEX-1HUB1,Muscle - Skeletal,803.0,586.5339230382021
GTEX-1I19N-0326-SM-ACKVX,GTEX-1I19N,Skin - Sun Exposed (Lower leg),744.0,781.1851649180195
GTEX-1I19N-0526-SM-A9G27,GTEX-1I19N,Lung,747.0,781.1851649180195
GTEX-1I19N-1826-SM-CGQFJ,GTEX-1I19N,Nerve - Tibial,765.0,781.1851649180195
GTEX-1I19N-2026-SM-ACKXJ,GTEX-1I19N,Muscle - Skeletal,768.0,781.1851649180195
GTEX-1I1CD-0126-SM-CM2TK,GTEX-1I1CD,Skin - Sun Exposed (Lower leg),680.0,787.9924376954689
GTEX-1I1CD-0426-SM-ADEJ6,GTEX-1I1CD,Nerve - Tibial,685.0,787.9924376954689
GTEX-1I1CD-0926-SM-CL55I,GTEX-1I1CD,Lung,699.0,787.9924376954689
GTEX-1I1GQ-0126-SM-COH3H,GTEX-1I1GQ,Skin - Sun Exposed (Lower leg),1068.0,658.7464357695985
GTEX-1I1GQ-0326-SM-A9SKS,GTEX-1I1GQ,Muscle - Skeletal,1072.0,658.7464357695985
GTEX-1I1GQ-0426-SM-ACKVR,GTEX-1I1GQ,Nerve - Tibial,1073.0,658.7464357695985
GTEX-1I1GQ-1126-SM-CNNQT,GTEX-1I1GQ,Lung,1106.0,658.7464357695985
GTEX-1I1GR-0126-SM-CL55F,GTEX-1I1GR,Skin - Sun Exposed (Lower leg),769.0,873.742660229551
GTEX-1I1GR-0326-SM-CKZPI,GTEX-1I1GR,Muscle - Skeletal,774.0,873.742660229551
GTEX-1I1GR-0426-SM-CM2TG,GTEX-1I1GR,Nerve - Tibial,779.0,873.742660229551
GTEX-1I1GR-0726-SM-B2LWL,GTEX-1I1GR,Lung,849.0,873.742660229551
GTEX-1I1GS-0126-SM-B2LVW,GTEX-1I1GS,Skin - Sun Exposed (Lower leg),701.0,881.96127717773
GTEX-1I1GS-0326-SM-ARL7X,GTEX-1I1GS,Muscle - Skeletal,707.0,881.96127717773
GTEX-1I1GS-1426-SM-COH3W,GTEX-1I1GS,Lung,760.0,881.96127717773
GTEX-1I1GT-0426-SM-ADEI8,GTEX-1I1GT,Nerve - Tibial,472.0,507.5347612108289
GTEX-1I1GT-0626-SM-CGQER,GTEX-1I1GT,Skin - Sun Exposed (Lower leg),474.0,507.5347612108289
GTEX-1I1GT-0726-SM-B2LWN,GTEX-1I1GT,Muscle - Skeletal,475.0,507.5347612108289
GTEX-1I1GU-0526-SM-B2LX2,GTEX-1I1GU,Lung,244.0,333.38171094463536
GTEX-1I1GU-2026-SM-CGQF8,GTEX-1I1GU,Nerve - Tibial,352.0,333.38171094463536
GTEX-1I1GU-2126-SM-CGQF9,GTEX-1I1GU,Muscle - Skeletal,353.0,333.38171094463536
GTEX-1I1GU-2226-SM-CGQFA,GTEX-1I1GU,Skin - Sun Exposed (Lower leg),356.0,333.38171094463536
GTEX-1I1GV-0126-SM-CL55G,GTEX-1I1GV,Muscle - Skeletal,1137.0,864.4685456152873
GTEX-1I1GV-0226-SM-CM2TH,GTEX-1I1GV,Nerve - Tibial,1139.0,864.4685456152873
GTEX-1I1GV-0526-SM-A9G29,GTEX-1I1GV,Skin - Sun Exposed (Lower leg),1142.0,864.4685456152873
GTEX-1I1GV-0926-SM-B2LXM,GTEX-1I1GV,Lung,1195.0,864.4685456152873
GTEX-1I1HK-0126-SM-COH49,GTEX-1I1HK,Skin - Sun Exposed (Lower leg),1004.0,973.1949017490567
GTEX-1I1HK-0326-SM-ACKW5,GTEX-1I1HK,Muscle - Skeletal,1008.0,973.1949017490567
GTEX-1I1HK-0426-SM-ADEHV,GTEX-1I1HK,Nerve - Tibial,1010.0,973.1949017490567
GTEX-1I4MK-0326-SM-B2LWP,GTEX-1I4MK,Lung,198.0,247.7425651089061
GTEX-1I4MK-1926-SM-B2LVQ,GTEX-1I4MK,Nerve - Tibial,356.0,247.7425651089061
GTEX-1I4MK-2226-SM-ACKWD,GTEX-1I4MK,Skin - Sun Exposed (Lower leg),358.0,247.7425651089061
GTEX-1I4MK-2326-SM-ADEHR,GTEX-1I4MK,Muscle - Skeletal,359.0,247.7425651089061
GTEX-1I6K6-0126-SM-A9SLE,GTEX-1I6K6,Skin - Sun Exposed (Lower leg),404.0,266.76375796699693
GTEX-1I6K6-0326-SM-CJI4A,GTEX-1I6K6,Muscle - Skeletal,414.0,266.76375796699693
GTEX-1I6K6-0426-SM-CM2TN,GTEX-1I6K6,Nerve - Tibial,408.0,266.76375796699693
GTEX-1I6K6-0926-SM-AHZ2N,GTEX-1I6K6,Lung,446.0,266.76375796699693
GTEX-1I6K7-0326-SM-B2LXO,GTEX-1I6K7,Muscle - Skeletal,161.0,177.15457248783713
GTEX-1I6K7-0426-SM-CGQFN,GTEX-1I6K7,Nerve - Tibial,171.0,177.15457248783713
GTEX-1I6K7-1226-SM-B2LVS,GTEX-1I6K7,Lung,203.0,177.15457248783713
GTEX-1ICG6-2526-SM-CGQFZ,GTEX-1ICG6,Skin - Sun Exposed (Lower leg),359.0,334.6911413961396
GTEX-1ICG6-2726-SM-CKZPN,GTEX-1ICG6,Muscle - Skeletal,363.0,334.6911413961396
GTEX-1ICG6-2826-SM-ADEIJ,GTEX-1ICG6,Nerve - Tibial,371.0,334.6911413961396
GTEX-1ICLY-0126-SM-D4P36,GTEX-1ICLY,Skin - Sun Exposed (Lower leg),472.0,489.49378508739613
GTEX-1ICLY-0326-SM-ARL7S,GTEX-1ICLY,Muscle - Skeletal,482.0,489.49378508739613
GTEX-1ICLY-0426-SM-ARL7T,GTEX-1ICLY,Nerve - Tibial,492.0,489.49378508739613
GTEX-1ICLY-0926-SM-CM2RJ,GTEX-1ICLY,Lung,535.0,489.49378508739613
GTEX-1IDFM-0126-SM-COH2V,GTEX-1IDFM,Skin - Sun Exposed (Lower leg),775.0,850.2536459736311
GTEX-1IDFM-1526-SM-ARL7U,GTEX-1IDFM,Muscle - Skeletal,821.0,850.2536459736311
GTEX-1IDFM-1726-SM-B2LVU,GTEX-1IDFM,Nerve - Tibial,825.0,850.2536459736311
GTEX-1IDJC-1926-SM-ACKWT,GTEX-1IDJC,Nerve - Tibial,480.0,514.9077036507339
GTEX-1IDJC-2026-SM-ADEIK,GTEX-1IDJC,Muscle - Skeletal,475.0,514.9077036507339
GTEX-1IDJD-1326-SM-CM2TQ,GTEX-1IDJD,Muscle - Skeletal,454.0,459.8492391217987
GTEX-1IDJD-1526-SM-CMKGA,GTEX-1IDJD,Nerve - Tibial,460.0,459.8492391217987
GTEX-1IDJE-2326-SM-A9SLH,GTEX-1IDJE,Nerve - Tibial,737.0,546.7236700207441
GTEX-1IDJE-2426-SM-ACKWF,GTEX-1IDJE,Muscle - Skeletal,743.0,546.7236700207441
GTEX-1IDJF-0126-SM-CM2RS,GTEX-1IDJF,Skin - Sun Exposed (Lower leg),302.0,452.742689344811
GTEX-1IDJF-0326-SM-ADEIG,GTEX-1IDJF,Muscle - Skeletal,313.0,452.742689344811
GTEX-1IDJH-0226-SM-CYPSB,GTEX-1IDJH,Muscle - Skeletal,783.0,826.9700264489561
GTEX-1IDJH-0326-SM-A9SLQ,GTEX-1IDJH,Skin - Sun Exposed (Lower leg),784.0,826.9700264489561
GTEX-1IDJH-0626-SM-ARZMC,GTEX-1IDJH,Nerve - Tibial,789.0,826.9700264489561
GTEX-1IDJH-0726-SM-ARU7U,GTEX-1IDJH,Lung,790.0,826.9700264489561
GTEX-1IDJI-0526-SM-CMKG4,GTEX-1IDJI,Nerve - Tibial,397.0,351.2807177429038
GTEX-1IDJI-0626-SM-C1YQD,GTEX-1IDJI,Lung,410.0,351.2807177429038
GTEX-1IDJU-0226-SM-CKZOF,GTEX-1IDJU,Lung,85.0,235.3464712366033
GTEX-1IDJU-2226-SM-ADEIH,GTEX-1IDJU,Nerve - Tibial,359.0,235.3464712366033
GTEX-1IDJU-2426-SM-ARZM9,GTEX-1IDJU,Muscle - Skeletal,363.0,235.3464712366033
GTEX-1IDJU-2626-SM-CM2RT,GTEX-1IDJU,Skin - Sun Exposed (Lower leg),367.0,235.3464712366033
GTEX-1IDJV-0426-SM-COH3Z,GTEX-1IDJV,Muscle - Skeletal,647.0,632.7401735403898
GTEX-1IDJV-0626-SM-CM2TS,GTEX-1IDJV,Nerve - Tibial,656.0,632.7401735403898
GTEX-1IE54-0126-SM-CMKHW,GTEX-1IE54,Skin - Sun Exposed (Lower leg),387.0,573.7743414097218
GTEX-1IE54-0326-SM-ARZMD,GTEX-1IE54,Muscle - Skeletal,393.0,573.7743414097218
GTEX-1IE54-0426-SM-ARL8C,GTEX-1IE54,Nerve - Tibial,396.0,573.7743414097218
GTEX-1IKK5-0226-SM-CM2TV,GTEX-1IKK5,Nerve - Tibial,649.0,772.2923021319308
GTEX-1IKK5-0426-SM-CL53X,GTEX-1IKK5,Muscle - Skeletal,654.0,772.2923021319308
GTEX-1IKK5-0626-SM-ARL8A,GTEX-1IKK5,Skin - Sun Exposed (Lower leg),658.0,772.2923021319308
GTEX-1IKK5-1926-SM-A9G2V,GTEX-1IKK5,Lung,688.0,772.2923021319308
GTEX-1IL2U-0226-SM-CE6T8,GTEX-1IL2U,Skin - Sun Exposed (Lower leg),494.0,859.1931026517955
GTEX-1IL2U-0726-SM-EAZ2Y,GTEX-1IL2U,Muscle - Skeletal,510.0,859.1931026517955
GTEX-1IL2U-0926-SM-CKZOB,GTEX-1IL2U,Lung,548.0,859.1931026517955
GTEX-1IL2V-0126-SM-CM2TX,GTEX-1IL2V,Skin - Sun Exposed (Lower leg),975.0,848.6669508368811
GTEX-1IL2V-0326-SM-COH4F,GTEX-1IL2V,Nerve - Tibial,980.0,848.6669508368811
GTEX-1IL2V-0526-SM-ARL8B,GTEX-1IL2V,Muscle - Skeletal,986.0,848.6669508368811
GTEX-1IL2V-0726-SM-ARZMB,GTEX-1IL2V,Lung,1039.0,848.6669508368811
GTEX-1IOXB-0126-SM-ARL8G,GTEX-1IOXB,Skin - Sun Exposed (Lower leg),766.0,971.5789694312627
GTEX-1IOXB-0326-SM-CL55M,GTEX-1IOXB,Muscle - Skeletal,778.0,971.5789694312627
GTEX-1IOXB-0426-SM-CM2TU,GTEX-1IOXB,Nerve - Tibial,782.0,971.5789694312627
GTEX-1IOXB-1126-SM-CNNQ5,GTEX-1IOXB,Lung,907.0,971.5789694312627
GTEX-1IY9M-0126-SM-D3L8S,GTEX-1IY9M,Skin - Sun Exposed (Lower leg),1117.0,842.523081992904
GTEX-1IY9M-0326-SM-ARZMN,GTEX-1IY9M,Muscle - Skeletal,1129.0,842.523081992904
GTEX-1IY9M-0426-SM-ARZMO,GTEX-1IY9M,Nerve - Tibial,1135.0,842.523081992904
GTEX-1IY9M-1126-SM-A9SLV,GTEX-1IY9M,Lung,1197.0,842.523081992904
GTEX-1J1R8-0226-SM-AHZ3C,GTEX-1J1R8,Lung,335.0,381.5617726959069
GTEX-1J1R8-1726-SM-ARL8M,GTEX-1J1R8,Skin - Sun Exposed (Lower leg),415.0,381.5617726959069
GTEX-1J1R8-1926-SM-CM2RV,GTEX-1J1R8,Nerve - Tibial,415.0,381.5617726959069
GTEX-1J1R8-2326-SM-CKZPS,GTEX-1J1R8,Muscle - Skeletal,428.0,381.5617726959069
GTEX-1J8EW-0126-SM-CJI4F,GTEX-1J8EW,Skin - Sun Exposed (Lower leg),1081.0,829.2129343784502
GTEX-1J8EW-0326-SM-CYPSX,GTEX-1J8EW,Muscle - Skeletal,1087.0,829.2129343784502
GTEX-1J8EW-0426-SM-CYPSY,GTEX-1J8EW,Nerve - Tibial,1090.0,829.2129343784502
GTEX-1J8EW-1026-SM-A96T7,GTEX-1J8EW,Lung,1122.0,829.2129343784502
GTEX-1J8Q2-0126-SM-E9J2G,GTEX-1J8Q2,Muscle - Skeletal,1087.0,845.7847273947247
GTEX-1J8Q2-0526-SM-CM2RW,GTEX-1J8Q2,Skin - Sun Exposed (Lower leg),1099.0,845.7847273947247
GTEX-1J8Q3-1426-SM-CKZPU,GTEX-1J8Q3,Muscle - Skeletal,143.0,218.34005487936832
GTEX-1J8Q3-1626-SM-CMKGC,GTEX-1J8Q3,Skin - Sun Exposed (Lower leg),149.0,218.34005487936832
GTEX-1J8Q3-1826-SM-A9SLJ,GTEX-1J8Q3,Nerve - Tibial,154.0,218.34005487936832
GTEX-1J8QM-0526-SM-AHZ3Y,GTEX-1J8QM,Lung,190.0,261.4034349509741
GTEX-1J8QM-2126-SM-CYPSJ,GTEX-1J8QM,Skin - Sun Exposed (Lower leg),299.0,261.4034349509741
GTEX-1J8QM-2226-SM-CYPSK,GTEX-1J8QM,Muscle - Skeletal,309.0,261.4034349509741
GTEX-1J8QM-2626-SM-CYPSM,GTEX-1J8QM,Nerve - Tibial,321.0,261.4034349509741
GTEX-1JJ6O-0126-SM-E6CI8,GTEX-1JJ6O,Skin - Sun Exposed (Lower leg),946.0,676.8929864763688
GTEX-1JJ6O-0326-SM-CYPSZ,GTEX-1JJ6O,Nerve - Tibial,951.0,676.8929864763688
GTEX-1JJ6O-0926-SM-CYPT1,GTEX-1JJ6O,Muscle - Skeletal,964.0,676.8929864763688
GTEX-1JJE9-0326-SM-CL53Z,GTEX-1JJE9,Skin - Sun Exposed (Lower leg),1084.0,823.8515597138008
GTEX-1JJE9-0726-SM-CNPOH,GTEX-1JJE9,Nerve - Tibial,1100.0,823.8515597138008
GTEX-1JJE9-0926-SM-CNNP9,GTEX-1JJE9,Lung,1105.0,823.8515597138008
GTEX-1JJEA-0126-SM-D3L8A,GTEX-1JJEA,Muscle - Skeletal,1107.0,950.8936287814279
GTEX-1JJEA-0326-SM-CNPOT,GTEX-1JJEA,Skin - Sun Exposed (Lower leg),1110.0,950.8936287814279
GTEX-1JJEA-0426-SM-COH2Y,GTEX-1JJEA,Nerve - Tibial,1114.0,950.8936287814279
GTEX-1JJEA-1126-SM-CKZOC,GTEX-1JJEA,Lung,1128.0,950.8936287814279
GTEX-1JK1U-1126-SM-CY8HK,GTEX-1JK1U,Lung,188.0,253.4365477907939
GTEX-1JK1U-2026-SM-CM2RZ,GTEX-1JK1U,Skin - Sun Exposed (Lower leg),281.0,253.4365477907939
GTEX-1JK1U-2226-SM-CNNPL,GTEX-1JK1U,Muscle - Skeletal,293.0,253.4365477907939
GTEX-1JK1U-2426-SM-CYPSR,GTEX-1JK1U,Nerve - Tibial,295.0,253.4365477907939
GTEX-1JKYN-1326-SM-CGQG9,GTEX-1JKYN,Skin - Sun Exposed (Lower leg),183.0,219.99658474971483
GTEX-1JKYN-1826-SM-ARZMZ,GTEX-1JKYN,Muscle - Skeletal,188.0,219.99658474971483
GTEX-1JKYN-1926-SM-CMKH1,GTEX-1JKYN,Nerve - Tibial,203.0,219.99658474971483
GTEX-1JKYN-2126-SM-ARU8W,GTEX-1JKYN,Lung,219.0,219.99658474971483
GTEX-1JKYR-0126-SM-CNPOJ,GTEX-1JKYR,Skin - Sun Exposed (Lower leg),409.0,445.85927079761376
GTEX-1JKYR-0326-SM-CNPOL,GTEX-1JKYR,Muscle - Skeletal,414.0,445.85927079761376
GTEX-1JKYR-0426-SM-CNPOM,GTEX-1JKYR,Nerve - Tibial,414.0,445.85927079761376
GTEX-1JMPY-1226-SM-CJI3A,GTEX-1JMPY,Muscle - Skeletal,378.0,379.10729125482345
GTEX-1JMPY-1326-SM-ARL8Y,GTEX-1JMPY,Skin - Sun Exposed (Lower leg),384.0,379.10729125482345
GTEX-1JMPY-1626-SM-CMKGZ,GTEX-1JMPY,Nerve - Tibial,390.0,379.10729125482345
GTEX-1JMPZ-0126-SM-CNPOZ,GTEX-1JMPZ,Muscle - Skeletal,737.0,856.2328170211892
GTEX-1JMPZ-0226-SM-CNPP1,GTEX-1JMPZ,Skin - Sun Exposed (Lower leg),740.0,856.2328170211892
GTEX-1JMPZ-0426-SM-COH32,GTEX-1JMPZ,Nerve - Tibial,742.0,856.2328170211892
GTEX-1JMPZ-1126-SM-ARU8X,GTEX-1JMPZ,Lung,755.0,856.2328170211892
GTEX-1JMQI-1126-SM-ARZN2,GTEX-1JMQI,Lung,563.0,664.1924618912228
GTEX-1JMQI-2126-SM-CM2SC,GTEX-1JMQI,Muscle - Skeletal,698.0,664.1924618912228
GTEX-1JMQI-2226-SM-CM2SD,GTEX-1JMQI,Skin - Sun Exposed (Lower leg),702.0,664.1924618912228
GTEX-1JMQJ-0126-SM-E6CI2,GTEX-1JMQJ,Muscle - Skeletal,851.0,841.5382412153604
GTEX-1JMQJ-0526-SM-CYPSU,GTEX-1JMQJ,Skin - Sun Exposed (Lower leg),862.0,841.5382412153604
GTEX-1JMQJ-2126-SM-CNPPA,GTEX-1JMQJ,Lung,939.0,841.5382412153604
GTEX-1JMQK-0226-SM-CL543,GTEX-1JMQK,Skin - Sun Exposed (Lower leg),934.0,462.9658041340415
GTEX-1JMQK-0326-SM-ARZN5,GTEX-1JMQK,Muscle - Skeletal,936.0,462.9658041340415
GTEX-1JMQK-0426-SM-CL544,GTEX-1JMQK,Nerve - Tibial,937.0,462.9658041340415
GTEX-1JMQL-0126-SM-CY8HN,GTEX-1JMQL,Muscle - Skeletal,874.0,546.6496466284958
GTEX-1JMQL-0226-SM-CNPP5,GTEX-1JMQL,Skin - Sun Exposed (Lower leg),876.0,546.6496466284958
GTEX-1JMQL-1126-SM-CKZOP,GTEX-1JMQL,Lung,931.0,546.6496466284958
GTEX-1JN1M-0226-SM-D4P2U,GTEX-1JN1M,Nerve - Tibial,567.0,607.3630707195953
GTEX-1JN1M-0326-SM-CYPT3,GTEX-1JN1M,Skin - Sun Exposed (Lower leg),581.0,607.3630707195953
GTEX-1JN1M-0526-SM-CJI3D,GTEX-1JN1M,Muscle - Skeletal,584.0,607.3630707195953
GTEX-1JN6P-0126-SM-D3L98,GTEX-1JN6P,Skin - Sun Exposed (Lower leg),869.0,541.5715571666137
GTEX-1JN6P-0326-SM-CNPPB,GTEX-1JN6P,Nerve - Tibial,885.0,541.5715571666137
GTEX-1JN6P-0526-SM-COH33,GTEX-1JN6P,Muscle - Skeletal,887.0,541.5715571666137
GTEX-1JN6P-0726-SM-ARZN7,GTEX-1JN6P,Lung,957.0,541.5715571666137
GTEX-1JN76-0126-SM-CNPPE,GTEX-1JN76,Skin - Sun Exposed (Lower leg),123.0,140.93618734858472
GTEX-1JN76-0326-SM-ARZNJ,GTEX-1JN76,Muscle - Skeletal,128.0,140.93618734858472
GTEX-1JN76-0426-SM-ARZNK,GTEX-1JN76,Nerve - Tibial,133.0,140.93618734858472
GTEX-1JN76-0826-SM-C1YRK,GTEX-1JN76,Lung,144.0,140.93618734858472
GTEX-1K2DA-1826-SM-CGQGT,GTEX-1K2DA,Skin - Sun Exposed (Lower leg),199.0,374.39354097555713
GTEX-1K2DA-1926-SM-CGQGU,GTEX-1K2DA,Nerve - Tibial,207.0,374.39354097555713
GTEX-1K2DA-2226-SM-CGQGM,GTEX-1K2DA,Muscle - Skeletal,220.0,374.39354097555713
GTEX-1K2DU-0526-SM-D4P2Y,GTEX-1K2DU,Lung,431.0,366.64802464791177
GTEX-1K2DU-2326-SM-E9TIV,GTEX-1K2DU,Skin - Sun Exposed (Lower leg),560.0,366.64802464791177
GTEX-1K2DU-2526-SM-D3L8V,GTEX-1K2DU,Muscle - Skeletal,574.0,366.64802464791177
GTEX-1K2DU-2626-SM-D3L8W,GTEX-1K2DU,Nerve - Tibial,580.0,366.64802464791177
GTEX-1K9T9-0126-SM-EVYCF,GTEX-1K9T9,Skin - Sun Exposed (Lower leg),440.0,456.44580182251457
GTEX-1K9T9-0326-SM-EWRNQ,GTEX-1K9T9,Muscle - Skeletal,442.0,456.44580182251457
GTEX-1K9T9-0426-SM-E9U6L,GTEX-1K9T9,Nerve - Tibial,444.0,456.44580182251457
GTEX-1K9T9-0926-SM-D3L9C,GTEX-1K9T9,Lung,489.0,456.44580182251457
GTEX-1KAFJ-0326-SM-DHXJG,GTEX-1KAFJ,Lung,520.0,743.4726301986831
GTEX-1KAFJ-2026-SM-CY8ID,GTEX-1KAFJ,Skin - Sun Exposed (Lower leg),614.0,743.4726301986831
GTEX-1KAFJ-2126-SM-CY8IE,GTEX-1KAFJ,Nerve - Tibial,620.0,743.4726301986831
GTEX-1KAFJ-2326-SM-D3L8Z,GTEX-1KAFJ,Muscle - Skeletal,625.0,743.4726301986831
GTEX-1KANA-0226-SM-DIPF8,GTEX-1KANA,Nerve - Tibial,111.0,329.8434930440395
GTEX-1KANA-0726-SM-D3L9I,GTEX-1KANA,Skin - Sun Exposed (Lower leg),127.0,329.8434930440395
GTEX-1KANA-0926-SM-D3L9K,GTEX-1KANA,Muscle - Skeletal,130.0,329.8434930440395
GTEX-1KANB-0126-SM-E6CJT,GTEX-1KANB,Muscle - Skeletal,746.0,750.9602316664276
GTEX-1KANB-0326-SM-D4P3H,GTEX-1KANB,Nerve - Tibial,748.0,750.9602316664276
GTEX-1KANB-0526-SM-E6CJH,GTEX-1KANB,Skin - Sun Exposed (Lower leg),755.0,750.9602316664276
GTEX-1KANB-1026-SM-D3L9F,GTEX-1KANB,Lung,765.0,750.9602316664276
GTEX-1KANC-1526-SM-D3LAB,GTEX-1KANC,Skin - Sun Exposed (Lower leg),323.0,290.3843432249035
GTEX-1KANC-1626-SM-E6CIA,GTEX-1KANC,Muscle - Skeletal,328.0,290.3843432249035
GTEX-1KANC-1826-SM-CYPTA,GTEX-1KANC,Nerve - Tibial,342.0,290.3843432249035
GTEX-1KD4Q-0226-SM-E9TJ9,GTEX-1KD4Q,Skin - Sun Exposed (Lower leg),818.0,940.6279734829986
GTEX-1KD4Q-0326-SM-E9TJA,GTEX-1KD4Q,Muscle - Skeletal,829.0,940.6279734829986
GTEX-1KD4Q-0426-SM-E9TJB,GTEX-1KD4Q,Nerve - Tibial,837.0,940.6279734829986
GTEX-1KD4Q-0926-SM-CXZKI,GTEX-1KD4Q,Lung,939.0,940.6279734829986
GTEX-1KD5A-0226-SM-D5OV3,GTEX-1KD5A,Skin - Sun Exposed (Lower leg),537.0,895.1147516142796
GTEX-1KD5A-0526-SM-E9U55,GTEX-1KD5A,Nerve - Tibial,546.0,895.1147516142796
GTEX-1KD5A-0726-SM-DIPEO,GTEX-1KD5A,Muscle - Skeletal,550.0,895.1147516142796
GTEX-1KD5A-1126-SM-CXZK6,GTEX-1KD5A,Lung,568.0,895.1147516142796
GTEX-1KXAM-0426-SM-DHXKG,GTEX-1KXAM,Lung,122.0,369.3948656508062
GTEX-1KXAM-2226-SM-CYPTC,GTEX-1KXAM,Skin - Sun Exposed (Lower leg),194.0,369.3948656508062
GTEX-1KXAM-2426-SM-DIPFC,GTEX-1KXAM,Muscle - Skeletal,199.0,369.3948656508062
GTEX-1KXAM-2526-SM-DIPFD,GTEX-1KXAM,Nerve - Tibial,205.0,369.3948656508062
GTEX-1L5NE-0726-SM-CXZKQ,GTEX-1L5NE,Lung,101.0,240.22228455813837
GTEX-1L5NE-2226-SM-CXZKS,GTEX-1L5NE,Muscle - Skeletal,145.0,240.22228455813837
GTEX-1L5NE-2426-SM-E6CID,GTEX-1L5NE,Nerve - Tibial,147.0,240.22228455813837
GTEX-1L5NE-2526-SM-E6CIE,GTEX-1L5NE,Skin - Sun Exposed (Lower leg),150.0,240.22228455813837
GTEX-1LB8K-0126-SM-EVYCN,GTEX-1LB8K,Muscle - Skeletal,812.0,782.3978417098326
GTEX-1LB8K-0226-SM-EWRNW,GTEX-1LB8K,Skin - Sun Exposed (Lower leg),812.0,782.3978417098326
GTEX-1LB8K-0526-SM-E6CIT,GTEX-1LB8K,Nerve - Tibial,817.0,782.3978417098326
GTEX-1LB8K-0826-SM-D4P41,GTEX-1LB8K,Lung,820.0,782.3978417098326
GTEX-1LBAC-0126-SM-DIPEZ,GTEX-1LBAC,Skin - Sun Exposed (Lower leg),324.0,577.7723863167107
GTEX-1LBAC-0326-SM-DIPF1,GTEX-1LBAC,Muscle - Skeletal,332.0,577.7723863167107
GTEX-1LBAC-0426-SM-DKPQJ,GTEX-1LBAC,Nerve - Tibial,335.0,577.7723863167107
GTEX-1LC47-0326-SM-E9TJP,GTEX-1LC47,Skin - Sun Exposed (Lower leg),596.0,630.9953827284912
GTEX-1LC47-0526-SM-DKPQO,GTEX-1LC47,Nerve - Tibial,606.0,630.9953827284912
GTEX-1LC47-0626-SM-DIPFE,GTEX-1LC47,Muscle - Skeletal,610.0,630.9953827284912
GTEX-1LC47-1126-SM-D4P43,GTEX-1LC47,Lung,618.0,630.9953827284912
GTEX-1LG7Y-0126-SM-E6CJ8,GTEX-1LG7Y,Muscle - Skeletal,1078.0,826.6059417877452
GTEX-1LG7Y-0226-SM-E9U5J,GTEX-1LG7Y,Nerve - Tibial,1079.0,826.6059417877452
GTEX-1LG7Y-0526-SM-DKPQC,GTEX-1LG7Y,Skin - Sun Exposed (Lower leg),1080.0,826.6059417877452
GTEX-1LG7Y-0826-SM-E9TJX,GTEX-1LG7Y,Lung,1086.0,826.6059417877452
GTEX-1LG7Z-1726-SM-D3LA4,GTEX-1LG7Z,Skin - Sun Exposed (Lower leg),231.0,321.91775752544913
GTEX-1LG7Z-1826-SM-D4P3R,GTEX-1LG7Z,Nerve - Tibial,238.0,321.91775752544913
GTEX-1LG7Z-2126-SM-CXKYU,GTEX-1LG7Z,Muscle - Skeletal,243.0,321.91775752544913
GTEX-1LGOU-1826-SM-D3LAL,GTEX-1LGOU,Nerve - Tibial,222.0,402.79075033358197
GTEX-1LGOU-2026-SM-DIPFF,GTEX-1LGOU,Skin - Sun Exposed (Lower leg),225.0,402.79075033358197
GTEX-1LGOU-2126-SM-DIPFG,GTEX-1LGOU,Muscle - Skeletal,231.0,402.79075033358197
GTEX-1LGRB-0226-SM-CNPQK,GTEX-1LGRB,Lung,116.0,254.28157320484348
GTEX-1LGRB-2526-SM-CNPPQ,GTEX-1LGRB,Skin - Sun Exposed (Lower leg),381.0,254.28157320484348
GTEX-1LGRB-2626-SM-CNPPR,GTEX-1LGRB,Muscle - Skeletal,399.0,254.28157320484348
GTEX-1LGRB-2826-SM-COH46,GTEX-1LGRB,Nerve - Tibial,409.0,254.28157320484348
GTEX-1LH75-2326-SM-E6CIV,GTEX-1LH75,Nerve - Tibial,1117.0,719.1665530002145
GTEX-1LH75-2426-SM-E9TJE,GTEX-1LH75,Skin - Sun Exposed (Lower leg),1118.0,719.1665530002145
GTEX-1LH75-2626-SM-E9TKL,GTEX-1LH75,Muscle - Skeletal,1120.0,719.1665530002145
GTEX-1LNCM-1126-SM-E9U5E,GTEX-1LNCM,Skin - Sun Exposed (Lower leg),512.0,449.34521383495326
GTEX-1LNCM-1226-SM-E9U5C,GTEX-1LNCM,Muscle - Skeletal,515.0,449.34521383495326
GTEX-1LSNM-1926-SM-E6CII,GTEX-1LSNM,Skin - Sun Exposed (Lower leg),371.0,502.41898729900754
GTEX-1LSNM-2326-SM-EWRO8,GTEX-1LSNM,Muscle - Skeletal,380.0,502.41898729900754
GTEX-1LSVX-0626-SM-E9U59,GTEX-1LSVX,Lung,732.0,934.1147289185735
GTEX-1LVAM-0326-SM-DIPFL,GTEX-1LVAM,Muscle - Skeletal,380.0,424.89399408225086
GTEX-1LVAM-0426-SM-DIPFM,GTEX-1LVAM,Nerve - Tibial,383.0,424.89399408225086
GTEX-1LVAN-0226-SM-COH3S,GTEX-1LVAN,Skin - Sun Exposed (Lower leg),329.0,432.6578102747536
GTEX-1LVAN-0526-SM-CNNQ1,GTEX-1LVAN,Muscle - Skeletal,358.0,432.6578102747536
GTEX-1LVAN-1126-SM-CNNRE,GTEX-1LVAN,Lung,425.0,432.6578102747536
GTEX-1LVAO-0326-SM-E6CIW,GTEX-1LVAO,Nerve - Tibial,976.0,795.3931210623172
GTEX-1LVAO-0526-SM-EWRNS,GTEX-1LVAO,Muscle - Skeletal,986.0,795.3931210623172
GTEX-1LVAO-1226-SM-DIPGB,GTEX-1LVAO,Lung,1041.0,795.3931210623172
GTEX-1M4P7-0126-SM-DKPQF,GTEX-1M4P7,Muscle - Skeletal,1058.0,892.6919404415236
GTEX-1M4P7-0226-SM-DIPEV,GTEX-1M4P7,Skin - Sun Exposed (Lower leg),1059.0,892.6919404415236
GTEX-1M4P7-0526-SM-EVYCP,GTEX-1M4P7,Nerve - Tibial,1062.0,892.6919404415236
GTEX-1M4P7-0826-SM-E9TJR,GTEX-1M4P7,Lung,1066.0,892.6919404415236
GTEX-1M5QR-1226-SM-EWROB,GTEX-1M5QR,Skin - Sun Exposed (Lower leg),459.0,425.30560478097465
GTEX-1M5QR-1326-SM-EWROC,GTEX-1M5QR,Muscle - Skeletal,462.0,425.30560478097465
GTEX-1MA7W-1626-SM-DIPFO,GTEX-1MA7W,Nerve - Tibial,223.0,348.20605643832766
GTEX-1MA7W-1826-SM-DIPFP,GTEX-1MA7W,Muscle - Skeletal,231.0,348.20605643832766
GTEX-1MA7W-2026-SM-E9TJ6,GTEX-1MA7W,Skin - Sun Exposed (Lower leg),241.0,348.20605643832766
GTEX-1MA7X-0626-SM-E9TJI,GTEX-1MA7X,Lung,907.0,1026.9377089817626
GTEX-1MA7X-2226-SM-E6CIY,GTEX-1MA7X,Skin - Sun Exposed (Lower leg),976.0,1026.9377089817626
GTEX-1MCC2-0726-SM-EV7AL,GTEX-1MCC2,Lung,182.0,237.18384084252762
GTEX-1MCC2-2426-SM-E6CJ4,GTEX-1MCC2,Nerve - Tibial,368.0,237.18384084252762
GTEX-1MCC2-2726-SM-EWRN3,GTEX-1MCC2,Muscle - Skeletal,386.0,237.18384084252762
GTEX-1MCYP-1926-SM-E9J2R,GTEX-1MCYP,Skin - Sun Exposed (Lower leg),212.0,404.37041136088965
GTEX-1MCYP-2026-SM-DTXE4,GTEX-1MCYP,Muscle - Skeletal,216.0,404.37041136088965
GTEX-1MCYP-2126-SM-E9J2S,GTEX-1MCYP,Nerve - Tibial,218.0,404.37041136088965
GTEX-1MGNQ-0126-SM-EVYCJ,GTEX-1MGNQ,Skin - Sun Exposed (Lower leg),237.0,287.0350686004132
GTEX-1MGNQ-0826-SM-EVR41,GTEX-1MGNQ,Lung,258.0,287.0350686004132
GTEX-1MJIX-0626-SM-DTX8V,GTEX-1MJIX,Lung,436.0,299.24013520666983
GTEX-1MJIX-2026-SM-E9J39,GTEX-1MJIX,Nerve - Tibial,620.0,299.24013520666983
GTEX-1MJIX-2126-SM-E9J3A,GTEX-1MJIX,Muscle - Skeletal,620.0,299.24013520666983
GTEX-1MJK2-0426-SM-DTXE5,GTEX-1MJK2,Skin - Sun Exposed (Lower leg),1165.0,936.9937505347959
GTEX-1MJK3-1426-SM-E9TK1,GTEX-1MJK3,Muscle - Skeletal,654.0,485.5536129105701
GTEX-1MJK3-1526-SM-E6CJZ,GTEX-1MJK3,Nerve - Tibial,655.0,485.5536129105701
GTEX-1MUQO-0126-SM-EAZ58,GTEX-1MUQO,Skin - Sun Exposed (Lower leg),376.0,378.13947604852035
GTEX-1MUQO-0226-SM-E9TJL,GTEX-1MUQO,Muscle - Skeletal,378.0,378.13947604852035
GTEX-1MUQO-0326-SM-E9J2Y,GTEX-1MUQO,Nerve - Tibial,379.0,378.13947604852035
GTEX-1N2DV-0226-SM-E6CJ6,GTEX-1N2DV,Skin - Sun Exposed (Lower leg),161.0,283.3087719317331
GTEX-1N2DV-0326-SM-E6CJ7,GTEX-1N2DV,Nerve - Tibial,167.0,283.3087719317331
GTEX-1N2DV-0526-SM-DTX8W,GTEX-1N2DV,Muscle - Skeletal,173.0,283.3087719317331
GTEX-1N2DW-0226-SM-E9TK2,GTEX-1N2DW,Skin - Sun Exposed (Lower leg),882.0,1018.0338056062042
GTEX-1N2DW-0426-SM-E9TK4,GTEX-1N2DW,Muscle - Skeletal,892.0,1018.0338056062042
GTEX-1N2DW-1126-SM-EVR59,GTEX-1N2DW,Lung,933.0,1018.0338056062042
GTEX-1N2EF-0226-SM-EYYXB,GTEX-1N2EF,Skin - Sun Exposed (Lower leg),615.0,852.484113972949
GTEX-1N2EF-0526-SM-E76OK,GTEX-1N2EF,Muscle - Skeletal,619.0,852.484113972949
GTEX-1NHNU-1026-SM-E9J2A,GTEX-1NHNU,Skin - Sun Exposed (Lower leg),286.0,376.25284036207916
GTEX-1NHNU-1226-SM-DTX8I,GTEX-1NHNU,Muscle - Skeletal,288.0,376.25284036207916
GTEX-1NHNU-1426-SM-E8VMC,GTEX-1NHNU,Nerve - Tibial,300.0,376.25284036207916
GTEX-1NSGN-1626-SM-EXOJF,GTEX-1NSGN,Lung,453.0,346.37218851013716
GTEX-1NUQO-0726-SM-E9J3K,GTEX-1NUQO,Muscle - Skeletal,495.0,423.0621947525965
GTEX-1NV5F-0226-SM-E8VNY,GTEX-1NV5F,Skin - Sun Exposed (Lower leg),918.0,695.5023075262382
GTEX-1NV5F-0926-SM-DTX8N,GTEX-1NV5F,Lung,950.0,695.5023075262382
GTEX-1O97I-0326-SM-EYYX7,GTEX-1O97I,Skin - Sun Exposed (Lower leg),1164.0,880.1004807620886
GTEX-1OFPY-2226-SM-E76OO,GTEX-1OFPY,Nerve - Tibial,383.0,344.7811093661152
GTEX-1OFPY-2426-SM-DTXEJ,GTEX-1OFPY,Skin - Sun Exposed (Lower leg),374.0,344.7811093661152
GTEX-1OFPY-2526-SM-DTXEK,GTEX-1OFPY,Muscle - Skeletal,375.0,344.7811093661152
GTEX-1OJC3-0126-SM-E76QX,GTEX-1OJC3,Skin - Sun Exposed (Lower leg),172.0,343.3739509238694
GTEX-1OJC3-0726-SM-DTX92,GTEX-1OJC3,Lung,207.0,343.3739509238694
GTEX-1P4AB-0326-SM-EXUT3,GTEX-1P4AB,Muscle - Skeletal,698.0,771.4747055901598
GTEX-1P4AB-1026-SM-DTXES,GTEX-1P4AB,Lung,788.0,771.4747055901598
GTEX-1PBJJ-0326-SM-E8VNT,GTEX-1PBJJ,Muscle - Skeletal,677.0,570.7535047299581
GTEX-1PBJJ-0426-SM-E8VNP,GTEX-1PBJJ,Nerve - Tibial,678.0,570.7535047299581
GTEX-1PDJ9-0326-SM-DTX95,GTEX-1PDJ9,Skin - Sun Exposed (Lower leg),835.0,397.7708679689415
GTEX-1PDJ9-0526-SM-DTXDL,GTEX-1PDJ9,Muscle - Skeletal,880.0,397.7708679689415
GTEX-1PDJ9-0726-SM-E8VMH,GTEX-1PDJ9,Nerve - Tibial,889.0,397.7708679689415
GTEX-1PFEY-1526-SM-E76PP,GTEX-1PFEY,Skin - Sun Exposed (Lower leg),557.0,424.0332586516607
GTEX-1PIEJ-0326-SM-EVYB5,GTEX-1PIEJ,Muscle - Skeletal,324.0,356.8972615493575
GTEX-1PIGE-0126-SM-EVYBJ,GTEX-1PIGE,Skin - Sun Exposed (Lower leg),475.0,371.9389332092134
GTEX-1PIGE-0226-SM-E76OT,GTEX-1PIGE,Muscle - Skeletal,483.0,371.9389332092134
GTEX-1PIGE-0326-SM-E8VNQ,GTEX-1PIGE,Nerve - Tibial,487.0,371.9389332092134
GTEX-1POEN-0126-SM-EYYXJ,GTEX-1POEN,Skin - Sun Exposed (Lower leg),1159.0,762.1906772819716
GTEX-1POEN-0326-SM-EYYWB,GTEX-1POEN,Nerve - Tibial,1169.0,762.1906772819716
GTEX-1PPGY-0426-SM-DTXFE,GTEX-1PPGY,Muscle - Skeletal,832.0,892.0276878170828
GTEX-1PPGY-0526-SM-E9J3Q,GTEX-1PPGY,Nerve - Tibial,837.0,892.0276878170828
GTEX-1PPGY-1826-SM-EXOJ8,GTEX-1PPGY,Lung,919.0,892.0276878170828
GTEX-1PPH7-0226-SM-E76Q1,GTEX-1PPH7,Lung,562.0,619.7196772812671
GTEX-1PPH7-2326-SM-EVYB8,GTEX-1PPH7,Skin - Sun Exposed (Lower leg),820.0,619.7196772812671
GTEX-1PPH7-2526-SM-E76OJ,GTEX-1PPH7,Muscle - Skeletal,826.0,619.7196772812671
GTEX-1PPH8-0226-SM-E8VND,GTEX-1PPH8,Skin - Sun Exposed (Lower leg),453.0,454.01131796757966
GTEX-1PPH8-0326-SM-E76PR,GTEX-1PPH8,Muscle - Skeletal,455.0,454.01131796757966
GTEX-1PWST-0226-SM-E76QJ,GTEX-1PWST,Skin - Sun Exposed (Lower leg),1006.0,834.3656485267421
GTEX-1PWST-0426-SM-E76QV,GTEX-1PWST,Muscle - Skeletal,1010.0,834.3656485267421
GTEX-1PWST-0826-SM-DTXF1,GTEX-1PWST,Lung,1018.0,834.3656485267421
GTEX-1QAET-0426-SM-EXUSM,GTEX-1QAET,Lung,359.0,472.57438787994295
GTEX-1QAET-0926-SM-E76QM,GTEX-1QAET,Skin - Sun Exposed (Lower leg),371.0,472.57438787994295
GTEX-1QAET-2026-SM-E9J3S,GTEX-1QAET,Muscle - Skeletal,410.0,472.57438787994295
GTEX-1QCLY-0326-SM-E8VOG,GTEX-1QCLY,Skin - Sun Exposed (Lower leg),848.0,458.58056216576426
GTEX-1QCLY-0426-SM-E8VOH,GTEX-1QCLY,Muscle - Skeletal,849.0,458.58056216576426
GTEX-1QCLY-0726-SM-DTXDX,GTEX-1QCLY,Nerve - Tibial,857.0,458.58056216576426
GTEX-1QCLY-1026-SM-EWRNI,GTEX-1QCLY,Lung,862.0,458.58056216576426
GTEX-1QCLZ-0326-SM-DTXG2,GTEX-1QCLZ,Muscle - Skeletal,255.0,379.67755857110643
GTEX-1QEPI-0126-SM-EWRMQ,GTEX-1QEPI,Skin - Sun Exposed (Lower leg),660.0,864.9437138388998
GTEX-1QEPI-0326-SM-EVYBB,GTEX-1QEPI,Nerve - Tibial,665.0,864.9437138388998
GTEX-1QEPI-0526-SM-E76QF,GTEX-1QEPI,Muscle - Skeletal,669.0,864.9437138388998
GTEX-1QEPI-0826-SM-DTX9B,GTEX-1QEPI,Lung,690.0,864.9437138388998
GTEX-1QMI2-0226-SM-EVYBX,GTEX-1QMI2,Skin - Sun Exposed (Lower leg),730.0,916.4480222523948
GTEX-1QMI2-0326-SM-EVYBY,GTEX-1QMI2,Nerve - Tibial,732.0,916.4480222523948
GTEX-1QMI2-0526-SM-DTXFU,GTEX-1QMI2,Muscle - Skeletal,735.0,916.4480222523948
GTEX-1QMI2-0926-SM-DTX7S,GTEX-1QMI2,Lung,770.0,916.4480222523948
GTEX-1QP28-0326-SM-DTXDY,GTEX-1QP28,Nerve - Tibial,787.0,421.03593145269326
GTEX-1QP28-0526-SM-E8VNR,GTEX-1QP28,Muscle - Skeletal,794.0,421.03593145269326
GTEX-1QP29-0626-SM-EWRMX,GTEX-1QP29,Skin - Sun Exposed (Lower leg),539.0,385.262760315373
GTEX-1QP29-0926-SM-EVYBN,GTEX-1QP29,Nerve - Tibial,550.0,385.262760315373
GTEX-1QP29-1226-SM-E6CQ1,GTEX-1QP29,Lung,583.0,385.262760315373
GTEX-1QP2A-0126-SM-E9J43,GTEX-1QP2A,Skin - Sun Exposed (Lower leg),398.0,358.3835000094442
GTEX-1QP2A-0326-SM-EVR3J,GTEX-1QP2A,Nerve - Tibial,404.0,358.3835000094442
GTEX-1QP2A-0526-SM-E8VN5,GTEX-1QP2A,Muscle - Skeletal,410.0,358.3835000094442
GTEX-1QP2A-1226-SM-EVR3I,GTEX-1QP2A,Lung,460.0,358.3835000094442
GTEX-1QP66-1626-SM-E76PC,GTEX-1QP66,Muscle - Skeletal,837.0,549.9485907461485
GTEX-1QP66-1726-SM-E8VO1,GTEX-1QP66,Skin - Sun Exposed (Lower leg),834.0,549.9485907461485
GTEX-1QP67-1626-SM-EAZ3X,GTEX-1QP67,Skin - Sun Exposed (Lower leg),431.0,558.090739209283
GTEX-1QP67-1826-SM-DTX8D,GTEX-1QP67,Muscle - Skeletal,431.0,558.090739209283
GTEX-1QP9N-1426-SM-DTXFL,GTEX-1QP9N,Skin - Sun Exposed (Lower leg),277.0,339.62975605897606
GTEX-1QP9N-1626-SM-DTXFJ,GTEX-1QP9N,Nerve - Tibial,283.0,339.62975605897606
GTEX-1QP9N-1926-SM-E6CPY,GTEX-1QP9N,Muscle - Skeletal,290.0,339.62975605897606
GTEX-1QPFJ-0226-SM-E76PB,GTEX-1QPFJ,Skin - Sun Exposed (Lower leg),349.0,494.885287196702
GTEX-1QPFJ-0326-SM-E8VO2,GTEX-1QPFJ,Muscle - Skeletal,358.0,494.885287196702
GTEX-1QPFJ-0526-SM-DTXDR,GTEX-1QPFJ,Nerve - Tibial,362.0,494.885287196702
GTEX-1QW4Y-1526-SM-EAZ3Z,GTEX-1QW4Y,Skin - Sun Exposed (Lower leg),735.0,455.04012698644584
GTEX-1QW4Y-1726-SM-EWRN1,GTEX-1QW4Y,Muscle - Skeletal,738.0,455.04012698644584
GTEX-1QW4Y-1826-SM-EVYBO,GTEX-1QW4Y,Nerve - Tibial,740.0,455.04012698644584
GTEX-1R46S-0126-SM-E9J3O,GTEX-1R46S,Nerve - Tibial,870.0,749.6112703219742
GTEX-1R46S-0326-SM-EWRNE,GTEX-1R46S,Muscle - Skeletal,871.0,749.6112703219742
GTEX-1R46S-0626-SM-E9J41,GTEX-1R46S,Skin - Sun Exposed (Lower leg),873.0,749.6112703219742
GTEX-1R7EU-0226-SM-EVR4G,GTEX-1R7EU,Skin - Sun Exposed (Lower leg),384.0,506.999916499326
GTEX-1R7EU-0526-SM-E76QO,GTEX-1R7EU,Nerve - Tibial,391.0,506.999916499326
GTEX-1R7EU-0626-SM-DTX9N,GTEX-1R7EU,Muscle - Skeletal,393.0,506.999916499326
GTEX-1R7EV-2026-SM-DTX83,GTEX-1R7EV,Muscle - Skeletal,493.0,431.29177909617243
GTEX-1R7EV-2126-SM-E9J2K,GTEX-1R7EV,Nerve - Tibial,497.0,431.29177909617243
GTEX-1R7EV-2426-SM-EVYBG,GTEX-1R7EV,Skin - Sun Exposed (Lower leg),509.0,431.29177909617243
GTEX-1R9JW-2226-SM-E8VMS,GTEX-1R9JW,Nerve - Tibial,463.0,324.3025102882328
GTEX-1R9JW-2426-SM-DTXFI,GTEX-1R9JW,Muscle - Skeletal,466.0,324.3025102882328
GTEX-1R9K4-0126-SM-DTX9X,GTEX-1R9K4,Skin - Sun Exposed (Lower leg),1013.0,730.2260485353997
GTEX-1R9K4-0326-SM-EVYBQ,GTEX-1R9K4,Nerve - Tibial,1018.0,730.2260485353997
GTEX-1R9K4-0626-SM-E76OZ,GTEX-1R9K4,Muscle - Skeletal,1026.0,730.2260485353997
GTEX-1R9K5-0326-SM-EWRNG,GTEX-1R9K5,Muscle - Skeletal,398.0,553.1855156948095
GTEX-1R9K5-0426-SM-E8VOV,GTEX-1R9K5,Nerve - Tibial,390.0,553.1855156948095
GTEX-1R9PM-0426-SM-EVR3P,GTEX-1R9PM,Lung,972.0,301.10191721084954
GTEX-1R9PM-2026-SM-E76OY,GTEX-1R9PM,Skin - Sun Exposed (Lower leg),1048.0,301.10191721084954
GTEX-1R9PM-2226-SM-E8VOC,GTEX-1R9PM,Muscle - Skeletal,1060.0,301.10191721084954
GTEX-1R9PM-2326-SM-EWRMT,GTEX-1R9PM,Nerve - Tibial,1068.0,301.10191721084954
GTEX-1R9PN-1826-SM-E8VO4,GTEX-1R9PN,Muscle - Skeletal,413.0,511.44318417350934
GTEX-1R9PN-1926-SM-E8VO5,GTEX-1R9PN,Nerve - Tibial,414.0,511.44318417350934
GTEX-1R9PO-2126-SM-E9J4O,GTEX-1R9PO,Skin - Sun Exposed (Lower leg),1130.0,899.2811660945221
GTEX-1R9PO-2426-SM-EVYBS,GTEX-1R9PO,Muscle - Skeletal,1133.0,899.2811660945221
GTEX-1RAZA-0126-SM-E6CI3,GTEX-1RAZA,Skin - Sun Exposed (Lower leg),319.0,391.6322969264418
GTEX-1RAZA-0426-SM-E8VMW,GTEX-1RAZA,Nerve - Tibial,326.0,391.6322969264418
GTEX-1RAZA-0526-SM-E76R2,GTEX-1RAZA,Muscle - Skeletal,334.0,391.6322969264418
GTEX-1RAZQ-0326-SM-E9J45,GTEX-1RAZQ,Nerve - Tibial,464.0,478.6712092448267
GTEX-1RAZQ-0426-SM-DTXFQ,GTEX-1RAZQ,Muscle - Skeletal,466.0,478.6712092448267
GTEX-1RAZQ-0726-SM-EAZ43,GTEX-1RAZQ,Skin - Sun Exposed (Lower leg),480.0,478.6712092448267
GTEX-1RAZQ-1026-SM-EAZ4R,GTEX-1RAZQ,Lung,675.0,478.6712092448267
GTEX-1RAZR-0326-SM-EWRNM,GTEX-1RAZR,Muscle - Skeletal,474.0,441.502818278367
GTEX-1RAZR-0426-SM-EVYC7,GTEX-1RAZR,Nerve - Tibial,477.0,441.502818278367
GTEX-1RAZR-0726-SM-EV7BA,GTEX-1RAZR,Lung,523.0,441.502818278367
GTEX-1RDX4-0126-SM-E9J4P,GTEX-1RDX4,Skin - Sun Exposed (Lower leg),741.0,897.8016715456596
GTEX-1RDX4-1626-SM-EVR53,GTEX-1RDX4,Lung,810.0,897.8016715456596
GTEX-1RLM8-0626-SM-E76OW,GTEX-1RLM8,Lung,817.0,769.5139514407845
GTEX-1RLM8-2326-SM-EWRN4,GTEX-1RLM8,Skin - Sun Exposed (Lower leg),927.0,769.5139514407845
GTEX-1RNSC-1226-SM-E9U52,GTEX-1RNSC,Lung,591.0,909.249548634057
GTEX-1RQED-0426-SM-E6CJP,GTEX-1RQED,Muscle - Skeletal,1034.0,860.1687879113201
GTEX-1RQED-1026-SM-EVYCT,GTEX-1RQED,Lung,1044.0,860.1687879113201
GTEX-1S3DN-2226-SM-EVYCD,GTEX-1S3DN,Skin - Sun Exposed (Lower leg),281.0,244.4354083883394
GTEX-1S5VW-0526-SM-E6CHL,GTEX-1S5VW,Muscle - Skeletal,924.0,846.4467231629569
GTEX-1S5VW-0926-SM-EWRNU,GTEX-1S5VW,Lung,943.0,846.4467231629569
GTEX-1S5ZA-0126-SM-EVYCV,GTEX-1S5ZA,Skin - Sun Exposed (Lower leg),237.0,206.17897554801465
GTEX-1S5ZA-0326-SM-EWRN5,GTEX-1S5ZA,Nerve - Tibial,244.0,206.17897554801465
GTEX-1S5ZA-0526-SM-EWRO1,GTEX-1S5ZA,Muscle - Skeletal,252.0,206.17897554801465
GTEX-1S82P-0326-SM-E9TIR,GTEX-1S82P,Muscle - Skeletal,284.0,303.663258569429
GTEX-1S82P-0826-SM-EVR4P,GTEX-1S82P,Lung,301.0,303.663258569429
GTEX-1S82U-1326-SM-E9U6J,GTEX-1S82U,Nerve - Tibial,164.0,322.684072099717
GTEX-1S82U-1426-SM-E6CJL,GTEX-1S82U,Muscle - Skeletal,165.0,322.684072099717
GTEX-1S82Y-2026-SM-EVYCM,GTEX-1S82Y,Skin - Sun Exposed (Lower leg),515.0,457.66914294273187
GTEX-1S82Y-2226-SM-EWRNV,GTEX-1S82Y,Muscle - Skeletal,518.0,457.66914294273187
GTEX-1S82Z-0826-SM-E6CHY,GTEX-1S82Z,Skin - Sun Exposed (Lower leg),165.0,270.2004269226335
GTEX-1S83E-0126-SM-EWRO4,GTEX-1S83E,Skin - Sun Exposed (Lower leg),447.0,548.5008283249012
GTEX-1S83E-0326-SM-EVYCX,GTEX-1S83E,Nerve - Tibial,454.0,548.5008283249012
GTEX-1S83E-2126-SM-EWRO6,GTEX-1S83E,Muscle - Skeletal,572.0,548.5008283249012
GTEX-N7MS-0426-SM-2YUN6,GTEX-N7MS,Muscle - Skeletal,1193.0,1013.4703635464448
GTEX-N7MT-0126-SM-2D7VT,GTEX-N7MT,Lung,456.0,712.2188526090217
GTEX-NFK9-0226-SM-2HMKQ,GTEX-NFK9,Skin - Sun Exposed (Lower leg),294.0,292.03373774831846
GTEX-NFK9-0426-SM-2YUNK,GTEX-NFK9,Nerve - Tibial,318.0,292.03373774831846
GTEX-NFK9-0626-SM-2HMIV,GTEX-NFK9,Muscle - Skeletal,330.0,292.03373774831846
GTEX-NFK9-1026-SM-2HMK1,GTEX-NFK9,Lung,354.0,292.03373774831846
GTEX-NPJ7-1726-SM-2YUNA,GTEX-NPJ7,Nerve - Tibial,586.0,739.4283131729895
GTEX-NPJ8-0126-SM-2YUNR,GTEX-NPJ8,Skin - Sun Exposed (Lower leg),311.0,635.9597780073101
GTEX-NPJ8-0326-SM-2D7VV,GTEX-NPJ8,Lung,320.0,635.9597780073101
GTEX-NPJ8-1726-SM-2YUNB,GTEX-NPJ8,Nerve - Tibial,310.0,635.9597780073101
GTEX-O5YT-0126-SM-48TBW,GTEX-O5YT,Skin - Sun Exposed (Lower leg),242.0,282.91200255182747
GTEX-O5YT-0526-SM-32PK8,GTEX-O5YT,Lung,131.0,282.91200255182747
GTEX-O5YT-1626-SM-32PK6,GTEX-O5YT,Muscle - Skeletal,248.0,282.91200255182747
GTEX-O5YT-1726-SM-3NMD7,GTEX-O5YT,Nerve - Tibial,253.0,282.91200255182747
GTEX-O5YV-0526-SM-2I5GE,GTEX-O5YV,Lung,255.0,523.204784123139
GTEX-O5YV-1826-SM-2YUNI,GTEX-O5YV,Nerve - Tibial,289.0,523.204784123139
GTEX-O5YV-2026-SM-2D7VS,GTEX-O5YV,Muscle - Skeletal,293.0,523.204784123139
GTEX-O5YW-0126-SM-3LK6D,GTEX-O5YW,Skin - Sun Exposed (Lower leg),194.0,241.0714195010837
GTEX-O5YW-0526-SM-2YUMX,GTEX-O5YW,Lung,132.0,241.0714195010837
GTEX-OHPK-1626-SM-2YUN3,GTEX-OHPK,Muscle - Skeletal,441.0,355.8529033814127
GTEX-OHPK-1726-SM-48TC4,GTEX-OHPK,Nerve - Tibial,441.0,355.8529033814127
GTEX-OHPL-0126-SM-2HMJ7,GTEX-OHPL,Skin - Sun Exposed (Lower leg),189.0,149.61179361740358
GTEX-OHPL-0526-SM-3NM8U,GTEX-OHPL,Lung,104.0,149.61179361740358
GTEX-OHPL-1626-SM-2HMIR,GTEX-OHPL,Muscle - Skeletal,193.0,149.61179361740358
GTEX-OHPM-0126-SM-2YUN9,GTEX-OHPM,Skin - Sun Exposed (Lower leg),149.0,257.9797407473162
GTEX-OHPM-0526-SM-2YUMJ,GTEX-OHPM,Lung,126.0,257.9797407473162
GTEX-OHPN-2726-SM-2I5H4,GTEX-OHPN,Muscle - Skeletal,510.0,513.0463609223453
GTEX-OHPN-2926-SM-3LK65,GTEX-OHPN,Nerve - Tibial,514.0,513.0463609223453
GTEX-OIZF-0126-SM-7SB8I,GTEX-OIZF,Skin - Sun Exposed (Lower leg),215.0,308.4722471116036
GTEX-OIZF-0526-SM-7MXVM,GTEX-OIZF,Lung,132.0,308.4722471116036
GTEX-OIZF-1626-SM-2YUNE,GTEX-OIZF,Muscle - Skeletal,222.0,308.4722471116036
GTEX-OIZF-1726-SM-7PC3H,GTEX-OIZF,Nerve - Tibial,169.0,308.4722471116036
GTEX-OIZG-0526-SM-2HMLF,GTEX-OIZG,Lung,720.0,393.1551705547421
GTEX-OIZG-0726-SM-33HBL,GTEX-OIZG,Skin - Sun Exposed (Lower leg),730.0,393.1551705547421
GTEX-OIZG-1326-SM-2HMIQ,GTEX-OIZG,Muscle - Skeletal,748.0,393.1551705547421
GTEX-OIZG-1426-SM-E6CHG,GTEX-OIZG,Nerve - Tibial,752.0,393.1551705547421
GTEX-OIZH-0126-SM-2HMIS,GTEX-OIZH,Skin - Sun Exposed (Lower leg),219.0,218.13988148761592
GTEX-OIZH-0526-SM-2HMKV,GTEX-OIZH,Lung,131.0,218.13988148761592
GTEX-OIZH-1626-SM-2HMKI,GTEX-OIZH,Muscle - Skeletal,234.0,218.13988148761592
GTEX-OIZI-0426-SM-2XCEF,GTEX-OIZI,Nerve - Tibial,413.0,281.204767534183
GTEX-OIZI-0626-SM-2XCEH,GTEX-OIZI,Muscle - Skeletal,418.0,281.204767534183
GTEX-OIZI-1026-SM-3NB1K,GTEX-OIZI,Lung,459.0,281.204767534183
GTEX-OOBJ-0126-SM-E6CJW,GTEX-OOBJ,Skin - Sun Exposed (Lower leg),211.0,366.0952313239545
GTEX-OOBJ-0526-SM-48TDK,GTEX-OOBJ,Lung,129.0,366.0952313239545
GTEX-OOBJ-1626-SM-2I3F7,GTEX-OOBJ,Muscle - Skeletal,217.0,366.0952313239545
GTEX-OOBK-0126-SM-2YUND,GTEX-OOBK,Skin - Sun Exposed (Lower leg),261.0,205.18286027384124
GTEX-OOBK-0526-SM-2HMJJ,GTEX-OOBK,Lung,177.0,205.18286027384124
GTEX-OOBK-1626-SM-2HMKG,GTEX-OOBK,Muscle - Skeletal,285.0,205.18286027384124
GTEX-OXRK-0226-SM-3NB2G,GTEX-OXRK,Skin - Sun Exposed (Lower leg),280.0,436.7561206229397
GTEX-OXRK-0426-SM-DKPOI,GTEX-OXRK,Nerve - Tibial,287.0,436.7561206229397
GTEX-OXRK-0926-SM-2HMKP,GTEX-OXRK,Lung,305.0,436.7561206229397
GTEX-OXRK-1826-SM-2HMJE,GTEX-OXRK,Muscle - Skeletal,322.0,436.7561206229397
GTEX-OXRL-0126-SM-2YUMP,GTEX-OXRL,Skin - Sun Exposed (Lower leg),312.0,268.0489946863687
GTEX-OXRL-0526-SM-2I3EZ,GTEX-OXRL,Lung,251.0,268.0489946863687
GTEX-OXRL-1626-SM-2YUMU,GTEX-OXRL,Muscle - Skeletal,323.0,268.0489946863687
GTEX-OXRN-0126-SM-48TDM,GTEX-OXRN,Skin - Sun Exposed (Lower leg),572.0,529.3411200690211
GTEX-OXRN-0526-SM-2I5EN,GTEX-OXRN,Lung,701.0,529.3411200690211
GTEX-OXRN-1326-SM-3LK5V,GTEX-OXRN,Muscle - Skeletal,733.0,529.3411200690211
GTEX-OXRN-1426-SM-3LK5U,GTEX-OXRN,Nerve - Tibial,731.0,529.3411200690211
GTEX-OXRO-0126-SM-2YUN4,GTEX-OXRO,Skin - Sun Exposed (Lower leg),835.0,838.5519362772263
GTEX-OXRO-0326-SM-33HBM,GTEX-OXRO,Lung,845.0,838.5519362772263
GTEX-OXRO-1726-SM-3LK6C,GTEX-OXRO,Muscle - Skeletal,832.0,838.5519362772263
GTEX-OXRP-0126-SM-3NB32,GTEX-OXRP,Skin - Sun Exposed (Lower leg),1063.0,778.0065389920971
GTEX-OXRP-0526-SM-2I3EW,GTEX-OXRP,Lung,1072.0,778.0065389920971
GTEX-OXRP-2326-SM-2S1NL,GTEX-OXRP,Muscle - Skeletal,1113.0,778.0065389920971
GTEX-OXRP-2526-SM-2S1NO,GTEX-OXRP,Nerve - Tibial,1116.0,778.0065389920971
GTEX-P44G-0526-SM-2XCD1,GTEX-P44G,Muscle - Skeletal,698.0,412.91049155471705
GTEX-P44H-0226-SM-2XCEU,GTEX-P44H,Skin - Sun Exposed (Lower leg),458.0,975.5889152122159
GTEX-P44H-0426-SM-2XCEZ,GTEX-P44H,Muscle - Skeletal,487.0,975.5889152122159
GTEX-P44H-0526-SM-2XCF1,GTEX-P44H,Nerve - Tibial,490.0,975.5889152122159
GTEX-P44H-1126-SM-48TBU,GTEX-P44H,Lung,516.0,975.5889152122159
GTEX-P4PP-0126-SM-3LK69,GTEX-P4PP,Skin - Sun Exposed (Lower leg),196.0,238.7080223591255
GTEX-P4PP-0526-SM-2HMKE,GTEX-P4PP,Lung,103.0,238.7080223591255
GTEX-P4PP-1626-SM-2HMJF,GTEX-P4PP,Muscle - Skeletal,200.0,238.7080223591255
GTEX-P4PP-1726-SM-2S1NS,GTEX-P4PP,Nerve - Tibial,203.0,238.7080223591255
GTEX-P4PQ-0126-SM-2S1NM,GTEX-P4PQ,Skin - Sun Exposed (Lower leg),235.0,268.92999254411956
GTEX-P4PQ-0526-SM-2HMKR,GTEX-P4PQ,Lung,156.0,268.92999254411956
GTEX-P4PQ-1626-SM-2HMKK,GTEX-P4PQ,Muscle - Skeletal,241.0,268.92999254411956
GTEX-P4PQ-1726-SM-3NB15,GTEX-P4PQ,Nerve - Tibial,246.0,268.92999254411956
GTEX-P4QS-0526-SM-2I3ET,GTEX-P4QS,Lung,101.0,250.5553013110723
GTEX-P4QS-1626-SM-2S1NH,GTEX-P4QS,Muscle - Skeletal,213.0,250.5553013110723
GTEX-P4QS-1726-SM-3NB1V,GTEX-P4QS,Nerve - Tibial,224.0,250.5553013110723
GTEX-P4QT-0126-SM-2I3FL,GTEX-P4QT,Skin - Sun Exposed (Lower leg),212.0,234.46027529728076
GTEX-P4QT-0526-SM-2I3EX,GTEX-P4QT,Lung,111.0,234.46027529728076
GTEX-P4QT-1626-SM-DHXIR,GTEX-P4QT,Muscle - Skeletal,215.0,234.46027529728076
GTEX-P4QT-1726-SM-2S1NQ,GTEX-P4QT,Nerve - Tibial,219.0,234.46027529728076
GTEX-P78B-0626-SM-DIPE1,GTEX-P78B,Nerve - Tibial,544.0,329.7959627729209
GTEX-P78B-0926-SM-2I5FA,GTEX-P78B,Lung,554.0,329.7959627729209
GTEX-P78B-1626-SM-5SI85,GTEX-P78B,Muscle - Skeletal,587.0,329.7959627729209
GTEX-PLZ4-0126-SM-5SI8O,GTEX-PLZ4,Skin - Sun Exposed (Lower leg),652.0,523.396787652951
GTEX-PLZ4-0726-SM-2TC6Q,GTEX-PLZ4,Lung,682.0,523.396787652951
GTEX-PLZ4-0926-SM-2S1OI,GTEX-PLZ4,Muscle - Skeletal,680.0,523.396787652951
GTEX-PLZ4-1126-SM-EZ6KT,GTEX-PLZ4,Nerve - Tibial,684.0,523.396787652951
GTEX-PLZ5-0726-SM-2I5F9,GTEX-PLZ5,Lung,123.0,262.34567295973295
GTEX-PLZ5-1626-SM-3NB21,GTEX-PLZ5,Nerve - Tibial,200.0,262.34567295973295
GTEX-PLZ5-1726-SM-2I5F6,GTEX-PLZ5,Muscle - Skeletal,208.0,262.34567295973295
GTEX-PLZ5-2026-SM-2S1O4,GTEX-PLZ5,Skin - Sun Exposed (Lower leg),210.0,262.34567295973295
GTEX-PLZ6-0426-SM-5IJDW,GTEX-PLZ6,Lung,140.0,276.88893267896805
GTEX-PLZ6-1426-SM-DKPOT,GTEX-PLZ6,Skin - Sun Exposed (Lower leg),231.0,276.88893267896805
GTEX-PLZ6-1526-SM-2S1OC,GTEX-PLZ6,Muscle - Skeletal,242.0,276.88893267896805
GTEX-PLZ6-1726-SM-2S1O6,GTEX-PLZ6,Nerve - Tibial,249.0,276.88893267896805
GTEX-POMQ-0526-SM-3GADD,GTEX-POMQ,Lung,222.0,225.46170521337723
GTEX-POMQ-1926-SM-3NB1Y,GTEX-POMQ,Muscle - Skeletal,313.0,225.46170521337723
GTEX-POMQ-2026-SM-2S1OD,GTEX-POMQ,Nerve - Tibial,351.0,225.46170521337723
GTEX-POMQ-2226-SM-2I5FK,GTEX-POMQ,Skin - Sun Exposed (Lower leg),362.0,225.46170521337723
GTEX-POYW-0426-SM-2XCEV,GTEX-POYW,Nerve - Tibial,663.0,508.30044253950626
GTEX-POYW-0526-SM-2XCEY,GTEX-POYW,Muscle - Skeletal,666.0,508.30044253950626
GTEX-POYW-1226-SM-2XCEP,GTEX-POYW,Lung,687.0,508.30044253950626
GTEX-PSDG-0226-SM-DKPOZ,GTEX-PSDG,Skin - Sun Exposed (Lower leg),411.0,307.29170638536107
GTEX-PSDG-0426-SM-5SI86,GTEX-PSDG,Muscle - Skeletal,464.0,307.29170638536107
GTEX-PSDG-0626-SM-2S1OE,GTEX-PSDG,Nerve - Tibial,470.0,307.29170638536107
GTEX-PSDG-1126-SM-2S1ON,GTEX-PSDG,Lung,500.0,307.29170638536107
GTEX-PVOW-0126-SM-2XCFA,GTEX-PVOW,Skin - Sun Exposed (Lower leg),634.0,821.9625598187513
GTEX-PVOW-0626-SM-2XCF6,GTEX-PVOW,Nerve - Tibial,666.0,821.9625598187513
GTEX-PVOW-1026-SM-2XCF9,GTEX-PVOW,Lung,700.0,821.9625598187513
GTEX-PW2O-0526-SM-2I3DX,GTEX-PW2O,Lung,184.0,332.60599045317383
GTEX-PW2O-1526-SM-7RHHB,GTEX-PW2O,Skin - Sun Exposed (Lower leg),278.0,332.60599045317383
GTEX-PW2O-1726-SM-2S1OO,GTEX-PW2O,Muscle - Skeletal,283.0,332.60599045317383
GTEX-PW2O-1826-SM-5SI7R,GTEX-PW2O,Nerve - Tibial,287.0,332.60599045317383
GTEX-PWCY-1826-SM-DHXIZ,GTEX-PWCY,Skin - Sun Exposed (Lower leg),281.0,326.9465284413962
GTEX-PWCY-2026-SM-5SI8R,GTEX-PWCY,Muscle - Skeletal,290.0,326.9465284413962
GTEX-PWCY-2126-SM-48TEC,GTEX-PWCY,Nerve - Tibial,293.0,326.9465284413962
GTEX-PWN1-1626-SM-2S1OL,GTEX-PWN1,Muscle - Skeletal,220.0,262.337910955585
GTEX-PWN1-1726-SM-2S1O9,GTEX-PWN1,Nerve - Tibial,217.0,262.337910955585
GTEX-PX3G-0126-SM-2I3EN,GTEX-PX3G,Skin - Sun Exposed (Lower leg),247.0,312.59120945285144
GTEX-PX3G-0526-SM-2I3EM,GTEX-PX3G,Lung,109.0,312.59120945285144
GTEX-PX3G-1626-SM-2S1PT,GTEX-PX3G,Muscle - Skeletal,255.0,312.59120945285144
GTEX-Q2AG-0126-SM-33HBV,GTEX-Q2AG,Skin - Sun Exposed (Lower leg),696.0,740.3492246020398
GTEX-Q2AG-0426-SM-2S1PU,GTEX-Q2AG,Muscle - Skeletal,718.0,740.3492246020398
GTEX-Q2AG-0626-SM-2S1PV,GTEX-Q2AG,Nerve - Tibial,731.0,740.3492246020398
GTEX-Q2AG-1026-SM-33HBW,GTEX-Q2AG,Lung,806.0,740.3492246020398
GTEX-Q2AH-0426-SM-2I3EP,GTEX-Q2AH,Lung,106.0,246.7987255638751
GTEX-Q2AH-1626-SM-3GAF8,GTEX-Q2AH,Skin - Sun Exposed (Lower leg),186.0,246.7987255638751
GTEX-Q2AH-1826-SM-2S1Q2,GTEX-Q2AH,Muscle - Skeletal,190.0,246.7987255638751
GTEX-Q2AH-1926-SM-2S1PN,GTEX-Q2AH,Nerve - Tibial,195.0,246.7987255638751
GTEX-Q2AI-1326-SM-2S1PL,GTEX-Q2AI,Skin - Sun Exposed (Lower leg),185.0,270.0980643219505
GTEX-Q2AI-1526-SM-3GIJ3,GTEX-Q2AI,Muscle - Skeletal,186.0,270.0980643219505
GTEX-Q734-0626-SM-2I3EF,GTEX-Q734,Lung,58.0,318.77812519859697
GTEX-Q734-1926-SM-2I5EV,GTEX-Q734,Skin - Sun Exposed (Lower leg),130.0,318.77812519859697
GTEX-Q734-2026-SM-3GADA,GTEX-Q734,Muscle - Skeletal,135.0,318.77812519859697
GTEX-QCQG-0326-SM-2I3ES,GTEX-QCQG,Lung,200.0,277.5568359757575
GTEX-QCQG-1726-SM-3GIJ9,GTEX-QCQG,Skin - Sun Exposed (Lower leg),298.0,277.5568359757575
GTEX-QCQG-2026-SM-2S1PH,GTEX-QCQG,Nerve - Tibial,312.0,277.5568359757575
GTEX-QCQG-2126-SM-DTXFV,GTEX-QCQG,Muscle - Skeletal,315.0,277.5568359757575
GTEX-QDT8-0126-SM-48TZ1,GTEX-QDT8,Skin - Sun Exposed (Lower leg),446.0,812.388708696157
GTEX-QDT8-0326-SM-32PL1,GTEX-QDT8,Nerve - Tibial,472.0,812.388708696157
GTEX-QDT8-0526-SM-3NMD8,GTEX-QDT8,Muscle - Skeletal,507.0,812.388708696157
GTEX-QDT8-0926-SM-32PL2,GTEX-QDT8,Lung,581.0,812.388708696157
GTEX-QDVJ-0926-SM-2I5FU,GTEX-QDVJ,Lung,491.0,262.80807725255215
GTEX-QDVJ-1726-SM-2I5FX,GTEX-QDVJ,Skin - Sun Exposed (Lower leg),535.0,262.80807725255215
GTEX-QDVJ-1926-SM-2S1PJ,GTEX-QDVJ,Muscle - Skeletal,540.0,262.80807725255215
GTEX-QDVJ-2026-SM-2S1PD,GTEX-QDVJ,Nerve - Tibial,541.0,262.80807725255215
GTEX-QDVN-0726-SM-4B64L,GTEX-QDVN,Lung,148.0,411.0495760028316
GTEX-QDVN-2026-SM-3GAEP,GTEX-QDVN,Skin - Sun Exposed (Lower leg),260.0,411.0495760028316
GTEX-QDVN-2226-SM-2S1PM,GTEX-QDVN,Nerve - Tibial,271.0,411.0495760028316
GTEX-QDVN-2426-SM-2S1Q4,GTEX-QDVN,Muscle - Skeletal,281.0,411.0495760028316
GTEX-QEG4-0226-SM-2S1PY,GTEX-QEG4,Skin - Sun Exposed (Lower leg),893.0,819.5960476526949
GTEX-QEG4-0526-SM-48TZD,GTEX-QEG4,Lung,904.0,819.5960476526949
GTEX-QEG4-0626-SM-2S1OY,GTEX-QEG4,Muscle - Skeletal,907.0,819.5960476526949
GTEX-QEG4-1126-SM-2S1P7,GTEX-QEG4,Nerve - Tibial,928.0,819.5960476526949
GTEX-QEG5-0426-SM-2I5GJ,GTEX-QEG5,Muscle - Skeletal,612.0,428.0836024203396
GTEX-QEG5-0526-SM-5S2V3,GTEX-QEG5,Nerve - Tibial,620.0,428.0836024203396
GTEX-QEG5-1126-SM-33HC2,GTEX-QEG5,Lung,689.0,428.0836024203396
GTEX-QEL4-0426-SM-3GACZ,GTEX-QEL4,Nerve - Tibial,489.0,686.714983471068
GTEX-QEL4-0626-SM-3GIJM,GTEX-QEL4,Muscle - Skeletal,504.0,686.714983471068
GTEX-QEL4-0826-SM-3GAF2,GTEX-QEL4,Lung,520.0,686.714983471068
GTEX-QESD-0626-SM-2I5G4,GTEX-QESD,Lung,251.0,263.2492665702742
GTEX-QESD-1426-SM-2S1R9,GTEX-QESD,Skin - Sun Exposed (Lower leg),326.0,263.2492665702742
GTEX-QESD-1626-SM-2S1RB,GTEX-QESD,Muscle - Skeletal,338.0,263.2492665702742
GTEX-QESD-1726-SM-2S1R7,GTEX-QESD,Nerve - Tibial,351.0,263.2492665702742
GTEX-QLQ7-1626-SM-2S1R8,GTEX-QLQ7,Skin - Sun Exposed (Lower leg),178.0,287.54717486569035
GTEX-QLQ7-1726-SM-2S1QQ,GTEX-QLQ7,Muscle - Skeletal,182.0,287.54717486569035
GTEX-QLQ7-1826-SM-2S1R5,GTEX-QLQ7,Nerve - Tibial,191.0,287.54717486569035
GTEX-QLQW-1126-SM-2S1Q8,GTEX-QLQW,Skin - Sun Exposed (Lower leg),159.0,304.5365438125089
GTEX-QLQW-1326-SM-2S1QS,GTEX-QLQW,Muscle - Skeletal,168.0,304.5365438125089
GTEX-QLQW-1426-SM-2S1QU,GTEX-QLQW,Nerve - Tibial,170.0,304.5365438125089
GTEX-QMR6-1926-SM-32PL9,GTEX-QMR6,Lung,808.0,789.6033140083468
GTEX-QMRM-0826-SM-3NB33,GTEX-QMRM,Lung,119.0,178.16074987982051
GTEX-QV31-1426-SM-2S1QD,GTEX-QV31,Muscle - Skeletal,226.0,228.76648939674823
GTEX-QV44-0926-SM-2S1RH,GTEX-QV44,Lung,124.0,322.88972027274093
GTEX-QV44-1926-SM-2S1RF,GTEX-QV44,Skin - Sun Exposed (Lower leg),196.0,322.88972027274093
GTEX-QV44-2026-SM-2S1RD,GTEX-QV44,Muscle - Skeletal,199.0,322.88972027274093
GTEX-QVUS-0226-SM-3GIJY,GTEX-QVUS,Muscle - Skeletal,930.0,894.7002749126417
GTEX-QVUS-2026-SM-EYYW9,GTEX-QVUS,Lung,942.0,894.7002749126417
GTEX-QXCU-0126-SM-2TC5Q,GTEX-QXCU,Nerve - Tibial,1031.0,614.5881097916773
GTEX-QXCU-0626-SM-2TC69,GTEX-QXCU,Lung,1058.0,614.5881097916773
GTEX-QXCU-1726-SM-2TC6L,GTEX-QXCU,Muscle - Skeletal,1086.0,614.5881097916773
GTEX-R3RS-0126-SM-3GIJL,GTEX-R3RS,Skin - Sun Exposed (Lower leg),1151.0,844.1783252272237
GTEX-R3RS-0526-SM-3GADG,GTEX-R3RS,Muscle - Skeletal,1175.0,844.1783252272237
GTEX-R3RS-1026-SM-3GADF,GTEX-R3RS,Lung,1197.0,844.1783252272237
GTEX-R45C-0126-SM-EAZ2R,GTEX-R45C,Skin - Sun Exposed (Lower leg),1035.0,550.7116437235904
GTEX-R53T-1826-SM-3GIJX,GTEX-R53T,Muscle - Skeletal,190.0,308.96935015215854
GTEX-R55C-0526-SM-3GIKA,GTEX-R55C,Lung,154.0,228.77037248298154
GTEX-R55C-1726-SM-3GADJ,GTEX-R55C,Muscle - Skeletal,250.0,228.77037248298154
GTEX-R55C-1926-SM-2TF4K,GTEX-R55C,Nerve - Tibial,257.0,228.77037248298154
GTEX-R55D-0526-SM-EWRM3,GTEX-R55D,Nerve - Tibial,372.0,338.39293666564663
GTEX-R55D-0626-SM-3GAD5,GTEX-R55D,Muscle - Skeletal,380.0,338.39293666564663
GTEX-R55D-0926-SM-3GAEU,GTEX-R55D,Lung,406.0,338.39293666564663
GTEX-R55E-0126-SM-2TC5Y,GTEX-R55E,Skin - Sun Exposed (Lower leg),924.0,872.4476034029884
GTEX-R55E-0426-SM-2TC65,GTEX-R55E,Nerve - Tibial,940.0,872.4476034029884
GTEX-R55E-0526-SM-2TC6B,GTEX-R55E,Muscle - Skeletal,944.0,872.4476034029884
GTEX-R55G-0826-SM-2TC5U,GTEX-R55G,Lung,98.0,175.85453474999605
GTEX-R55G-2126-SM-2TC67,GTEX-R55G,Nerve - Tibial,185.0,175.85453474999605
GTEX-R55G-2326-SM-2TC61,GTEX-R55G,Muscle - Skeletal,187.0,175.85453474999605
GTEX-R55G-2526-SM-2TC6D,GTEX-R55G,Skin - Sun Exposed (Lower leg),189.0,175.85453474999605
GTEX-REY6-0426-SM-2TF5G,GTEX-REY6,Lung,285.0,529.321395737018
GTEX-REY6-0626-SM-2TF4G,GTEX-REY6,Nerve - Tibial,290.0,529.321395737018
GTEX-REY6-0826-SM-2TF4S,GTEX-REY6,Muscle - Skeletal,293.0,529.321395737018
GTEX-RM2N-0426-SM-2TF4T,GTEX-RM2N,Lung,122.0,238.56318180441963
GTEX-RM2N-1426-SM-2TF4H,GTEX-RM2N,Skin - Sun Exposed (Lower leg),227.0,238.56318180441963
GTEX-RM2N-1626-SM-2TF5N,GTEX-RM2N,Muscle - Skeletal,221.0,238.56318180441963
GTEX-RN64-0126-SM-2TC68,GTEX-RN64,Skin - Sun Exposed (Lower leg),676.0,909.5889554849516
GTEX-RN64-0326-SM-2TC5J,GTEX-RN64,Muscle - Skeletal,695.0,909.5889554849516
GTEX-RN64-1226-SM-2TC6E,GTEX-RN64,Lung,771.0,909.5889554849516
GTEX-RNOR-0126-SM-E9J4R,GTEX-RNOR,Skin - Sun Exposed (Lower leg),827.0,806.5992890464281
GTEX-RNOR-0326-SM-2TF51,GTEX-RNOR,Nerve - Tibial,840.0,806.5992890464281
GTEX-RNOR-0526-SM-2TF4O,GTEX-RNOR,Muscle - Skeletal,870.0,806.5992890464281
GTEX-RNOR-0726-SM-2TF5I,GTEX-RNOR,Lung,923.0,806.5992890464281
GTEX-RTLS-0126-SM-447CA,GTEX-RTLS,Skin - Sun Exposed (Lower leg),632.0,958.5154781347686
GTEX-RTLS-0326-SM-2TF6A,GTEX-RTLS,Nerve - Tibial,638.0,958.5154781347686
GTEX-RTLS-0526-SM-2TF64,GTEX-RTLS,Muscle - Skeletal,641.0,958.5154781347686
GTEX-RTLS-0926-SM-2TF5X,GTEX-RTLS,Lung,660.0,958.5154781347686
GTEX-RU1J-0126-SM-2TF6Y,GTEX-RU1J,Lung,200.0,169.98329137811993
GTEX-RU1J-1726-SM-2TF5S,GTEX-RU1J,Muscle - Skeletal,289.0,169.98329137811993
GTEX-RU72-0526-SM-2TF5Z,GTEX-RU72,Lung,447.0,937.0027053049914
GTEX-RU72-0926-SM-2TF6B,GTEX-RU72,Skin - Sun Exposed (Lower leg),457.0,937.0027053049914
GTEX-RU72-1126-SM-2TF6H,GTEX-RU72,Nerve - Tibial,469.0,937.0027053049914
GTEX-RU72-1326-SM-2TF6T,GTEX-RU72,Muscle - Skeletal,481.0,937.0027053049914
GTEX-RUSQ-0626-SM-2TF5V,GTEX-RUSQ,Lung,200.0,270.84207819154716
GTEX-RUSQ-1526-SM-2TF62,GTEX-RUSQ,Skin - Sun Exposed (Lower leg),288.0,270.84207819154716
GTEX-RUSQ-1726-SM-2TF68,GTEX-RUSQ,Muscle - Skeletal,297.0,270.84207819154716
GTEX-RUSQ-1826-SM-2TF6E,GTEX-RUSQ,Nerve - Tibial,302.0,270.84207819154716
GTEX-RWS6-0226-SM-2XCA9,GTEX-RWS6,Lung,138.0,266.8093047698622
GTEX-RWS6-2026-SM-2XCB5,GTEX-RWS6,Skin - Sun Exposed (Lower leg),235.0,266.8093047698622
GTEX-RWS6-2126-SM-2XCAV,GTEX-RWS6,Muscle - Skeletal,239.0,266.8093047698622
GTEX-RWS6-2426-SM-2XCB9,GTEX-RWS6,Nerve - Tibial,246.0,266.8093047698622
GTEX-S32W-0326-SM-2XCBI,GTEX-S32W,Lung,237.0,342.497170206818
GTEX-S32W-2126-SM-2XCB1,GTEX-S32W,Skin - Sun Exposed (Lower leg),393.0,342.497170206818
GTEX-S32W-2326-SM-2XCAW,GTEX-S32W,Muscle - Skeletal,399.0,342.497170206818
GTEX-S32W-2526-SM-2XCB8,GTEX-S32W,Nerve - Tibial,417.0,342.497170206818
GTEX-S33H-0626-SM-2XCBJ,GTEX-S33H,Lung,220.0,745.2083571313455
GTEX-S33H-1026-SM-EZ6L6,GTEX-S33H,Skin - Sun Exposed (Lower leg),234.0,745.2083571313455
GTEX-S33H-2226-SM-DKPOP,GTEX-S33H,Muscle - Skeletal,261.0,745.2083571313455
GTEX-S33H-2326-SM-2XCB3,GTEX-S33H,Nerve - Tibial,263.0,745.2083571313455
GTEX-S341-0326-SM-2XCAU,GTEX-S341,Lung,170.0,264.1136152409938
GTEX-S3LF-1126-SM-EVR33,GTEX-S3LF,Lung,717.0,897.6954081064176
GTEX-S7SE-0126-SM-2XCD5,GTEX-S7SE,Skin - Sun Exposed (Lower leg),936.0,874.7971829004159
GTEX-S7SE-0926-SM-2XCD6,GTEX-S7SE,Lung,1061.0,874.7971829004159
GTEX-S95S-1226-SM-4GICG,GTEX-S95S,Skin - Sun Exposed (Lower leg),275.0,336.75622068581833
GTEX-S95S-1426-SM-2XCDM,GTEX-S95S,Muscle - Skeletal,279.0,336.75622068581833
GTEX-S95S-1526-SM-2XCDH,GTEX-S95S,Nerve - Tibial,304.0,336.75622068581833
GTEX-SE5C-0526-SM-2XCE1,GTEX-SE5C,Lung,165.0,344.64069444928685
GTEX-SE5C-1626-SM-2XCE3,GTEX-SE5C,Skin - Sun Exposed (Lower leg),215.0,344.64069444928685
GTEX-SE5C-1826-SM-2XCE4,GTEX-SE5C,Muscle - Skeletal,223.0,344.64069444928685
GTEX-SJXC-0126-SM-2XCFF,GTEX-SJXC,Skin - Sun Exposed (Lower leg),973.0,858.928159230014
GTEX-SJXC-0326-SM-2XCFI,GTEX-SJXC,Nerve - Tibial,1015.0,858.928159230014
GTEX-SJXC-0526-SM-2XCFG,GTEX-SJXC,Muscle - Skeletal,1023.0,858.928159230014
GTEX-SJXC-1026-SM-EYYVA,GTEX-SJXC,Lung,1053.0,858.928159230014
GTEX-SN8G-0126-SM-32PLI,GTEX-SN8G,Skin - Sun Exposed (Lower leg),1034.0,856.5235720574406
GTEX-SN8G-0326-SM-32PLG,GTEX-SN8G,Muscle - Skeletal,1040.0,856.5235720574406
GTEX-SN8G-0426-SM-32PLF,GTEX-SN8G,Nerve - Tibial,1042.0,856.5235720574406
GTEX-SN8G-0926-SM-4DM5I,GTEX-SN8G,Lung,1080.0,856.5235720574406
GTEX-SNMC-1226-SM-2XCFP,GTEX-SNMC,Skin - Sun Exposed (Lower leg),269.0,432.9703736708135
GTEX-SNMC-1426-SM-2XCFM,GTEX-SNMC,Muscle - Skeletal,274.0,432.9703736708135
GTEX-SNMC-1626-SM-4DM52,GTEX-SNMC,Nerve - Tibial,284.0,432.9703736708135
GTEX-SNOS-0426-SM-32PMH,GTEX-SNOS,Lung,128.0,204.3170251515005
GTEX-SNOS-1526-SM-32PLW,GTEX-SNOS,Muscle - Skeletal,201.0,204.3170251515005
GTEX-SNOS-1626-SM-3NMA4,GTEX-SNOS,Nerve - Tibial,248.0,204.3170251515005
GTEX-SSA3-0126-SM-32QPU,GTEX-SSA3,Skin - Sun Exposed (Lower leg),40.0,276.5178219877222
GTEX-SSA3-0326-SM-32QPS,GTEX-SSA3,Muscle - Skeletal,55.0,276.5178219877222
GTEX-SSA3-0526-SM-32QPL,GTEX-SSA3,Nerve - Tibial,94.0,276.5178219877222
GTEX-SUCS-0626-SM-32PM5,GTEX-SUCS,Lung,170.0,248.8746523486783
GTEX-SUCS-1626-SM-32PLS,GTEX-SUCS,Muscle - Skeletal,200.0,248.8746523486783
GTEX-SUCS-1726-SM-32PM8,GTEX-SUCS,Nerve - Tibial,202.0,248.8746523486783
GTEX-SUCS-1926-SM-32PM3,GTEX-SUCS,Skin - Sun Exposed (Lower leg),209.0,248.8746523486783
GTEX-T2IS-0126-SM-4DM6O,GTEX-T2IS,Skin - Sun Exposed (Lower leg),1076.0,774.3688814074412
GTEX-T2IS-0526-SM-32QP9,GTEX-T2IS,Lung,1122.0,774.3688814074412
GTEX-T2IS-1126-SM-4DM6Z,GTEX-T2IS,Nerve - Tibial,1138.0,774.3688814074412
GTEX-T2YK-0326-SM-4DM7D,GTEX-T2YK,Nerve - Tibial,846.0,761.8792901035891
GTEX-T2YK-0526-SM-32QPJ,GTEX-T2YK,Skin - Sun Exposed (Lower leg),859.0,761.8792901035891
GTEX-T5JC-0426-SM-32PLO,GTEX-T5JC,Skin - Sun Exposed (Lower leg),663.0,939.9221279253301
GTEX-T5JC-0626-SM-3NMA6,GTEX-T5JC,Muscle - Skeletal,669.0,939.9221279253301
GTEX-T5JC-0826-SM-32PMC,GTEX-T5JC,Lung,703.0,939.9221279253301
GTEX-T5JW-1626-SM-3GADZ,GTEX-T5JW,Skin - Sun Exposed (Lower leg),235.0,211.3511362503316
GTEX-T5JW-1826-SM-3GAE1,GTEX-T5JW,Muscle - Skeletal,243.0,211.3511362503316
GTEX-T6MN-0126-SM-32PLP,GTEX-T6MN,Skin - Sun Exposed (Lower leg),689.0,864.3648900635999
GTEX-T6MN-0326-SM-32PMK,GTEX-T6MN,Nerve - Tibial,735.0,864.3648900635999
GTEX-T6MN-0526-SM-32PMS,GTEX-T6MN,Muscle - Skeletal,743.0,864.3648900635999
GTEX-T6MN-0826-SM-32PM4,GTEX-T6MN,Lung,818.0,864.3648900635999
GTEX-T6MO-0426-SM-32QOI,GTEX-T6MO,Lung,106.0,302.4456815112594
GTEX-T6MO-1626-SM-32QOM,GTEX-T6MO,Skin - Sun Exposed (Lower leg),182.0,302.4456815112594
GTEX-T6MO-2026-SM-33HB4,GTEX-T6MO,Nerve - Tibial,197.0,302.4456815112594
GTEX-T8EM-0326-SM-3DB7F,GTEX-T8EM,Lung,361.0,325.4253810645011
GTEX-T8EM-1026-SM-3DB7M,GTEX-T8EM,Skin - Sun Exposed (Lower leg),378.0,325.4253810645011
GTEX-T8EM-1326-SM-3DB7G,GTEX-T8EM,Muscle - Skeletal,389.0,325.4253810645011
GTEX-T8EM-1526-SM-3DB7I,GTEX-T8EM,Nerve - Tibial,393.0,325.4253810645011
GTEX-TKQ1-1026-SM-4GICL,GTEX-TKQ1,Skin - Sun Exposed (Lower leg),186.0,214.88591545807515
GTEX-TKQ1-1326-SM-4DXU7,GTEX-TKQ1,Nerve - Tibial,198.0,214.88591545807515
GTEX-TKQ1-1426-SM-4GICK,GTEX-TKQ1,Muscle - Skeletal,200.0,214.88591545807515
GTEX-TKQ2-0826-SM-33HB6,GTEX-TKQ2,Muscle - Skeletal,213.0,385.54502416946156
GTEX-TML8-0326-SM-4GICN,GTEX-TML8,Lung,121.0,249.9512500517502
GTEX-TML8-1626-SM-32QOO,GTEX-TML8,Nerve - Tibial,246.0,249.9512500517502
GTEX-TML8-1826-SM-32QOR,GTEX-TML8,Muscle - Skeletal,254.0,249.9512500517502
GTEX-TML8-1926-SM-32QOS,GTEX-TML8,Skin - Sun Exposed (Lower leg),256.0,249.9512500517502
GTEX-TMMY-0226-SM-33HBA,GTEX-TMMY,Skin - Sun Exposed (Lower leg),359.0,246.22071482820854
GTEX-TMMY-0426-SM-33HBB,GTEX-TMMY,Muscle - Skeletal,368.0,246.22071482820854
GTEX-TMMY-0526-SM-33HBC,GTEX-TMMY,Nerve - Tibial,383.0,246.22071482820854
GTEX-TMMY-0926-SM-4TT1Z,GTEX-TMMY,Lung,425.0,246.22071482820854
GTEX-TMZS-0126-SM-3DB9Q,GTEX-TMZS,Skin - Sun Exposed (Lower leg),49.0,213.83667684937973
GTEX-TMZS-0326-SM-3DB9P,GTEX-TMZS,Muscle - Skeletal,56.0,213.83667684937973
GTEX-TSE9-0126-SM-3DB83,GTEX-TSE9,Skin - Sun Exposed (Lower leg),1023.0,569.3055739252158
GTEX-TSE9-0326-SM-3DB82,GTEX-TSE9,Nerve - Tibial,1056.0,569.3055739252158
GTEX-TSE9-0526-SM-3DB7Z,GTEX-TSE9,Muscle - Skeletal,1071.0,569.3055739252158
GTEX-TSE9-0726-SM-3DB8C,GTEX-TSE9,Lung,1154.0,569.3055739252158
GTEX-U3ZG-0326-SM-47JXN,GTEX-U3ZG,Muscle - Skeletal,46.0,292.6121059506398
GTEX-U3ZH-0526-SM-3DB75,GTEX-U3ZH,Lung,194.0,368.5864824606446
GTEX-U3ZH-1626-SM-3DB74,GTEX-U3ZH,Nerve - Tibial,239.0,368.5864824606446
GTEX-U3ZH-1926-SM-4DXTR,GTEX-U3ZH,Muscle - Skeletal,246.0,368.5864824606446
GTEX-U3ZH-2026-SM-3DB78,GTEX-U3ZH,Skin - Sun Exposed (Lower leg),248.0,368.5864824606446
GTEX-U3ZM-0426-SM-3DB73,GTEX-U3ZM,Lung,207.0,225.1534056178375
GTEX-U3ZM-1226-SM-3DB9G,GTEX-U3ZM,Muscle - Skeletal,239.0,225.1534056178375
GTEX-U3ZM-1526-SM-3DB9D,GTEX-U3ZM,Skin - Sun Exposed (Lower leg),249.0,225.1534056178375
GTEX-U3ZN-0626-SM-3DB7U,GTEX-U3ZN,Lung,121.0,285.67294053926344
GTEX-U3ZN-2226-SM-3DB88,GTEX-U3ZN,Muscle - Skeletal,175.0,285.67294053926344
GTEX-U3ZN-2326-SM-3DB7W,GTEX-U3ZN,Skin - Sun Exposed (Lower leg),176.0,285.67294053926344
GTEX-U4B1-1626-SM-3DB8N,GTEX-U4B1,Muscle - Skeletal,240.0,406.4023725864662
GTEX-U4B1-1826-SM-4DXSU,GTEX-U4B1,Skin - Sun Exposed (Lower leg),245.0,406.4023725864662
GTEX-U8T8-0126-SM-3DB94,GTEX-U8T8,Skin - Sun Exposed (Lower leg),975.0,550.7335313360927
GTEX-U8T8-0426-SM-3DB8X,GTEX-U8T8,Nerve - Tibial,1033.0,550.7335313360927
GTEX-U8T8-1426-SM-3DB9H,GTEX-U8T8,Muscle - Skeletal,1125.0,550.7335313360927
GTEX-U8T8-2226-SM-3DB95,GTEX-U8T8,Lung,1149.0,550.7335313360927
GTEX-U8XE-0326-SM-3DB8P,GTEX-U8XE,Skin - Sun Exposed (Lower leg),358.0,575.053350771841
GTEX-U8XE-0526-SM-3DB8R,GTEX-U8XE,Nerve - Tibial,376.0,575.053350771841
GTEX-U8XE-0726-SM-3DB8O,GTEX-U8XE,Muscle - Skeletal,384.0,575.053350771841
GTEX-U8XE-1426-SM-3DB8Q,GTEX-U8XE,Lung,416.0,575.053350771841
GTEX-UJHI-0726-SM-3DB92,GTEX-UJHI,Lung,194.0,215.94779208670354
GTEX-UJHI-1526-SM-3DB99,GTEX-UJHI,Skin - Sun Exposed (Lower leg),287.0,215.94779208670354
GTEX-UJHI-1726-SM-3DB9B,GTEX-UJHI,Muscle - Skeletal,297.0,215.94779208670354
GTEX-UJMC-0726-SM-3GADX,GTEX-UJMC,Lung,164.0,200.46127006251334
GTEX-UJMC-1826-SM-3GADT,GTEX-UJMC,Muscle - Skeletal,257.0,200.46127006251334
GTEX-UJMC-1926-SM-3GADS,GTEX-UJMC,Nerve - Tibial,261.0,200.46127006251334
GTEX-UPJH-0326-SM-3GADU,GTEX-UPJH,Skin - Sun Exposed (Lower leg),799.0,820.3000588064795
GTEX-UPJH-0526-SM-4IHK8,GTEX-UPJH,Muscle - Skeletal,828.0,820.3000588064795
GTEX-UPJH-0626-SM-4IHJN,GTEX-UPJH,Nerve - Tibial,833.0,820.3000588064795
GTEX-UPJH-0826-SM-4WKFD,GTEX-UPJH,Lung,928.0,820.3000588064795
GTEX-UPK5-1126-SM-3GAEJ,GTEX-UPK5,Lung,994.0,573.6699856483981
GTEX-UTHO-0726-SM-3GAEN,GTEX-UTHO,Muscle - Skeletal,446.0,787.1017785085959
GTEX-V1D1-0826-SM-3P5ZA,GTEX-V1D1,Lung,345.0,418.82312335447773
GTEX-V1D1-2226-SM-3NMAX,GTEX-V1D1,Skin - Sun Exposed (Lower leg),472.0,418.82312335447773
GTEX-V1D1-2426-SM-3GAER,GTEX-V1D1,Muscle - Skeletal,480.0,418.82312335447773
GTEX-V955-2426-SM-3GAEF,GTEX-V955,Muscle - Skeletal,254.0,359.36588768008187
GTEX-V955-2526-SM-4JBJG,GTEX-V955,Nerve - Tibial,260.0,359.36588768008187
GTEX-VJWN-0126-SM-3GIK7,GTEX-VJWN,Skin - Sun Exposed (Lower leg),1045.0,960.7669780637567
GTEX-VJWN-0426-SM-3GIJI,GTEX-VJWN,Muscle - Skeletal,1084.0,960.7669780637567
GTEX-VJWN-1326-SM-EVR2Z,GTEX-VJWN,Lung,1110.0,960.7669780637567
GTEX-VJYA-0326-SM-3GAEX,GTEX-VJYA,Lung,210.0,201.83994764978218
GTEX-VJYA-1126-SM-3GIJU,GTEX-VJYA,Skin - Sun Exposed (Lower leg),257.0,201.83994764978218
GTEX-VJYA-1726-SM-3NMDQ,GTEX-VJYA,Nerve - Tibial,270.0,201.83994764978218
GTEX-VJYA-1926-SM-3GIJJ,GTEX-VJYA,Muscle - Skeletal,275.0,201.83994764978218
GTEX-VUSG-0926-SM-3GIK6,GTEX-VUSG,Lung,167.0,304.25718465600494
GTEX-VUSG-2526-SM-4KL1V,GTEX-VUSG,Skin - Sun Exposed (Lower leg),289.0,304.25718465600494
GTEX-VUSG-2626-SM-4KKZI,GTEX-VUSG,Muscle - Skeletal,293.0,304.25718465600494
GTEX-VUSG-2726-SM-4KKZJ,GTEX-VUSG,Nerve - Tibial,295.0,304.25718465600494
GTEX-W5WG-1826-SM-4KL2Y,GTEX-W5WG,Skin - Sun Exposed (Lower leg),266.0,331.3241407578364
GTEX-W5WG-1926-SM-4KKZK,GTEX-W5WG,Muscle - Skeletal,272.0,331.3241407578364
GTEX-W5WG-2326-SM-3GIJH,GTEX-W5WG,Nerve - Tibial,286.0,331.3241407578364
GTEX-W5X1-0526-SM-3GILH,GTEX-W5X1,Lung,215.0,405.1593584797406
GTEX-W5X1-2826-SM-3GILM,GTEX-W5X1,Nerve - Tibial,359.0,405.1593584797406
GTEX-W5X1-3026-SM-EAZAX,GTEX-W5X1,Skin - Sun Exposed (Lower leg),365.0,405.1593584797406
GTEX-WEY5-2026-SM-CYPRC,GTEX-WEY5,Muscle - Skeletal,290.0,476.45290017224823
GTEX-WEY5-2226-SM-3GILQ,GTEX-WEY5,Nerve - Tibial,294.0,476.45290017224823
GTEX-WFG7-0526-SM-3GIKI,GTEX-WFG7,Lung,114.0,183.35035424944425
GTEX-WFG7-2226-SM-3GIKP,GTEX-WFG7,Muscle - Skeletal,238.0,183.35035424944425
GTEX-WFG7-2426-SM-3GIL2,GTEX-WFG7,Nerve - Tibial,246.0,183.35035424944425
GTEX-WFG8-0926-SM-3GIKJ,GTEX-WFG8,Lung,221.0,240.4784879487588
GTEX-WFG8-2226-SM-3GIL9,GTEX-WFG8,Skin - Sun Exposed (Lower leg),333.0,240.4784879487588
GTEX-WFG8-2426-SM-3GILL,GTEX-WFG8,Muscle - Skeletal,320.0,240.4784879487588
GTEX-WFG8-2526-SM-3GILR,GTEX-WFG8,Nerve - Tibial,328.0,240.4784879487588
GTEX-WFJO-0326-SM-3GIL3,GTEX-WFJO,Lung,197.0,141.8163357627423
GTEX-WFON-0426-SM-3GIL4,GTEX-WFON,Lung,200.0,286.9707893623127
GTEX-WFON-2126-SM-3LK7O,GTEX-WFON,Skin - Sun Exposed (Lower leg),219.0,286.9707893623127
GTEX-WFON-2326-SM-3LK7M,GTEX-WFON,Muscle - Skeletal,220.0,286.9707893623127
GTEX-WH7G-0726-SM-3NMBM,GTEX-WH7G,Lung,278.0,297.4124393838657
GTEX-WH7G-2326-SM-3NMBC,GTEX-WH7G,Skin - Sun Exposed (Lower leg),376.0,297.4124393838657
GTEX-WH7G-2626-SM-3NMBE,GTEX-WH7G,Nerve - Tibial,394.0,297.4124393838657
GTEX-WHPG-1426-SM-3NMBB,GTEX-WHPG,Lung,265.0,291.84404807949113
GTEX-WHPG-2226-SM-3NMBO,GTEX-WHPG,Muscle - Skeletal,305.0,291.84404807949113
GTEX-WHSB-0326-SM-5FQSD,GTEX-WHSB,Lung,225.0,191.07850406202618
GTEX-WHSB-1826-SM-3TW8M,GTEX-WHSB,Muscle - Skeletal,299.0,191.07850406202618
GTEX-WHSB-2026-SM-3LK6H,GTEX-WHSB,Nerve - Tibial,318.0,191.07850406202618
GTEX-WHSE-0526-SM-5GZZD,GTEX-WHSE,Muscle - Skeletal,489.0,737.3677251585738
GTEX-WHSE-1026-SM-57WAX,GTEX-WHSE,Nerve - Tibial,556.0,737.3677251585738
GTEX-WHWD-2326-SM-3LK6Q,GTEX-WHWD,Nerve - Tibial,347.0,621.9952277765906
GTEX-WI4N-1026-SM-3LK7N,GTEX-WI4N,Skin - Sun Exposed (Lower leg),688.0,604.1168679118073
GTEX-WK11-0526-SM-3NB3O,GTEX-WK11,Lung,913.0,841.5947497877826
GTEX-WK11-2526-SM-3NM9Y,GTEX-WK11,Muscle - Skeletal,982.0,841.5947497877826
GTEX-WL46-0426-SM-3TW8J,GTEX-WL46,Nerve - Tibial,955.0,711.6257533470018
GTEX-WL46-0626-SM-3LK7R,GTEX-WL46,Muscle - Skeletal,961.0,711.6257533470018
GTEX-WOFL-0126-SM-3MJG2,GTEX-WOFL,Skin - Sun Exposed (Lower leg),576.0,645.3320255976066
GTEX-WOFL-0626-SM-3MJG3,GTEX-WOFL,Muscle - Skeletal,614.0,645.3320255976066
GTEX-WOFM-0126-SM-3MJFE,GTEX-WOFM,Lung,157.0,211.28296844721672
GTEX-WOFM-1326-SM-3MJFR,GTEX-WOFM,Muscle - Skeletal,224.0,211.28296844721672
GTEX-WOFM-1626-SM-3MJFX,GTEX-WOFM,Nerve - Tibial,238.0,211.28296844721672
GTEX-WQUQ-0426-SM-3MJFU,GTEX-WQUQ,Skin - Sun Exposed (Lower leg),404.0,488.02956122215886
GTEX-WRHK-1426-SM-3MJF9,GTEX-WRHK,Skin - Sun Exposed (Lower leg),299.0,260.16913013896357
GTEX-WRHK-1626-SM-3MJFH,GTEX-WRHK,Muscle - Skeletal,303.0,260.16913013896357
GTEX-WRHU-0226-SM-3MJFV,GTEX-WRHU,Lung,481.0,584.9256999106852
GTEX-WRHU-0626-SM-3MJFI,GTEX-WRHU,Nerve - Tibial,497.0,584.9256999106852
GTEX-WRHU-0826-SM-3MJFN,GTEX-WRHU,Muscle - Skeletal,505.0,584.9256999106852
GTEX-WVJS-0126-SM-4MVOT,GTEX-WVJS,Skin - Sun Exposed (Lower leg),726.0,633.7633920128404
GTEX-WVJS-0826-SM-4MVNR,GTEX-WVJS,Lung,772.0,633.7633920128404
GTEX-WVLH-0526-SM-EYYWC,GTEX-WVLH,Nerve - Tibial,819.0,790.0588880149595
GTEX-WWTW-0626-SM-4MVNS,GTEX-WWTW,Muscle - Skeletal,704.0,578.5206924798277
GTEX-WWYW-0526-SM-3NB2W,GTEX-WWYW,Muscle - Skeletal,753.0,644.4704723723273
GTEX-WWYW-0926-SM-3NB2Z,GTEX-WWYW,Lung,813.0,644.4704723723273
GTEX-WXYG-2326-SM-4E3I6,GTEX-WXYG,Skin - Sun Exposed (Lower leg),213.0,287.2466600141641
GTEX-WXYG-2526-SM-3NB3F,GTEX-WXYG,Muscle - Skeletal,223.0,287.2466600141641
GTEX-WXYG-2626-SM-EVYAI,GTEX-WXYG,Nerve - Tibial,226.0,287.2466600141641
GTEX-WY7C-0426-SM-3NB3C,GTEX-WY7C,Lung,173.0,262.768024259473
GTEX-WY7C-2326-SM-3NB2U,GTEX-WY7C,Skin - Sun Exposed (Lower leg),235.0,262.768024259473
GTEX-WY7C-2526-SM-3NB2N,GTEX-WY7C,Muscle - Skeletal,237.0,262.768024259473
GTEX-WY7C-2626-SM-3NB2P,GTEX-WY7C,Nerve - Tibial,248.0,262.768024259473
GTEX-WYBS-0326-SM-3NM8S,GTEX-WYBS,Nerve - Tibial,860.0,655.4591700311457
GTEX-WYBS-1126-SM-3NMAM,GTEX-WYBS,Lung,894.0,655.4591700311457
GTEX-WYJK-0126-SM-3NMAB,GTEX-WYJK,Skin - Sun Exposed (Lower leg),704.0,403.1047994495879
GTEX-WYJK-0326-SM-3NMA8,GTEX-WYJK,Nerve - Tibial,708.0,403.1047994495879
GTEX-WYJK-0826-SM-3NM8Y,GTEX-WYJK,Lung,757.0,403.1047994495879
GTEX-WYJK-1726-SM-3NM9U,GTEX-WYJK,Muscle - Skeletal,792.0,403.1047994495879
GTEX-WYVS-0526-SM-3NM9W,GTEX-WYVS,Lung,239.0,383.2496857875815
GTEX-WYVS-2126-SM-3NMA3,GTEX-WYVS,Skin - Sun Exposed (Lower leg),311.0,383.2496857875815
GTEX-WYVS-2326-SM-3NMAI,GTEX-WYVS,Muscle - Skeletal,315.0,383.2496857875815
GTEX-WYVS-2426-SM-3NMA9,GTEX-WYVS,Nerve - Tibial,325.0,383.2496857875815
GTEX-WZTO-0126-SM-3NM95,GTEX-WZTO,Skin - Sun Exposed (Lower leg),478.0,680.9681067320196
GTEX-WZTO-0426-SM-3NM99,GTEX-WZTO,Lung,492.0,680.9681067320196
GTEX-WZTO-0826-SM-3NM8Q,GTEX-WZTO,Muscle - Skeletal,508.0,680.9681067320196
GTEX-WZTO-1026-SM-3NM9P,GTEX-WZTO,Nerve - Tibial,511.0,680.9681067320196
GTEX-X15G-0626-SM-EVR32,GTEX-X15G,Lung,230.0,340.37027562340177
GTEX-X15G-2526-SM-4PQZT,GTEX-X15G,Nerve - Tibial,367.0,340.37027562340177
GTEX-X261-0126-SM-3NMD6,GTEX-X261,Skin - Sun Exposed (Lower leg),741.0,876.3349217327952
GTEX-X261-0326-SM-3NMD4,GTEX-X261,Muscle - Skeletal,754.0,876.3349217327952
GTEX-X261-1026-SM-3NMDL,GTEX-X261,Lung,841.0,876.3349217327952
GTEX-X3Y1-0626-SM-3P5YS,GTEX-X3Y1,Lung,185.0,284.57817531481106
GTEX-X3Y1-2426-SM-3P5Z7,GTEX-X3Y1,Nerve - Tibial,196.0,284.57817531481106
GTEX-X4EO-0126-SM-3P5YN,GTEX-X4EO,Nerve - Tibial,776.0,776.5823285943244
GTEX-X4EO-0326-SM-3P5YO,GTEX-X4EO,Skin - Sun Exposed (Lower leg),779.0,776.5823285943244
GTEX-X4EO-0526-SM-3P5Z3,GTEX-X4EO,Muscle - Skeletal,784.0,776.5823285943244
GTEX-X4EO-0926-SM-3P5Z2,GTEX-X4EO,Lung,799.0,776.5823285943244
GTEX-X4EP-0126-SM-3P5YV,GTEX-X4EP,Skin - Sun Exposed (Lower leg),1104.0,761.679872587262
GTEX-X4EP-0526-SM-3P5YW,GTEX-X4EP,Lung,1127.0,761.679872587262
GTEX-X4EP-0726-SM-3P5YJ,GTEX-X4EP,Nerve - Tibial,1131.0,761.679872587262
GTEX-X4LF-0526-SM-3NMB6,GTEX-X4LF,Lung,100.0,167.9255502229136
GTEX-X4XX-0126-SM-3NMC2,GTEX-X4XX,Skin - Sun Exposed (Lower leg),287.0,805.3910058095273
GTEX-X4XX-0626-SM-3NMC1,GTEX-X4XX,Muscle - Skeletal,302.0,805.3910058095273
GTEX-X4XX-1026-SM-4QARO,GTEX-X4XX,Lung,321.0,805.3910058095273
GTEX-X4XY-0226-SM-4E3IZ,GTEX-X4XY,Skin - Sun Exposed (Lower leg),609.0,460.9207819298835
GTEX-X4XY-0626-SM-4E3IN,GTEX-X4XY,Muscle - Skeletal,618.0,460.9207819298835
GTEX-X4XY-1026-SM-46MVX,GTEX-X4XY,Lung,639.0,460.9207819298835
GTEX-X585-0226-SM-4QAS2,GTEX-X585,Skin - Sun Exposed (Lower leg),780.0,848.9211464484815
GTEX-X585-0426-SM-4E3JZ,GTEX-X585,Nerve - Tibial,787.0,848.9211464484815
GTEX-X585-1026-SM-46MW6,GTEX-X585,Lung,818.0,848.9211464484815
GTEX-X5EB-0426-SM-46MVY,GTEX-X5EB,Lung,202.0,223.84445289202193
GTEX-X5EB-2226-SM-46MW4,GTEX-X5EB,Skin - Sun Exposed (Lower leg),274.0,223.84445289202193
GTEX-X5EB-2326-SM-46MW5,GTEX-X5EB,Muscle - Skeletal,279.0,223.84445289202193
GTEX-X5EB-2526-SM-4E3HY,GTEX-X5EB,Nerve - Tibial,284.0,223.84445289202193
GTEX-X62O-0126-SM-4E3JN,GTEX-X62O,Skin - Sun Exposed (Lower leg),851.0,622.8412289600686
GTEX-X638-0126-SM-47JZ8,GTEX-X638,Skin - Sun Exposed (Lower leg),42.0,195.84867867617953
GTEX-X638-0326-SM-47JY1,GTEX-X638,Muscle - Skeletal,53.0,195.84867867617953
GTEX-X638-0426-SM-47JY2,GTEX-X638,Nerve - Tibial,57.0,195.84867867617953
GTEX-X88G-0126-SM-47JZ3,GTEX-X88G,Skin - Sun Exposed (Lower leg),130.0,194.76771808990696
GTEX-X88G-0326-SM-47JZ4,GTEX-X88G,Muscle - Skeletal,138.0,194.76771808990696
GTEX-X8HC-0126-SM-4E3JW,GTEX-X8HC,Skin - Sun Exposed (Lower leg),749.0,590.5094415822383
GTEX-X8HC-0526-SM-4E3JA,GTEX-X8HC,Muscle - Skeletal,764.0,590.5094415822383
GTEX-XAJ8-0826-SM-47JY6,GTEX-XAJ8,Skin - Sun Exposed (Lower leg),168.0,194.25008281102293
GTEX-XAJ8-1026-SM-47JY9,GTEX-XAJ8,Muscle - Skeletal,182.0,194.25008281102293
GTEX-XAJ8-1126-SM-47JYA,GTEX-XAJ8,Nerve - Tibial,184.0,194.25008281102293
GTEX-XBEC-0426-SM-4QART,GTEX-XBEC,Nerve - Tibial,471.0,787.9349216962363
GTEX-XBEC-0626-SM-4QARY,GTEX-XBEC,Muscle - Skeletal,477.0,787.9349216962363
GTEX-XBEC-1026-SM-4QASM,GTEX-XBEC,Lung,525.0,787.9349216962363
GTEX-XBED-0826-SM-47JYC,GTEX-XBED,Lung,112.0,235.6451468322768
GTEX-XBED-2226-SM-47JYQ,GTEX-XBED,Skin - Sun Exposed (Lower leg),211.0,235.6451468322768
GTEX-XBED-2526-SM-47JYD,GTEX-XBED,Nerve - Tibial,219.0,235.6451468322768
GTEX-XBED-2626-SM-4E3J5,GTEX-XBED,Muscle - Skeletal,222.0,235.6451468322768
GTEX-XBEW-0226-SM-4AT6A,GTEX-XBEW,Lung,429.0,496.11154081534875
GTEX-XBEW-0626-SM-4QASP,GTEX-XBEW,Skin - Sun Exposed (Lower leg),439.0,496.11154081534875
GTEX-XBEW-0926-SM-4QASR,GTEX-XBEW,Nerve - Tibial,445.0,496.11154081534875
GTEX-XBEW-1026-SM-4QARV,GTEX-XBEW,Muscle - Skeletal,447.0,496.11154081534875
GTEX-XGQ4-0826-SM-4AT4T,GTEX-XGQ4,Lung,157.0,236.10336416313248
GTEX-XGQ4-2326-SM-4AT53,GTEX-XGQ4,Muscle - Skeletal,199.0,236.10336416313248
GTEX-XGQ4-2526-SM-4AT57,GTEX-XGQ4,Nerve - Tibial,212.0,236.10336416313248
GTEX-XMD1-0526-SM-4AT4Z,GTEX-XMD1,Nerve - Tibial,924.0,779.8760573626943
GTEX-XMD1-0626-SM-EZ6MC,GTEX-XMD1,Muscle - Skeletal,926.0,779.8760573626943
GTEX-XMK1-2426-SM-4B66I,GTEX-XMK1,Nerve - Tibial,257.0,390.3368044561438
GTEX-XOT4-0326-SM-4B66S,GTEX-XOT4,Nerve - Tibial,658.0,825.0850783530603
GTEX-XOT4-0526-SM-4B66O,GTEX-XOT4,Muscle - Skeletal,665.0,825.0850783530603
GTEX-XOT4-1426-SM-4B65T,GTEX-XOT4,Lung,684.0,825.0850783530603
GTEX-XPT6-2026-SM-4B64V,GTEX-XPT6,Muscle - Skeletal,254.0,294.2197771773232
GTEX-XPT6-2126-SM-4B66P,GTEX-XPT6,Nerve - Tibial,260.0,294.2197771773232
GTEX-XPVG-1026-SM-4B64Y,GTEX-XPVG,Lung,115.0,251.02167400262135
GTEX-XPVG-2526-SM-4B66D,GTEX-XPVG,Muscle - Skeletal,217.0,251.02167400262135
GTEX-XPVG-2626-SM-4B669,GTEX-XPVG,Skin - Sun Exposed (Lower leg),221.0,251.02167400262135
GTEX-XPVG-2826-SM-4B66J,GTEX-XPVG,Nerve - Tibial,227.0,251.02167400262135
GTEX-XQ3S-0426-SM-4BOOA,GTEX-XQ3S,Muscle - Skeletal,852.0,650.3256422374203
GTEX-XQ3S-0926-SM-4BOPI,GTEX-XQ3S,Lung,869.0,650.3256422374203
GTEX-XQ3S-1526-SM-4BOOC,GTEX-XQ3S,Skin - Sun Exposed (Lower leg),894.0,650.3256422374203
GTEX-XQ8I-0426-SM-4BOPO,GTEX-XQ8I,Skin - Sun Exposed (Lower leg),412.0,275.5790162893181
GTEX-XQ8I-0626-SM-4BOPT,GTEX-XQ8I,Muscle - Skeletal,439.0,275.5790162893181
GTEX-XQ8I-0726-SM-4BOPU,GTEX-XQ8I,Nerve - Tibial,448.0,275.5790162893181
GTEX-XQ8I-1126-SM-4BOO2,GTEX-XQ8I,Lung,478.0,275.5790162893181
GTEX-XUW1-0426-SM-4BOOT,GTEX-XUW1,Skin - Sun Exposed (Lower leg),337.0,334.66583786312503
GTEX-XUW1-0626-SM-4BOP4,GTEX-XUW1,Nerve - Tibial,365.0,334.66583786312503
GTEX-XUW1-0826-SM-4BOP6,GTEX-XUW1,Muscle - Skeletal,372.0,334.66583786312503
GTEX-XUYS-0126-SM-47JWZ,GTEX-XUYS,Skin - Sun Exposed (Lower leg),27.0,316.3283024859651
GTEX-XUYS-0326-SM-47JX2,GTEX-XUYS,Muscle - Skeletal,41.0,316.3283024859651
GTEX-XUZC-1726-SM-4BRWS,GTEX-XUZC,Skin - Sun Exposed (Lower leg),163.0,250.79481826577546
GTEX-XUZC-2126-SM-4BRW8,GTEX-XUZC,Muscle - Skeletal,170.0,250.79481826577546
GTEX-XV7Q-0426-SM-4BRVN,GTEX-XV7Q,Lung,62.0,309.8146463042452
GTEX-XV7Q-2526-SM-4BRV9,GTEX-XV7Q,Skin - Sun Exposed (Lower leg),146.0,309.8146463042452
GTEX-XV7Q-2726-SM-9WG6W,GTEX-XV7Q,Nerve - Tibial,151.0,309.8146463042452
GTEX-XV7Q-2926-SM-4BRUL,GTEX-XV7Q,Muscle - Skeletal,155.0,309.8146463042452
GTEX-XXEK-0626-SM-4BRWE,GTEX-XXEK,Lung,145.0,302.0017182403098
GTEX-XXEK-2226-SM-4BRUM,GTEX-XXEK,Skin - Sun Exposed (Lower leg),215.0,302.0017182403098
GTEX-XXEK-2526-SM-4BRUR,GTEX-XXEK,Nerve - Tibial,235.0,302.0017182403098
GTEX-XYKS-0526-SM-4BRW2,GTEX-XYKS,Lung,174.0,301.6194413454493
GTEX-XYKS-2126-SM-4E3IB,GTEX-XYKS,Skin - Sun Exposed (Lower leg),218.0,301.6194413454493
GTEX-XYKS-2426-SM-4AT43,GTEX-XYKS,Muscle - Skeletal,222.0,301.6194413454493
GTEX-XYKS-2526-SM-4BOPX,GTEX-XYKS,Nerve - Tibial,233.0,301.6194413454493
GTEX-Y114-2426-SM-4TT8A,GTEX-Y114,Skin - Sun Exposed (Lower leg),228.0,274.26363893014496
GTEX-Y114-2526-SM-4TT8M,GTEX-Y114,Muscle - Skeletal,235.0,274.26363893014496
GTEX-Y114-2626-SM-4TT8Y,GTEX-Y114,Nerve - Tibial,237.0,274.26363893014496
GTEX-Y3I4-0426-SM-4TT29,GTEX-Y3I4,Lung,113.0,245.76740854575434
GTEX-Y3I4-2126-SM-4TT7C,GTEX-Y3I4,Skin - Sun Exposed (Lower leg),179.0,245.76740854575434
GTEX-Y3I4-2326-SM-4TT81,GTEX-Y3I4,Muscle - Skeletal,183.0,245.76740854575434
GTEX-Y3I4-2426-SM-6LLJK,GTEX-Y3I4,Nerve - Tibial,185.0,245.76740854575434
GTEX-Y3IK-0626-SM-4WWE4,GTEX-Y3IK,Lung,88.0,251.57769610683897
GTEX-Y3IK-2426-SM-4WWDU,GTEX-Y3IK,Skin - Sun Exposed (Lower leg),174.0,251.57769610683897
GTEX-Y3IK-2626-SM-4WWDK,GTEX-Y3IK,Muscle - Skeletal,183.0,251.57769610683897
GTEX-Y3IK-2726-SM-4WWDV,GTEX-Y3IK,Nerve - Tibial,180.0,251.57769610683897
GTEX-Y5LM-0726-SM-4VBRP,GTEX-Y5LM,Lung,99.0,258.7688301168115
GTEX-Y5LM-1926-SM-5RQJH,GTEX-Y5LM,Skin - Sun Exposed (Lower leg),187.0,258.7688301168115
GTEX-Y5LM-2126-SM-4VDSY,GTEX-Y5LM,Muscle - Skeletal,191.0,258.7688301168115
GTEX-Y5LM-2226-SM-4VDT1,GTEX-Y5LM,Nerve - Tibial,197.0,258.7688301168115
GTEX-Y5V5-0826-SM-4VBQD,GTEX-Y5V5,Lung,179.0,327.70843071621164
GTEX-Y5V5-2326-SM-4V6GA,GTEX-Y5V5,Skin - Sun Exposed (Lower leg),266.0,327.70843071621164
GTEX-Y5V5-2526-SM-4VBQ4,GTEX-Y5V5,Muscle - Skeletal,272.0,327.70843071621164
GTEX-Y5V5-2626-SM-5IFJM,GTEX-Y5V5,Nerve - Tibial,273.0,327.70843071621164
GTEX-Y5V6-0226-SM-4V6G7,GTEX-Y5V6,Lung,100.0,203.5188876429395
GTEX-Y5V6-2426-SM-4VDSB,GTEX-Y5V6,Skin - Sun Exposed (Lower leg),212.0,203.5188876429395
GTEX-Y5V6-2626-SM-5IFIX,GTEX-Y5V6,Muscle - Skeletal,218.0,203.5188876429395
GTEX-Y5V6-2726-SM-4VDSC,GTEX-Y5V6,Nerve - Tibial,221.0,203.5188876429395
GTEX-Y8DK-0126-SM-4TT3L,GTEX-Y8DK,Skin - Sun Exposed (Lower leg),1100.0,670.7954265867053
GTEX-Y8DK-0326-SM-4TT3P,GTEX-Y8DK,Muscle - Skeletal,1105.0,670.7954265867053
GTEX-Y8DK-0426-SM-4TT3Q,GTEX-Y8DK,Nerve - Tibial,1110.0,670.7954265867053
GTEX-Y8E4-0526-SM-4V6GC,GTEX-Y8E4,Lung,373.0,433.7591672306383
GTEX-Y8E4-0626-SM-4WWDL,GTEX-Y8E4,Skin - Sun Exposed (Lower leg),376.0,433.7591672306383
GTEX-Y8E4-0826-SM-4VBRS,GTEX-Y8E4,Nerve - Tibial,381.0,433.7591672306383
GTEX-Y8E4-1026-SM-4VBQ5,GTEX-Y8E4,Muscle - Skeletal,384.0,433.7591672306383
GTEX-Y8E5-0326-SM-57WBM,GTEX-Y8E5,Muscle - Skeletal,90.0,299.1543730862877
GTEX-Y8E5-0526-SM-57WBY,GTEX-Y8E5,Nerve - Tibial,86.0,299.1543730862877
GTEX-Y8LW-0326-SM-4VBQ9,GTEX-Y8LW,Lung,215.0,290.2820531693313
GTEX-Y8LW-1826-SM-5S2MV,GTEX-Y8LW,Skin - Sun Exposed (Lower leg),341.0,290.2820531693313
GTEX-Y8LW-2026-SM-4V6G8,GTEX-Y8LW,Muscle - Skeletal,346.0,290.2820531693313
GTEX-Y8LW-2126-SM-4VBRX,GTEX-Y8LW,Nerve - Tibial,348.0,290.2820531693313
GTEX-Y9LG-0526-SM-4VBRY,GTEX-Y9LG,Lung,86.0,233.75145373570547
GTEX-Y9LG-1926-SM-5IFHY,GTEX-Y9LG,Muscle - Skeletal,153.0,233.75145373570547
GTEX-Y9LG-2226-SM-4VDS9,GTEX-Y9LG,Nerve - Tibial,166.0,233.75145373570547
GTEX-YB5E-0726-SM-4VDSH,GTEX-YB5E,Lung,179.0,241.10895688043553
GTEX-YB5E-2026-SM-5IFIS,GTEX-YB5E,Skin - Sun Exposed (Lower leg),261.0,241.10895688043553
GTEX-YB5E-2226-SM-5IFJ5,GTEX-YB5E,Muscle - Skeletal,268.0,241.10895688043553
GTEX-YB5E-2326-SM-5IFIJ,GTEX-YB5E,Nerve - Tibial,274.0,241.10895688043553
GTEX-YB5K-2126-SM-4WWDJ,GTEX-YB5K,Skin - Sun Exposed (Lower leg),284.0,332.16281790617126
GTEX-YB5K-2326-SM-5IFHD,GTEX-YB5K,Muscle - Skeletal,291.0,332.16281790617126
GTEX-YB5K-2426-SM-5IFHP,GTEX-YB5K,Nerve - Tibial,293.0,332.16281790617126
GTEX-YBZK-0326-SM-59HLN,GTEX-YBZK,Muscle - Skeletal,50.0,190.8956641136321
GTEX-YBZK-0426-SM-59HLM,GTEX-YBZK,Nerve - Tibial,60.0,190.8956641136321
GTEX-YEC3-0226-SM-DO11B,GTEX-YEC3,Lung,224.0,207.80610359109755
GTEX-YEC3-2126-SM-4YCDB,GTEX-YEC3,Muscle - Skeletal,294.0,207.80610359109755
GTEX-YEC4-0526-SM-4W21U,GTEX-YEC4,Lung,185.0,272.0849110004608
GTEX-YEC4-2126-SM-5IFJH,GTEX-YEC4,Skin - Sun Exposed (Lower leg),253.0,272.0849110004608
GTEX-YEC4-2226-SM-5IFJT,GTEX-YEC4,Muscle - Skeletal,260.0,272.0849110004608
GTEX-YEC4-2526-SM-4W1Z2,GTEX-YEC4,Nerve - Tibial,267.0,272.0849110004608
GTEX-YECK-0426-SM-4W1Z5,GTEX-YECK,Nerve - Tibial,563.0,772.5473213657372
GTEX-YECK-0626-SM-4W1ZE,GTEX-YECK,Muscle - Skeletal,568.0,772.5473213657372
GTEX-YECK-0926-SM-4W214,GTEX-YECK,Lung,581.0,772.5473213657372
GTEX-YF7O-0626-SM-4W21R,GTEX-YF7O,Lung,112.0,220.6202025745048
GTEX-YF7O-2526-SM-5IFJX,GTEX-YF7O,Muscle - Skeletal,226.0,220.6202025745048
GTEX-YF7O-2626-SM-5IFHK,GTEX-YF7O,Nerve - Tibial,232.0,220.6202025745048
GTEX-YFC4-0126-SM-5CVLY,GTEX-YFC4,Skin - Sun Exposed (Lower leg),688.0,812.3612974963944
GTEX-YFC4-0826-SM-5CVM1,GTEX-YFC4,Nerve - Tibial,750.0,812.3612974963944
GTEX-YFC4-1026-SM-5RQJM,GTEX-YFC4,Muscle - Skeletal,760.0,812.3612974963944
GTEX-YFC4-1126-SM-5RQJN,GTEX-YFC4,Lung,763.0,812.3612974963944
GTEX-YFCO-0426-SM-4W1Z7,GTEX-YFCO,Lung,110.0,148.43437677659114
GTEX-YFCO-1926-SM-4W212,GTEX-YFCO,Muscle - Skeletal,204.0,148.43437677659114
GTEX-YJ89-0126-SM-4TT3X,GTEX-YJ89,Skin - Sun Exposed (Lower leg),1135.0,975.3174422774064
GTEX-YJ8A-0426-SM-5IFID,GTEX-YJ8A,Skin - Sun Exposed (Lower leg),211.0,489.6102950124052
GTEX-YJ8A-0726-SM-5Q5A6,GTEX-YJ8A,Nerve - Tibial,225.0,489.6102950124052
GTEX-YJ8O-1826-SM-5HL82,GTEX-YJ8O,Lung,752.0,899.6922893479624
GTEX-YJ8O-2626-SM-5HL8H,GTEX-YJ8O,Nerve - Tibial,830.0,899.6922893479624
GTEX-YJ8O-2826-SM-5CVM4,GTEX-YJ8O,Muscle - Skeletal,835.0,899.6922893479624
GTEX-Z93S-0126-SM-5HL7M,GTEX-Z93S,Skin - Sun Exposed (Lower leg),1038.0,807.3636751076629
GTEX-Z93S-0826-SM-5HL7Y,GTEX-Z93S,Nerve - Tibial,1060.0,807.3636751076629
GTEX-Z93S-1326-SM-5CVMR,GTEX-Z93S,Muscle - Skeletal,1070.0,807.3636751076629
GTEX-Z93T-0126-SM-5HL5N,GTEX-Z93T,Skin - Sun Exposed (Lower leg),17.0,447.32033721453615
GTEX-Z9EW-1626-SM-5CVMN,GTEX-Z9EW,Skin - Sun Exposed (Lower leg),239.0,321.5075635417069
GTEX-Z9EW-1726-SM-5CVMO,GTEX-Z9EW,Muscle - Skeletal,244.0,321.5075635417069
GTEX-Z9EW-2026-SM-5CVMQ,GTEX-Z9EW,Nerve - Tibial,252.0,321.5075635417069
GTEX-ZA64-0326-SM-5HL8T,GTEX-ZA64,Lung,105.0,216.46417944013007
GTEX-ZA64-2026-SM-5PNXT,GTEX-ZA64,Muscle - Skeletal,198.0,216.46417944013007
GTEX-ZA64-2126-SM-5Q5A8,GTEX-ZA64,Nerve - Tibial,207.0,216.46417944013007
GTEX-ZAB4-0226-SM-5N9F5,GTEX-ZAB4,Skin - Sun Exposed (Lower leg),465.0,762.934013291206
GTEX-ZAB4-0426-SM-5HL7N,GTEX-ZAB4,Muscle - Skeletal,489.0,762.934013291206
GTEX-ZAB4-0626-SM-5CVN3,GTEX-ZAB4,Lung,497.0,762.934013291206
GTEX-ZAB4-1826-SM-5HL8O,GTEX-ZAB4,Nerve - Tibial,526.0,762.934013291206
GTEX-ZAB5-0626-SM-5PNVB,GTEX-ZAB5,Lung,181.0,297.7423672411331
GTEX-ZAB5-1826-SM-5HL7C,GTEX-ZAB5,Skin - Sun Exposed (Lower leg),223.0,297.7423672411331
GTEX-ZAB5-2126-SM-5K7UN,GTEX-ZAB5,Muscle - Skeletal,236.0,297.7423672411331
GTEX-ZAJG-0126-SM-5HL94,GTEX-ZAJG,Skin - Sun Exposed (Lower leg),724.0,778.284678465733
GTEX-ZAJG-0526-SM-5S2MT,GTEX-ZAJG,Muscle - Skeletal,731.0,778.284678465733
GTEX-ZAK1-0126-SM-5IJD3,GTEX-ZAK1,Skin - Sun Exposed (Lower leg),710.0,809.2312856872983
GTEX-ZAK1-0526-SM-5K7X4,GTEX-ZAK1,Muscle - Skeletal,735.0,809.2312856872983
GTEX-ZAKK-0326-SM-5EGHA,GTEX-ZAKK,Muscle - Skeletal,35.0,166.41339953241715
GTEX-ZAKK-0526-SM-5EGHC,GTEX-ZAKK,Nerve - Tibial,45.0,166.41339953241715
GTEX-ZC5H-0226-SM-4WAY9,GTEX-ZC5H,Skin - Sun Exposed (Lower leg),212.0,242.8477184940774
GTEX-ZC5H-0326-SM-5HL9F,GTEX-ZC5H,Muscle - Skeletal,213.0,242.8477184940774
GTEX-ZC5H-0526-SM-5HL9E,GTEX-ZC5H,Nerve - Tibial,217.0,242.8477184940774
GTEX-ZC5H-0926-SM-5CVMZ,GTEX-ZC5H,Lung,254.0,242.8477184940774
GTEX-ZDTS-0126-SM-4WAY5,GTEX-ZDTS,Skin - Sun Exposed (Lower leg),628.0,775.2539175034343
GTEX-ZDTS-0326-SM-5HL83,GTEX-ZDTS,Nerve - Tibial,633.0,775.2539175034343
GTEX-ZDTS-0526-SM-4WKH9,GTEX-ZDTS,Muscle - Skeletal,638.0,775.2539175034343
GTEX-ZDTS-1026-SM-4WAXS,GTEX-ZDTS,Lung,659.0,775.2539175034343
GTEX-ZDTT-0926-SM-5J2MS,GTEX-ZDTT,Lung,106.0,182.93925749635002
GTEX-ZDTT-2726-SM-4WKF8,GTEX-ZDTT,Skin - Sun Exposed (Lower leg),183.0,182.93925749635002
GTEX-ZDXO-0326-SM-4WKHJ,GTEX-ZDXO,Muscle - Skeletal,1078.0,720.9672933284213
GTEX-ZDXO-1326-SM-57WBS,GTEX-ZDXO,Lung,1132.0,720.9672933284213
GTEX-ZDXO-1926-SM-5E45Q,GTEX-ZDXO,Nerve - Tibial,1079.0,720.9672933284213
GTEX-ZDXO-3026-SM-5J1N5,GTEX-ZDXO,Skin - Sun Exposed (Lower leg),1073.0,720.9672933284213
GTEX-ZDYS-0426-SM-5IJEQ,GTEX-ZDYS,Lung,156.0,160.60214206390418
GTEX-ZDYS-1526-SM-4WKFY,GTEX-ZDYS,Nerve - Tibial,186.0,160.60214206390418
GTEX-ZDYS-1726-SM-5HL4Y,GTEX-ZDYS,Muscle - Skeletal,197.0,160.60214206390418
GTEX-ZDYS-2026-SM-5HL5L,GTEX-ZDYS,Skin - Sun Exposed (Lower leg),205.0,160.60214206390418
GTEX-ZE7O-0126-SM-57WC1,GTEX-ZE7O,Skin - Sun Exposed (Lower leg),1065.0,840.1917992719806
GTEX-ZE7O-0326-SM-51MTH,GTEX-ZE7O,Muscle - Skeletal,1074.0,840.1917992719806
GTEX-ZE7O-0826-SM-57WCP,GTEX-ZE7O,Lung,1169.0,840.1917992719806
GTEX-ZE9C-2326-SM-5J1NT,GTEX-ZE9C,Muscle - Skeletal,675.0,915.2833474998909
GTEX-ZE9C-2726-SM-57WB5,GTEX-ZE9C,Skin - Sun Exposed (Lower leg),682.0,915.2833474998909
GTEX-ZEX8-0526-SM-DO115,GTEX-ZEX8,Lung,76.0,363.7400583021225
GTEX-ZEX8-2426-SM-4WKG4,GTEX-ZEX8,Skin - Sun Exposed (Lower leg),195.0,363.7400583021225
GTEX-ZEX8-2526-SM-DO92M,GTEX-ZEX8,Muscle - Skeletal,198.0,363.7400583021225
GTEX-ZF28-0126-SM-4WKGK,GTEX-ZF28,Skin - Sun Exposed (Lower leg),463.0,901.7439482590736
GTEX-ZF28-0526-SM-4WKGW,GTEX-ZF28,Muscle - Skeletal,486.0,901.7439482590736
GTEX-ZF28-0726-SM-4WKFU,GTEX-ZF28,Lung,521.0,901.7439482590736
GTEX-ZF29-1026-SM-4WKGC,GTEX-ZF29,Lung,117.0,186.5458562858655
GTEX-ZF29-2326-SM-DO92K,GTEX-ZF29,Skin - Sun Exposed (Lower leg),179.0,186.5458562858655
GTEX-ZF29-2426-SM-DO92G,GTEX-ZF29,Muscle - Skeletal,181.0,186.5458562858655
GTEX-ZF29-2626-SM-4WWBA,GTEX-ZF29,Nerve - Tibial,191.0,186.5458562858655
GTEX-ZF2S-0626-SM-4WKH2,GTEX-ZF2S,Lung,116.0,172.51954079280029
GTEX-ZF2S-2126-SM-4WWAY,GTEX-ZF2S,Muscle - Skeletal,178.0,172.51954079280029
GTEX-ZF2S-2326-SM-4WWCE,GTEX-ZF2S,Skin - Sun Exposed (Lower leg),184.0,172.51954079280029
GTEX-ZF2S-2526-SM-5CVNT,GTEX-ZF2S,Nerve - Tibial,188.0,172.51954079280029
GTEX-ZF3C-0126-SM-DO92D,GTEX-ZF3C,Skin - Sun Exposed (Lower leg),452.0,472.67396406016667
GTEX-ZF3C-0326-SM-4WWBF,GTEX-ZF3C,Muscle - Skeletal,477.0,472.67396406016667
GTEX-ZF3C-0926-SM-DO92P,GTEX-ZF3C,Lung,556.0,472.67396406016667
GTEX-ZG7Y-1026-SM-4WWDG,GTEX-ZG7Y,Lung,215.0,132.2142079763122
GTEX-ZGAY-0526-SM-4WWBB,GTEX-ZGAY,Skin - Sun Exposed (Lower leg),229.0,241.1449158556428
GTEX-ZGAY-0726-SM-DO91O,GTEX-ZGAY,Muscle - Skeletal,234.0,241.1449158556428
GTEX-ZGAY-0826-SM-4WWEP,GTEX-ZGAY,Nerve - Tibial,235.0,241.1449158556428
GTEX-ZLFU-2526-SM-DO91K,GTEX-ZLFU,Muscle - Skeletal,213.0,398.3428034623328
GTEX-ZLWG-0626-SM-4WWFR,GTEX-ZLWG,Lung,95.0,128.50141671010147
GTEX-ZLWG-2126-SM-DO91M,GTEX-ZLWG,Muscle - Skeletal,172.0,128.50141671010147
GTEX-ZLWG-2526-SM-57WDS,GTEX-ZLWG,Nerve - Tibial,185.0,128.50141671010147
GTEX-ZP4G-2026-SM-57WEH,GTEX-ZP4G,Muscle - Skeletal,258.0,272.16544686766827
GTEX-ZP4G-2226-SM-57WFB,GTEX-ZP4G,Nerve - Tibial,266.0,272.16544686766827
GTEX-ZPCL-0926-SM-DNZZ8,GTEX-ZPCL,Lung,99.0,331.7638144828095
GTEX-ZPCL-2026-SM-57WFD,GTEX-ZPCL,Muscle - Skeletal,149.0,331.7638144828095
GTEX-ZPCL-2426-SM-57WFP,GTEX-ZPCL,Nerve - Tibial,164.0,331.7638144828095
GTEX-ZPIC-0626-SM-57WDY,GTEX-ZPIC,Lung,136.0,231.68979334663197
GTEX-ZPIC-1726-SM-DHXIU,GTEX-ZPIC,Skin - Sun Exposed (Lower leg),162.0,231.68979334663197
GTEX-ZPIC-2526-SM-57WDP,GTEX-ZPIC,Muscle - Skeletal,185.0,231.68979334663197
GTEX-ZPU1-0926-SM-57WDO,GTEX-ZPU1,Lung,105.0,159.7550855437848
GTEX-ZQG8-0326-SM-51MSE,GTEX-ZQG8,Lung,143.0,332.2412757563418
GTEX-ZQG8-1226-SM-51MRX,GTEX-ZQG8,Muscle - Skeletal,166.0,332.2412757563418
GTEX-ZQG8-1326-SM-51MQW,GTEX-ZQG8,Nerve - Tibial,173.0,332.2412757563418
GTEX-ZQG8-1626-SM-DHXIT,GTEX-ZQG8,Skin - Sun Exposed (Lower leg),180.0,332.2412757563418
GTEX-ZQUD-1226-SM-51MSP,GTEX-ZQUD,Nerve - Tibial,215.0,338.1381609487263
GTEX-ZQUD-1426-SM-57WER,GTEX-ZQUD,Skin - Sun Exposed (Lower leg),221.0,338.1381609487263
GTEX-ZQUD-1726-SM-7P8ON,GTEX-ZQUD,Muscle - Skeletal,227.0,338.1381609487263
GTEX-ZT9W-0726-SM-9JGG2,GTEX-ZT9W,Lung,99.0,182.93611195420914
GTEX-ZT9X-0326-SM-51MTE,GTEX-ZT9X,Lung,136.0,330.24555187320505
GTEX-ZT9X-1826-SM-57WDU,GTEX-ZT9X,Muscle - Skeletal,250.0,330.24555187320505
GTEX-ZT9X-2126-SM-57WEV,GTEX-ZT9X,Nerve - Tibial,253.0,330.24555187320505
GTEX-ZTPG-0126-SM-5O9AL,GTEX-ZTPG,Muscle - Skeletal,204.0,362.15784901171185
GTEX-ZTPG-0326-SM-5O9AX,GTEX-ZTPG,Skin - Sun Exposed (Lower leg),208.0,362.15784901171185
GTEX-ZTPG-0526-SM-5O98W,GTEX-ZTPG,Nerve - Tibial,218.0,362.15784901171185
GTEX-ZTPG-0926-SM-5O99H,GTEX-ZTPG,Lung,236.0,362.15784901171185
GTEX-ZTSS-1926-SM-57WEW,GTEX-ZTSS,Skin - Sun Exposed (Lower leg),244.0,321.6610700771832
GTEX-ZTTD-1126-SM-51MRP,GTEX-ZTTD,Lung,337.0,563.6250647376676
GTEX-ZTX8-1426-SM-5DUVO,GTEX-ZTX8,Skin - Sun Exposed (Lower leg),184.0,247.86129072407
GTEX-ZTX8-1626-SM-51MRY,GTEX-ZTX8,Muscle - Skeletal,187.0,247.86129072407
GTEX-ZTX8-1726-SM-51MSB,GTEX-ZTX8,Nerve - Tibial,189.0,247.86129072407
GTEX-ZU9S-0226-SM-5E441,GTEX-ZU9S,Skin - Sun Exposed (Lower leg),493.0,810.5704250433898
GTEX-ZUA1-0126-SM-5GU76,GTEX-ZUA1,Skin - Sun Exposed (Lower leg),865.0,779.4370937452261
GTEX-ZUA1-0326-SM-5NQA3,GTEX-ZUA1,Muscle - Skeletal,874.0,779.4370937452261
GTEX-ZUA1-1026-SM-4YCEA,GTEX-ZUA1,Lung,925.0,779.4370937452261
GTEX-ZV6S-2126-SM-4YCEM,GTEX-ZV6S,Muscle - Skeletal,429.0,335.3614703003184
GTEX-ZV6S-2326-SM-4YCEY,GTEX-ZV6S,Skin - Sun Exposed (Lower leg),433.0,335.3614703003184
GTEX-ZV7C-2426-SM-5NQ7Q,GTEX-ZV7C,Muscle - Skeletal,172.0,241.38159410881633
GTEX-ZVE1-0526-SM-5NQ71,GTEX-ZVE1,Muscle - Skeletal,1075.0,677.4035238934556
GTEX-ZVE2-0226-SM-59HJB,GTEX-ZVE2,Skin - Sun Exposed (Lower leg),521.0,444.03717628385783
GTEX-ZVE2-0426-SM-59HJ7,GTEX-ZVE2,Nerve - Tibial,580.0,444.03717628385783
GTEX-ZVE2-0626-SM-5GU7I,GTEX-ZVE2,Muscle - Skeletal,584.0,444.03717628385783
GTEX-ZVP2-2126-SM-5GU6E,GTEX-ZVP2,Muscle - Skeletal,177.0,239.81317504486032
GTEX-ZVT2-2426-SM-57WCQ,GTEX-ZVT2,Muscle - Skeletal,147.0,271.0040548382102
GTEX-ZVT2-2526-SM-51MT1,GTEX-ZVT2,Skin - Sun Exposed (Lower leg),149.0,271.0040548382102
GTEX-ZVT3-0126-SM-5GU6I,GTEX-ZVT3,Skin - Sun Exposed (Lower leg),572.0,842.9658489923689
GTEX-ZVT3-0326-SM-5GU6U,GTEX-ZVT3,Nerve - Tibial,579.0,842.9658489923689
GTEX-ZVT3-0526-SM-5GIE9,GTEX-ZVT3,Muscle - Skeletal,583.0,842.9658489923689
GTEX-ZVT3-0926-SM-5GICK,GTEX-ZVT3,Lung,611.0,842.9658489923689
GTEX-ZVT4-0126-SM-DTXFN,GTEX-ZVT4,Skin - Sun Exposed (Lower leg),602.0,805.6980761004066
GTEX-ZVT4-0326-SM-51MS5,GTEX-ZVT4,Muscle - Skeletal,607.0,805.6980761004066
GTEX-ZVTK-0426-SM-51MRS,GTEX-ZVTK,Skin - Sun Exposed (Lower leg),945.0,806.9615556058125
GTEX-ZVTK-0626-SM-5GU6Y,GTEX-ZVTK,Muscle - Skeletal,956.0,806.9615556058125
GTEX-ZVTK-0826-SM-5GZXI,GTEX-ZVTK,Nerve - Tibial,963.0,806.9615556058125
GTEX-ZVZO-0126-SM-5A5L9,GTEX-ZVZO,Skin - Sun Exposed (Lower leg),143.0,340.2788822687592
GTEX-ZVZO-0326-SM-5HL4N,GTEX-ZVZO,Muscle - Skeletal,147.0,340.2788822687592
GTEX-ZVZO-0526-SM-5A5LB,GTEX-ZVZO,Nerve - Tibial,153.0,340.2788822687592
GTEX-ZVZP-2426-SM-59HKJ,GTEX-ZVZP,Skin - Sun Exposed (Lower leg),158.0,246.4324234243005
GTEX-ZVZP-2526-SM-57WBR,GTEX-ZVZP,Muscle - Skeletal,162.0,246.4324234243005
GTEX-ZVZP-2626-SM-51MR4,GTEX-ZVZP,Nerve - Tibial,165.0,246.4324234243005
GTEX-ZVZQ-1526-SM-5N9G6,GTEX-ZVZQ,Lung,1145.0,1148.199897309897
GTEX-ZWKS-0126-SM-5SIAA,GTEX-ZWKS,Skin - Sun Exposed (Lower leg),954.0,725.02579218484
GTEX-ZWKS-0326-SM-5NQ7G,GTEX-ZWKS,Muscle - Skeletal,958.0,725.02579218484
GTEX-ZXES-1826-SM-5E43S,GTEX-ZXES,Skin - Sun Exposed (Lower leg),150.0,354.5533407433714
GTEX-ZXES-1926-SM-5E445,GTEX-ZXES,Nerve - Tibial,156.0,354.5533407433714
GTEX-ZXG5-0126-SM-5GIEU,GTEX-ZXG5,Skin - Sun Exposed (Lower leg),1058.0,782.2473596995775
GTEX-ZXG5-0326-SM-5GICH,GTEX-ZXG5,Muscle - Skeletal,1075.0,782.2473596995775
GTEX-ZXG5-0426-SM-5GICT,GTEX-ZXG5,Nerve - Tibial,1081.0,782.2473596995775
GTEX-ZXG5-0826-SM-5GID6,GTEX-ZXG5,Lung,1196.0,782.2473596995775
GTEX-ZY6K-0326-SM-5SIBB,GTEX-ZY6K,Lung,122.0,223.13888977129176
GTEX-ZY6K-1826-SM-5GZXK,GTEX-ZY6K,Skin - Sun Exposed (Lower leg),268.0,223.13888977129176
GTEX-ZY6K-2026-SM-5GZXQ,GTEX-ZY6K,Muscle - Skeletal,262.0,223.13888977129176
GTEX-ZYFD-0126-SM-5GIDL,GTEX-ZYFD,Skin - Sun Exposed (Lower leg),525.0,777.2871600069129
GTEX-ZYFD-0326-SM-5NQ8I,GTEX-ZYFD,Muscle - Skeletal,532.0,777.2871600069129
GTEX-ZYFD-0426-SM-5E45X,GTEX-ZYFD,Nerve - Tibial,550.0,777.2871600069129
GTEX-ZYFG-0226-SM-5GIDT,GTEX-ZYFG,Lung,49.0,227.19241497132793
GTEX-ZYFG-2326-SM-5E44B,GTEX-ZYFG,Skin - Sun Exposed (Lower leg),147.0,227.19241497132793
GTEX-ZYFG-2426-SM-5GIE8,GTEX-ZYFG,Muscle - Skeletal,149.0,227.19241497132793
GTEX-ZYFG-2526-SM-5GIEK,GTEX-ZYFG,Nerve - Tibial,152.0,227.19241497132793
GTEX-ZYVF-0726-SM-5GICF,GTEX-ZYVF,Nerve - Tibial,632.0,644.0823520025442
GTEX-ZYVF-1726-SM-5E443,GTEX-ZYVF,Lung,678.0,644.0823520025442
GTEX-ZYW4-0126-SM-5E44A,GTEX-ZYW4,Skin - Sun Exposed (Lower leg),745.0,810.1090926784375
GTEX-ZYW4-0326-SM-5E44Y,GTEX-ZYW4,Nerve - Tibial,753.0,810.1090926784375
GTEX-ZYW4-0526-SM-5GZZ5,GTEX-ZYW4,Muscle - Skeletal,759.0,810.1090926784375
GTEX-ZYW4-1526-SM-5SIBA,GTEX-ZYW4,Lung,794.0,810.1090926784375
GTEX-ZYY3-0126-SM-5GZY5,GTEX-ZYY3,Skin - Sun Exposed (Lower leg),484.0,792.8189115716274
GTEX-ZYY3-0526-SM-5E45G,GTEX-ZYY3,Muscle - Skeletal,491.0,792.8189115716274
GTEX-ZYY3-0926-SM-5E454,GTEX-ZYY3,Lung,502.0,792.8189115716274
GTEX-ZZ64-1426-SM-5NQ8C,GTEX-ZZ64,Nerve - Tibial,229.0,284.0601154673745
GTEX-ZZ64-1526-SM-5E43K,GTEX-ZZ64,Muscle - Skeletal,230.0,284.0601154673745
GTEX-ZZ64-1726-SM-5GZYB,GTEX-ZZ64,Skin - Sun Exposed (Lower leg),236.0,284.0601154673745
GTEX-ZZPT-0226-SM-5E43X,GTEX-ZZPT,Skin - Sun Exposed (Lower leg),1094.0,780.9320557728456
GTEX-ZZPT-0626-SM-5GZXT,GTEX-ZZPT,Muscle - Skeletal,1125.0,780.9320557728456
GTEX-ZZPT-1326-SM-5E43H,GTEX-ZZPT,Lung,1154.0,780.9320557728456
GTEX-ZZPU-0526-SM-5E44U,GTEX-ZZPU,Lung,194.0,135.69258089900035
GTEX-ZZPU-2626-SM-5E45Y,GTEX-ZZPU,Muscle - Skeletal,248.0,135.69258089900035
